{
  "labels": [
    "Instrumentalism",
    "Realism vs Anti-Realism",
    "Structural Realism",
    "research"
  ],
  "feature_extractor": {
    "max_features": 32,
    "vocabulary": {
      "realism": 15,
      "vs": 30,
      "anti": 2,
      "scientific": 18,
      "philosophy": 14,
      "broader": 5,
      "requires": 17,
      "studying": 25,
      "methods": 13,
      "solve": 20,
      "theoretical": 29,
      "common": 7,
      "techniques": 27,
      "contemporary": 9,
      "applications": 4,
      "academic": 0,
      "realism vs": 16,
      "vs anti": 31,
      "anti realism": 3,
      "core concept": 11,
      "scientific realism": 19,
      "broader domain": 6,
      "studying definitions": 26,
      "solve practical": 21,
      "common techniques": 8,
      "techniques awareness": 28,
      "contemporary applications": 10,
      "academic professional": 1,
      "structural": 23,
      "structural realism": 24,
      "instrumentalism": 12,
      "stabilisation": 22
    },
    "idf": [
      1.2231435513142097,
      1.2231435513142097,
      1.916290731874155,
      1.916290731874155,
      1.0,
      1.2231435513142097,
      1.2231435513142097,
      1.2231435513142097,
      1.2231435513142097,
      1.2231435513142097,
      1.2231435513142097,
      1.2231435513142097,
      1.916290731874155,
      1.0,
      1.2231435513142097,
      1.0,
      1.916290731874155,
      1.2231435513142097,
      1.0,
      1.0,
      1.2231435513142097,
      1.2231435513142097,
      1.916290731874155,
      1.5108256237659907,
      1.916290731874155,
      1.2231435513142097,
      1.2231435513142097,
      1.2231435513142097,
      1.2231435513142097,
      1.2231435513142097,
      1.916290731874155,
      1.916290731874155
    ]
  },
  "scope": "scientific_realism",
  "grade": "preschool"
}