{
  "layer_sizes": [
    32,
    16,
    3
  ],
  "learning_rate": 0.3,
  "seed": 42,
  "output_activation": "softmax",
  "weights": [
    [
      [
        0.11747848965353014,
        -0.24357287240405548,
        0.21710129698973663,
        0.24561984735312667,
        -0.4574332785669892,
        -0.3255448767155795,
        0.053508156141976716,
        -0.04133483066010156,
        -0.004200289376072199,
        -0.213260981893395,
        0.21910018353626584,
        0.19390381074200694,
        0.01650767439030401,
        0.2739532640494783,
        0.1168773355630114,
        -0.21701931107582753
      ],
      [
        0.13348691573554702,
        -0.2232974960511812,
        0.24910107336494045,
        -0.0020028094912399944,
        -0.015890072289845222,
        -0.17023238610098534,
        0.327183390018663,
        -0.0009065530914065242,
        -0.1070819555407768,
        -0.0880333876220574,
        0.13232798620889588,
        0.09081684297578946,
        0.1031831528989971,
        0.09984821305944075,
        0.5354119002176153,
        -0.10379994945117184
      ],
      [
        -0.08676146255296202,
        -0.18702002790590092,
        0.18348335368199623,
        0.2927217414355462,
        0.001838654182751145,
        -0.210039119240632,
        -0.18457224857265445,
        0.20037401438196928,
        0.18581354280086057,
        0.13578856707629874,
        -0.16712673700161487,
        0.05749615765144984,
        0.029171452285182056,
        0.046815111489723296,
        0.21785719448704746,
        0.05370269183865261
      ],
      [
        0.21102761048289612,
        0.03331792152829147,
        0.10176834771061824,
        0.1683007247149583,
        -0.3339634363674467,
        -0.07991780408932533,
        -0.09604510822304341,
        -0.12199364463504149,
        -0.06878556280667093,
        0.37373532780859897,
        -0.2172070891027521,
        0.24152541553264006,
        -0.4207174429039512,
        -0.09157829518897365,
        0.0406882662762514,
        0.14435938748480157
      ],
      [
        0.21910586466313614,
        0.21475996295604982,
        -0.05769277002398714,
        -0.1051092799108186,
        0.24481948891075833,
        -0.04782608122040372,
        -0.29737352548432505,
        -0.2455959860750762,
        -0.22986307150040283,
        0.12429018601344101,
        0.03485712383819998,
        0.17207716540171192,
        -0.10681316158413356,
        0.03177788507664862,
        0.15639759849183418,
        -0.07953283028507754
      ],
      [
        0.15549302910427523,
        -0.1490583311105943,
        -0.061274963603145736,
        -0.08495580524425907,
        -0.26863439280079,
        0.12174312019639545,
        -0.0958025297005255,
        0.040849347107715865,
        0.12018666472647724,
        0.11163279400748602,
        0.16559696706375526,
        -0.025165544242586022,
        -0.10582457801103844,
        -0.027786590419129707,
        -0.42183360848950746,
        -0.3639743134607898
      ],
      [
        -0.2893756833736783,
        -0.23288855274430192,
        0.1294320547189814,
        -0.215891095584692,
        -0.06421511991337747,
        0.32480707444651635,
        -0.06751793741520101,
        0.22210470954256564,
        -0.23340442000246925,
        -0.051359389466907504,
        -0.2382548239070866,
        -0.08530244209037074,
        0.21007703436434888,
        -0.4396871434906171,
        0.10860591088646433,
        0.057237705228051515
      ],
      [
        -0.10723826920927623,
        -0.3450913094410452,
        0.04752087496658965,
        -0.12189450901062734,
        0.08849457143514594,
        0.00546303638086072,
        0.4219927781803843,
        -0.022113089442462062,
        -0.25587437315546624,
        0.04481890873907904,
        0.05424986081349996,
        0.3392527206948791,
        0.20877781147864463,
        0.0813607270948474,
        0.36582572280489045,
        -0.2993869589357307
      ],
      [
        -0.11863866347251455,
        -0.2152208311953127,
        -0.06796395275081979,
        -0.3336928686337539,
        0.18911325530007095,
        -0.055555674274693344,
        -0.34615351827550905,
        -0.21616895287609145,
        0.07837846186254882,
        0.20953164197359528,
        0.4984334127435052,
        0.7279214433866024,
        0.1036023583189991,
        -0.2552415677004959,
        -0.5330115701828273,
        0.06473167023094101
      ],
      [
        -0.1619360541126591,
        -0.08741616088885268,
        -0.12353570172682968,
        -0.02471905334877309,
        0.2968205762933808,
        0.039262141861336156,
        -0.018110653909516685,
        -0.22118762078065893,
        -0.41867073617608924,
        -0.12157697726833272,
        -0.014194947884021472,
        0.4414383052797407,
        0.03256863036822146,
        0.23782784006323443,
        -0.12482389963478802,
        -0.2984321369592741
      ],
      [
        -0.4317579267019435,
        -0.03711272398074242,
        0.8714248158760632,
        -0.5205175982530058,
        0.4451697540296579,
        -0.2257317945217566,
        0.3928589698539687,
        0.6100081068716652,
        -0.0391594744145226,
        -0.010190631533858506,
        -0.0213655523350486,
        0.05322308015846196,
        -0.113745870085195,
        -0.35961392580845325,
        -0.3194843935799048,
        0.04314697943052987
      ],
      [
        0.436072033817531,
        0.05642105754942818,
        -0.00017108348934839575,
        0.08193520315595891,
        0.35682595402317613,
        0.054845625340964085,
        -0.08118375235827882,
        0.31429799494076627,
        0.10718910961540337,
        0.383938997998998,
        0.0450592991260352,
        -0.3066614310453551,
        -0.34203979981141625,
        0.40487494536528246,
        0.43091643019582426,
        -0.04707599867566812
      ],
      [
        -0.0544976105690746,
        0.381784227216619,
        -0.24727292247274993,
        -0.2132030864836334,
        0.19115721726873097,
        -0.0986512807148974,
        0.02026758867013757,
        -0.003134907205334121,
        0.08439363719973339,
        0.3518704653284292,
        0.021896916545995033,
        0.16044052520398433,
        -0.5125430252577556,
        -0.02003663817505943,
        -0.21080756757321778,
        -0.306899460460925
      ],
      [
        -0.1782388720172653,
        -0.06710770601913436,
        0.2584641336271255,
        -0.3211195111795677,
        0.03798339174507425,
        -0.12104235833339462,
        -0.06037021824033477,
        0.2884152737519451,
        0.13452885925098151,
        0.3343495268606859,
        -0.03937572999191645,
        -0.1745298260329059,
        -0.05596470422012488,
        0.05276716012527546,
        0.04414333961342776,
        -0.2732932134133596
      ],
      [
        0.06392166512189089,
        0.07348023669079495,
        0.6588570074216028,
        0.4796898210757408,
        -0.18298531904323517,
        -0.07184584038729402,
        -0.34431244510909537,
        -0.10995093606507757,
        0.07890125089758512,
        0.3014634052220584,
        -0.18302026961534343,
        -0.16408078313217928,
        -0.5368222574346637,
        -0.04852351782875686,
        -0.2656036029648908,
        -0.1345560521965364
      ],
      [
        -0.17791597482697466,
        -0.007142484407070635,
        -0.40994359980103573,
        -0.35628264309242436,
        0.5626372966035447,
        -0.32185564531850774,
        -0.2526483392635045,
        0.4969541995061226,
        0.7262667923101017,
        -0.2928916572063354,
        -0.09281154937644898,
        0.08484471461989726,
        0.4321744111013981,
        -0.2545713072995892,
        -0.061319461485527436,
        0.19213819866041804
      ],
      [
        0.149990738331577,
        -0.07761586365145616,
        -0.00396724309088805,
