{
  "labels": [
    "Family Change",
    "Intimate Partner Dynamics",
    "Marriage & Kinship"
  ],
  "feature_extractor": {
    "max_features": 32,
    "vocabulary": {
      "marriage": 27,
      "kinship": 26,
      "core": 13,
      "family": 22,
      "sociology": 31,
      "broader": 8,
      "definitions": 15,
      "development": 19,
      "analysis": 2,
      "apply": 6,
      "design": 17,
      "contemporary": 11,
      "applications": 4,
      "academic": 0,
      "marriage kinship": 28,
      "core concept": 14,
      "broader domain": 9,
      "definitions historical": 16,
      "analysis relationships": 3,
      "design experiments": 18,
      "experiments solve": 21,
      "awareness open": 7,
      "contemporary applications": 12,
      "applications academic": 5,
      "academic professional": 1,
      "change": 10,
      "family change": 23,
      "intimate": 24,
      "partner": 29,
      "dynamics": 20,
      "intimate partner": 25,
      "partner dynamics": 30
    },
    "idf": [
      1.0,
      1.0,
      1.0,
      1.0,
      1.0,
      1.0,
      1.0,
      1.0,
      1.0,
      1.0,
      1.6931471805599454,
      1.0,
      1.0,
      1.0,
      1.0,
      1.0,
      1.0,
      1.0,
      1.0,
      1.0,
      1.6931471805599454,
      1.0,
      1.0,
      1.6931471805599454,
      1.6931471805599454,
      1.6931471805599454,
      1.6931471805599454,
      1.6931471805599454,
      1.6931471805599454,
      1.6931471805599454,
      1.6931471805599454,
      1.0
    ]
  },
  "scope": "family_sociology",
  "grade": "preschool"
}