{
  "labels": [
    "Cardiopulmonary PT",
    "Neurological PT",
    "Orthopedic PT",
    "research"
  ],
  "feature_extractor": {
    "max_features": 32,
    "vocabulary": {
      "orthopedic": 17,
      "pt": 21,
      "physical": 19,
      "therapy": 31,
      "health": 13,
      "broader": 5,
      "domain": 12,
      "studying": 29,
      "analysis": 2,
      "relationships": 24,
      "solve": 27,
      "models": 14,
      "common": 9,
      "questions": 22,
      "contemporary": 11,
      "applications": 3,
      "academic": 0,
      "orthopedic pt": 18,
      "concept physical": 10,
      "physical therapy": 20,
      "broader domain": 6,
      "requires studying": 25,
      "studying definitions": 30,
      "researchers practitioners": 26,
      "solve practical": 28,
      "questions contemporary": 23,
      "academic professional": 1,
      "neurological": 15,
      "neurological pt": 16,
      "cardiopulmonary": 7,
      "cardiopulmonary pt": 8,
      "biases": 4
    },
    "idf": [
      1.2231435513142097,
      1.2231435513142097,
      1.0,
      1.0,
      1.916290731874155,
      1.2231435513142097,
      1.2231435513142097,
      1.916290731874155,
      1.916290731874155,
      1.2231435513142097,
      1.2231435513142097,
      1.2231435513142097,
      1.0,
      1.2231435513142097,
      1.0,
      1.916290731874155,
      1.916290731874155,
      1.916290731874155,
      1.916290731874155,
      1.0,
      1.0,
      1.2231435513142097,
      1.2231435513142097,
      1.2231435513142097,
      1.2231435513142097,
      1.2231435513142097,
      1.2231435513142097,
      1.2231435513142097,
      1.2231435513142097,
      1.2231435513142097,
      1.2231435513142097,
      1.0
    ]
  },
  "scope": "physical_therapy",
  "grade": "preschool"
}