{
  "layer_sizes": [
    32,
    16,
    4
  ],
  "learning_rate": 0.3,
  "seed": 42,
  "output_activation": "softmax",
  "weights": [
    [
      [
        0.0626806108729746,
        -0.3177214785293472,
        0.16335311216497964,
        0.21835385124755058,
        -0.45187353915106815,
        -0.3353010108629546,
        0.03196010079182134,
        -0.15015315957795425,
        -0.004200289376072199,
        -0.17584108524264616,
        0.2811019151630829,
        0.22253775690835942,
        0.01650767439030401,
        0.28145968380218184,
        0.2112763834964988,
        -0.21482311572080956
      ],
      [
        0.051691718823724996,
        -0.41289700611491925,
        0.14683351496691424,
        -0.0628434612973219,
        0.06144018315085754,
        -0.1995007885431105,
        0.30563533466850756,
        -0.2519099049933765,
        -0.1070819555407768,
        0.024226302330189395,
        0.3168345607304645,
        0.17563033524438668,
        0.1031831528989971,
        0.10665339693249158,
        0.8186090440180773,
        -0.1016037540961539
      ],
      [
        -0.1415593413335175,
        -0.2611686340311926,
        0.12973516885723924,
        0.26545574532997,
        0.007398393598672131,
        -0.21979525338800707,
        -0.2061203039228099,
        0.09155568546411665,
        0.18581354280086057,
        0.1732084637270476,
        -0.10512500537479777,
        0.08613010381780228,
        0.029171452285182056,
        0.05432153124242686,
        0.312256242420535,
        0.05589888719367057
      ],
      [
        0.15622973170234056,
        -0.04083068459700031,
        0.048020162885861396,
        0.1410347286093822,
        -0.32840369695152566,
        -0.08967393823670039,
        -0.11759316357319888,
        -0.23081197355289415,
        -0.06878556280667093,
        0.41115522445934793,
        -0.15520535747593506,
        0.27015936169899274,
        -0.4207174429039512,
        -0.08407187543627008,
        0.13508731420973877,
        0.14655558283981954
      ],
      [
        0.16430798588258058,
        0.14061135683075815,
        -0.11144095484874404,
        -0.13237527601639468,
        0.2503792283266793,
        -0.05758221536777877,
        -0.31892158083448047,
        -0.3544143149929287,
        -0.22986307150040283,
        0.16171008266418985,
        0.09685885546501709,
        0.2007111115680644,
        -0.10681316158413356,
        0.03928430482935218,
        0.2507966464253216,
        -0.0773366349300596
      ],
      [
        0.1006951503237196,
        -0.22320693723588597,
        -0.1150231484279026,
        -0.11222180134983517,
        -0.26307465338486896,
        0.1119869860490204,
        -0.11735058505068097,
        -0.0679689818101368,
        0.12018666472647724,
        0.1490526906582349,
        0.2275986986905723,
        0.003468401923766483,
        -0.10582457801103844,
        -0.02028017066642613,
        -0.32743456055601994,
        -0.3617781181057718
      ],
      [
        -0.3417109413779164,
        -0.2728047503181497,
        0.08003040871011387,
        -0.24252132087835385,
        -0.07385489946613698,
        0.3168307955077993,
        -0.08906599276535648,
        0.14841912092180232,
        -0.23630574033647114,
        -0.0207661720064197,
        -0.197611481850322,
        -0.06223760606010392,
        0.21007703436434888,
        -0.4338272048693585,
        0.185082740404778,
        0.05943390058306947
      ],
      [
        -0.16203614798983176,
        -0.41923991556633694,
        -0.006227309858167251,
        -0.1491605051162035,
        0.09405431085106689,
        -0.004293097766514332,
        0.40044472283022886,
        -0.13093141836031472,
        -0.25587437315546624,
        0.08223880538982797,
        0.1162515924403171,
        0.3678866668612317,
        0.20877781147864463,
        0.08886714684755097,
        0.460224770738378,
        -0.2971907635807127
      ],
      [
        -0.1734365422530701,
        -0.28936943732060455,
        -0.12171213757557664,
        -0.3609588647393301,
        0.19467299471599198,
        -0.0653118084220684,
        -0.36770157362566447,
        -0.3249872817939439,
        0.07837846186254882,
        0.24695153862434413,
        0.5604351443703222,
        0.7565553895529545,
        0.1036023583189991,
        -0.2477351479477924,
        -0.4386125222493398,
        0.06692786558595895
      ],
      [
        -0.21673393289321466,
        -0.16156476701414446,
        -0.1772838865515867,
        -0.05198504945434921,
        0.30238031570930185,
        0.029506007713961106,
        -0.039658709259672076,
        -0.33000594969851144,
        -0.41867073617608924,
        -0.08415708061758381,
        0.047806783742795664,
        0.4700722514460933,
        0.03256863036822146,
        0.24533425981593804,
        -0.030424851701300687,
        -0.29623594160425615
      ],
      [
        -0.24127919055809297,
        0.0003677796237068528,
        0.5315098585656883,
        -0.2239486138785114,
        0.14329709658344025,
        -0.2257317945217566,
        0.23289325321856102,
        0.26612086480519875,
        -0.06139856747950574,
        -0.010190631533858506,
        -0.24175768783950471,
        0.10811037077977118,
        -0.113745870085195,
        -0.31951228768260637,
        -0.3248544357139134,
        0.04314697943052987
      ],
      [
        0.3947728141026087,
        0.22167219915100467,
        -0.030267156070573842,
        0.052854590828220846,
        0.26017523107606033,
        0.054845625340964085,
        -0.10273180770843429,
        0.4464553007937055,
        0.08495001655042023,
        0.383938997998998,
        -0.03225215467668059,
        -0.309524937520874,
        -0.34203979981141625,
        0.39962113631701807,
        0.42554638806181566,
        -0.04487980332065016
      ],
      [
        -0.1068328685733127,
        0.34186802964277124,
        -0.29667456848161733,
        -0.23983331177729525,
        0.18151743771597165,
        -0.1066275596536144,
        -0.001280466680017824,
        -0.07682049582609753,
        0.08149231686573154,
        0.382463682788917,
        0.06254025860275958,
        0.18350536123425112,
        -0.5125430252577556,
        -0.014176699553800819,
        -0.1343307380549041,
        -0.304703265105907
      ],
      [
        -0.2195380917321877,
        0.02389471595665373,
        0.13152967008836217,
        -0.34259766921311213,
        -0.25786503369420877,
        -0.12104235833339462,
        -0.08191827359049021,
        -0.00011077008130584449,
        0.12137869194089161,
        0.9133967878618297,
        -0.6860451438224989,
        -0.27292878699025536,
        -0.05596470422012488,
        0.052871641195347506,
        0.9396335538510268,
        -0.27109701805834163
      ],
      [
        0.022622445406968554,
        0.2841499522317829,
        0.6286090412046014,
        0.44595872272989895,
        -0.29621734307801245,
        -0.07184584038729402,
        -0.3658605004592508,
        0.06467715060754459,
        0.051102384566356185,
        0.3014634052220584,
        -0.27984691441359855,
        -0.16779620950538532,
        -0.5368222574346637,
        -0.057055038562219815,
        -0.27231615563240147,
        -0.13235985684151844
      ],
      [
        -0.21921519454189706,
        0.20352723113391724,
        -0.4401915660180366,
        -0.3900137414382662,
        0.44940527256876706,
        -0.32185564531850774,
        -0.2741963946136599,
        0.6715822861787446,
        0.6984679259788728,
        -0.2928916572063354,
        -0.18963819417470412,
        0.08112928824669116,
        0.4321744111013981,
        -0.2631028280330523,
        -0.06803201415303814,
        0.194334394015436
      ],
      [
        0.10869151861665466,
        0.1330538518895317,
        -0.034215209307889224,
