{
  "labels": [
    "Embroidery",
    "Tapestry",
    "Weaving",
    "research"
  ],
  "feature_extractor": {
    "max_features": 32,
    "vocabulary": {
      "weaving": 31,
      "concept": 6,
      "textile": 28,
      "arts": 1,
      "visual": 30,
      "broader": 2,
      "methods": 18,
      "relationships": 20,
      "design": 12,
      "models": 19,
      "common": 4,
      "techniques": 27,
      "contemporary": 8,
      "concept textile": 7,
      "broader domain": 3,
      "studying definitions": 22,
      "common techniques": 5,
      "contemporary applications": 9,
      "academic professional": 0,
      "embroidery": 13,
      "tapestry": 26,
      "contrastive": 11,
      "image": 17,
      "style": 23,
      "transfer": 29,
      "fine": 14,
      "grained": 16,
      "content": 10,
      "stage": 21,
      "style transfer": 25,
      "fine grained": 15,
      "style content": 24
    },
    "idf": [
      1.2231435513142097,
      1.2231435513142097,
      1.2231435513142097,
      1.2231435513142097,
      1.2231435513142097,
      1.2231435513142097,
      1.0,
      1.2231435513142097,
      1.2231435513142097,
      1.2231435513142097,
      1.916290731874155,
      1.916290731874155,
      1.0,
      1.5108256237659907,
      1.916290731874155,
      1.916290731874155,
      1.916290731874155,
      1.916290731874155,
      1.0,
      1.0,
      1.2231435513142097,
      1.916290731874155,
      1.2231435513142097,
      1.916290731874155,
      1.916290731874155,
      1.916290731874155,
      1.916290731874155,
      1.0,
      1.0,
      1.916290731874155,
      1.0,
      1.916290731874155
    ]
  },
  "scope": "textile_arts",
  "grade": "preschool"
}