{
  "layer_sizes": [
    32,
    16,
    4
  ],
  "learning_rate": 0.3,
  "seed": 42,
  "output_activation": "softmax",
  "weights": [
    [
      [
        0.07240144481541425,
        -0.2687969444850278,
        0.16184812464811613,
        0.3560756584124411,
        -0.46867717291664523,
        -0.3383277909935302,
        0.03196010079182134,
        -0.11000426568612295,
        -0.004200289376072199,
        -0.23024758226328776,
        0.2654985687567129,
        0.186916708598486,
        0.01650767439030401,
        0.2752202193349523,
        0.21305790376549053,
        -0.21482311572080956
      ],
      [
        0.08840987089743112,
        -0.24852156813215354,
        0.19384790102331995,
        0.10845300156807426,
        -0.027133966639500986,
        -0.18301530037893604,
        0.30563533466850756,
        -0.06957598811742795,
        -0.1070819555407768,
        -0.10501998799195028,
        0.17872637142934295,
        0.08382974083226852,
        0.1031831528989971,
        0.10111516834491473,
        0.6315924684200944,
        -0.1016037540961539
      ],
      [
        -0.12806068226788433,
        -0.39368495082739935,
        0.13326642351018445,
        -0.05334650003438157,
        0.38672636822723944,
        -0.210039119240632,
        -0.2061203039228099,
        0.16264819695617527,
        0.18581354280086057,
        0.20799450752058146,
        0.1063281607730417,
        0.28325167521157346,
        0.029171452285182056,
        0.05467214918225324,
        0.18815719238244694,
        0.05589888719367057
      ],
      [
        0.16972839076797372,
        -0.17334700139320716,
        0.05155141753880655,
        -0.1777675167549695,
        0.05092427767704155,
        -0.07991780408932533,
        -0.11759316357319888,
        -0.15971946206083548,
        -0.06878556280667093,
        0.44594126825288183,
        0.056247808671904466,
        0.46728093309276364,
        -0.4207174429039512,
        -0.08372125749644371,
        0.010988264171650863,
        0.14655558283981954
      ],
      [
        0.17402881982502014,
        0.1895358908750775,
        -0.11294594236560765,
        0.005346531148495661,
        0.23357559456110263,
        -0.06060899549835444,
        -0.31892158083448047,
        -0.3142654211010977,
        -0.22986307150040283,
        0.10730358564354812,
        0.08125550905864701,
        0.16509006325819098,
        -0.10681316158413356,
        0.0330448403621226,
        0.2525781666943134,
        -0.0773366349300596
      ],
      [
        0.11041598426615927,
        -0.17428240319156663,
        -0.1165281359447662,
        0.02550000581505521,
        -0.27987828715044605,
        0.10896020591844474,
        -0.11735058505068097,
        -0.02782008791830554,
        0.12018666472647724,
        0.09464619363759313,
        0.21199535228420233,
        -0.03215264638610699,
        -0.10582457801103844,
        -0.026519635133655725,
        -0.3256530402870281,
        -0.3617781181057718
      ],
      [
        -0.3344527282117942,
        -0.2581126248252742,
        0.0741788823773609,
        -0.10543528452537768,
        -0.0754590142630333,
        0.31202416016856566,
        -0.08906599276535648,
        0.1534352745165442,
        -0.23340442000246925,
        -0.0683459898368004,
        -0.19185643868663954,
        -0.09228954423389168,
        0.21007703436434888,
        -0.4384201882051431,
        0.20478647908894346,
        0.05943390058306947
      ],
      [
        -0.1523153140473922,
        -0.37031538152201754,
        -0.007732297375030868,
        -0.011438697951313151,
        0.07725067708549012,
        -0.007319877897089997,
        0.40044472283022886,
        -0.09078252446848348,
        -0.25587437315546624,
        0.027832308369186168,
        0.100648246033947,
        0.3322656185513582,
        0.20877781147864463,
        0.08262768238032138,
        0.46200629100736984,
        -0.2971907635807127
      ],
      [
        -0.16371570831063054,
        -0.24044490327628504,
        -0.12321712509244025,
        -0.22323705757443985,
        0.17786936095041525,
        -0.06833858855264406,
        -0.36770157362566447,
        -0.2848383879021129,
        0.07837846186254882,
        0.19254504160370253,
        0.5448317979639522,
        0.7209343412430815,
        0.1036023583189991,
        -0.25397461241502195,
        -0.43683100198034797,
        0.06692786558595895
      ],
      [
        -0.2032352738275815,
        -0.2940810838103513,
        -0.17375263189864149,
        -0.3707872948187007,
        0.6817082903378688,
        0.039262141861336156,
        -0.039658709259672076,
        -0.2589134382064529,
        -0.41867073617608924,
        -0.049371036824049974,
        0.25925994989063506,
        0.6671938228398642,
        0.03256863036822146,
        0.2456848777557644,
        -0.15452390173938857,
        -0.29623594160425615
      ],
      [
        -0.24436781013928152,
        -0.14882944252962335,
        0.5097847140146319,
        -0.11393930105358473,
        0.21219048761642556,
        -0.23618266454777773,
        0.23289325321856102,
        0.08554617596199883,
        -0.04381393019601479,
        -0.0099608697983195,
        -0.14401492039581631,
        0.10525201226170448,
        -0.113745870085195,
        -0.31178926512645105,
        -0.2385759575778185,
        0.04314697943052987
      ],
      [
        0.39168419452142017,
        0.07247497699767444,
        -0.05199230062162979,
        0.1628639036531475,
        0.3290686221090453,
        0.044394755314942955,
        -0.10273180770843429,
        0.26588061195050544,
        0.10253465383391114,
        0.3841687597345371,
        0.06549061276700792,
        -0.3123832960389407,
        -0.34203979981141625,
        0.4073441588731734,
        0.5118248661979107,
        -0.04487980332065016
      ],
      [
        -0.09579683028399694,
        0.8215041955854652,
        -0.2913452700364664,
        -0.30950657979591883,
        0.010989742542795111,
        -0.0986512807148974,
        -0.001280466680017824,
        0.12708532622828972,
        0.030877894343784112,
        0.5141889587284951,
        -0.1801637117000195,
        0.15973458196090645,
        -0.5125430252577556,
        -0.012179600482529487,
        -0.18465572674206568,
        -0.304703265105907
      ],
      [
        -0.2195380917321877,
        0.22056455484140652,
        0.219253069238607,
        -0.3888147294728659,
        -0.09223676427103963,
        -0.12104235833339462,
        -0.08191827359049021,
        0.3626534902324295,
        0.09885169734701536,
        0.4425618557940633,
        -0.17383304542944567,
        -0.1748190638232144,
        -0.05596470422012488,
        0.0606241978178054,
        0.06157790016752915,
        -0.27109701805834163
      ],
      [
        0.022622445406968554,
        0.6652479125679452,
        0.6099233766826877,
        0.3547780527444677,
        -0.41310011247899275,
        -0.07184584038729402,
        -0.3658605004592508,
        0.07625131432168557,
        0.007546927089652776,
        0.5178880630888129,
        -0.45268421066984327,
        -0.16520343182802638,
        -0.5368222574346637,
        -0.04066648013622692,
        -0.23073448185668793,
        -0.13235985684151844
      ],
      [
        -0.21921519454189706,
        0.35655363020762276,
        -0.45158530577715317,
        -0.43828199889521646,
        0.4074434812325195,
        -0.32185564531850774,
        -0.2741963946136599,
        0.5991834244631764,
        0.6816703399301439,
        -0.1576262460396137,
        -0.2610705212182209,
        0.08434712410320408,
        0.4321744111013981,
        -0.24671426960705936,
        -0.03952626079290067,
        0.194334394015436
      ],
      [
        0.10869151861665466,
        0.2100563972090847,
        -0.04317830747940655,
