{
  "labels": [
    "Samkhya",
    "Vedanta (Advaita, Vishishtadvaita, Dvaita)",
    "Yoga Philosophy",
    "research"
  ],
  "feature_extractor": {
    "max_features": 32,
    "vocabulary": {
      "vedanta": 26,
      "advaita": 2,
      "vishishtadvaita": 28,
      "dvaita": 9,
      "concept": 5,
      "eastern": 10,
      "philosophy": 19,
      "studying": 24,
      "phenomena": 18,
      "design": 7,
      "solve": 22,
      "theoretical": 25,
      "common": 4,
      "academic": 0,
      "settings": 21,
      "vedanta advaita": 27,
      "advaita vishishtadvaita": 3,
      "vishishtadvaita dvaita": 29,
      "concept eastern": 6,
      "eastern philosophy": 11,
      "design experiments": 8,
      "solve practical": 23,
      "academic professional": 1,
      "samkhya": 20,
      "yoga": 30,
      "yoga philosophy": 31,
      "patterns": 17,
      "magnetic": 14,
      "liquid": 12,
      "metal": 16,
      "magnetic liquid": 15,
      "liquid metal": 13
    },
    "idf": [
      1.2231435513142097,
      1.2231435513142097,
      1.916290731874155,
      1.916290731874155,
      1.2231435513142097,
      1.2231435513142097,
      1.2231435513142097,
      1.2231435513142097,
      1.2231435513142097,
      1.916290731874155,
      1.0,
      1.0,
      1.916290731874155,
      1.916290731874155,
      1.916290731874155,
      1.916290731874155,
      1.916290731874155,
      1.916290731874155,
      1.0,
      1.0,
      1.916290731874155,
      1.2231435513142097,
      1.2231435513142097,
      1.2231435513142097,
      1.2231435513142097,
      1.0,
      1.916290731874155,
      1.916290731874155,
      1.916290731874155,
      1.916290731874155,
      1.916290731874155,
      1.916290731874155
    ]
  },
  "scope": "eastern_philosophy",
  "grade": "preschool"
}