{
  "layer_sizes": [
    32,
    16,
    4
  ],
  "learning_rate": 0.3,
  "seed": 42,
  "output_activation": "softmax",
  "weights": [
    [
      [
        0.07617926993860784,
        -0.22603148350517457,
        0.19492355578835746,
        0.24451695490745964,
        -0.4466015646280598,
        -0.3295060435206777,
        0.044548171349979314,
        -0.03214298368648167,
        0.022164613522212714,
        -0.19987087997133782,
        0.25247238896068647,
        0.20354606798419497,
        0.03499010653832455,
        0.3086348347783762,
        0.12495307454956577,
        -0.2069617878376098
      ],
      [
        0.09218769602062471,
        -0.055197457046620074,
        0.6688528832080183,
        0.23079177132343756,
        -0.23830570342775714,
        -0.17023238610098534,
        0.3147870087249231,
        0.20642904480529992,
        -0.16144795997666317,
        -0.11124709609162892,
        -0.017799740830810817,
        -0.005467300159478512,
        0.08130826198576892,
        -0.03679575040637205,
        0.5119858082201065,
        0.10923623074795837
      ],
      [
        -0.12806068226788433,
        -0.25556216790605096,
        0.15815023423946756,
        0.3264545171281369,
        0.0465353003376334,
        -0.2148841948739678,
        -0.21781278681159963,
        0.1972446973530177,
        0.2403668880889604,
        0.15216658389370286,
        -0.09763342338254008,
        0.06246764671464752,
        0.06937268542893986,
        0.1054579773530902,
        0.1984966862113285,
        0.08166381330970296
      ],
      [
        0.16972839076797372,
        -0.03522421847185866,
        0.07643522826808966,
        0.20203350040754903,
        -0.2892667902125646,
        -0.08476287972266107,
        -0.12928564646198862,
        -0.12512296166399306,
        -0.014232217518571169,
        0.39011334462600317,
        -0.14771377548367726,
        0.24649690459583784,
        -0.38051620976019346,
        -0.03293542932560678,
        0.021327758000532465,
        0.172320508955852
      ],
      [
        0.17780664494821374,
        0.2262560741267619,
        -0.254429571043668,
        -0.08362882573379837,
        0.06832990914945407,
        -0.07818907016447248,
        -0.31892158083448047,
        -0.5219491433726545,
        -0.22986307150040283,
        0.3260182638039452,
        0.16078641859512915,
        0.4129394547957699,
        -0.10681316158413356,
        0.5574113593555714,
        0.15639759849183418,
        -0.0773366349300596
      ],
      [
        0.11419380938935286,
        -0.1375622199398822,
        -0.25801176462282654,
        -0.06347535106723885,
        -0.44512397256209424,
        0.0913801312523267,
        -0.11735058505068097,
        -0.2355038101898624,
        0.12018666472647724,
        0.31336087179799016,
        0.29152626182068436,
        0.21569674515147208,
        -0.10582457801103844,
        0.4978468838597929,
        -0.42183360848950746,
        -0.3617781181057718
      ],
      [
        -0.3306749030886006,
        -0.30143069274445206,
        0.10409893527645275,
        -0.18215831989210127,
        -0.01951847375849524,
        0.3199619988131806,
        -0.10075847565414622,
        0.21897539251361403,
        -0.17885107471436942,
        -0.034981372649503364,
        -0.16876151028801176,
        -0.08033095302717298,
        0.2502782675081067,
        -0.3810442776272504,
        0.08924540261074541,
        0.08519882669910188
      ],
      [
        -0.1485374889241986,
        -0.41363344944119523,
        0.022187755524061038,
        -0.08816173331803666,
        0.13319121759002825,
        0.000617960747524978,
        0.38875223994143915,
        -0.02524240647141373,
        -0.2013210278673664,
        0.06119692555648318,
        0.12374317443257474,
        0.34422420975807666,
        0.24897904462240245,
        0.14000359295821424,
        0.34646521452917156,
        -0.27142583746468024
      ],
      [
        -0.15993788318743693,
        -0.2837629711954629,
        -0.09329707219334837,
        -0.2999600929411632,
        0.23380990145495326,
        -0.060400749908029086,
        -0.3793940565144542,
        -0.21929826990504303,
        0.13293180715064862,
        0.2259096587909994,
        0.5679267263625801,
        0.7328929324498001,
        0.14380359146275692,
        -0.19659870183712919,
        -0.5523720784585463,
        0.09269279170199136
      ],
      [
        -0.2032352738275815,
        -0.1559583008890028,
        -0.14886882116935837,
        0.009013722343817674,
        0.34151722244826294,
        0.03441706622800041,
        -0.05135119214846183,
        -0.22431693780961054,
        -0.3641173908879895,
        -0.10519896045092861,
        0.05529836573505334,
        0.44640979434293826,
        0.07276986351197927,
        0.2964707059266012,
        -0.144184407910507,
        -0.27047101548822367
      ],
      [
        -0.24127919055809297,
        -0.1899526591166844,
        0.5428254842297002,
        -0.15982514160260977,
        0.3121150690006536,
        -0.23365412813195294,
        0.2359219528621385,
        0.17144031194502196,
        0.03180636287898092,
        0.016589572310255686,
        -0.07487130133168952,
        0.12423575538597528,
        -0.06239629564585188,
        -0.238056165621131,
        -0.32723713871111154,
        0.07207282266709852
      ],
      [
        0.3947728141026087,
        -0.012121082450721963,
        -0.025504202931876982,
        0.11566797884854967,
        0.40152260017805824,
        0.05000054970762834,
        -0.11442429059722403,
        0.3111686779118143,
        0.16174245490350322,
        0.4003170148164022,
        0.11455261274510997,
        -0.30168994198215754,
        -0.3018385666676585,
        0.46351781122864916,
        0.41155592192010537,
        -0.019114877204617773
      ],
      [
        -0.09579683028399694,
        0.3993256161154997,
        -0.2694506636741287,
        -0.21430597892930042,
        0.2019889312076599,
        -0.10261244751999557,
        0.011307603878140142,
        0.00605693976828574,
        0.11075854009801835,
        0.3652605672504863,
        0.05526912197041566,
        0.17008278244617236,
        -0.49406059310973494,
        0.01464493255383841,
        -0.20273182858666344,
        -0.29684193722270735
      ],
      [
        -0.2195380917321877,
        -0.13564984601928448,
        0.23313101418459692,
        -0.287386735486977,
        0.08268003789995652,
        -0.12588743396673038,
        -0.09361075647927995,
        0.2852859567229931,
        0.18908220453908134,
        0.3507275436780901,
        0.030117583627158346,
        -0.16955833696970812,
        -0.01576347107636708,
        0.11141002598864239,
        0.024782831337708824,
        -0.24533209194230918
      ],
      [
        0.022622445406968554,
        0.004938096690644753,
        0.6335238879790738,
        0.5134225967683312,
        -0.1382886728883528,
        -0.07669091602062976,
        -0.3775529833480405,
        -0.1130802530940292,
        0.13345459618568492,
        0.3178414220394626,
        -0.11352695599626861,
        -0.1591092940689815,
        -0.49662102429090577,
        0.010119348034609994,
        -0.28496411124060966,
        -0.10659493072548604
      ],
      [
        -0.21921519454189706,
        -0.31866622430154823,
        -0.8009486837376613,
        -0.5328167381146329,
        1.3149296730683981,
        -0.32185564531850774,
        -0.2741963946136599,
        0.6752463676829965,
        1.0672055279274886,
        -0.36253877644052956,
        0.3145576012089137,
        0.016626853345510895,
        0.6567213636680665,
        -0.3192706735441699,
        -0.061319461485527436,
        0.03777125824863266
      ],
      [
        0.10869151861665466,
        -0.1026851607902709,
        -0.02274769000810169,
