{
  "labels": [
    "Clinical Pharmacy",
    "Compounding Pharmacy",
    "Hospital Pharmacy",
    "research"
  ],
  "feature_extractor": {
    "max_features": 32,
    "vocabulary": {
      "clinical": 3,
      "pharmacy": 17,
      "concept": 8,
      "health": 10,
      "understanding": 28,
      "analysis": 0,
      "researchers": 21,
      "practitioners": 18,
      "apply": 1,
      "design": 9,
      "solve": 26,
      "vocabulary": 29,
      "models": 16,
      "common": 5,
      "awareness": 2,
      "professional": 20,
      "settings": 24,
      "clinical pharmacy": 4,
      "sciences understanding": 23,
      "researchers practitioners": 22,
      "solve practical": 27,
      "vocabulary foundational": 30,
      "hospital": 11,
      "hospital pharmacy": 12,
      "compounding": 6,
      "compounding pharmacy": 7,
      "kwbench": 15,
      "problem": 19,
      "knowledge": 13,
      "work": 31,
      "situation": 25,
      "knowledge work": 14
    },
    "idf": [
      1.0,
      1.0,
      1.2231435513142097,
      1.5108256237659907,
      1.5108256237659907,
      1.2231435513142097,
      1.916290731874155,
      1.916290731874155,
      1.0,
      1.0,
      1.2231435513142097,
      1.916290731874155,
      1.916290731874155,
      1.916290731874155,
      1.916290731874155,
      1.916290731874155,
      1.0,
      1.0,
      1.0,
      1.916290731874155,
      1.0,
      1.2231435513142097,
      1.2231435513142097,
      1.2231435513142097,
      1.2231435513142097,
      1.916290731874155,
      1.0,
      1.2231435513142097,
      1.2231435513142097,
      1.2231435513142097,
      1.2231435513142097,
      1.916290731874155
    ]
  },
  "scope": "pharmacy",
  "grade": "preschool"
}