{
  "layer_sizes": [
    32,
    16,
    3
  ],
  "learning_rate": 0.3,
  "seed": 42,
  "output_activation": "softmax",
  "weights": [
    [
      [
        0.07431133300641997,
        -0.24165721180571634,
        0.19996551534048215,
        0.2614757960311147,
        -0.48253649610381555,
        -0.3255448767155795,
        0.03196010079182134,
        -0.060784221244172876,
        0.05099723515845316,
        -0.20100700904847826,
        0.23784821303458453,
        0.189580897682329,
        0.033119822062465866,
        0.3213705494989827,
        0.11861715528884972,
        -0.210227843935399
      ],
      [
        0.09031975908843684,
        -0.22138183545284223,
        0.23196529171568595,
        0.013853139186747868,
        -0.04099328982667151,
        -0.17023238610098534,
        0.30563533466850756,
        -0.020355943675477873,
        -0.05188443100625142,
        -0.07577941477714073,
        0.15107601570721457,
        0.08649392991611145,
        0.11979530057115892,
        0.14726549850894513,
        0.5371517199434535,
        -0.09700848231074337
      ],
      [
        -0.12992861920007226,
        -0.18510436730756194,
        0.16634757203274173,
        0.30857769011353414,
        -0.02326456335407512,
        -0.210039119240632,
        -0.2061203039228099,
        0.18092462379789784,
        0.24101106733538588,
        0.1480425399212155,
        -0.14837870750329618,
        0.0531732445917718,
        0.04578359995734391,
        0.09423239693922766,
        0.21959701421288577,
        0.06049415897908113
      ],
      [
        0.1678604538357858,
        0.035233582126630414,
        0.08463256606136396,
        0.18415667339294622,
        -0.35906665390427306,
        -0.07991780408932533,
        -0.11759316357319888,
        -0.14144303521911292,
        -0.013588038272145582,
        0.38598930065351555,
        -0.1984590596044334,
        0.23720250247296212,
        -0.40410529523178934,
        -0.044161009739469265,
        0.04242808600208969,
        0.1511508546252301
      ],
      [
        0.17593870801602582,
        0.2166756235543888,
        -0.07482855167324146,
        -0.08925333123283075,
        0.21971627137393204,
        -0.04782608122040372,
        -0.31892158083448047,
        -0.26504537665914746,
        -0.17466554696587752,
        0.13654415885835774,
        0.05360515333651871,
        0.16775425234203398,
        -0.09020101391197174,
        0.07919517052615298,
        0.1581374182176725,
        -0.07274136314464907
      ],
      [
        0.112325872457165,
        -0.14714267051225532,
        -0.07841074525240002,
        -0.06909985656627121,
        -0.29373761033761636,
        0.12174312019639545,
        -0.11735058505068097,
        0.021399956523644518,
        0.17538418926100255,
        0.12388676685240269,
        0.18434499656207395,
        -0.029488457302264046,
        -0.08921243033887662,
        0.019630695030374703,
        -0.4200937887636691,
        -0.35718284632036135
      ],
      [
        -0.3325428400207885,
        -0.23097289214596295,
        0.11229627306972709,
        -0.2000351469067041,
        -0.08931833745020379,
        0.32480707444651635,
        -0.08906599276535648,
        0.2026553189584942,
        -0.1782068954679439,
        -0.03910541662199081,
        -0.2195067944087679,
        -0.08962535515004875,
        0.2266891820365108,
        -0.3922698580411127,
        0.11034573061230266,
        0.06402917236848
      ],
      [
        -0.15040542585638653,
        -0.3431756488427061,
        0.030385093317335306,
        -0.10603856033263956,
        0.06339135389831962,
        0.00546303638086072,
        0.40044472283022886,
        -0.04156248002653339,
        -0.2006768486209409,
        0.05707288158399573,
        0.07299789031181875,
        0.3349298076352009,
        0.22538995915080656,
        0.1287780125443518,
        0.3675655425307288,
        -0.29259549179530225
      ],
      [
        -0.16180582011962485,
        -0.21330517059697374,
        -0.08509973440007407,
        -0.31783691995576596,
        0.16401003776324466,
        -0.055555674274693344,
        -0.36770157362566447,
        -0.23561834346016275,
        0.13357598639707416,
        0.22178561481851203,
        0.517181442241824,
        0.7235985303269243,
        0.12021450599116092,
        -0.2078242822509916,
        -0.5312717504569892,
        0.07152313737136948
      ],
      [
        -0.20510321075976942,
        -0.08550050029051384,
        -0.14067148337608418,
        -0.00886310467078522,
        0.27171735875655445,
        0.039262141861336156,
        -0.039658709259672076,
        -0.24063701136473034,
        -0.36347321164156376,
        -0.10932300442341605,
        0.004553081614297306,
        0.4371153922200625,
        0.049180778040383316,
        0.2852451255127389,
        -0.12308407990894969,
        -0.2916406698188457
      ],
      [
        -0.2431471274902809,
        -0.16296770137953082,
        0.5444701494976593,
        -0.17901205287278543,
        0.21484460199372982,
        -0.2257317945217566,
        0.23289325321856102,
        0.11451416836818847,
        0.016038050120002752,
        0.0020633413110581833,
        -0.1456982045384702,
        0.106650964195612,
        -0.09713372241303318,
        -0.26684119318483757,
        -0.31774457385406646,
        0.04774225121594043
      ],
      [
        0.39290487717042083,
        0.058336718147767135,
        -0.017306865138602717,
        0.09779115183394677,
        0.33172273648634976,
        0.054845625340964085,
        -0.10273180770843429,
        0.2948486043566949,
        0.16238663414992868,
        0.3961929708439146,
        0.06380732862435395,
        -0.3109843441050333,
        -0.3254276521392544,
        0.45229223081478687,
        0.43265624992166263,
        -0.0402845315352396
      ],
      [
        -0.0976647672161848,
        0.38369988781495806,
        -0.26440870412200407,
        -0.1973471378056455,
        0.16605399973190468,
        -0.0986512807148974,
        -0.001280466680017824,
        -0.02258429778940548,
        0.1395911617342587,
        0.3641244381733458,
        0.04064494604431379,
        0.1561176121443064,
        -0.495930877585594,
        0.027380647274444985,
        -0.20906774784737947,
        -0.30010799332049654
      ],
      [
        -0.22140602866437561,
        -0.06519204542079553,
        0.2413283519778711,
        -0.30526356250157977,
        0.012880174208247996,
        -0.12104235833339462,
        -0.08191827359049021,
        0.2689658831678737,
        0.18972638378550685,
        0.3466034997056025,
        -0.020627700493597696,
        -0.17885273909258384,
        -0.039352556547963026,
        0.10018444557477982,
        0.04588315933926605,
        -0.26650174627293116
      ],
      [
        0.020754508474780674,
        0.07539589728913382,
        0.6417212257723482,
        0.49554576975372877,
        -0.20808853658006143,
        -0.07184584038729402,
        -0.3658605004592508,
        -0.12940032664914905,
        0.13409877543211046,
        0.313717378066975,
        -0.16427224011702474,
        -0.16840369619185722,
        -0.5202101097625021,
        -0.001106232379252438,
        -0.2638637832390524,
        -0.12776458505610788
      ],
      [
        -0.2285548792028365,
        0.1205328117961541,
        -0.3018184043900002,
        -0.2350346696310311,
        0.5077096102922575,
        -0.32185564531850774,
        -0.2741963946136599,
        0.5646375720519597,
        1.0976388960471484,
        -0.3276541625518794,
        -0.10612950530307891,
        0.12964476153202356,
        0.515235149462207,
        -0.3587306742521409,
        -0.05262036285633591,
        0.2173107529424888
      ],
      [
        0.10682358168446679,
        -0.07570020305311732,
        -0.021103024740142362,
