{
  "layer_sizes": [
    32,
    16,
    3
  ],
  "learning_rate": 0.3,
  "seed": 42,
  "output_activation": "softmax",
  "weights": [
    [
      [
        0.07617926993860784,
        -0.24594278168543937,
        0.21223831181908492,
        0.29024447391858677,
        -0.4751303065644254,
        -0.3255448767155795,
        0.03196010079182134,
        -0.03756582157878522,
        -0.004200289376072199,
        -0.18744123864812753,
        0.22020194332834325,
        0.20738865080870866,
        0.029101584455644248,
        0.3191309255277268,
        0.1168773355630114,
        -0.21319920024895953
      ],
      [
        0.09218769602062471,
        -0.22566740533256507,
        0.24423808819428872,
        0.04262181707422019,
        -0.03358710028728132,
        -0.17023238610098534,
        0.30563533466850756,
        0.002862455989909799,
        -0.1070819555407768,
        -0.06221364437679002,
        0.1334297460009733,
        0.10430168304249114,
        0.11577706296433736,
        0.14502587453768928,
        0.5354119002176153,
        -0.09997983862430387
      ],
      [
        -0.12806068226788433,
        -0.18938993718728475,
        0.1786203685113445,
        0.3373463680010062,
        -0.015858373814684953,
        -0.210039119240632,
        -0.2061203039228099,
        0.20414302346328542,
        0.18581354280086057,
        0.16160831032156622,
        -0.16602497720953746,
        0.07098099771815151,
        0.04176536235052229,
        0.09199277296797181,
        0.21785719448704746,
        0.05752280266552063
      ],
      [
        0.16972839076797372,
        0.030948012246907467,
        0.09690536253996648,
        0.2129253512804185,
        -0.3516604643648829,
        -0.07991780408932533,
        -0.11759316357319888,
        -0.11822463555372525,
        -0.06878556280667093,
        0.3995550710538665,
        -0.2161053293106747,
        0.25501025559934165,
        -0.40812353283861125,
        -0.04640063371072514,
        0.0406882662762514,
        0.14817949831166957
      ],
      [
        0.17780664494821374,
        0.21239005367466596,
        -0.06255575519463893,
        -0.06048465334535831,
        0.22712246091332236,
        -0.04782608122040372,
        -0.31892158083448047,
        -0.24182697699375993,
        -0.22986307150040283,
        0.15010992925870847,
        0.03595888363027746,
        0.18556200546841364,
        -0.0942192515187933,
        0.07695554655489714,
        0.15639759849183418,
        -0.07571271945820958
      ],
      [
        0.11419380938935286,
        -0.15142824039197816,
        -0.0661379487737975,
        -0.040331178678798846,
        -0.2863314207982262,
        0.12174312019639545,
        -0.11735058505068097,
        0.04461835618903221,
        0.12018666472647724,
        0.13745253725275342,
        0.16669872685583267,
        -0.011680704175884347,
        -0.09323066794569818,
        0.017391071059118794,
        -0.42183360848950746,
        -0.36015420263392184
      ],
      [
        -0.3306749030886006,
        -0.23525846202568576,
        0.12456906954832961,
        -0.17126646901923176,
        -0.08191214791081361,
        0.32480707444651635,
        -0.08906599276535648,
        0.22587371862388178,
        -0.23340442000246925,
        -0.025539646221640108,
        -0.2371530641150092,
        -0.07181760202366906,
        0.22267094442968915,
        -0.3945094820123686,
        0.10860591088646433,
        0.061057816054919535
      ],
      [
        -0.1485374889241986,
        -0.34746121872242924,
        0.04265788979593789,
        -0.07726988244516712,
        0.07079754343770985,
        0.00546303638086072,
        0.40044472283022886,
        -0.01834408036114573,
        -0.25587437315546624,
        0.07063865198434645,
        0.05535162060557744,
        0.35273756076158047,
        0.2213717215439849,
        0.1265383885730959,
        0.36582572280489045,
        -0.29556684810886275
      ],
      [
        -0.15993788318743693,
        -0.21759074047669658,
        -0.07282693792147155,
        -0.2890682420682939,
        0.17141622730263498,
        -0.055555674274693344,
        -0.36770157362566447,
        -0.21239994379477525,
        0.07837846186254882,
        0.23535138521886276,
        0.49953517253558266,
        0.7414062834533048,
        0.11619626838433936,
        -0.2100639062222475,
        -0.5330115701828273,
        0.06855178105780897
      ],
      [
        -0.2032352738275815,
        -0.0897860701702367,
        -0.1283986868974814,
        0.019905573216687112,
        0.2791235482959446,
        0.039262141861336156,
        -0.039658709259672076,
        -0.21741861169934273,
        -0.41867073617608924,
        -0.09575723402306534,
        -0.013093188091943965,
        0.45492314534644207,
        0.04516254043356169,
        0.28300550154148296,
        -0.12482389963478802,
        -0.29461202613240617
      ],
      [
        -0.24127919055809297,
        -0.16725327125925366,
        0.5567429459762612,
        -0.1502433749853131,
        0.22225079153312013,
        -0.2257317945217566,
        0.23289325321856102,
        0.13773256803357603,
        -0.0391594744145226,
        0.01562911171140887,
        -0.1633444742447115,
        0.1244587173219917,
        -0.10115196001985474,
        -0.26908081715609344,
        -0.3194843935799048,
        0.04477089490237993
      ],
      [
        0.3947728141026087,
        0.05405114826804417,
        -0.0050340686600001275,
        0.12655982972141921,
        0.3391289260257399,
        0.054845625340964085,
        -0.10273180770843429,
        0.3180670040220825,
        0.10718910961540337,
        0.40975874124426553,
        0.04616105891811268,
        -0.29317659097865373,
        -0.3294458897460763,
        0.450052606843531,
        0.43091643019582426,
        -0.0432558878488001
      ],
      [
        -0.09579683028399694,
        0.8136139556398301,
        -0.07982630905589189,
        -0.8508736701461553,
        0.725341996037422,
        -0.0986512807148974,
        -0.001280466680017824,
        0.14725825721517424,
        0.08439363719973339,
        0.9059486610868147,
        0.07667027980861972,
        0.7067983899485203,
        -0.5125430252577556,
        -0.6178424371383338,
        -0.21080756757321778,
        -0.304703265105907
      ],
      [
        -0.2195380917321877,
        -0.06947761530051838,
        0.25360114845647386,
        -0.2764948846141077,
        0.02028636374763818,
        -0.12104235833339462,
        -0.08191827359049021,
        0.2921842828332613,
        0.13452885925098151,
        0.36016927010595345,
        -0.03827397019983897,
        -0.16104498596620417,
        -0.04337079415478465,
        0.09794482160352398,
        0.04414333961342776,
        -0.26947310258649165
      ],
      [
        0.022622445406968554,
        0.07111032740941094,
        0.6539940222509502,
        0.524314447641201,
        -0.20068234704067114,
        -0.07184584038729402,
        -0.3658605004592508,
        -0.10618192698376129,
        0.07890125089758512,
        0.3272831484673259,
        -0.18191850982326602,
        -0.15059594306547755,
        -0.5242283473693233,
        -0.00334585635050836,
        -0.2656036029648908,
        -0.1307359413696684
      ],
      [
        -0.21921519454189706,
        -0.009512393688454641,
        -0.41480658497168726,
        -0.31165801652696434,
        0.5449402686061082,
        -0.32185564531850774,
        -0.2741963946136599,
        0.500723208587439,
        0.7262667923101017,
        -0.2670719139610679,
        -0.09170978958437145,
        0.09832955468659894,
        0.44476832116673803,
        -0.20939364582134082,
        -0.061319461485527436,
        0.19595830948728601
      ],
      [
        0.10869151861665466,
        -0.07998577293284018,
        -0.00883022826153978,
