{
  "layer_sizes": [
    32,
    16,
    3
  ],
  "learning_rate": 0.3,
  "seed": 42,
  "output_activation": "softmax",
  "weights": [
    [
      [
        0.07434055254603968,
        -0.2599960265601239,
        0.20868848743645665,
        0.26098399649744336,
        -0.47987661378604396,
        -0.3255448767155795,
        0.03196010079182134,
        -0.08300084155637691,
        0.04259217913150921,
        -0.20100551711489356,
        0.2458443670021743,
        0.18605874924499308,
        0.02763315221309147,
        0.32309637584133727,
        0.1168773355630114,
        -0.21482311572080956
      ],
      [
        0.09034897862805655,
        -0.23972065020724972,
        0.24068826381166047,
        0.013361339653076771,
        -0.038333407508900075,
        -0.17023238610098534,
        0.30563533466850756,
        -0.042572563987681895,
        -0.060289487033195394,
        -0.07577792284355588,
        0.15907216967480434,
        0.08297178147877565,
        0.11430863072178453,
        0.14899132485129968,
        0.5354119002176153,
        -0.1016037540961539
      ],
      [
        -0.14051355894417758,
        -0.20344318206196943,
        0.5805721311006614,
        0.016425422208375878,
        0.209467289070652,
        -0.210039119240632,
        -0.2061203039228099,
        0.16264819695617527,
        0.06473890536995419,
        0.303676381161858,
        -0.31070093443026364,
        0.07890538719897418,
        0.029171452285182056,
        -0.09100752216731071,
        0.21785719448704746,
        0.05589888719367057
      ],
      [
        0.15727551409168047,
        0.016894767372222865,
        0.4988571251292834,
        -0.1079955945122119,
        -0.1263348014795457,
        -0.07991780408932533,
        -0.11759316357319888,
        -0.15971946206083548,
        -0.18986020023757727,
        0.5416231418941582,
        -0.36078128653140096,
        0.26293464508016456,
        -0.4207174429039512,
        -0.22940092884600755,
        0.0406882662762514,
        0.14655558283981954
      ],
      [
        0.1759679275556456,
        0.1983368087999813,
        -0.066105579577267,
        -0.08974513076650181,
        0.2223761536917035,
        -0.04782608122040372,
        -0.31892158083448047,
        -0.2872619969713515,
        -0.18307060299282144,
        0.13654565079194247,
        0.0616013073041084,
        0.16423210390469806,
        -0.09568768376134613,
        0.08092099686850761,
        0.15639759849183418,
        -0.0773366349300596
      ],
      [
        0.1123550919967847,
        -0.16548148526666281,
        -0.06968777315642556,
        -0.06959165609994229,
        -0.2910777280198448,
        0.12174312019639545,
        -0.11735058505068097,
        -0.0008166637885595011,
        0.16697913323405864,
        0.12388825878598754,
        0.19234115052966372,
        -0.03301060573959987,
        -0.094699100188251,
        0.021356521372729295,
        -0.42183360848950746,
        -0.3617781181057718
      ],
      [
        -0.33251362048116867,
        -0.24931170690037044,
        0.12101924516570155,
        -0.2005269464403752,
        -0.08665845513243231,
        0.32480707444651635,
        -0.08906599276535648,
        0.18043869864629028,
        -0.18661195149488785,
        -0.039103924688405935,
        -0.21151064044117815,
        -0.09314750358738455,
        0.2212025121871364,
        -0.3905440316987581,
        0.10860591088646433,
        0.05943390058306947
      ],
      [
        -0.15037620631676674,
        -0.36151446359711364,
        0.039108065413309724,
        -0.1065303598663106,
        0.0660512362160911,
        0.00546303638086072,
        0.40044472283022886,
        -0.06377910033873743,
        -0.20908190464788484,
        0.05707437351758061,
        0.08099404427940839,
        0.33140765919786525,
        0.21990328930143216,
        0.13050383888670636,
        0.36582572280489045,
        -0.2971907635807127
      ],
      [
        -0.16177660058000506,
        -0.23164398535138123,
        -0.07637676230409961,
        -0.3183287194894375,
        0.1666699200810161,
        -0.055555674274693344,
        -0.36770157362566447,
        -0.25783496377236675,
        0.12517093037013022,
        0.22178710675209673,
        0.525177596209414,
        0.720076381889588,
        0.11472783614178653,
        -0.20609845590863707,
        -0.5330115701828273,
        0.06692786558595895
      ],
      [
        -0.20507399122014963,
        -0.10383931504492133,
        -0.13194851128010968,
        -0.009354904204456314,
        0.27437724107432604,
        0.039262141861336156,
        -0.039658709259672076,
        -0.26285363167693426,
        -0.37187826766850773,
        -0.1093215124898312,
        0.01254923558188698,
        0.43359324378272684,
        0.04369410819100891,
        0.2869709518550934,
        -0.12482389963478802,
        -0.29623594160425615
      ],
      [
        -0.2431179079506611,
        -0.1813065161339383,
        0.5531931215936338,
        -0.17950385240645653,
        0.21750448431150127,
        -0.2257317945217566,
        0.23289325321856102,
        0.09229754805598443,
        0.007632994093058799,
        0.002064833244643042,
        -0.13770205057088045,
        0.1031288157582762,
        -0.10262039226240757,
        -0.265115366842483,
        -0.3194843935799048,
        0.04314697943052987
      ],
      [
        0.39293409671004065,
        0.03999790339335956,
        -0.008583893042628283,
        0.0972993523002757,
        0.33438261880412135,
        0.054845625340964085,
        -0.10273180770843429,
        0.27263198404449085,
        0.15398157812298477,
        0.39619446277749976,
        0.07180348259194365,
        -0.31450649254236895,
        -0.3309143219886287,
        0.45401805715714144,
        0.43091643019582426,
        -0.04487980332065016
      ],
      [
        -0.0976355476765651,
        0.36536107306055055,
        -0.2556857320260298,
        -0.1978389373393166,
        0.16871388204967613,
        -0.0986512807148974,
        -0.001280466680017824,
        -0.0448009181016095,
        0.13118610570731476,
        0.36412593010693095,
        0.048641100011903485,
        0.15259546370697047,
        -0.5014175474349688,
        0.029106473616799564,
        -0.21080756757321778,
        -0.304703265105907
      ],
      [
        -0.22137680912475582,
        -0.08353086017520302,
        0.2500513240738456,
        -0.3057553620352513,
        0.015540056526019428,
        -0.12104235833339462,
        -0.08191827359049021,
        0.24674926285566967,
        0.1813213277585629,
        0.3466049916391877,
        -0.01263154652600802,
        -0.18237488752991976,
        -0.04483922639733743,
        0.10191027191713446,
        0.04414333961342776,
        -0.27109701805834163
      ],
      [
        0.020783728014400392,
        0.057057082534726286,
        0.6504441978683227,
        0.49505397022005726,
        -0.20542865426228998,
        -0.07184584038729402,
        -0.3658605004592508,
        -0.15161694696135297,
        0.12569371940516652,
        0.31371887000056015,
        -0.15627608614943497,
        -0.17192584462919314,
        -0.5256967796118769,
        0.0006195939631021343,
        -0.2656036029648908,
        -0.13235985684151844
      ],
      [
        -0.2210539119344652,
        -0.023565638563139247,
        -0.4183564093543156,
        -0.3409184939481079,
        0.5401939613844894,
        -0.32185564531850774,
        -0.2741963946136599,
        0.45528818860984716,
        0.7730592608176831,
        -0.28063619242783366,
        -0.06606736591054052,
        0.07699965312288345,
        0.44329988892418565,
        -0.2054281955077304,
        -0.061319461485527436,
        0.194334394015436
      ],
      [
        0.1068528012240865,
        -0.09403901780752481,
        -0.012380052644167921,
