{
  "labels": [
    "Air Pollution Control",
    "Wastewater Treatment",
    "Water Treatment"
  ],
  "feature_extractor": {
    "max_features": 32,
    "vocabulary": {
      "water": 30,
      "treatment": 27,
      "core": 21,
      "concept": 16,
      "engineering": 24,
      "civil": 12,
      "broader": 10,
      "definitions": 23,
      "analysis": 4,
      "apply": 7,
      "common": 14,
      "awareness": 8,
      "contemporary": 18,
      "applications": 6,
      "academic": 0,
      "water treatment": 31,
      "core concept": 22,
      "concept environmental": 17,
      "civil engineering": 13,
      "broader domain": 11,
      "analysis relationships": 5,
      "common techniques": 15,
      "awareness open": 9,
      "contemporary applications": 19,
      "academic professional": 1,
      "wastewater": 28,
      "wastewater treatment": 29,
      "air": 2,
      "pollution": 25,
      "control": 20,
      "air pollution": 3,
      "pollution control": 26
    },
    "idf": [
      1.0,
      1.0,
      1.6931471805599454,
      1.6931471805599454,
      1.0,
      1.0,
      1.0,
      1.0,
      1.0,
      1.0,
      1.0,
      1.0,
      1.0,
      1.0,
      1.0,
      1.0,
      1.0,
      1.0,
      1.0,
      1.0,
      1.6931471805599454,
      1.0,
      1.0,
      1.0,
      1.0,
      1.6931471805599454,
      1.6931471805599454,
      1.2876820724517808,
      1.6931471805599454,
      1.6931471805599454,
      1.6931471805599454,
      1.6931471805599454
    ]
  },
  "scope": "environmental_engineering",
  "grade": "preschool"
}