{
  "labels": [
    "Dramatic Poetry",
    "Epic Poetry",
    "Lyric Poetry",
    "research"
  ],
  "feature_extractor": {
    "max_features": 32,
    "vocabulary": {
      "lyric": 26,
      "poetry": 29,
      "concept": 12,
      "arts": 6,
      "broader": 10,
      "domain": 21,
      "creative": 14,
      "definitions": 16,
      "analysis": 2,
      "design": 18,
      "models": 28,
      "awareness": 8,
      "contemporary": 13,
      "applications": 4,
      "academic": 0,
      "lyric poetry": 27,
      "arts broader": 7,
      "broader domain": 11,
      "creative expression": 15,
      "definitions historical": 17,
      "development key": 20,
      "analysis relationships": 3,
      "design experiments": 19,
      "awareness open": 9,
      "applications academic": 5,
      "academic professional": 1,
      "epic": 24,
      "epic poetry": 25,
      "dramatic": 22,
      "dramatic poetry": 23,
      "prose": 30,
      "telugu": 31
    },
    "idf": [
      1.2231435513142097,
      1.2231435513142097,
      1.0,
      1.2231435513142097,
      1.2231435513142097,
      1.2231435513142097,
      1.2231435513142097,
      1.2231435513142097,
      1.2231435513142097,
      1.2231435513142097,
      1.2231435513142097,
      1.2231435513142097,
      1.2231435513142097,
      1.0,
      1.2231435513142097,
      1.2231435513142097,
      1.2231435513142097,
      1.2231435513142097,
      1.2231435513142097,
      1.2231435513142097,
      1.2231435513142097,
      1.2231435513142097,
      1.916290731874155,
      1.916290731874155,
      1.916290731874155,
      1.916290731874155,
      1.916290731874155,
      1.916290731874155,
      1.0,
      1.0,
      1.916290731874155,
      1.916290731874155
    ]
  },
  "scope": "poetry",
  "grade": "preschool"
}