{
  "labels": [
    "Carbon Nanomaterials",
    "Metal Nanoparticles",
    "Quantum Dots",
    "research"
  ],
  "feature_extractor": {
    "max_features": 32,
    "vocabulary": {
      "carbon": 2,
      "nanomaterials": 17,
      "core": 9,
      "concept": 6,
      "materials": 14,
      "engineering": 11,
      "understanding": 31,
      "requires": 29,
      "relationships": 27,
      "common": 4,
      "questions": 25,
      "applications": 1,
      "academic": 0,
      "professional": 21,
      "carbon nanomaterials": 3,
      "concept nanomaterials": 7,
      "requires studying": 30,
      "relationships neighboring": 28,
      "problems extend": 20,
      "common techniques": 5,
      "questions contemporary": 26,
      "professional settings": 22,
      "metal": 15,
      "nanoparticles": 18,
      "metal nanoparticles": 16,
      "quantum": 23,
      "dots": 10,
      "quantum dots": 24,
      "polarization": 19,
      "fluid": 12,
      "flux": 13,
      "conservation": 8
    },
    "idf": [
      1.2231435513142097,
      1.0,
      1.916290731874155,
      1.916290731874155,
      1.2231435513142097,
      1.2231435513142097,
      1.2231435513142097,
      1.2231435513142097,
      1.916290731874155,
      1.2231435513142097,
      1.916290731874155,
      1.2231435513142097,
      1.916290731874155,
      1.916290731874155,
      1.0,
      1.916290731874155,
      1.916290731874155,
      1.2231435513142097,
      1.916290731874155,
      1.916290731874155,
      1.2231435513142097,
      1.2231435513142097,
      1.2231435513142097,
      1.916290731874155,
      1.916290731874155,
      1.2231435513142097,
      1.2231435513142097,
      1.2231435513142097,
      1.2231435513142097,
      1.2231435513142097,
      1.2231435513142097,
      1.0
    ]
  },
  "scope": "nanomaterials",
  "grade": "preschool"
}