{
  "layer_sizes": [
    32,
    16,
    4
  ],
  "learning_rate": 0.3,
  "seed": 42,
  "output_activation": "softmax",
  "weights": [
    [
      [
        0.23789514303717962,
        -0.2599960265601239,
        0.18488832787137174,
        0.04595059172146625,
        -0.4978241037155549,
        -0.3255448767155795,
        0.03196010079182134,
        0.4378609771806664,
        -0.18042538646321388,
        -0.09972602609408096,
        -0.09968941474394524,
        0.12109205957176927,
        -0.11431951700899408,
        0.024232509357057504,
        0.48929893874234254,
        -0.21482311572080956
      ],
      [
        0.0808670541765805,
        -0.25182758005289935,
        0.1801147448072206,
        0.08651053990693217,
        -0.02299832274831161,
        -0.17023238610098534,
        0.30563533466850756,
        -0.0806613229427407,
        -0.06290733849063586,
        -0.06728805992183672,
        0.19842381101255346,
        0.11571727606711837,
        0.1499885448936663,
        0.17539122808267454,
        0.5094132058936345,
        -0.1016037540961539
      ],
      [
        -0.13938132411192847,
        -0.21555011190761905,
        0.11449702512427626,
        0.3812350908337183,
        -0.005269596275715236,
        -0.210039119240632,
        -0.2061203039228099,
        0.12061924453063515,
        0.22998815985100135,
        0.15653389477651955,
        -0.10103091219795728,
        0.08239659074277872,
        0.0759768442798512,
        0.12235812651295713,
        0.19185850016306677,
        0.05589888719367057
      ],
      [
        0.09878449862612405,
        -0.05927126448821225,
        0.01173797153664657,
        -0.23516605151561118,
        -0.3409961100927818,
        -0.07991780408932533,
        -0.11759316357319888,
        -0.3888703049896963,
        -0.11641811978166758,
        0.3268836254632885,
        0.7100093328975018,
        0.4221115565729863,
        -0.4207174429039512,
        -0.08510905127063129,
        0.038893285464212474,
        0.14655558283981954
      ],
      [
        0.1664860031041696,
        0.18622987895433168,
        -0.1266790985817071,
        -0.016595930512646396,
        0.23771123845229208,
        -0.04782608122040372,
        -0.31892158083448047,
        -0.32535075592641055,
        -0.18568845445026205,
        0.14503551371366183,
        0.10095294864185765,
        0.19697759849304092,
        -0.0600077695894644,
        0.10732090009988246,
        0.1303989041678535,
        -0.0773366349300596
      ],
      [
        0.21122333324849593,
        -0.16548148526666281,
        -0.09239814428941347,
        -0.20894882592538458,
        -0.3049990953285174,
        0.12174312019639545,
        -0.11735058505068097,
        0.3132765048418591,
        0.014451606474192207,
        0.1797537674870745,
        -0.025377067832594816,
        -0.06863492569863663,
        -0.1843208928506173,
        -0.17447622815757013,
        -0.19838064658190863,
        -0.3617781181057718
      ],
      [
        -0.23364537922945752,
        -0.24931170690037044,
        0.09830887403271363,
        -0.3398841162658177,
        -0.10057982244110492,
        0.32480707444651635,
        -0.08906599276535648,
        0.49453186727670895,
        -0.3391394782547543,
        0.016761584012680922,
        -0.4292288588034365,
        -0.12877182354642133,
        0.13158071952476996,
        -0.5863767812290571,
        0.3320588727940631,
        0.05943390058306947
      ],
      [
        -0.1409148451670241,
        -0.37141267205567213,
        -0.014544036033489463,
        -0.07118621574535655,
        0.07610019195670104,
        0.00546303638086072,
        0.40044472283022886,
        -0.04025009978811451,
        -0.23815104241299315,
        0.07362902344939681,
        0.07507449688495321,
        0.35205369940761677,
        0.2333900752187448,
        0.11767253089293983,
        0.3834390950664916,
        -0.2971907635807127
      ],
      [
        -0.17125852503148106,
        -0.24375091519703085,
        -0.1369502813085396,
        -0.24517951923558176,
        0.1820050048416047,
        -0.055555674274693344,
        -0.36770157362566447,
        -0.2959237227274258,
        0.12255307891268977,
        0.23027696967381608,
        0.5645292375471627,
        0.7528218764779315,
        0.15040775031366832,
        -0.17969855267726215,
        -0.5590102645068081,
        0.06692786558595895
      ],
      [
        -0.195612630070407,
        -0.11373752350347985,
        -0.18560061272690878,
        0.025989239916497677,
        0.28442619681493564,
        0.039262141861336156,
        -0.039658709259672076,
        -0.23932463112631125,
        -0.40094740543361607,
        -0.09276686255801492,
        0.006629688187431844,
        0.45423928399247837,
        0.057180894108321584,
        0.27413964386132683,
        -0.10721052737318702,
        -0.29623594160425615
      ],
      [
        -0.23365654680091846,
        -0.19120472459249682,
        0.49954102014683405,
        -0.1441597082855026,
        0.2275534400521114,
        -0.2257317945217566,
        0.23289325321856102,
        0.11582654860660734,
        -0.021436143672049452,
        0.018619483176459194,
        -0.14362159796533552,
        0.12377485596802779,
        -0.0891336063450949,
        -0.2779466748362495,
        -0.3018710213183037,
        0.04314697943052987
      ],
      [
        0.5241455125814659,
        0.03999790339335956,
        -0.031839158391664686,
        -0.07989593500043404,
        0.3184481901850295,
        0.054845625340964085,
        -0.10273180770843429,
        0.6901094777282215,
        -0.033790968054309964,
        0.47476696263844914,
        -0.2098225174622453,
        -0.36480199735849933,
        -0.4467015529308547,
        0.2066697491498519,
        0.728853712739289,
        -0.04487980332065016
      ],
      [
        -0.11843811397208519,
        0.3411472133692513,
        -0.3557570815500671,
        -0.025697719431965804,
        0.2072662349482681,
        -0.0986512807148974,
        -0.001280466680017824,
        -0.12491862948220851,
        0.17274287130001525,
        0.3933611207288708,
        0.15333925597386913,
        0.20969721827141205,
        -0.4189322412684171,
        0.12319235417887833,
        -0.26280495622117916,
        -0.304703265105907
      ],
      [
        -0.17815942746962515,
        -0.09342906863376153,
        0.19583052581399496,
        -0.30990221669219287,
        0.023488014461927414,
        -0.12104235833339462,
        -0.08191827359049021,
        0.37817872269850145,
        0.11546756349478315,
        0.38685854151574756,
        -0.08525055724190592,
        -0.17704091308666592,
        -0.05866086278217671,
        0.035313052916109276,
        0.13949472876040994,
        -0.27109701805834163
      ],
      [
        0.022622445406968554,
        0.05735173386998521,
        0.44238645143671174,
        1.4681492411460653,
        -0.23132608576309943,
        -0.07184584038729402,
        -0.3658605004592508,
        -0.5760773658528243,
        -0.04094495023362939,
        0.6082547145771506,
        -0.36250279329437923,
        -0.14968019987133277,
        -0.5368222574346637,
        0.384893965808866,
        -0.2656036029648908,
        -0.13235985684151844
      ],
      [
        -0.21921519454189706,
        -0.023565638563139247,
        -0.4394320978391578,
        -0.3523507927032596,
        0.6725315293162804,
        -0.32185564531850774,
        -0.2741963946136599,
        0.8533939349824766,
        1.1705778458449925,
        -0.42282500564111647,
        -0.4287857466067582,
        0.04412566096831782,
        0.7254931758032213,
        -0.24671426960705936,
        -0.2224523951291319,
        0.194334394015436
      ],
      [
        0.08405318064007578,
        -0.14265480932062696,
        -0.07244663662833162,
