{
  "layer_sizes": [
    32,
    16,
    4
  ],
  "learning_rate": 0.3,
  "seed": 42,
  "output_activation": "softmax",
  "weights": [
    [
      [
        0.07976925012010491,
        -0.2546489086915394,
        0.22315118578343554,
        0.23042086554735275,
        -0.455407097248411,
        -0.3255448767155795,
        0.06403154107390627,
        -0.04354160518841306,
        0.031102547785306606,
        -0.1785882606358739,
        0.24141838777330743,
        0.2181338582593097,
        0.07173854817551276,
        0.2818103017420082,
        0.11269462752143847,
        -0.21482311572080956
      ],
      [
        0.0993676563836188,
        -0.20920158846704479,
        0.25712689254500093,
        -0.021922104847464638,
        -0.0283358297211823,
        -0.17023238610098534,
        0.3455215758704158,
        0.010066498719208478,
        -0.08054253105179059,
        -0.05628422753486988,
        0.15092094161912362,
        0.11272556429240424,
        0.1497424245451948,
        0.10770525075197068,
        0.5471557212696654,
        -0.1016037540961539
      ],
      [
        -0.12806068226788433,
        -0.2276917901435091,
        0.1950465578114021,
        0.2822430731802229,
        0.028785167268397648,
        -0.210039119240632,
        -0.1764509519103051,
        0.18997226563118452,
        0.23971289211563906,
        0.1817742174813174,
        -0.13543905906708217,
        0.0898508704716814,
        0.10733335362490316,
        0.05467214918225324,
        0.19326071076328413,
        0.05589888719367057
      ],
      [
        0.17515222481499146,
        0.23946803246081733,
        -0.08156335773908042,
        0.1506904857954043,
        -0.40516382521743965,
        -0.07991780408932533,
        -0.2640357624474932,
        -0.28064794113891095,
        -0.08202555122375718,
        0.6346814439455258,
        -0.3349476497880258,
        0.508722416670407,
        -0.4776712710700294,
        -0.08372125749644371,
        0.06594088162234878,
        0.14655558283981954
      ],
      [
        0.17780664494821374,
        0.4324060106506328,
        -0.28609832651430744,
        -0.11558794816614179,
        0.19038182240787666,
        -0.04782608122040372,
        -0.5196408792381874,
        -0.4619606246065787,
        -0.22986307150040283,
        0.46086963968133704,
        -0.10754428292187927,
        0.5152849753130071,
        -0.16243456008866938,
        0.03963492276917856,
        0.15790747894733909,
        -0.0773366349300596
      ],
      [
        0.11419380938935286,
        -0.18973009334820248,
        -0.049711759473739854,
        -0.09543447349958227,
        -0.24168787971514358,
        0.12174312019639545,
        -0.08768123303817618,
        0.030447598356931147,
        0.17408601404125573,
        0.15761844441250458,
        0.19728464499828796,
        0.007189168577645526,
        -0.027662676671317405,
        -0.019929552726599763,
        -0.44643009221327073,
        -0.3617781181057718
      ],
      [
        -0.3306749030886006,
        -0.27356031498191014,
        0.14099525884838726,
        -0.2263697638400152,
        -0.03726860682773104,
        0.32480707444651635,
        -0.059396640752851705,
        0.21170296079178086,
        -0.17950507068769075,
        -0.005373739061888872,
        -0.2065671459725539,
        -0.052947729270139174,
        0.28823893570406994,
        -0.43183010579808717,
        0.08400942716270095,
        0.05943390058306947
      ],
      [
        -0.1485374889241986,
        -0.5326418833625173,
        -0.10053687048588368,
        -0.1323731772659506,
        0.41260203845843246,
        0.00546303638086072,
        0.9464688924992603,
        -0.08747309796213504,
        -0.2539291333951633,
        0.022701434747259212,
        0.5019629748803253,
        0.37593908389931097,
        0.4178688642956226,
        0.08921776478737733,
        0.36315832453971425,
        -0.2971907635807127
      ],
      [
        -0.15993788318743693,
        -0.4027714051167849,
        -0.216021698203293,
        -0.3441715368890772,
        0.5132207223233575,
        -0.055555674274693344,
        0.17832259604336734,
        -0.2815289613957643,
        0.0803237016228517,
        0.18741416798177546,
        0.9461465268103307,
        0.764607806591034,
        0.31269341113597704,
        -0.24738453000796604,
        -0.5356789684480032,
        0.06692786558595895
      ],
      [
        -0.2032352738275815,
        -0.12808792312646095,
        -0.11197249759742382,
        -0.035197721604096316,
        0.32376708937902726,
        0.039262141861336156,
        -0.009989357247167319,
        -0.2315893695314436,
        -0.364771386861311,
        -0.07559132686331417,
        0.017492730050511253,
        0.4737930180999722,
        0.11073053170794257,
        0.2456848777557644,
        -0.14942038335855135,
        -0.29623594160425615
      ],
      [
        -0.24127919055809297,
        -0.22980373229701756,
        0.6142208374438471,
        -0.20534666980609653,
        0.32416636429831913,
        -0.2257317945217566,
        0.2922319572435706,
        0.15088587887648436,
        0.0686392242150341,
        0.08178066927617873,
        -0.10182018834716489,
        0.17513912978052304,
        0.04257793259424715,
        -0.30640144094181204,
        -0.3686773610274315,
        0.04314697943052987
      ],
      [
        0.42229059710026756,
        0.23294495437113028,
        -0.014513753182618758,
        0.03527456246756102,
        0.21557066703185457,
        0.054845625340964085,
        -0.0428300854120381,
        0.3775976937589557,
        0.040016123680625626,
        0.3615294252998871,
        0.017253970102482783,
        -0.32391060146626444,
        -0.40850904304936464,
        0.4127319830578124,
        0.552995870567961,
        -0.04487980332065016
      ],
      [
        -0.09220685010249986,
        0.3707081909291351,
        -0.24122303367905085,
        -0.22840206828940732,
        0.19318339858730904,
        -0.0986512807148974,
        0.030790973602067156,
        -0.005341681733645678,
        0.1196964743611122,
        0.3865431865859505,
        0.044215120783036695,
        0.1846705727212871,
        -0.4573121514725472,
        -0.012179600482529487,
        -0.2149902756147908,
        -0.304703265105907
      ],
      [
        -0.21235813136919354,
        -0.053011798434998036,
        0.26648995280718607,
        -0.34103880653579244,
        0.025537634313737193,
        -0.12104235833339462,
        -0.042032032388581914,
        0.2993883255625602,
        0.1610682837399677,
        0.36609868694787334,
        -0.02078277458168866,
        -0.15262110471629112,
        -0.009405432573927234,
        0.0606241978178054,
        0.05588716066547796,
        -0.27109701805834163
      ],
      [
        0.026212425588465604,
        0.06240420040331075,
        0.6649068962153013,
        0.46449083926996687,
        -0.18095913772465708,
        -0.07184584038729402,
        -0.3337890601771656,
        -0.11215771059338914,
        0.11420408805896394,
        0.3361361264795797,
        -0.16070206537830184,
        -0.13985073561487651,
        -0.48159138364945514,
        -0.04066648013622692,
        -0.2697863110064637,
        -0.13235985684151844
      ],
      [
        -0.21379136049487932,
        -0.15496666516348814,
        0.01669111542949238,
        -0.3738928820119785,
        0.5329878719301805,
        -0.32185564531850774,
        -0.3880417106803095,
        0.7767714566919804,
        0.977798832091267,
        -0.3180283776602122,
        -0.18436001116060818,
        -0.059603716005424044,
        0.6842578863525943,
        -0.24671426960705936,
        -0.15787085584965066,
        0.194334394015436
      ],
      [
        0.13620930161431336,
        0.09890803317024591,
        -0.0183099127841584,
