{
  "labels": [
    "Clinical Dermatology",
    "Dermato-oncology",
    "Pediatric Dermatology",
    "research"
  ],
  "feature_extractor": {
    "max_features": 32,
    "vocabulary": {
      "clinical": 4,
      "dermatology": 8,
      "medicine": 11,
      "requires": 22,
      "analysis": 0,
      "relationships": 20,
      "researchers": 24,
      "apply": 3,
      "phenomena": 16,
      "models": 12,
      "applications": 2,
      "settings": 27,
      "clinical dermatology": 5,
      "dermatology clinical": 9,
      "sciences understanding": 26,
      "requires studying": 23,
      "analysis relationships": 1,
      "relationships neighboring": 21,
      "researchers practitioners": 25,
      "phenomena design": 17,
      "dermato": 6,
      "oncology": 13,
      "dermato oncology": 7,
      "pediatric": 14,
      "pediatric dermatology": 15,
      "veterinary": 31,
      "regulatory": 19,
      "species": 28,
      "drug": 10,
      "specific": 29,
      "toxicity": 30,
      "pm": 18
    },
    "idf": [
      1.0,
      1.2231435513142097,
      1.2231435513142097,
      1.2231435513142097,
      1.2231435513142097,
      1.916290731874155,
      1.916290731874155,
      1.916290731874155,
      1.2231435513142097,
      1.2231435513142097,
      1.916290731874155,
      1.2231435513142097,
      1.0,
      1.916290731874155,
      1.916290731874155,
      1.916290731874155,
      1.2231435513142097,
      1.2231435513142097,
      1.916290731874155,
      1.916290731874155,
      1.2231435513142097,
      1.2231435513142097,
      1.2231435513142097,
      1.2231435513142097,
      1.2231435513142097,
      1.2231435513142097,
      1.2231435513142097,
      1.2231435513142097,
      1.916290731874155,
      1.916290731874155,
      1.916290731874155,
      1.916290731874155
    ]
  },
  "scope": "dermatology",
  "grade": "preschool"
}