{
  "layer_sizes": [
    32,
    16,
    4
  ],
  "learning_rate": 0.3,
  "seed": 42,
  "output_activation": "softmax",
  "weights": [
    [
      [
        0.11647461334578267,
        -0.3211210806507143,
        0.23643045837723628,
        0.25351370307051985,
        -0.4465700064197788,
        -0.3255448767155795,
        0.03196010079182134,
        -0.08026024811736256,
        0.02426164127939812,
        -0.17203324083418856,
        0.25065836871644404,
        0.17626943142475313,
        0.04863709278130173,
        0.34070239588731543,
        0.1168773355630114,
        -0.21482311572080956
      ],
      [
        0.1188102428126732,
        -0.23952117929579303,
        0.2478821249891345,
        -0.0035188551121214423,
        -0.025876236497780893,
        -0.17023238610098534,
        0.30563533466850756,
        -0.03961312214703014,
        -0.08602770411528449,
        -0.06355311642209353,
        0.14635246456340725,
        0.09291125120845616,
        0.12626077640959926,
        0.1425803924374793,
        0.5354119002176153,
        -0.1016037540961539
      ],
      [
        -0.10143813547583584,
        -0.20324371115051273,
        0.18226440530619029,
        0.2912056958146647,
        -0.008147510025184525,
        -0.210039119240632,
        -0.2061203039228099,
        0.16166744532634575,
        0.20686779422635285,
        0.1602688382762626,
        -0.1531022586471035,
        0.05959056588411652,
        0.05224907579578418,
        0.08954729086776174,
        0.21785719448704746,
        0.05589888719367057
      ],
      [
        0.21002373417514852,
        -0.044230286718367505,
        0.1210975090981181,
        0.1761945804323513,
        -0.3231001642202363,
        -0.07991780408932533,
        -0.11759316357319888,
        -0.16091906209230247,
        -0.04032363215120063,
        0.4149630688678053,
        -0.18564890392257388,
        0.22389103621538625,
        -0.38858802451295343,
        -0.024829163351136375,
        0.0406882662762514,
        0.14655558283981954
      ],
      [
        0.21810198835538852,
        0.13721175470939104,
        -0.03836360863648735,
        -0.09721542419342555,
        0.2556827610579687,
        -0.04782608122040372,
        -0.31892158083448047,
        -0.2845214035323372,
        -0.2014011408449325,
        0.16551792707264748,
        0.06641530901837829,
        0.1544427860844581,
        -0.07468374319313585,
        0.09852701691448584,
        0.15639759849183418,
        -0.0773366349300596
      ],
      [
        0.15448915279652764,
        -0.22660653935725308,
        -0.04194580221564589,
        -0.07706194952686603,
        -0.2577711206535796,
        0.12174312019639545,
        -0.11735058505068097,
        0.0019239296504548968,
        0.14864859538194758,
        0.15286053506669248,
        0.19715515224393348,
        -0.04279992355983982,
        -0.07369515962004072,
        0.03896254141870756,
        -0.42183360848950746,
        -0.3617781181057718
      ],
      [
        -0.2903795596814255,
        -0.31043676099096096,
        0.1487612161064812,
        -0.20799723986729898,
        -0.05335184776616723,
        0.32480707444651635,
        -0.08906599276535648,
        0.18317929208530465,
        -0.2049424893469989,
        -0.010131648407701104,
        -0.20669663872690838,
        -0.10293682140762457,
        0.24220645275534664,
        -0.37293801165277995,
        0.10860591088646433,
        0.05943390058306947
      ],
      [
        -0.14720108935701856,
        -0.16062216122306958,
        -0.00026641624126724816,
        -0.1476430329422496,
        0.025167683424431802,
        0.00546303638086072,
        0.40044472283022886,
        -0.06081965849808569,
        -0.24368108917315,
        0.032394745641294236,
        0.02062191557755986,
        0.40699670046909703,
        0.219094309738969,
        0.07100088968036888,
        0.36582572280489045,
        -0.2971907635807127
      ],
      [
        -0.11964253978026203,
        -0.29276903944197175,
        -0.04863479136331993,
        -0.3257990129163607,
        0.19997652744728134,
        -0.055555674274693344,
        -0.36770157362566447,
        -0.2550943703333524,
        0.10684039251801912,
        0.2507593830328017,
        0.5299915979236832,
        0.7102870640693482,
        0.13573177670999687,
        -0.18849243586265876,
        -0.5330115701828273,
        0.06692786558595895
      ],
      [
        -0.16293993042040672,
        -0.16496436913551157,
        -0.10420654033933005,
        -0.01682519763138004,
        0.3076838484405912,
        0.039262141861336156,
        -0.039658709259672076,
        -0.2601130382379199,
        -0.39020880552061893,
        -0.08034923620912628,
        0.017363237296156846,
        0.4238039259624867,
        0.06469804875921915,
        0.3045769719010717,
        -0.12482389963478802,
        -0.29623594160425615
      ],
      [
        -0.20098384715091816,
        -0.24243157022452858,
        0.5809350925344134,
        -0.18697414583338032,
        0.2508110916777666,
        -0.2257317945217566,
        0.23289325321856102,
        0.0950381414949988,
        -0.010697543759052294,
        0.031037109525347897,
        -0.13288804885661068,
        0.09333949793803618,
        -0.08161645169419729,
        -0.24750934679650494,
        -0.3194843935799048,
        0.04314697943052987
      ],
      [
        0.43506815750978384,
        -0.021127150697230812,
        0.019158077898151372,
        0.08982905887335196,
        0.3676892261703865,
        0.054845625340964085,
        -0.10273180770843429,
        0.2753725774835052,
        0.13565104027087369,
        0.42516673905820435,
        0.0766174843062135,
        -0.32429581036260907,
        -0.3099103814204185,
        0.4716240772031196,
        0.43091643019582426,
        -0.04487980332065016
      ],
      [
        -0.15799824464593837,
        0.5122996211548926,
        -0.6929045080984266,
        -0.2236817547389566,
        0.23144469356432232,
        -0.0986512807148974,
        -0.001280466680017824,
        -0.13674862562849532,
        0.25609985814033276,
        0.887677461094138,
        -0.25790376050650743,
        0.04878548430760221,
        -0.5393852023381284,
        0.41382608088369505,
        -0.21080756757321778,
        -0.304703265105907
      ],
      [
        -0.2817395060941291,
        0.0634076879191387,
        -0.18716745199855128,
        -0.331598179434891,
        0.0782708680406657,
        -0.12104235833339462,
        -0.08191827359049021,
        0.1548015553287838,
        0.3062350801915808,
        0.8701565226263949,
        -0.31917640704441896,
        -0.286184866929288,
        -0.08280688130049757,
        0.48662987918402995,
        0.04414333961342776,
        -0.27109701805834163
      ],
      [
        -0.02583316416485246,
        0.4416428954200644,
        0.5401300256156824,
        0.4227746792232034,
        -0.3155271722944284,
        -0.07184584038729402,
        -0.3658605004592508,
        -0.14767675349087162,
        0.061921061110788406,
        0.2307437798122239,
        -0.2735868571136256,
        -0.03773294452036539,
        -0.5612762834800562,
        -0.14240621985223417,
        -0.2656036029648908,
        -0.13235985684151844
      ],
      [
        -0.19259264774984855,
        -0.023366167651682614,
        -0.4111625481768416,
        -0.35779868871330583,
        0.5526511323956089,
        -0.32185564531850774,
        -0.2741963946136599,
        0.4582476304504988,
        0.7473210437355937,
        -0.2684113860063715,
        -0.07878707102193758,
        0.08693912285256396,
        0.455252034612,
        -0.21183912792155082,
        -0.061319461485527436,
        0.194334394015436
      ],
      [
        0.048122006651878386,
        0.3866932482991479,
        -0.14500384583875697,
