{
  "labels": [
    "Folk Shinto",
    "Shrine Shinto",
    "State Shinto",
    "research"
  ],
  "feature_extractor": {
    "max_features": 32,
    "vocabulary": {
      "state": 26,
      "shinto": 22,
      "core": 4,
      "domain": 11,
      "spirituality": 25,
      "studying": 28,
      "definitions": 5,
      "development": 9,
      "methods": 15,
      "design": 7,
      "theoretical": 29,
      "models": 17,
      "common": 2,
      "contemporary": 3,
      "applications": 1,
      "academic": 0,
      "settings": 19,
      "state shinto": 27,
      "definitions historical": 6,
      "development key": 10,
      "design experiments": 8,
      "folk": 12,
      "folk shinto": 13,
      "shrine": 23,
      "shrine shinto": 24,
      "zero": 30,
      "inflated": 14,
      "regression": 18,
      "shared": 20,
      "model": 16,
      "zero inflated": 31,
      "shared design": 21
    },
    "idf": [
      1.2231435513142097,
      1.0,
      1.0,
      1.2231435513142097,
      1.2231435513142097,
      1.2231435513142097,
      1.2231435513142097,
      1.0,
      1.2231435513142097,
      1.2231435513142097,
      1.2231435513142097,
      1.2231435513142097,
      1.916290731874155,
      1.916290731874155,
      1.916290731874155,
      1.0,
      1.916290731874155,
      1.0,
      1.916290731874155,
      1.0,
      1.916290731874155,
      1.916290731874155,
      1.2231435513142097,
      1.916290731874155,
      1.916290731874155,
      1.2231435513142097,
      1.5108256237659907,
      1.916290731874155,
      1.2231435513142097,
      1.0,
      1.916290731874155,
      1.916290731874155
    ]
  },
  "scope": "shinto",
  "grade": "preschool"
}