{
  "layer_sizes": [
    32,
    16,
    3
  ],
  "learning_rate": 0.3,
  "seed": 42,
  "output_activation": "softmax",
  "weights": [
    [
      [
        0.07458011423775363,
        -0.2599960265601239,
        0.24851055142262227,
        0.2784825938623602,
        -0.47463242396162414,
        -0.3370376969154789,
        0.03196010079182134,
        -0.04884756497847594,
        0.05722365308841778,
        -0.21895177078587577,
        0.2162748151792319,
        0.21934128366289354,
        0.028685852560601362,
        0.27331626301603457,
        0.1168773355630114,
        -0.2005994849583515
      ],
      [
        0.0905885403197705,
        -0.23972065020724972,
        0.28051032779782625,
        0.030859937017993385,
        -0.03308921768448005,
        -0.1817252063008848,
        0.30563533466850756,
        -0.008419287409780943,
        -0.04565801307628684,
        -0.09372417651453817,
        0.12950261785186193,
        0.116254315896676,
        0.11536133106929444,
        0.09921121202599692,
        0.5354119002176153,
        -0.08738012333369578
      ],
      [
        -0.12965983796873856,
        -0.20344318206196943,
        0.21489260811488187,
        0.3255844879447798,
        -0.015360491211883709,
        -0.22153193944053146,
        -0.2061203039228099,
        0.1928612800635948,
        0.24723748526535058,
        0.13009777818381799,
        -0.16995210535864883,
        0.08293363057233635,
        0.0413496304554794,
        0.04617811045627951,
        0.21785719448704746,
        0.0701225179561287
      ],
      [
        0.1681292350671195,
        0.016894767372222865,
        0.13317760214350408,
        0.20116347122419162,
        -0.35116258176208165,
        -0.09141062428922475,
        -0.11759316357319888,
        -0.12950637895341596,
        -0.007361620342180978,
        0.3680445389161185,
        -0.22003245745978606,
        0.26696288845352645,
        -0.40853926473365404,
        -0.09221529622241748,
        0.0406882662762514,
        0.1607792136022776
      ],
      [
        0.17620748924735952,
        0.1983368087999813,
        -0.026283515591101387,
        -0.0722465334015852,
        0.22762034351612348,
        -0.05931890142030315,
        -0.31892158083448047,
        -0.25310872039345034,
        -0.16843912903591282,
        0.11859939712096024,
        0.03203175548116609,
        0.19751463832259852,
        -0.09463498341383622,
        0.031140884043204854,
        0.15639759849183418,
        -0.06311300416760149
      ],
      [
        0.11259465368849865,
        -0.16548148526666281,
        -0.029865709170259925,
        -0.05209305873502564,
        -0.28583353819542495,
        0.11025029999649603,
        -0.11735058505068097,
        0.03333661278934147,
        0.18161060719096725,
        0.10594200511500525,
        0.1627715987067213,
        0.0002719286783005126,
        -0.09364639984074109,
        -0.028423591452573484,
        -0.42183360848950746,
        -0.3475544873433137
      ],
      [
        -0.3322740587894549,
        -0.24931170690037044,
        0.16084130915186712,
        -0.18302834907545867,
        -0.08141426530801235,
        0.31331425424661696,
        -0.08906599276535648,
        0.21459197522419116,
        -0.1719804775379792,
        -0.05705017835938825,
        -0.24108019226412056,
        -0.05986496916948424,
        0.22225521253464628,
        -0.4403241445240608,
        0.10860591088646433,
        0.07365753134552758
      ],
      [
        -0.15013664462505283,
        -0.36151446359711364,
        0.07893012939947537,
        -0.08903176250139404,
        0.07129542604051106,
        -0.006029783819038705,
        0.40044472283022886,
        -0.029625823760836462,
        -0.1944504306909761,
        0.039128119846598294,
        0.05142449245646607,
        0.3646901936157654,
        0.22095598964894203,
        0.08072372606140357,
        0.36582572280489045,
        -0.2829671328182546
      ],
      [
        -0.16313619458914536,
        -0.23164398535138123,
        -0.1565385348569946,
        -0.2891623482949834,
        0.20242838980305863,
        -0.0785413146744922,
        -0.36770157362566447,
        -0.18374226338546318,
        0.12860218980854773,
        0.361816835979148,
        0.5291524469027277,
        0.6572709091759095,
        0.12795871465959374,
        0.031210509610868593,
        -0.5330115701828273,
        0.09537512711087522
      ],
      [
        -0.20483442952843572,
        -0.10383931504492133,
        -0.09212644729394402,
        0.00814369316046029,
        0.27962143089874586,
        0.02776932166143673,
        -0.039658709259672076,
        -0.22870035509903333,
        -0.35724679371159906,
        -0.12726776616081348,
        -0.017020316241055336,
        0.466875778200627,
        0.044746808538518805,
        0.23719083902979066,
        -0.12482389963478802,
        -0.282012310841798
      ],
      [
        -0.2428783462589472,
        -0.1813065161339383,
        0.593015185579799,
        -0.16200525504154,
        0.22274867413592125,
        -0.23722461472165604,
        0.23289325321856102,
        0.12645082463388538,
        0.02226446804996736,
        -0.01588142042633924,
        -0.16727160239382285,
        0.1364113501761766,
        -0.10156769191489766,
        -0.3148954796677857,
        -0.3194843935799048,
        0.057370610192988
      ],
      [
        0.39317365840175444,
        0.03999790339335956,
        0.03123817094353736,
        0.11479794966519231,
        0.33962680862854117,
        0.04335280514106466,
        -0.10273180770843429,
        0.30678526062239203,
        0.16861305207989338,
        0.3782482091065175,
        0.04223393076900131,
        -0.2812239581244688,
        -0.32986162164111904,
        0.40423794433183874,
        0.43091643019582426,
        -0.030656172558192026
      ],
      [
        -0.09739598598485115,
        0.36536107306055055,
        -0.2158636680398641,
        -0.18034033997440008,
        0.17395807187409612,
        -0.11014410091479682,
        -0.001280466680017824,
        -0.010647641523708545,
        0.1458175796642234,
        0.3461796764359487,
        0.019071548188961174,
        0.18587799812487094,
        -0.5003648470874583,
        -0.020673639208503205,
        -0.21080756757321778,
        -0.29047963434344887
      ],
      [
        -0.2195380917321877,
        -0.08353086017520302,
        -0.07728351685859719,
        -0.38522631528208706,
        0.03709815834641606,
        -0.12104235833339462,
        -0.08191827359049021,
        0.2671575826622017,
        0.011565472614704296,
        0.6114614600691434,
        0.02422164761693341,
        -0.37882481165891346,
        -0.05596470422012488,
        0.5610899191073204,
        0.04414333961342776,
        -0.27109701805834163
      ],
      [
        0.022622445406968554,
        0.057057082534726286,
        0.32310935693587955,
        0.4155830169732215,
        -0.18387055244189335,
        -0.07184584038729402,
        -0.3658605004592508,
        -0.13120862715482087,
        -0.04406213573869208,
        0.5785753384305158,
        -0.11942289200649361,
        -0.36837576875818684,
        -0.5368222574346637,
        0.4597992411532879,
        -0.2656036029648908,
        -0.13235985684151844
      ],
      [
        -0.22081435024275128,
        -0.023565638563139247,
        -0.37853434536814967,
        -0.3234198965831908,
        0.5454381512089095,
        -0.33334846551840713,
        -0.2741963946136599,
        0.48944146518774834,
        0.7876907347745917,
        -0.2985824460988159,
        -0.09563691773348283,
        0.1102821875407838,
        0.44435258927169524,
        -0.25520830833303293,
        -0.061319461485527436,
        0.20855802477789404
      ],
      [
        0.10709236291580045,
        -0.09403901780752481,
