{
  "layer_sizes": [
    32,
    16,
    4
  ],
  "learning_rate": 0.3,
  "seed": 42,
  "output_activation": "softmax",
  "weights": [
    [
      [
        0.21209495751412735,
        -0.18074204027998012,
        0.0525862657707788,
        0.023757966664368885,
        -0.7294377782980631,
        -0.3255448767155795,
        -0.026705254406661275,
        0.28493390958267034,
        -0.050913146088398295,
        -0.213260981893395,
        0.03056131369168366,
        0.6469573054351215,
        -0.045862581108767606,
        0.08703902772711641,
        0.03525100774411009,
        -0.21482311572080956
      ],
      [
        0.1525946682764112,
        -0.20449665630496358,
        0.15960078280200238,
        -0.10642957216142301,
        -0.15362847139058358,
        -0.17023238610098534,
        0.2795618434691822,
        0.12314298844660654,
        -0.12784322519069952,
        -0.0880333876220574,
        0.048949216377660074,
        0.29247627012563493,
        0.07546303934385416,
        0.021140240078685413,
        0.4991335322981038,
        -0.1016037540961539
      ],
      [
        -0.13527988966587642,
        -0.16832055902916937,
        0.19889105564312706,
        0.3548034840858692,
        0.06081714441512012,
        -0.210039119240632,
        -0.1351845748972097,
        0.15224509442620188,
        0.18581354280086057,
        0.16126092648480744,
        -0.1219473939779797,
        0.021998238147966427,
        0.029171452285182056,
        0.1383163894605918,
        0.26836711373568917,
        0.05589888719367057
      ],
      [
        0.16250918336998163,
        0.05201739040502286,
        0.11717604967174919,
        0.23038246736528148,
        -0.27498494613507773,
        -0.07991780408932533,
        -0.046657434547598575,
        -0.17012256459080888,
        -0.06878556280667093,
        0.3992076872171075,
        -0.17202774607911697,
        0.20602749602915668,
        -0.4207174429039512,
        -7.701721810514129e-05,
        0.09119818552489305,
        0.14655558283981954
      ],
      [
        0.123784389256929,
        0.6616311699725216,
        -0.5846278561800785,
        0.30309481082016276,
        0.4555745588051966,
        -0.04782608122040372,
        -0.5650640795685272,
        -0.8371500734314253,
        -0.22986307150040283,
        0.2883415067000714,
        -0.21100169318221096,
        0.27553729578392444,
        -0.10681316158413356,
        0.5540019641704778,
        0.6580885843972084,
        -0.0773366349300596
      ],
      [
        0.12405306633508321,
        -0.1275757688866499,
        -0.06971619775198677,
        -0.06062458956579445,
        -0.25397428101242636,
        0.12174312019639545,
        -0.06615909316512636,
        0.03682885842549994,
        0.11476961884074728,
        0.13245811690694437,
        0.18071997930797015,
        -0.0016130021635472843,
        -0.1130573306132577,
        0.02586848767963294,
        -0.39000421851085865,
        -0.3617781181057718
      ],
      [
        -0.25516618776886774,
        -0.20528171452251281,
        0.024928816024839397,
        -0.34380488185858993,
        -0.228806739140183,
        0.32480707444651635,
        -0.12165785676451346,
        0.3865980908215304,
        -0.25935600706487266,
        -0.051359389466907504,
        -0.34266561374099175,
        0.16663579856812855,
        0.17542689242042017,
        -0.5400363691396938,
        0.06325795098707473,
        0.05943390058306947
      ],
      [
        -0.1485374889241986,
        -0.6423079873404121,
        -0.062233078050199744,
        -0.5513976921278948,
        0.5804379867492402,
        0.00546303638086072,
        1.2732725055962173,
        0.0649197883396894,
        -0.25587437315546624,
        0.016620669793834093,
        0.7511392543311614,
        0.2329475120945677,
        0.20877781147864463,
        0.2279587006681669,
        0.44720535390618776,
        -0.2971907635807127
      ],
      [
        -0.15795934225872607,
        -0.19833360428719443,
        -0.06857602617699175,
        -0.29710514969456314,
        0.21778649133905628,
        -0.055555674274693344,
        -0.3131085244025881,
        -0.24129471492222804,
        0.07566993891968382,
        0.23035696487305363,
        0.5245318055251507,
        0.7252364147920713,
        0.09998598201788945,
        -0.19029318618573454,
        -0.49644929086279566,
        0.06692786558595895
      ],
      [
        -0.20125673289887064,
        -0.0705289339807345,
        -0.12414777515300177,
        0.011868665590417713,
        0.32549381233236596,
        0.039262141861336156,
        0.014934339963404271,
        -0.24631338282679563,
        -0.42137925911895424,
        -0.10075165436887433,
        0.011903444897623622,
        0.4387532766852103,
        0.028952254067111823,
        0.3027762215779959,
        -0.08826162031475648,
        -0.29623594160425615
      ],
      [
        -0.2393006496293821,
        -0.1479961350697515,
        0.5609938577207415,
        -0.15828028261158242,
        0.26862105556954147,
        -0.2257317945217566,
        0.28748630244163736,
        0.10883779690612318,
        -0.04186799735738758,
        0.010634691365599877,
        -0.13834784125514393,
        0.10828884866075954,
        -0.11736224638630464,
        -0.24931009711958052,
        -0.2829221142598733,
        0.04314697943052987
      ],
      [
        0.39282772087172174,
        0.13533371127009408,
        0.06479885303104929,
        0.22491219974490398,
        0.5175098235836931,
        0.054845625340964085,
        0.06444889729831645,
        0.2932670702900235,
        0.10177206372967341,
        0.4464149666973731,
        0.1328312376495179,
        -0.34204243373297594,
        -0.3492725524136355,
        0.5952993179405056,
        0.5453361574973019,
        -0.04487980332065016
      ],
      [
        -0.09381828935528608,
        0.3986714541247373,
        -0.24788499589892163,
        -0.1766153675444425,
        0.2198304533077163,
        -0.0986512807148974,
        0.05331258254305853,
        -0.028260669251470787,
        0.08168511425686839,
        0.3726957882278875,
        0.04799530932764012,
        0.15775549660945393,
        -0.5161594015588653,
        0.044911743339702055,
        -0.17424528825318625,
        -0.304703265105907
      ],
      [
        -0.22675729913017978,
        -0.04840823714240304,
        0.27387183558825634,
        -0.2590377685292447,
        0.09696188197744328,
        -0.12104235833339462,
        -0.010982544564889916,
        0.2402863537961776,
        0.13452885925098151,
        0.3598218862691944,
        0.005803613031718738,
        -0.21002774553638928,
        -0.05596470422012488,
        0.14426843809614392,
        0.09465325886206942,
        -0.27109701805834163
      ],
      [
        0.031403567419756265,
        0.09466174923718859,
        1.4884348444191045,
        0.9242725293655072,
        -0.41701241273674855,
        -0.07184584038729402,
        -0.5480076762881443,
        0.21619893964848486,
        0.07890125089758512,
        0.325239816522748,
        -0.3533699873551317,
        -0.385470796834071,
        -0.5368222574346637,
        -0.16959499459789792,
        -0.5321400240633685,
        -0.13235985684151844
      ],
      [
        -0.15880822228611044,
        0.011658355339146886,
        -0.4994438903639736,
        -0.46070940576260744,
        0.4248988975028061,
        -0.32185564531850774,
        -0.30026988581298525,
        0.6210037410441357,
        0.705505522660179,
        -0.2928916572063354,
        -0.17619031920768477,
        0.28650414176974265,
        0.40445429754625517,
        -0.33327928028034465,
        -0.09759782940503912,
        0.194334394015436
      ],
      [
        0.1690984908724412,
        -0.058815023905238704,
        -0.09346753365382611,
