{
  "layer_sizes": [
    32,
    16,
    4
  ],
  "learning_rate": 0.3,
  "seed": 42,
  "output_activation": "softmax",
  "weights": [
    [
      [
        0.07617926993860784,
        -0.3061148347307861,
        0.16428032405780357,
        0.24776543996191,
        -0.4327428567915471,
        -0.3255448767155795,
        0.0863232011356656,
        -0.06659947456949068,
        0.03832973269699522,
        -0.18315044376930373,
        0.20969891818801265,
        0.21820693315537387,
        0.01650767439030401,
        0.3536363042466476,
        0.13719496519110574,
        -0.15949006481673672
      ],
      [
        0.09218769602062471,
        -0.28583945837791197,
        0.1962801004330074,
        0.00014278311754324836,
        0.008800349485597,
        -0.17023238610098534,
        0.3599984350123518,
        -0.026171197000795655,
        -0.06455193346770939,
        -0.057922849497966056,
        0.12292672086064266,
        0.11511996538915621,
        0.1031831528989971,
        0.1795312532566102,
        0.5557295298457099,
        -0.04627070319208106
      ],
      [
        -0.12325576679174764,
        -0.11092491703188033,
        0.15997233111757672,
        0.26040684911656864,
        -0.049381093295119236,
        -0.210039119240632,
        -0.14702158462058074,
        0.21213552642377043,
        0.18398411806422027,
        0.16040590499361757,
        -0.18619234160104703,
        0.0902286130645832,
        0.029171452285182056,
        0.07900171824386452,
        0.2724657054882764,
        0.06731889556023771
      ],
      [
        0.16972839076797372,
        -0.09222492724383302,
        0.07227984967249604,
        0.1578220564596351,
        -0.4205141223473831,
        -0.07991780408932533,
        -0.18883261438285726,
        -0.4856250405062551,
        -0.06878556280667093,
        0.5143120536071012,
        -0.24329248218594188,
        0.7112505976983932,
        -0.4207174429039512,
        0.37723133472634873,
        0.1698673158239685,
        0.24463628128644202
      ],
      [
        0.17780664494821374,
        0.0892171141839253,
        -0.0871812680621094,
        -0.11558794816614179,
        0.1582688029308218,
        -0.04782608122040372,
        -0.3901610316441389,
        -0.6092273819462898,
        -0.22986307150040283,
        0.26486691181194344,
        0.008771730755010218,
        0.641802347567465,
        -0.10681316158413356,
        0.500587514991971,
        0.28557664803955124,
        0.020744063516562942
      ],
      [
        0.1165962671274212,
        -0.13807492656485118,
        -0.0973126374505171,
        -0.1011920052992108,
        -0.28691745774401073,
        0.12174312019639545,
        -0.06557852705584634,
        0.03296110735137442,
        0.13665749227592508,
        0.1362501319248048,
        0.15228943954725857,
        0.001185018952887879,
        -0.10582457801103844,
        0.02159646353676334,
        -0.38622385621941574,
        -0.333448916509143
      ],
      [
        -0.3306749030886006,
        -0.29543051507103263,
        0.07661108178704845,
        -0.21374550297590866,
        -0.03952469813793529,
        0.32480707444651635,
        -0.03470289242151227,
        0.19684006563317655,
        -0.19087439792940186,
        -0.02124885134281619,
        -0.24765608925533975,
        -0.06099931967700398,
        0.21007703436434888,
        -0.3600041032934478,
        0.12892354051455873,
        0.1147669514871423
      ],
      [
        -0.1485374889241986,
        -0.40763327176777586,
        -0.005300097965343287,
        -0.11974891640184414,
        0.11318499321058811,
        0.00546303638086072,
        0.45480782317407314,
        -0.0473777333518512,
        -0.21334435108239883,
        0.07492944686317038,
        0.044848595465246735,
        0.36355584310824585,
        0.20877781147864463,
        0.16104376729201691,
        0.3861433524329848,
        -0.2418577126766398
      ],
      [
        -0.15993788318743693,
        -0.27776279352204347,
        -0.12078492568275269,
        -0.33154727602497075,
        0.21380367707551326,
        -0.055555674274693344,
        -0.31333847328182024,
        -0.24143359678548046,
        0.12090848393561623,
        0.23964218009768656,
        0.4890321473952521,
        0.7522245657999694,
        0.1036023583189991,
        -0.17555852750332648,
        -0.5126939405547327,
        0.12226091649003176
      ],
      [
        -0.2032352738275815,
        -0.14995812321558352,
        -0.17635667465876276,
        -0.02257346073998983,
        0.3215109980688229,
        0.039262141861336156,
        0.014704391084172142,
        -0.24645226469004805,
        -0.37614071410302197,
        -0.09146643914424137,
        -0.023596213232274694,
        0.46574142769310745,
        0.03256863036822146,
        0.31751088026040375,
        -0.1045062700066936,
        -0.24090289070018323
      ],
      [
        -0.24127919055809297,
        -0.22742532430460047,
        0.5087849582149807,
        -0.19272240894199,
        0.26463824130599817,
        -0.2257317945217566,
        0.28725635356240525,
        0.10869891504287067,
        0.003370547658544807,
        0.019919906590232808,
        -0.1738474993850421,
        0.13527699966865686,
        -0.113745870085195,
        -0.23457543843717257,
        -0.29916676395181047,
        0.0984800303346027
      ],
      [
        0.3947728141026087,
        0.1486162163896609,
        -0.02965958152747064,
        0.3242589751466847,
        0.3773833416812595,
        0.054845625340964085,
        -0.3183910747460926,
        0.6546250301745816,
        0.10718910961540337,
        0.463311165087974,
        0.009031960373150533,
        -0.5419914625802813,
        -0.34203979981141625,
        0.32986505980476233,
        0.27185007739645073,
        0.2766647261924727
      ],
      [
        -0.09579683028399694,
        0.4739793860568518,
        -0.276761420510872,
        0.029120685507092254,
        0.2117146049268145,
        -0.0986512807148974,
        -0.21693973371767603,
        0.3371921280284817,
        0.08439363719973339,
        0.4312426324174051,
        -0.014130422206889608,
        -0.07488950633094181,
        -0.5125430252577556,
        -0.09504652373557948,
        -0.3698739203725913,
        0.01684126440721572
      ],
      [
        -0.2195380917321877,
        -0.12964966834586533,
        0.20564316069519253,
        -0.31897391857078455,
        0.06267381352051651,
        -0.12104235833339462,
        -0.027555173246645984,
        0.26315062984255566,
        0.1770588813240489,
        0.36446006498477734,
        -0.048776995340169674,
        -0.15022670361953896,
        -0.05596470422012488,
        0.132450200322445,
        0.06446096924152218,
        -0.21576396715426865
      ],
      [
        0.022622445406968554,
        0.010938274364064061,
        0.6060360344896697,
        0.481835413684524,
        -0.15829489726779283,
        -0.07184584038729402,
        -0.31149740011540655,
        -0.13521557997446668,
        0.12143127297065254,
        0.3315739433461498,
        -0.19242153496359662,
        -0.13977766071881234,
        -0.5368222574346637,
        0.031159522368412677,
        -0.2452859733367965,
        -0.07702680593744562
      ],
      [
        -0.21921519454189706,
        -0.06968444673380149,
        -0.4627645727329685,
        -0.3541370504836412,
        0.5873277183789871,
        -0.32185564531850774,
        -0.21983329426981574,
        0.47168955559673315,
        0.7687968143831689,
        -0.262781119082244,
        -0.10221281472470217,
        0.10914783703326401,
        0.4321744111013981,
        -0.1748882671024198,
        -0.041001831857433016,
        0.24966744491950887
      ],
      [
        0.10869151861665466,
        -0.14015782597818707,
        -0.05678821602282092,
        -0.331099691228389,
