{
  "labels": [
    "Anarchist Theory",
    "Legitimacy & Obligation",
    "Social Contract Theory",
    "research"
  ],
  "feature_extractor": {
    "max_features": 32,
    "vocabulary": {
      "social": 29,
      "contract": 11,
      "theory": 31,
      "core": 13,
      "concept": 7,
      "political": 23,
      "authority": 5,
      "philosophy": 22,
      "requires": 26,
      "definitions": 15,
      "analysis": 2,
      "relationships": 25,
      "researchers": 28,
      "contemporary": 9,
      "academic": 0,
      "social contract": 30,
      "contract theory": 12,
      "core concept": 14,
      "concept political": 8,
      "political authority": 24,
      "requires studying": 27,
      "definitions historical": 16,
      "common techniques": 6,
      "contemporary applications": 10,
      "academic professional": 1,
      "legitimacy": 18,
      "obligation": 21,
      "legitimacy obligation": 19,
      "anarchist": 3,
      "anarchist theory": 4,
      "democracies": 17,
      "nondemocracies": 20
    },
    "idf": [
      1.2231435513142097,
      1.2231435513142097,
      1.0,
      1.916290731874155,
      1.916290731874155,
      1.0,
      1.2231435513142097,
      1.2231435513142097,
      1.2231435513142097,
      1.2231435513142097,
      1.2231435513142097,
      1.916290731874155,
      1.916290731874155,
      1.2231435513142097,
      1.2231435513142097,
      1.2231435513142097,
      1.2231435513142097,
      1.916290731874155,
      1.5108256237659907,
      1.916290731874155,
      1.916290731874155,
      1.916290731874155,
      1.2231435513142097,
      1.0,
      1.0,
      1.2231435513142097,
      1.2231435513142097,
      1.2231435513142097,
      1.2231435513142097,
      1.916290731874155,
      1.916290731874155,
      1.5108256237659907
    ]
  },
  "scope": "political_authority",
  "grade": "preschool"
}