{
  "layer_sizes": [
    32,
    16,
    4
  ],
  "learning_rate": 0.3,
  "seed": 42,
  "output_activation": "softmax",
  "weights": [
    [
      [
        0.07617926993860784,
        -0.2599960265601239,
        0.7034872174671165,
        0.6458801506592041,
        -0.6956716237831588,
        -0.4786565486916842,
        0.03196010079182134,
        -0.00697931446370168,
        0.25197394550567553,
        -0.2576995400808473,
        0.09356002949130329,
        0.08587853885435617,
        0.14207194703794268,
        0.20942414778073226,
        0.1168773355630114,
        -0.21482311572080956
      ],
      [
        0.09218769602062471,
        -0.23972065020724972,
        0.2123030505900641,
        -0.07083288643854888,
        -0.13398302091714695,
        0.07616375006727562,
        0.30563533466850756,
        0.11350798346250572,
        -0.12257847775537031,
        -0.056224624211352235,
        0.06349430224166565,
        0.06646896266033381,
        0.08779345362845661,
        0.013709690387873575,
        0.5354119002176153,
        -0.1016037540961539
      ],
      [
        -0.12806068226788433,
        -0.20344318206196943,
        0.14303056853874285,
        0.19471596014224432,
        -0.1601380094599665,
        0.15955508501175938,
        -0.2061203039228099,
        0.3908587279257347,
        0.16256875947897031,
        0.18350171219235656,
        -0.2707519180421809,
        0.020702250620651282,
        0.006086903379371359,
        -0.08632119136389242,
        0.21785719448704746,
        0.05589888719367057
      ],
      [
        0.16972839076797372,
        0.016894767372222865,
        0.06679770611993051,
        0.11405849994064576,
        -0.43011452748704043,
        0.10487929803687036,
        -0.11759316357319888,
        -0.04561419657605575,
        -0.08040795446761606,
        0.39759190036662784,
        -0.26864502453331446,
        0.22340054857485597,
        -0.4322597173568565,
        -0.15421792776951657,
        0.0406882662762514,
        0.14655558283981954
      ],
      [
        0.17780664494821374,
        0.1983368087999813,
        -0.0736639943971321,
        -0.08894596894128134,
        0.2560736839256188,
        -0.05692655352500399,
        -0.31892158083448047,
        -0.2890701717503625,
        -0.20636556244714177,
        0.14230955959815286,
        0.05373297093225411,
        0.18647534109160951,
        -0.08989788332763105,
        0.07905331684479988,
        0.15639759849183418,
        -0.0773366349300596
      ],
      [
        0.11419380938935286,
        -0.16548148526666281,
        -0.09807298637802193,
        -0.15378588219156794,
        -0.38672734142809173,
        0.36813925636465633,
        -0.11735058505068097,
        0.1552638836616281,
        0.10469014251188373,
        0.14344155741819123,
        0.09676328309652503,
        -0.04951342455804169,
        -0.12121427728157892,
        -0.11392511309069688,
        -0.42183360848950746,
        -0.3617781181057718
      ],
      [
        -0.3306749030886006,
        -0.24931170690037044,
        0.08349712602316267,
        -0.35766043339698284,
        -0.2920173560792192,
        0.8791983808251032,
        -0.08906599276535648,
        0.5266946885711108,
        -0.2682715949853046,
        0.020210328207179187,
        -0.39406725055765646,
        -0.14076538919418355,
        0.17545021100563288,
        -0.6433201166173057,
        0.10860591088646433,
        0.05943390058306947
      ],
      [
        -0.1485374889241986,
        -0.36151446359711364,
        0.027735237354799366,
        -0.13618138376782343,
        0.053948080483637174,
        0.12494228951660767,
        0.40044472283022886,
        0.013805873035147513,
        -0.24046359225719535,
        0.07943741463791308,
        0.036814414955352336,
        0.34066119027356395,
        0.217662106223846,
        0.07958537611868702,
        0.36582572280489045,
        -0.2971907635807127
      ],
      [
        -0.15993788318743693,
        -0.23164398535138123,
        -0.23355352368232876,
        -0.4978618873636139,
        0.4335245627721769,
        -0.02720017784536143,
        -0.36770157362566447,
        -0.2538947703018854,
        0.08571691610767512,
        0.11595871570514069,
        1.0594380774008527,
        1.0654131140073317,
        0.1230861487419335,
        -0.27034170921249323,
        -0.5330115701828273,
        0.06692786558595895
      ],
      [
        -0.2032352738275815,
        -0.10383931504492133,
        -0.28912527265833876,
        -0.18888807207863276,
        0.5412318837654868,
        0.06761763829066807,
        -0.039658709259672076,
        -0.2589134382064529,
        -0.41133228193096283,
        -0.21514990353678734,
        0.5468097167733259,
        0.7789299759004699,
        0.052052420791155844,
        0.22272769855123709,
        -0.12482389963478802,
        -0.29623594160425615
      ],
      [
        -0.24127919055809297,
        -0.1813065161339383,
        0.2632657172010401,
        -0.1998287707314403,
        0.5492810108255374,
        -0.4171283580751765,
        0.23289325321856102,
        -0.1720461252750421,
        -0.10706340604322978,
        0.23413352388958822,
        -0.38913696120238905,
        0.0142252382313715,
        -0.113745870085195,
        0.18508586551799328,
        -0.3194843935799048,
        0.04314697943052987
      ],
      [
        0.3947728141026087,
        0.03999790339335956,
        -0.2985112974352216,
        0.07697443397529197,
        0.6661591453181575,
        -0.13655093821245584,
        -0.10273180770843429,
        0.00828831071346431,
        0.03928517798669616,
        0.6282631534224445,
        -0.17963142803956503,
        -0.40341007006927376,
        -0.34203979981141625,
        0.9042192895176174,
        0.43091643019582426,
        -0.04487980332065016
      ],
      [
        -0.09579683028399694,
        0.36536107306055055,
        -0.28772570761600297,
        -0.31120886777693507,
        0.029180553626013347,
        0.27094292353749394,
        -0.001280466680017824,
        0.18734980633843135,
        0.06114885387784315,
        0.39958361044448687,
        -0.08172826449457095,
        0.12364661817318584,
        -0.5356275741635662,
        -0.15317294102867515,
        -0.21080756757321778,
        -0.304703265105907
      ],
      [
        -0.2195380917321877,
        -0.08353086017520302,
        0.2466755954423938,
        -0.2896999772747621,
        0.07252103513917758,
        -0.17149140784720807,
        -0.08191827359049021,
        0.21938107247576782,
        0.16574249326992688,
        0.35131402704769055,
        -0.005351582124115831,
        -0.1530681501927316,
        -0.03281912927885871,
        0.12383758948471861,
        0.04414333961342776,
        -0.27109701805834163
      ],
      [
        0.022622445406968554,
        0.057057082534726286,
        0.6470684692368704,
        0.5111093549805468,
        -0.14844767564913175,
        -0.1222948899011075,
        -0.3658605004592508,
        -0.17898513734125482,
        0.11011488491653058,
        0.318427905409063,
        -0.14899612174754273,
        -0.14261910729200497,
        -0.5136766824933977,
        0.02254691153068632,
        -0.2656036029648908,
        -0.13235985684151844
      ],
      [
        -0.21921519454189706,
        -0.023565638563139247,
        -0.4217321379857674,
        -0.32486310918761874,
        0.5971749399976475,
        -0.37230469483232137,
        -0.2741963946136599,
        0.42791999822994553,
        0.7574804263290468,
        -0.2759271570193308,
        -0.0587874015086483,
        0.1063063904600715,
        0.45531998604266416,
        -0.18350087794014625,
        -0.061319461485527436,
        0.194334394015436
      ],
      [
        0.10869151861665466,
        -0.09403901780752481,
        -0.01575578127561983,
