{
  "layer_sizes": [
    32,
    16,
    4
  ],
  "learning_rate": 0.3,
  "seed": 42,
  "output_activation": "softmax",
  "weights": [
    [
      [
        0.07084429490491806,
        -0.30314698842860577,
        0.18823084229034523,
        0.344369869064337,
        -0.397234400233636,
        -0.30430618623430566,
        0.03196010079182134,
        -0.12558991085081606,
        0.019308688002743723,
        -0.20247839820774935,
        0.26964206473710306,
        0.22520004656230527,
        0.016703076305294728,
        0.28927561595717993,
        0.174932783301665,
        -0.21482311572080956
      ],
      [
        0.08685272098693493,
        -0.2828716120757316,
        0.22023061866554905,
        0.09674721221997033,
        0.04430880604350796,
        -0.14899369561971135,
        0.30563533466850756,
        -0.08516163328212109,
        -0.08357297816196091,
        -0.0772508039364118,
        0.1828698674097334,
        0.12211307879608778,
        0.10337855481398782,
        0.11517056496714241,
        0.5934673479562692,
        -0.1016037540961539
      ],
      [
        -0.13242237393355807,
        -0.15114561291390682,
        0.14138977443536108,
        0.3392135104692997,
        -0.003910209774284973,
        -0.1926750981014501,
        -0.2061203039228099,
        0.17778865059170676,
        0.18182335245784173,
        0.1400210585758998,
        -0.16276538466453921,
        0.08055748007026124,
        0.02241982781139234,
        0.06077553271981968,
        0.27058261132138867,
        0.046058964497819196
      ],
      [
        0.13629531351108037,
        -0.21279152687893868,
        -0.017369716433159824,
        -0.14366777582328183,
        -0.03616748522380394,
        0.26352658245003285,
        -0.11759316357319888,
        -0.1596506766046253,
        -0.06878556280667093,
        0.4917682292540132,
        0.4257571855178262,
        0.22101875769149346,
        -0.4207174429039512,
        -0.08372125749644371,
        0.08391426193430053,
        0.14655558283981954
      ],
      [
        0.17780664494821374,
        0.5339801433264332,
        -0.13742783729099545,
        -0.2394998063282669,
        0.02503808010116708,
        -0.04782608122040372,
        -0.31892158083448047,
        -0.07950061878822116,
        -0.3188185128648857,
        0.1067255525670024,
        -0.10656948888190801,
        0.16256205011852917,
        -0.13330158211068202,
        0.03963492276917856,
        0.17656189882912446,
        -0.11504894025889588
      ],
      [
        0.10885883435566308,
        -0.20863244713514478,
        -0.09014541830253706,
        0.013794216466951285,
        -0.2084355144674368,
        0.14298181067766946,
        -0.11735058505068097,
        -0.043405733082998686,
        0.14369564210529323,
        0.12241537769313161,
        0.2161388482645928,
        0.006130691577712289,
        -0.10562917609604772,
        -0.012464238511428043,
        -0.36377816075085395,
        -0.3617781181057718
      ],
      [
        -0.3360098781222904,
        -0.29246266876885235,
        0.10056160001959004,
        -0.11714107387348167,
        -0.004016241580024344,
        0.3460457649277902,
        -0.08906599276535648,
        0.13784962935185102,
        -0.20989544262365326,
        -0.04057680578126187,
        -0.18771294270624908,
        -0.05400620627007246,
        0.2102724362793396,
        -0.42436479158291546,
        0.16666135862511797,
        0.05943390058306947
      ],
      [
        -0.15387246395788837,
        -0.40466542546559553,
        0.018650420267198226,
        -0.023144487299417094,
        0.1486934497684991,
        0.026701726862134706,
        0.40044472283022886,
        -0.10636816963317658,
        -0.23236539577665027,
        0.055601492424724674,
        0.10479174201433744,
        0.37054895651517733,
        0.20897321339363534,
        0.09668307900254906,
        0.42388117054354396,
        -0.2971907635807127
      ],
      [
        -0.1652728582211267,
        -0.27479494721986314,
        -0.0968344074502111,
        -0.23494284692254352,
        0.24931213363342422,
        -0.03431698379341936,
        -0.36770157362566447,
        -0.3004240330668061,
        0.10188743924136473,
        0.22031422565924094,
        0.548975293944343,
        0.7592176792069009,
        0.10379776023398982,
        -0.2399192157927942,
        -0.4749561224441738,
        0.06692786558595895
      ],
      [
        -0.20857024886127126,
        -0.14699027691340333,
        -0.1524061564262211,
        0.07403096836243725,
        0.357019454626734,
        0.060500832342610146,
        -0.039658709259672076,
        -0.3054427009713736,
        -0.3951617587972731,
        -0.11079439358268713,
        0.036346933316816064,
        0.47273454110003893,
        0.032764032283212174,
        0.25315019197093613,
        -0.06676845189613433,
        -0.29623594160425615
      ],
      [
        -0.24661416559178273,
        -0.22445747800242027,
        0.5327354764475218,
        -0.09611797983956298,
        0.30014669786390946,
        -0.2044931040404826,
        0.23289325321856102,
        0.04970847876154528,
        -0.015650497035706677,
        0.0005919521517871266,
        -0.11390435283595149,
        0.14227011307558823,
        -0.11355046817020428,
        -0.2989361267266403,
        -0.2614289458412513,
        0.04314697943052987
      ],
      [
        0.38943783906891893,
        -0.0031530584751224004,
        -0.029041538188739797,
        0.1806852248671693,
        0.4170248323565293,
        0.07608431582223804,
        -0.10273180770843429,
        0.2300429147500516,
        0.13069808699421928,
        0.3947215816846437,
        0.09560118032687269,
        -0.27536519522505687,
        -0.34184439789642557,
        0.4201972972729841,
        0.48897187793447777,
        -0.04487980332065016
      ],
      [
        -0.10113180531768672,
        0.32221011119206866,
        -0.27614337717214116,
        -0.11445306477242308,
        0.2513560956020842,
        -0.07741259023362344,
        -0.001280466680017824,
        -0.0873899873960487,
        0.1079026145785493,
        0.3626530490140749,
        0.07243879774683255,
        0.19173676102428266,
        -0.512347623342765,
        -0.004714286267357779,
        -0.15275211983456416,
        -0.304703265105907
      ],
      [
        -0.2195380917321877,
        0.252112474351249,
        0.1787290663601172,
        -0.455510037597016,
        -0.18179801706451706,
        -0.12104235833339462,
        -0.08191827359049021,
        0.4545106410387999,
        0.0455734178864986,
        0.3167848934142472,
        -0.18080234271202444,
        -0.18404494131608864,
        -0.08245312474667335,
        0.0606241978178054,
        0.06430763995071809,
        -0.3088093233871779
      ],
      [
        0.009537370409947322,
        0.05744134930182585,
        0.9572115156413543,
        0.8493943717827653,
        -0.09235754518533139,
        -0.12952122088224471,
        -0.3658605004592508,
        -0.1499191588756952,
        0.19023183718895212,
        0.31118140064399497,
        -0.15519165420981984,
        -0.17089367601849603,
        -0.5432543741699207,
        0.0020572046267382117,
        -0.23741829062214845,
        -0.1421997795373698
      ],
      [
        -0.21921519454189706,
        0.47989936322653876,
        -0.5148019516824869,
        -0.5526290985909352,
        0.24812794268739255,
        -0.32185564531850774,
        -0.2741963946136599,
        0.764960159149302,
        0.5928336302633774,
        -0.3192386073759936,
        -0.3053261235463316,
        0.07029995513750814,
        0.3924417803115754,
        -0.24671426960705936,
        -0.031073010979591954,
        0.1377659360221816
      ],
      [
        0.10869151861665466,
        0.40942598398215313,
        -0.10882559497233937,
