{
  "labels": [
    "Hydraulics",
    "Hydrology (Applied)",
    "Irrigation Engineering",
    "research"
  ],
  "feature_extractor": {
    "max_features": 32,
    "vocabulary": {
      "hydraulics": 18,
      "concept": 11,
      "water": 30,
      "resources": 27,
      "engineering": 14,
      "broader": 7,
      "methods": 23,
      "analysis": 2,
      "researchers": 26,
      "models": 24,
      "common": 9,
      "awareness": 5,
      "open": 25,
      "academic": 0,
      "core concept": 12,
      "water resources": 31,
      "resources engineering": 28,
      "broader domain": 8,
      "common techniques": 10,
      "awareness open": 6,
      "academic professional": 1,
      "hydrology": 19,
      "applied": 3,
      "hydrology applied": 20,
      "irrigation": 21,
      "irrigation engineering": 22,
      "free": 15,
      "surface": 29,
      "averaged": 4,
      "depth": 13,
      "hierarchies": 17,
      "free surface": 16
    },
    "idf": [
      1.2231435513142097,
      1.2231435513142097,
      1.0,
      1.916290731874155,
      1.916290731874155,
      1.2231435513142097,
      1.2231435513142097,
      1.2231435513142097,
      1.2231435513142097,
      1.2231435513142097,
      1.2231435513142097,
      1.2231435513142097,
      1.2231435513142097,
      1.916290731874155,
      1.0,
      1.916290731874155,
      1.916290731874155,
      1.916290731874155,
      1.916290731874155,
      1.916290731874155,
      1.916290731874155,
      1.916290731874155,
      1.916290731874155,
      1.0,
      1.0,
      1.0,
      1.0,
      1.0,
      1.0,
      1.916290731874155,
      1.0,
      1.0
    ]
  },
  "scope": "water_resources_engineering",
  "grade": "preschool"
}