{
  "layer_sizes": [
    32,
    16,
    4
  ],
  "learning_rate": 0.3,
  "seed": 42,
  "output_activation": "softmax",
  "weights": [
    [
      [
        0.15104850258193955,
        -0.2599960265601239,
        0.7110708202028752,
        0.3073486528836764,
        -0.53605151000174,
        -0.18453411016934534,
        0.03196010079182134,
        -0.1483930267924342,
        -0.23134581548225183,
        -0.12111287018439726,
        0.09003945013280604,
        0.02596848030282555,
        0.01650767439030401,
        0.15149287795671235,
        0.1168773355630114,
        -0.21482311572080956
      ],
      [
        0.09114976124320595,
        -0.2476775173397794,
        0.22775448640404414,
        -0.010444378818407036,
        -0.009948855629695774,
        -0.1394897876737495,
        0.30563533466850756,
        -0.018607793726205954,
        -0.08379417561713035,
        -0.08322541939510988,
        0.14397869058965296,
        0.11473013749950658,
        0.12259420738324264,
        0.10961293407013525,
        0.5354119002176153,
        -0.1016037540961539
      ],
      [
        -0.13888783777177444,
        -0.21317557278378715,
        0.09713028681235296,
        0.2755169185632582,
        0.022037481550786532,
        -0.19043757736192737,
        -0.2061203039228099,
        0.19599192077093633,
        0.24329465003168563,
        0.12990601319698156,
        -0.13647224294187738,
        0.10813177785828303,
        0.052913958401795726,
        0.07364150443559744,
        0.21785719448704746,
        0.05589888719367057
      ],
      [
        0.15890123526408362,
        0.007162376650405146,
        0.015415280840975116,
        0.1510959018426703,
        -0.31376460899941144,
        -0.06031626221062066,
        -0.11759316357319888,
        -0.12637573824607443,
        -0.01130445557584589,
        0.36785277392928173,
        -0.1865525950430146,
        0.29216103573947344,
        -0.3969749367873378,
        -0.06475190224309949,
        0.0406882662762514,
        0.14655558283981954
      ],
      [
        0.16697948944432364,
        0.18860441807816358,
        -0.14404583689363037,
        -0.12231410278310659,
        0.26501831627879363,
        -0.028224539341699065,
        -0.31892158083448047,
        -0.24997807968610916,
        -0.17238196426957778,
        0.1184076321341238,
        0.06551161789793757,
        0.22271278560854516,
        -0.08307065546751982,
        0.05860427802252278,
        0.15639759849183418,
        -0.0773366349300596
      ],
      [
        0.10336665388546272,
        -0.17521387598848054,
        -0.1476280304727889,
        -0.10216062811654705,
        -0.24843556543275463,
        0.14134466207510007,
        -0.11735058505068097,
        0.03646725349668291,
        0.1776677719573023,
        0.1057502401281688,
        0.19625146112349276,
        0.025470075964247198,
        -0.08208207189442471,
        -0.0009601974732555247,
        -0.42183360848950746,
        -0.3617781181057718
      ],
      [
        -0.34150205859249055,
        -0.25904409762218816,
        0.04307898784933818,
        -0.23309591845698,
        -0.044016292545342145,
        0.3444086163252209,
        -0.08906599276535648,
        0.2177226159315327,
        -0.1759233127716442,
        -0.05724194334622466,
        -0.2076003298473491,
        -0.034666821883537535,
        0.23381954048096262,
        -0.41286075054474297,
        0.10860591088646433,
        0.05943390058306947
      ],
      [
        -0.1593646444280887,
        -0.3712468543189314,
        -0.03883219190305355,
        -0.1390993318829154,
        0.10869339880318125,
        0.02506457825956538,
        0.40044472283022886,
        -0.026495183053495026,
        -0.19839326592464118,
        0.038936354859761886,
        0.08490435487323755,
        0.3898883409017123,
        0.23252031759525837,
        0.10818712004072156,
        0.36582572280489045,
        -0.2971907635807127
      ],
      [
        -0.17076503869132703,
        -0.24137637607319895,
        -0.15431701962046293,
        -0.3508976915060419,
        0.20931208266810647,
        -0.03595413239598869,
        -0.36770157362566447,
        -0.2205510464871243,
        0.13585956909337388,
        0.2036490880942781,
        0.5290879068032429,
        0.7785570635934351,
        0.12734486443561283,
        -0.22841517475462186,
        -0.5330115701828273,
        0.06692786558595895
      ],
      [
        -0.2032352738275815,
        -0.10383931504492133,
        -0.49209029470345383,
        -0.035197721604096316,
        0.40475048220295207,
        -0.12511936216836267,
        -0.039658709259672076,
        -0.6407845272534505,
        -0.5614389869870733,
        -0.1638549021528162,
        -0.1692690609652527,
        1.0929332729667778,
        -0.02458742683203809,
        0.24687186981090162,
        -0.12482389963478802,
        -0.29623594160425615
      ],
      [
        -0.24127919055809297,
        -0.1813065161339383,
        0.19305133817028922,
        -0.20534666980609653,
        0.3478777254401274,
        -0.3901132985514554,
        0.23289325321856102,
        -0.2856333475205319,
        -0.18192772522550676,
        -0.05246855641834201,
        -0.3195203471180202,
        0.762468844942327,
        -0.17090192728545456,
        -0.3052144488866748,
        -0.3194843935799048,
        0.04314697943052987
      ],
      [
        0.35308360248846377,
        -0.008087851601549756,
        0.03924786392994782,
        0.049609818905708356,
        0.6658962143440473,
        0.35313382717057196,
        -0.10273180770843429,
        0.23725160791399502,
        0.06235918095713522,
        0.4723648917356432,
        0.46541859344748465,
        -0.4971958748458011,
        -0.34203979981141625,
        0.4849711044968479,
        0.43091643019582426,
        -0.04487980332065016
      ],
      [
        -0.16364815557569218,
        0.3043703900972674,
        -0.2940526676252517,
        -0.2658330385839091,
        0.6009707515951266,
        0.25148732721384504,
        -0.001280466680017824,
        -0.076867405601674,
        0.07296166232869458,
        0.44559787683600277,
        0.5808302940068216,
        -0.0476783978620268,
        -0.5125430252577556,
        0.10551004993836864,
        -0.21080756757321778,
        -0.304703265105907
      ],
      [
        -0.2303652472360778,
        -0.09326325089702073,
        -0.04431042951918787,
        -0.3383243340518557,
        -0.020655453129480136,
        -0.24652358682943826,
        -0.08191827359049021,
        0.44039067344773686,
        0.4292312768801956,
        0.24511176480511015,
        -0.24538216007013966,
        0.20965853389699998,
        0.06274782636294357,
        0.0803511947241374,
        0.04414333961342776,
        -0.27109701805834163
      ],
      [
        0.1124655245789666,
        0.057057082534726286,
        1.257518134884993,
        0.555860121363465,
        -0.27126209304564186,
        0.09736707946818697,
        -0.3658605004592508,
        -0.23087560793871806,
        -0.19367338042983043,
        0.4120411392728559,
        -0.33804301173538354,
        -0.36571201428224287,
        -0.5368222574346637,
        -0.1970473886785819,
        -0.2656036029648908,
        -0.13235985684151844
      ],
      [
        -0.21921519454189706,
        -0.023565638563139247,
        -0.4394320978391578,
        -0.36676131134774764,
        0.27054190543916595,
        -0.38477433669517486,
        -0.2741963946136599,
        1.086063698720244,
        1.240688066211504,
        -0.3812057733868438,
        -0.30701388566144683,
        -0.04298708474340726,
        0.6381193635179132,
        -0.24671426960705936,
        -0.061319461485527436,
        0.194334394015436
      ],
      [
        0.10869151861665466,
        -0.09403901780752481,
        -0.033455741129010286,
