{
  "labels": [
    "Classical Confucianism",
    "Confucian Ritual",
    "Neo-Confucianism",
    "engineering"
  ],
  "feature_extractor": {
    "max_features": 32,
    "vocabulary": {
      "classical": 9,
      "confucianism": 13,
      "asian": 5,
      "religions": 23,
      "religion": 21,
      "understanding": 29,
      "requires": 25,
      "analysis": 1,
      "relationships": 19,
      "researchers": 27,
      "vocabulary": 30,
      "awareness": 7,
      "open": 17,
      "applications": 3,
      "classical confucianism": 10,
      "asian religions": 6,
      "religions broader": 24,
      "religion spirituality": 22,
      "requires studying": 26,
      "analysis relationships": 2,
      "relationships neighboring": 20,
      "vocabulary foundational": 31,
      "awareness open": 8,
      "questions contemporary": 18,
      "applications academic": 4,
      "neo": 15,
      "neo confucianism": 16,
      "confucian": 11,
      "ritual": 28,
      "confucian ritual": 12,
      "ai": 0,
      "findings": 14
    },
    "idf": [
      1.916290731874155,
      1.0,
      1.2231435513142097,
      1.2231435513142097,
      1.2231435513142097,
      1.2231435513142097,
      1.2231435513142097,
      1.2231435513142097,
      1.2231435513142097,
      1.916290731874155,
      1.916290731874155,
      1.5108256237659907,
      1.916290731874155,
      1.2231435513142097,
      1.916290731874155,
      1.916290731874155,
      1.916290731874155,
      1.0,
      1.2231435513142097,
      1.2231435513142097,
      1.2231435513142097,
      1.2231435513142097,
      1.2231435513142097,
      1.2231435513142097,
      1.2231435513142097,
      1.2231435513142097,
      1.2231435513142097,
      1.2231435513142097,
      1.916290731874155,
      1.2231435513142097,
      1.2231435513142097,
      1.2231435513142097
    ]
  },
  "scope": "confucianism",
  "grade": "preschool"
}