{
  "layer_sizes": [
    32,
    16,
    4
  ],
  "learning_rate": 0.3,
  "seed": 42,
  "output_activation": "softmax",
  "weights": [
    [
      [
        0.07250840751218929,
        -0.27259539111712305,
        0.2531940448799475,
        0.26750006460190645,
        -0.3857475981057254,
        -0.38303746268757,
        0.03196010079182134,
        -0.07269664350155704,
        -0.004200289376072199,
        -0.2071706523189827,
        0.24290800013265976,
        0.219793440782537,
        0.01650767439030401,
        0.31571481309924737,
        0.10728963823517491,
        -0.21482311572080956
      ],
      [
        0.08851683359420616,
        -0.25232001476424887,
        0.2851938212551514,
        0.01987740775753966,
        0.05579560817141852,
        -0.22772497207297582,
        0.30563533466850756,
        -0.03226836593286203,
        -0.1070819555407768,
        -0.08194305804764528,
        0.1561358028052898,
        0.11670647301631955,
        0.1031831528989971,
        0.14160976210921006,
        0.5258242028897788,
        -0.1016037540961539
      ],
      [
        -0.13173154469430293,
        -0.2160425466189686,
        0.21957610157220714,
        0.3146019586843259,
        0.07352433464401485,
        -0.2675317052126225,
        -0.2061203039228099,
        0.16901220154051372,
        0.18581354280086057,
        0.14187889665071104,
        -0.14331892040522096,
        0.0833857876919799,
        0.029171452285182056,
        0.0885766605394926,
        0.20826949715921098,
        0.05589888719367057
      ],
      [
        0.16605752834155513,
        0.004295402815223702,
        0.1378610956008293,
        0.19018094196373803,
        -0.2622777559061829,
        -0.1374103900613159,
        -0.11759316357319888,
        -0.15335545747649704,
        -0.06878556280667093,
        0.37982565738301116,
        -0.1933992725063582,
        0.26741504557317,
        -0.4207174429039512,
        -0.04981674613920433,
        0.031100568948414908,
        0.14655558283981954
      ],
      [
        0.17413578252179515,
        0.18573744424298214,
        -0.02160002213377617,
        -0.08322906266203892,
        0.316505169372022,
        -0.10531866719239423,
        -0.31892158083448047,
        -0.27695779891653166,
        -0.22986307150040283,
        0.1303805155878533,
        0.05866494043459384,
        0.19796679544224197,
        -0.10681316158413356,
        0.07353943412641793,
        0.1468099011639977,
        -0.0773366349300596
      ],
      [
        0.11052294696293431,
        -0.17808084982366199,
        -0.02518221571293473,
        -0.0630755879954794,
        -0.19694871233952607,
        0.06425053422440494,
        -0.11735058505068097,
        0.00948753426626037,
        0.12018666472647724,
        0.11772312358189814,
        0.18940478366014918,
        0.0007240857979440115,
        -0.10582457801103844,
        0.013974958630639613,
        -0.43142130581734395,
        -0.3617781181057718
      ],
      [
        -0.33434576551501916,
        -0.26191107145736964,
        0.16552480260919242,
        -0.19401087833591224,
        0.007470560547886238,
        0.2673144884745259,
        -0.08906599276535648,
        0.19074289670111008,
        -0.23340442000246925,
        -0.04526905989249531,
        -0.2144470073106927,
        -0.05941281204984067,
        0.21007703436434888,
        -0.397925594440848,
        0.09901821355862785,
        0.05943390058306947
      ],
      [
        -0.15153865949201495,
        -0.3718152696991135,
        0.05493319703931005,
        -0.11984000283857435,
        0.10796752816029907,
        0.026969677089969415,
        0.40044472283022886,
        -0.044578045298250116,
        -0.25587437315546624,
        0.049798152236596914,
        0.06085082661911772,
        0.3887578189414441,
        0.20877781147864463,
        0.09242365443779335,
        0.3580952355187066,
        -0.2971907635807127
      ],
      [
        -0.16293905375525328,
        -0.24194479145338108,
        -0.06055163067809926,
        -0.33163836246170086,
        0.20858621202522423,
        -0.03404903356558464,
        -0.36770157362566447,
        -0.23863390873187942,
        0.07837846186254882,
        0.2145108854711132,
        0.5050343785491228,
        0.7774265416331673,
        0.1036023583189991,
        -0.2441786403575501,
        -0.540742057469011,
        0.06692786558595895
      ],
      [
        -0.2032352738275815,
        -0.10383931504492133,
        -0.3772551648228263,
        -0.22195240956219922,
        -0.18424823615033686,
        0.9582656957607498,
        -0.039658709259672076,
        -0.12399680577328116,
        -0.41867073617608924,
        -0.12157697726833272,
        -0.18783056630169961,
        0.8207861557804442,
        0.03256863036822146,
        -0.08313698682012542,
        -0.12337406355904124,
        -0.29623594160425615
      ],
      [
        -0.24127919055809297,
        -0.1813065161339383,
        0.6184739168752247,
        -0.20061375163977666,
        0.6408095642332943,
        -0.4661854284467264,
        0.23289325321856102,
        -0.5118687533851939,
        -0.0391594744145226,
        -0.1617766439529615,
        -0.40926396090224015,
        0.7928699106180539,
        -0.113745870085195,
        -0.30640144094181204,
        -0.3194843935799048,
        0.04314697943052987
      ],
      [
        0.3800893643969345,
        -0.010399554834637092,
        0.11620643990942828,
        0.14678407448247408,
        0.3360224416075819,
        0.22974860584725412,
        -0.10273180770843429,
        0.7270813538908447,
        0.10718910961540337,
        0.5050557044409744,
        0.24708161902491171,
        -0.5360111479270798,
        -0.34203979981141625,
        0.4584002841714457,
        0.392962245850151,
        -0.04487980332065016
      ],
      [
        -0.1188012916595167,
        0.2864037160041704,
        -0.658704595238381,
        -0.46328686225246646,
        0.6442502830804683,
        0.1166696950612903,
        -0.001280466680017824,
        0.024914372108327785,
        0.08439363719973339,
        0.3290530177311034,
        0.647810990523961,
        -0.0012245213014832582,
        -0.5125430252577556,
        0.20029227434456406,
        -0.21080756757321778,
        -0.304703265105907
      ],
      [
        -0.2195380917321877,
        -0.08353086017520302,
        0.9355451048910033,
        0.10605979844435962,
        -0.2676669511935086,
        -0.45620268306868483,
        -0.08191827359049021,
        0.8329026263131811,
        0.13452885925098151,
        0.5469196995412668,
        -0.27372172216893703,
        -0.534294069552136,
        -0.05596470422012488,
        0.0606241978178054,
        -0.015940582701682186,
        -0.27109701805834163
      ],
      [
        0.01962127483915222,
        0.04675627643272645,
        0.6662693294943229,
        0.48174432724779387,
        -0.16351236231808186,
        -0.050339199678185315,
        -0.3658605004592508,
        -0.13241589192086564,
        0.07890125089758512,
        0.3064426487195762,
        -0.1764193038097257,
        -0.1145756848856141,
        -0.5368222574346637,
        -0.037460590485810956,
        -0.27333409025107464,
        -0.13235985684151844
      ],
      [
        -0.2222163651097134,
        -0.033866444665139085,
        -0.4025312777283153,
        -0.3542281369203713,
        0.5821102533286978,
        -0.30034900460939906,
        -0.2741963946136599,
        0.4744892436503345,
        0.7262667923101017,
        -0.2879124137088176,
        -0.08621058357083118,
        0.13434981286646236,
        0.4321744111013981,
        -0.24350837995664343,
        -0.06904994877171128,
        0.194334394015436
      ],
      [
        0.10502065619023611,
        -0.10663838236452397,
        0.03212550479932293,
        -0.31136506658839247,
