{
  "labels": [
    "Dialectology",
    "Language & Society",
    "Language Variation",
    "engineering"
  ],
  "feature_extractor": {
    "max_features": 32,
    "vocabulary": {
      "language": 11,
      "variation": 29,
      "core": 6,
      "sociolinguistics": 24,
      "linguistics": 14,
      "understanding": 28,
      "development": 8,
      "principles": 16,
      "design": 7,
      "solve": 25,
      "problems": 18,
      "theoretical": 27,
      "vocabulary": 30,
      "models": 15,
      "common": 2,
      "academic": 0,
      "professional": 19,
      "settings": 22,
      "language variation": 13,
      "concept sociolinguistics": 4,
      "principles methods": 17,
      "solve practical": 26,
      "vocabulary foundational": 31,
      "common techniques": 3,
      "contemporary applications": 5,
      "academic professional": 1,
      "professional settings": 20,
      "dialectology": 10,
      "society": 23,
      "language society": 12,
      "dialect": 9,
      "resource": 21
    },
    "idf": [
      1.2231435513142097,
      1.2231435513142097,
      1.2231435513142097,
      1.2231435513142097,
      1.2231435513142097,
      1.2231435513142097,
      1.2231435513142097,
      1.0,
      1.0,
      1.916290731874155,
      1.916290731874155,
      1.2231435513142097,
      1.916290731874155,
      1.916290731874155,
      1.0,
      1.0,
      1.2231435513142097,
      1.2231435513142097,
      1.2231435513142097,
      1.2231435513142097,
      1.2231435513142097,
      1.916290731874155,
      1.2231435513142097,
      1.916290731874155,
      1.0,
      1.2231435513142097,
      1.2231435513142097,
      1.0,
      1.0,
      1.5108256237659907,
      1.2231435513142097,
      1.2231435513142097
    ]
  },
  "scope": "sociolinguistics",
  "grade": "preschool"
}