{
  "layer_sizes": [
    32,
    16,
    4
  ],
  "learning_rate": 0.3,
  "seed": 42,
  "output_activation": "softmax",
  "weights": [
    [
      [
        0.07617926993860784,
        -0.30778149758783674,
        0.22129766696861347,
        0.3024155474892096,
        -0.41087902233878304,
        -0.3578657984798816,
        0.03196010079182134,
        -0.0899181127512522,
        0.05961531876415368,
        -0.19581117531850772,
        0.2547664498207959,
        0.19148986898180143,
        0.04268155962258617,
        0.31439740618409,
        0.15747608632807888,
        -0.21482311572080956
      ],
      [
        0.09218769602062471,
        -0.2875061212349626,
        0.2532974433438172,
        0.05479289064484285,
        0.030664183938360835,
        -0.2025533078652875,
        0.30563533466850756,
        -0.04948983518255721,
        -0.04326634740055095,
        -0.07058358104717005,
        0.16799425249342592,
        0.08840290121558403,
        0.12935703813127922,
        0.1402923551940526,
        0.5760106509826828,
        -0.1016037540961539
      ],
      [
        -0.08045496282284777,
        0.03339722155129568,
        0.11812189472625567,
        0.20189907975603302,
        -0.17117885826305654,
        0.038485103992645105,
        -0.2061203039228099,
        0.3322627279123613,
        0.07226687717840351,
        0.1360678605507078,
        -0.2354081596980797,
        0.06326155271084663,
        0.026772708094987475,
        -0.034538761887963614,
        0.20225197793884092,
        0.05589888719367057
      ],
      [
        0.21733411021301025,
        0.2537351709854879,
        0.03640688875487779,
        0.07747806303544509,
        -0.5069809488132543,
        0.16860641914395175,
        -0.11759316357319888,
        0.009895068895350644,
        -0.18233222842912794,
        0.37401462128300783,
        -0.285488511799217,
        0.24729081059203695,
        -0.4231161870941457,
        -0.17293216856666055,
        0.025083049728044874,
        0.14655558283981954
      ],
      [
        0.17780664494821374,
        0.15055133777226834,
        -0.05349640004511024,
        -0.04831357977473572,
        0.29137374513896447,
        -0.0801470029847058,
        -0.31892158083448047,
        -0.2941792681662268,
        -0.16604746336017698,
        0.1417399925883283,
        0.07052339012273005,
        0.1696632236415064,
        -0.08063927635185143,
        0.07222202721126048,
        0.19699634925690168,
        -0.0773366349300596
      ],
      [
        0.11419380938935286,
        -0.21326695629437578,
        -0.05707859362426881,
        -0.02816010510817619,
        -0.22208013657258396,
        0.08942219843209338,
        -0.11735058505068097,
        -0.007733934983434785,
        0.1840022728667031,
        0.12908260058237334,
        0.2012632333482853,
        -0.0275794860027915,
        -0.0796506927787563,
        0.012657551715482156,
        -0.38123485772444,
        -0.3617781181057718
      ],
      [
        -0.3306749030886006,
        -0.2720983295702655,
        -0.1337382359343052,
        0.07949411297580922,
        -0.24262097176876166,
        0.24257185303996784,
        -0.08906599276535648,
        -0.0943375425038689,
        -0.23340442000246925,
        -0.104006503760232,
        -0.3800123471103496,
        0.09434474514034548,
        0.3536330466523352,
        -0.43183010579808717,
        0.6924388970882899,
        0.05943390058306947
      ],
      [
        -0.1485374889241986,
        -0.38430108626700865,
        -0.2156494156866969,
        0.17349069954987387,
        -0.08991128042023826,
        -0.07677218502568785,
        0.40044472283022886,
        -0.3385553414888965,
        -0.25587437315546624,
        -0.007828205554245462,
        -0.08750766238976293,
        0.5188999079255954,
        0.35233382376663097,
        0.08921776478737733,
        0.9496587090067161,
        -0.2971907635807127
      ],
      [
        -0.1123321637424004,
        0.005196418261883922,
        -0.13332541170656032,
        -0.42451553031326705,
        0.01609574285426329,
        0.19296854895858376,
        -0.36770157362566447,
        -0.08428023934569928,
        -0.035168203759908194,
        0.20981093544800433,
        0.43015199004704047,
        0.7336868384459992,
        0.10120361412880452,
        -0.33659544107818273,
        -0.548616786731034,
        0.06692786558595895
      ],
      [
        -0.19081395417780225,
        -0.225490504760455,
        0.09725858824430288,
        0.059232426162513445,
        0.6208094851039717,
        0.014898659748207789,
        -0.039658709259672076,
        -0.11359513495501691,
        -0.18743021049764444,
        -0.022698854146716498,
        0.18564328749773065,
        0.3377891570495206,
        0.06402359685191257,
        0.35561836642811,
        -0.26760320148953365,
        -0.29623594160425615
      ],
      [
        -0.2350685307332033,
        -0.1894759829096538,
        0.554977020128989,
        -0.16082717267267754,
        0.2538609039511744,
        -0.21973370351260868,
        0.23289325321856102,
        0.10948902737542768,
        -0.0017993733588362116,
        0.004112165474559811,
        -0.1441557993264967,
        0.10978076018099021,
        -0.0926599449143459,
        -0.29139783634553557,
        -0.28832811692756194,
        0.04314697943052987
      ],
      [
        0.4423785335476454,
        0.2768383070066246,
        -0.06553254244508885,
        -0.00888745852355426,
        0.18380844157736845,
        0.30336984857424115,
        -0.10273180770843429,
        0.4461867084711582,
        -0.006357556007053627,
        0.38421829147340686,
        -0.023222123570429572,
        -0.30089603598595827,
        -0.3444385440016108,
        0.3235210719875957,
        0.41531121364761775,
        -0.04487980332065016
      ],
      [
        -0.09579683028399694,
        0.13773233169946247,
        -0.5473667256641942,
        -0.5113653601933071,
        0.7909843372625912,
        -0.02493967006243505,
        -0.001280466680017824,
        -0.1355835127465513,
        0.056792212674632324,
        0.5304045225097818,
        0.6498276436551677,
        0.09387811939422434,
        -0.5125430252577556,
        0.19203638431788428,
        -0.27837060683167036,
        -0.304703265105907
      ],
      [
        -0.2195380917321877,
        -0.31115960153629113,
        -0.04162966956431902,
        -0.6192817848892417,
        0.6378105117389345,
        -0.04733074768093227,
        -0.08191827359049021,
        0.15596666821072785,
        0.10692743472588052,
        0.5128835840420384,
        0.5885549971172563,
        -0.24109223184266584,
        -0.05596470422012488,
        0.2648401826182192,
        -0.02341969964502484,
        -0.27109701805834163
      ],
      [
        0.05077211741878026,
        0.15843494924325985,
        1.1721723124516903,
        0.7397584379777425,
        -0.2979099185825692,
        -0.07786228744870427,
        -0.3658605004592508,
        0.19339703681304302,
        0.34882129679928775,
        0.28859377279743675,
        -0.43269488583020627,
        -0.26336397390141386,
        -0.5221020428612475,
        -0.0934176603678563,
        -0.4812741216540725,
        -0.13235985684151844
      ],
      [
        -0.21921519454189706,
        -0.07261097201205143,
        0.27595041981205193,
        0.036651609692843125,
        0.5320275663358213,
        -0.5158799129586271,
        -0.2741963946136599,
        0.7646263388913291,
        1.1537861440372348,
        -0.30942462418033506,
        -0.35792018655265545,
        -0.04514538175462356,
        0.4526441949151661,
        -0.24671426960705936,
        -0.3231662551263265,
        0.194334394015436
      ],
      [
        0.15629723806169118,
        0.14280138580574028,
        -0.06932870204662848,
        -0.4240679455166853,
