{
  "labels": [
    "Compiler Theory",
    "Interpreter Design",
    "Language Design",
    "engineering"
  ],
  "feature_extractor": {
    "max_features": 32,
    "vocabulary": {
      "language": 14,
      "design": 9,
      "science": 24,
      "broader": 0,
      "domain": 10,
      "requires": 20,
      "studying": 28,
      "relationships": 18,
      "researchers": 21,
      "solve": 26,
      "models": 17,
      "common": 4,
      "language design": 15,
      "science broader": 25,
      "broader domain": 1,
      "studying definitions": 29,
      "relationships neighboring": 19,
      "researchers practitioners": 22,
      "solve practical": 27,
      "vocabulary foundational": 31,
      "common techniques": 5,
      "compiler": 6,
      "theory": 30,
      "compiler theory": 7,
      "interpreter": 12,
      "interpreter design": 13,
      "cass": 2,
      "rtl": 23,
      "correctness": 8,
      "generation": 11,
      "llms": 16,
      "cass rtl": 3
    },
    "idf": [
      1.2231435513142097,
      1.2231435513142097,
      1.916290731874155,
      1.916290731874155,
      1.2231435513142097,
      1.2231435513142097,
      1.916290731874155,
      1.916290731874155,
      1.916290731874155,
      1.0,
      1.0,
      1.916290731874155,
      1.916290731874155,
      1.916290731874155,
      1.5108256237659907,
      1.916290731874155,
      1.916290731874155,
      1.0,
      1.2231435513142097,
      1.2231435513142097,
      1.0,
      1.2231435513142097,
      1.2231435513142097,
      1.916290731874155,
      1.2231435513142097,
      1.2231435513142097,
      1.2231435513142097,
      1.2231435513142097,
      1.2231435513142097,
      1.2231435513142097,
      1.916290731874155,
      1.2231435513142097
    ]
  },
  "scope": "programming_languages",
  "grade": "preschool"
}