{
  "layer_sizes": [
    32,
    16,
    4
  ],
  "learning_rate": 0.3,
  "seed": 42,
  "output_activation": "softmax",
  "weights": [
    [
      [
        0.0743680717014701,
        -0.21554261616285725,
        0.16715610091537467,
        0.22154926050807697,
        -0.42470303462061587,
        -0.3255448767155795,
        0.03196010079182134,
        -0.09673204815737081,
        0.0762895348398992,
        -0.21933171751966418,
        0.28805142336332523,
        0.20790304067701856,
        0.01650767439030401,
        0.27193347914837473,
        0.10546232816830461,
        -0.21482311572080956
      ],
      [
        0.09037649778348697,
        -0.1952672398099831,
        0.1991558772905785,
        -0.026073396336289707,
        0.016840171656528142,
        -0.17023238610098534,
        0.30563533466850756,
        -0.056303770588675785,
        -0.026592131324805382,
        -0.09410412324832673,
        0.2012792260359553,
        0.10481607291080106,
        0.1031831528989971,
        0.09782842815833717,
        0.5239968928229081,
        -0.1016037540961539
      ],
      [
        -0.12806068226788433,
        -0.10090457720233656,
        0.15162975856928065,
        0.586756838449367,
        -0.3345063035557859,
        -0.210039119240632,
        -0.2061203039228099,
        0.2145103686528098,
        -0.151055368444085,
        0.22344864966953315,
        -0.4223765637452938,
        0.013155840671093655,
        -0.046692923054093866,
        0.05467214918225324,
        0.7452306408160991,
        -0.12112817002888678
      ],
      [
        0.16791719253083598,
        0.06134817776948943,
        0.051823151636256386,
        0.1442301378699086,
        -0.3012331924210734,
        -0.07991780408932533,
        -0.11759316357319888,
        -0.1773908621323107,
        0.011704261409300505,
        0.36766459218232994,
        -0.14825584927569269,
        0.2555246454676517,
        -0.4207174429039512,
        -0.09359808009007722,
        0.029273258881544566,
        0.14655558283981954
      ],
      [
        0.175995446711076,
        0.24279021919724794,
        -0.10763796609834902,
        -0.12917986675586826,
        0.2775497328571318,
        -0.04782608122040372,
        -0.31892158083448047,
        -0.30099320357234544,
        -0.14937324728443133,
        0.11821945038717167,
        0.10380836366525954,
        0.18607639533672354,
        -0.10681316158413356,
        0.029758100175545067,
        0.14498259109712736,
        -0.0773366349300596
      ],
      [
        0.11238261115221512,
        -0.12102807486939621,
        -0.11122015967750759,
        -0.10902639208930874,
        -0.2359041488544167,
        0.12174312019639545,
        -0.11735058505068097,
        -0.014547870389553389,
        0.20067648894244872,
        0.10556205838121668,
        0.23454820689081468,
        -0.011166314307574447,
        -0.10582457801103844,
        -0.02980637532023326,
        -0.4332486158842144,
        -0.3617781181057718
      ],
      [
        -0.33248610132573836,
        -0.2048582965031038,
        0.07948685864461952,
        -0.2399616824297417,
        -0.031484875967004146,
        0.32480707444651635,
        -0.08906599276535648,
        0.16670749204529642,
        -0.15291459578649774,
        -0.057430125093176715,
        -0.1693035840800272,
        -0.07130321215535915,
        0.21007703436434888,
        -0.44170692839172065,
        0.09719090349175755,
        0.05943390058306947
      ],
      [
        -0.15034868716133634,
        -0.31706105319984723,
        -0.0024243211077722743,
        -0.1459650958556771,
        0.12122481538151922,
        0.00546303638086072,
        0.40044472283022886,
        -0.07751030693973132,
        -0.17538454893949473,
        0.03874817311280983,
        0.12320110064055953,
        0.3532519506298907,
        0.20877781147864463,
        0.07934094219374382,
        0.3544107154101835,
        -0.2971907635807127
      ],
      [
        -0.16174908142457467,
        -0.1871905749541146,
        -0.11790914882518164,
        -0.3577634554788038,
        0.22184349924644445,
        -0.055555674274693344,
        -0.36770157362566447,
        -0.27156617037336067,
        0.15886828607852024,
        0.2034609063473261,
        0.567384652570565,
        0.7419206733216134,
        0.1036023583189991,
        -0.25726135260159955,
        -0.5444265775775345,
        0.06692786558595895
      ],
      [
        -0.20504647206471924,
        -0.059385904647654836,
        -0.17348089780119166,
        -0.04878964019382281,
        0.3295508202397541,
        0.039262141861336156,
        -0.039658709259672076,
        -0.2765848382779282,
        -0.3381809119601178,
        -0.12764771289460194,
        0.05475629194303808,
        0.4554375352147523,
        0.03256863036822146,
        0.2358080551621309,
        -0.13623890702949484,
        -0.29623594160425615
      ],
      [
        -0.2430903887952307,
        -0.13685310573667167,
        0.5116607350725514,
        -0.21893858839582303,
        0.27267806347692963,
        -0.2257317945217566,
        0.23289325321856102,
        0.07856634145499053,
        0.041330349801448826,
        -0.016261367160127733,
        -0.09549499420972943,
        0.12497310719030161,
        -0.113745870085195,
        -0.3162782635354455,
        -0.3308994009746118,
        0.04314697943052987
      ],
      [
        0.39296161586547096,
        0.08445131379062608,
        -0.05011627956371029,
        0.05786461631090922,
        0.38955619796954943,
        0.054845625340964085,
        -0.10273180770843429,
        0.25890077744349693,
        0.18767893383137482,
        0.37786826237272897,
        0.11401053895309476,
        -0.2926622011103435,
        -0.34203979981141625,
        0.4028551604641789,
        0.4195014228011173,
        -0.04487980332065016
      ],
      [
        -0.09760802852113468,
        0.409814483457817,
        -0.29721811854711166,
        -0.2372736733286831,
        0.22388746121510447,
        -0.0986512807148974,
        -0.001280466680017824,
        -0.05853212470260339,
        0.1648834614157048,
        0.34579972970216016,
        0.09084815637305461,
        0.17443975513899596,
        -0.5125430252577556,
        -0.022056423076162984,
        -0.2222225749679246,
        -0.304703265105907
      ],
      [
        -0.22678288468073868,
        0.09428278141386318,
        0.14714884344404466,
        -0.3859658537937969,
        0.2598809233199774,
        -0.12104235833339462,
        -0.08191827359049021,
        0.18000385604025004,
        0.456488156114867,
        0.3100665843556086,
        0.23418129877799768,
        -0.12016542563855007,
        -0.05596470422012488,
        0.021116907443271396,
        -0.0015166899653994998,
        -0.27109701805834163
      ],
      [
        0.022622445406968554,
        0.14017033733464174,
        0.5583406729209969,
        0.46943620419277393,
        -0.056432056087974414,
        -0.07184584038729402,
        -0.3658605004592508,
        -0.24320232752364795,
        0.7335980689890942,
        0.4128708779572572,
        -0.6815927285827921,
        -0.11643585340329597,
        -0.5368222574346637,
        -0.04066648013622692,
        -0.21611199515723575,
        -0.13235985684151844
      ],
      [
        -0.21921519454189706,
        0.0595476162367762,
        -0.510459934301641,
        -0.36653625997539124,
        0.6891905595588054,
        -0.32185564531850774,
        -0.2741963946136599,
        0.36370280804755223,
        1.3809636104016103,
        -0.18148418447113657,
        -0.5913840083438975,
        0.13248964434878052,
        0.4321744111013981,
        -0.24671426960705936,
        -0.011827853677872455,
        0.194334394015436
      ],
      [
        0.10688032037951692,
        -0.049585607410258296,
        -0.05391243916524994,
