{
  "labels": [
    "Machine Learning",
    "Supervised Learning",
    "Unsupervised Learning",
    "research"
  ],
  "feature_extractor": {
    "max_features": 32,
    "vocabulary": {
      "machine": 14,
      "learning": 13,
      "core": 9,
      "concept": 5,
      "computer": 3,
      "requires": 20,
      "studying": 25,
      "definitions": 11,
      "relationships": 18,
      "researchers": 22,
      "solve": 23,
      "questions": 16,
      "contemporary": 7,
      "academic": 0,
      "machine learning": 15,
      "core concept": 10,
      "concept artificial": 6,
      "computer science": 4,
      "requires studying": 21,
      "studying definitions": 26,
      "definitions historical": 12,
      "relationships neighboring": 19,
      "solve practical": 24,
      "questions contemporary": 17,
      "contemporary applications": 8,
      "academic professional": 1,
      "supervised": 27,
      "supervised learning": 28,
      "unsupervised": 30,
      "unsupervised learning": 31,
      "task": 29,
      "body": 2
    },
    "idf": [
      1.2231435513142097,
      1.2231435513142097,
      1.916290731874155,
      1.2231435513142097,
      1.2231435513142097,
      1.2231435513142097,
      1.2231435513142097,
      1.2231435513142097,
      1.2231435513142097,
      1.2231435513142097,
      1.2231435513142097,
      1.2231435513142097,
      1.2231435513142097,
      1.2231435513142097,
      1.916290731874155,
      1.916290731874155,
      1.2231435513142097,
      1.2231435513142097,
      1.2231435513142097,
      1.2231435513142097,
      1.2231435513142097,
      1.2231435513142097,
      1.2231435513142097,
      1.2231435513142097,
      1.2231435513142097,
      1.2231435513142097,
      1.2231435513142097,
      1.916290731874155,
      1.916290731874155,
      1.916290731874155,
      1.916290731874155,
      1.916290731874155
    ]
  },
  "scope": "artificial_intelligence",
  "grade": "preschool"
}