{
  "labels": [
    "General Anesthesia",
    "Pain Medicine",
    "Regional Anesthesia",
    "research"
  ],
  "feature_extractor": {
    "max_features": 32,
    "vocabulary": {
      "general": 12,
      "anesthesia": 1,
      "anesthesiology": 2,
      "clinical": 8,
      "medicine": 14,
      "broader": 6,
      "domain": 11,
      "understanding": 30,
      "methods": 15,
      "models": 16,
      "common": 10,
      "awareness": 3,
      "academic": 0,
      "professional": 22,
      "general anesthesia": 13,
      "broader domain": 7,
      "sciences understanding": 29,
      "principles methods": 20,
      "problems extend": 21,
      "vocabulary foundational": 31,
      "awareness open": 4,
      "professional settings": 23,
      "regional": 24,
      "regional anesthesia": 25,
      "pain": 18,
      "pain medicine": 19,
      "clinician": 9,
      "scheduling": 28,
      "resources": 26,
      "based": 5,
      "optimization": 17,
      "schedule": 27
    },
    "idf": [
      1.0,
      1.5108256237659907,
      1.0,
      1.2231435513142097,
      1.2231435513142097,
      1.916290731874155,
      1.2231435513142097,
      1.2231435513142097,
      1.0,
      1.916290731874155,
      1.2231435513142097,
      1.0,
      1.916290731874155,
      1.916290731874155,
      1.2231435513142097,
      1.0,
      1.0,
      1.916290731874155,
      1.916290731874155,
      1.916290731874155,
      1.2231435513142097,
      1.2231435513142097,
      1.2231435513142097,
      1.2231435513142097,
      1.916290731874155,
      1.916290731874155,
      1.916290731874155,
      1.916290731874155,
      1.916290731874155,
      1.2231435513142097,
      1.2231435513142097,
      1.2231435513142097
    ]
  },
  "scope": "anesthesiology",
  "grade": "preschool"
}