{
  "layer_sizes": [
    32,
    16,
    3
  ],
  "learning_rate": 0.3,
  "seed": 42,
  "output_activation": "softmax",
  "weights": [
    [
      [
        0.07127319094580688,
        -0.2623036915241366,
        0.23746754143772517,
        0.2147534761451857,
        -0.4301103775851399,
        -0.3255448767155795,
        0.03196010079182134,
        0.0014360076644372784,
        0.04687113151595683,
        -0.1826357263785219,
        0.22060298748758708,
        0.18913167692576302,
        0.043926535689249396,
        0.292568487680949,
        0.1662313975049078,
        -0.19709748329699808
      ],
      [
        0.08728161702782375,
        -0.24202831517126244,
        0.2694673178129291,
        -0.03286918069918103,
        0.011432828692003915,
        -0.17023238610098534,
        0.30563533466850756,
        0.04186428523313229,
        -0.056010534648747806,
        -0.05740813210718436,
        0.13383079016021712,
        0.08604470915954558,
        0.1306020141979425,
        0.11846343669091133,
        0.5847659621595118,
        -0.08387812167234256
      ],
      [
        -0.1329667612606854,
        -0.20575084702598215,
        0.20384959812998477,
        0.26185537022760513,
        0.029161555164600297,
        -0.210039119240632,
        -0.2061203039228099,
        0.24314485270650818,
        0.23688496369288967,
        0.16641382259117185,
        -0.16562393305029363,
        0.0527240238352059,
        0.056590313584127444,
        0.0654303351211939,
        0.267211256428944,
        0.07362451961748191
      ],
      [
        0.16482231177517265,
        0.014587102408210154,
        0.12213459215860692,
        0.13743435350701733,
        -0.30664053538559743,
        -0.07991780408932533,
        -0.11759316357319888,
        -0.07922280631050274,
        -0.017714141914641907,
        0.40436058332347236,
        -0.21570428515143086,
        0.23675328171639615,
        -0.39329858160500575,
        -0.07296307155750306,
        0.09004232821814787,
        0.16428121526363101
      ],
      [
        0.17290056595541267,
        0.1960291438359686,
        -0.03732652557599853,
        -0.13597565111875956,
        0.27214238989260753,
        -0.04782608122040372,
        -0.31892158083448047,
        -0.2028251477505372,
        -0.17879165060837374,
        0.15491544152831413,
        0.036359927789521254,
        0.167305031585468,
        -0.07939430028518817,
        0.050393108708119236,
        0.20575166043373058,
        -0.059611002506248255
      ],
      [
        0.1092877303965519,
        -0.16778915023067553,
        -0.040908719155157085,
        -0.11582217645220003,
        -0.24131149181894077,
        0.12174312019639545,
        -0.11735058505068097,
        0.08362018543225466,
        0.1712580856185063,
        0.14225804952235915,
        0.1670997710150765,
        -0.029937678058829912,
        -0.07840571671209304,
        -0.009171366787659072,
        -0.37247954654761084,
        -0.34405248568196056
      ],
      [
        -0.3355809820814015,
        -0.25161937186438316,
        0.14979829916697004,
        -0.24675746679263297,
        -0.036892218931528366,
        0.32480707444651635,
        -0.08906599276535648,
        0.2648755478671045,
        -0.18233299911044015,
        -0.020734133952034443,
        -0.23675201995576536,
        -0.09007457590661462,
        0.23749589566329432,
        -0.4210719198591464,
        0.15795997282836075,
        0.07715953300688083
      ],
      [
        -0.15344356791699967,
        -0.36382212856112633,
        0.06788711941457826,
        -0.15276088021856837,
        0.11581747241699505,
        0.00546303638086072,
        0.40044472283022886,
        0.020657748882076766,
        -0.20480295226343714,
        0.07544416425395203,
        0.055752664764821235,
        0.3344805868786352,
        0.23619667277759007,
        0.09997595072631799,
        0.4151797847467871,
        -0.27946513115690147
      ],
      [
        -0.164843962180238,
        -0.23395165031539394,
        -0.047597708302831145,
        -0.36455923984169497,
        0.21643615628192014,
        -0.055555674274693344,
        -0.36770157362566447,
        -0.17339811455155243,
        0.12944988275457783,
        0.24015689748846838,
        0.4999362166948262,
        0.7231493095703584,
        0.1310212196179445,
        -0.23662634406902533,
        -0.48365750824093073,
        0.08465349800977029
      ],
      [
        -0.20814135282038257,
        -0.10614698000893405,
        -0.10316945727884116,
        -0.05558542455671413,
        0.3241434772752301,
        0.039262141861336156,
        -0.039658709259672076,
        -0.17841678245611994,
        -0.3675993152840601,
        -0.09095172175345974,
        -0.012692143932700196,
        0.4366661714634968,
        0.059987491667166846,
        0.2564430636947052,
        -0.07546983769289155,
        -0.2785103091804449
      ],
      [
        -0.24618526955089404,
        -0.18361418109795102,
        0.5819721755949017,
        -0.2257343727587143,
        0.2672707205124053,
        -0.2257317945217566,
        0.23289325321856102,
        0.1767343972767987,
        0.011911946477506425,
        0.02043462398101454,
        -0.16294343008546766,
        0.10620174343904613,
        -0.0863270087862496,
        -0.29564325500287125,
        -0.2701303316380082,
        0.06087261185434121
      ],
      [
        0.3898667351098078,
        0.03769023842934685,
        0.02019516095864023,
        0.051068831948017916,
        0.3841488550050254,
        0.054845625340964085,
        -0.10273180770843429,
        0.3570688332653049,
        0.15826053050743244,
        0.4145642535138714,
        0.046562103077356476,
        -0.311433564861599,
        -0.3146209385124708,
        0.4234901689967532,
        0.4802704921377209,
        -0.027154170896838796
      ],
      [
        -0.1007029092767979,
        0.36305340809653786,
        -0.22690667802476108,
        -0.24406945769157437,
        0.21848011825058017,
        -0.0986512807148974,
        -0.001280466680017824,
        0.03963593111920469,
        0.13546505809176243,
        0.3824957208433025,
        0.023399720497316322,
        0.1556683913877404,
        -0.4851241639588103,
        -0.0014214145435887953,
        -0.16145350563132138,
        -0.28697763268209575
      ],
      [
        -0.22444417072498876,
        -0.08583852513921574,
        0.27883037807511424,
        -0.3519858823875088,
        0.0653062927269234,
        -0.12104235833339462,
        -0.08191827359049021,
        0.33118611207648374,
        0.1856002801430106,
        0.36497478237555925,
        -0.037872926040595174,
        -0.17930195984914982,
        -0.028545842921179482,
        0.07138238375674605,
        0.09349740155532422,
        -0.2533713856345304
      ],
      [
        0.017716366414167566,
        0.054749417570713575,
        0.6792232518695906,
        0.4488234498677998,
        -0.15566241806138595,
        -0.07184584038729402,
        -0.3658605004592508,
        -0.06718009774053885,
        0.12997267178961414,
        0.3320886607369318,
        -0.1815174656640222,
        -0.1688529169484232,
        -0.5094033961357184,
        -0.029908294197286224,
        -0.21624954102299432,
        -0.11463422441770704
      ],
      [
        -0.22412127353469813,
        -0.025873303527151958,
        -0.38957735535304683,
        -0.38714901430036536,
        0.5899601975853934,
        -0.32185564531850774,
        -0.2741963946136599,
        0.5397250378306613,
        0.7773382132021306,
        -0.2622664016914621,
        -0.09130874542512774,
        0.08007258080365338,
        0.45959327240034353,
        -0.23595608366811865,
        -0.011965399543631003,
        0.21206002643924748
      ],
      [
        0.1037854396238537,
        -0.09634668277153753,
