{
  "layer_sizes": [
    32,
    16,
    4
  ],
  "learning_rate": 0.3,
  "seed": 42,
  "output_activation": "softmax",
  "weights": [
    [
      [
        0.07617926993860784,
        -0.2353884165682507,
        0.1665717999014389,
        0.3239954086990705,
        -0.41358114571710897,
        -0.3280326069137311,
        0.03196010079182134,
        -0.1018449228569077,
        0.037835378488204736,
        -0.24325208008198343,
        0.30650612929485666,
        0.1768653943863638,
        0.05041221646091172,
        0.3331670083058395,
        0.09816546548662838,
        -0.21482311572080956
      ],
      [
        0.09218769602062471,
        -0.21511304021537644,
        0.1985715762766427,
        0.07637275185470371,
        0.027962060560034963,
        -0.17272011629913686,
        0.30563533466850756,
        -0.061416645288212675,
        -0.06504628767649986,
        -0.11802448581064594,
        0.21973393196748656,
        0.07377842662014636,
        0.13708769496960477,
        0.1590619573158022,
        0.5167000301412322,
        -0.1016037540961539
      ],
      [
        -0.12806068226788433,
        -0.2556852370379119,
        0.28721680919443243,
        0.3371739893112611,
        0.2614061857367448,
        -0.21207300168679183,
        -0.2061203039228099,
        0.3446828495087255,
        0.4345864752189953,
        0.04117824605464531,
        0.05142957643819122,
        0.08661889141335403,
        0.2670022355261925,
        0.19838968937446572,
        0.1413662950489643,
        0.05589888719367057
      ],
      [
        0.16972839076797372,
        0.041502377364096114,
        0.05123885062232059,
        0.246676286060902,
        -0.2901113035175665,
        -0.08240553428747685,
        -0.11759316357319888,
        -0.18250373683184773,
        -0.026749894942393986,
        0.3437442296200103,
        -0.12980114334416143,
        0.22448699917699694,
        -0.38681290083334363,
        -0.03236455093261231,
        0.021976396199868378,
        0.14655558283981954
      ],
      [
        0.17780664494821374,
        0.2229444187918546,
        -0.10822226711228487,
        -0.026733718564874852,
        0.2886716217606385,
        -0.05031381141855525,
        -0.31892158083448047,
        -0.30610607827188224,
        -0.1878274036361259,
        0.09429908782485245,
        0.12226306959679073,
        0.1550387490460688,
        -0.07290861951352592,
        0.09099162933300993,
        0.13768572841545118,
        -0.0773366349300596
      ],
      [
        0.11419380938935286,
        0.0758641077939924,
        -0.4005089154873476,
        0.3450872085539114,
        -0.3191028470022516,
        0.10945175333485115,
        -0.11735058505068097,
        -0.36988652454445087,
        -0.011193565869949136,
        0.10912239207042164,
        0.3421291202637984,
        -0.15436054476518668,
        -0.25575114652583797,
        0.06639677297619347,
        -0.42183360848950746,
        -0.3617781181057718
      ],
      [
        -0.3306749030886006,
        -0.007966113839715237,
        -0.20980189716522044,
        0.2141519182134784,
        -0.11468357411483929,
        0.3125157075849721,
        -0.08906599276535648,
        -0.18863116210960115,
        -0.36478465059889564,
        -0.053869791403971884,
        -0.061722670707043355,
        -0.21449744261297143,
        0.06015046584954926,
        -0.34550378009529387,
        0.10860591088646433,
        0.05943390058306947
      ],
      [
        -0.1485374889241986,
        -0.32178715691451404,
        0.09976172782851297,
        -0.22845448478962774,
        -0.09512350537079138,
        0.00546303638086072,
        0.40044472283022886,
        0.10274671539876878,
        -0.3134830191057223,
        0.19616664650484697,
        -0.06044693817568498,
        0.4236161744533945,
        0.20877781147864463,
        0.03701045561288404,
        0.36582572280489045,
        -0.2971907635807127
      ],
      [
        -0.15993788318743693,
        -0.29825284539379954,
        -0.21543920887338908,
        -0.7618966193780964,
        0.5223899734971599,
        -0.055555674274693344,
        -0.36770157362566447,
        -0.20573025520743043,
        0.06301459348417321,
        0.2641140010286887,
        0.9289994735466501,
        0.9555663460448786,
        0.22779738918867706,
        -0.06302136142394484,
        -0.5330115701828273,
        0.06692786558595895
      ],
      [
        -0.2032352738275815,
        -0.2081878613825549,
        -0.3435401171879028,
        -0.5169883676647578,
        0.8043246696070523,
        0.039262141861336156,
        -0.039658709259672076,
        -0.27911566917714625,
        -0.40935353210871916,
        -0.1280200447034755,
        0.5894454645140927,
        0.6881213172488466,
        0.19009427916357885,
        0.5056298345416511,
        -0.12482389963478802,
        -0.29623594160425615
      ],
      [
        -0.24127919055809297,
        -0.09523068498830596,
        0.7091976933922228,
        -0.413522836107397,
        -0.12251157518642639,
        -0.2257317945217566,
        0.23289325321856102,
        0.44850658977168656,
        -0.16397820730674426,
        0.3177294669586386,
        -0.41383016038937115,
        0.29312649176430505,
        -0.113745870085195,
        -0.4195172774865476,
        -0.3194843935799048,
        0.04314697943052987
      ],
      [
        0.3947728141026087,
        0.09958886341725885,
        0.09293444482259776,
        -0.07266542638487992,
        0.09656159811250514,
        0.054845625340964085,
        -0.10273180770843429,
        0.5204506109155093,
        0.02077614069001916,
        0.6109606046476498,
        -0.12736055444746294,
        -0.18038833696519704,
        -0.34203979981141625,
        0.3344210192960725,
        0.43091643019582426,
        -0.04487980332065016
      ],
      [
        -0.09579683028399694,
        0.41833081530401656,
        -0.16778895264414453,
        -0.35179016477052605,
        -0.04355837894036206,
        -0.0986512807148974,
        -0.001280466680017824,
        0.1759201050582384,
        0.007582109266058532,
        0.55366744901612,
        -0.13128191883273202,
        0.2727437391769283,
        -0.5125430252577556,
        -0.08178934604852052,
        -0.21080756757321778,
        -0.304703265105907
      ],
      [
        -0.2195380917321877,
        -0.05650207435705802,
        0.22598982874520504,
        -0.27566709525194943,
        0.04163815834316251,
        -0.12307624077955444,
        -0.08191827359049021,
        0.26034312624214784,
        0.1588749116897904,
        0.33615634829406726,
        0.012139534981172076,
        -0.17378044597072512,
        -0.028245519473429476,
        0.09353035735720527,
        0.028845159725811132,
        -0.27109701805834163
      ],
      [
        0.022622445406968554,
        0.08354195365645926,
        0.6838547433168439,
        0.40515694780463274,
        -0.3155058764460166,
        -0.07184584038729402,
        -0.3658605004592508,
        -0.03928633864618834,
        0.04049548693074771,
        0.4023618970659036,
        -0.2592350322149862,
        -0.10765708958809218,
        -0.5368222574346637,
        -0.07547135291922245,
        -0.2656036029648908,
        -0.13235985684151844
      ],
      [
        -0.21921519454189706,
        0.0029192325585937697,
        -0.38494586390579416,
        -0.43081551636353244,
        0.43011673920076304,
        -0.32185564531850774,
        -0.2741963946136599,
        0.5676187969250118,
        0.6878610283432642,
        -0.19199316536249023,
        -0.16902631197609183,
        0.1412684081639843,
        0.4321744111013981,
        -0.2815191423900549,
        -0.061319461485527436,
        0.194334394015436
      ],
      [
        0.10869151861665466,
        -0.07046545810423853,
        -0.04354984227114749,
