{
  "layer_sizes": [
    32,
    16,
    3
  ],
  "learning_rate": 0.3,
  "seed": 42,
  "output_activation": "softmax",
  "weights": [
    [
      [
        0.07617926993860784,
        -0.2599960265601239,
        0.23680786941011342,
        0.25731526577788505,
        -0.4619518084723091,
        -0.3255448767155795,
        0.03196010079182134,
        -0.029374405882616528,
        0.04516605687084564,
        -0.16676437141372552,
        0.22796767628954318,
        0.2036458087753473,
        0.021464247579827664,
        0.2992771032594618,
        0.1168773355630114,
        -0.21482311572080956
      ],
      [
        0.09218769602062471,
        -0.23972065020724972,
        0.2688076457853171,
        0.009692608933518478,
        -0.020408602195165177,
        -0.17023238610098534,
        0.30563533466850756,
        0.011053871686078496,
        -0.057715609293858966,
        -0.04153677714238786,
        0.14119547896217322,
        0.10055884100912985,
        0.10813972608852072,
        0.12517205226942424,
        0.5354119002176153,
        -0.1016037540961539
      ],
      [
        -0.12806068226788433,
        -0.20344318206196943,
        0.08766499817251809,
        0.6796435974797707,
        -0.004671838588837317,
        -0.210039119240632,
        -0.2061203039228099,
        0.06920358972991988,
        0.36406540361647005,
        0.020329528696832154,
        -0.12716149960990925,
        -0.04659239265098714,
        0.053954318232800356,
        0.35832424403072344,
        0.21785719448704746,
        0.05589888719367057
      ],
      [
        0.16972839076797372,
        0.016894767372222865,
        0.1214749201309951,
        0.17999614313971693,
        -0.3384819662727666,
        -0.07991780408932533,
        -0.11759316357319888,
        -0.11003321985755643,
        -0.01941921655975309,
        0.4202319382882685,
        -0.20833959634947477,
        0.2512674135659805,
        -0.4157608697144274,
        -0.06625445597899013,
        0.0406882662762514,
        0.14655558283981954
      ],
      [
        0.17780664494821374,
        0.1983368087999813,
        -0.03798619760361037,
        -0.09341386148606012,
        0.24030095900543835,
        -0.04782608122040372,
        -0.31892158083448047,
        -0.2336355612975912,
        -0.18049672525348512,
        0.17078679649311052,
        0.04372461659147735,
        0.18181916343505228,
        -0.10185658839460994,
        0.05710172428663213,
        0.15639759849183418,
        -0.0773366349300596
      ],
      [
        0.11419380938935286,
        -0.16548148526666281,
        -0.04156839118276892,
        -0.07326038681950062,
        -0.2731529227061099,
        0.12174312019639545,
        -0.11735058505068097,
        0.05280977188520089,
        0.16955301097339495,
        0.15812940448715548,
        0.1744644598170326,
        -0.015423546209245648,
        -0.10086800482151481,
        -0.0024627512091461926,
        -0.42183360848950746,
        -0.3617781181057718
      ],
      [
        -0.3306749030886006,
        -0.24931170690037044,
        0.14913862713935822,
        -0.20419567715993336,
        -0.06873364981869744,
        0.32480707444651635,
        -0.08906599276535648,
        0.23406513432005074,
        -0.1840380737555515,
        -0.004862778987237973,
        -0.22938733115380927,
        -0.07556044405703036,
        0.21503360755387257,
        -0.4143633042806336,
        0.10860591088646433,
        0.05943390058306947
      ],
      [
        -0.1485374889241986,
        -0.36151446359711364,
        0.06722744738696643,
        -0.11019909058586894,
        0.08397604152982596,
        0.00546303638086072,
        0.40044472283022886,
        -0.010152664664977037,
        -0.20650802690854855,
        0.09131551921874859,
        0.06311735356677733,
        0.3489947187282193,
        0.21373438466816833,
        0.10668456630483092,
        0.36582572280489045,
        -0.2971907635807127
      ],
      [
        -0.15993788318743693,
        -0.23164398535138123,
        -0.04825738033044295,
        -0.32199745020899556,
        0.18459472539475097,
        -0.055555674274693344,
        -0.36770157362566447,
        -0.20420852809860632,
        0.12774480810946662,
        0.2560282524532648,
        0.5073009054967829,
        0.7376634414199428,
        0.10855893150852272,
        -0.22991772849051265,
        -0.5330115701828273,
        0.06692786558595895
      ],
      [
        -0.2032352738275815,
        -0.10383931504492133,
        -0.1038291293064529,
        -0.013023634924014616,
        0.2923020463880609,
        0.039262141861336156,
        -0.039658709259672076,
        -0.20922719600317388,
        -0.3693043899291712,
        -0.07508036678866317,
        -0.005327455130744093,
        0.4511803033130809,
        0.0375252035577451,
        0.263151679273218,
        -0.12482389963478802,
        -0.29623594160425615
      ],
      [
        -0.24127919055809297,
        -0.1813065161339383,
        0.5813125035672905,
        -0.1831725831260147,
        0.23542928962523613,
        -0.2257317945217566,
        0.23289325321856102,
        0.14592398372974488,
        0.010206871832395248,
        0.03630597894581101,
        -0.15557874128351157,
        0.1207158752886304,
        -0.10878929689567138,
        -0.2889346394243585,
        -0.3194843935799048,
        0.04314697943052987
      ],
      [
        0.3947728141026087,
        0.03999790339335956,
        0.019535488931028428,
        0.09363062158071739,
        0.3523074241178562,
        0.054845625340964085,
        -0.10273180770843429,
        0.3262584197182511,
        0.15655545586232109,
        0.4304356084786675,
        0.05392679187931257,
        -0.2969194330120149,
        -0.33708322662189244,
        0.43019878457526595,
        0.43091643019582426,
        -0.04487980332065016
      ],
      [
        -0.09579683028399694,
        0.36536107306055055,
        -0.22756635005237277,
        -0.20150766805887477,
        0.186638687363411,
        -0.0986512807148974,
        -0.001280466680017824,
        0.008825517572150889,
        0.1337599834466511,
        0.3983670758080987,
        0.03076440929927242,
        0.1701825232373247,
        -0.5075864520682322,
        0.005287201034924082,
        -0.21080756757321778,
        -0.304703265105907
      ],
      [
        -0.2195380917321877,
        -0.08353086017520302,
        0.32736577650600146,
        -0.28725000607472734,
        0.05927185053090429,
        -0.12104235833339462,
        -0.08191827359049021,
        0.35006194073270924,
        0.23326155174481722,
        0.4273427478200249,
        -0.022390054664803063,
        -0.15559000308145524,
        -0.046051557841077576,
        0.09555780085271254,
        0.04414333961342776,
        -0.27109701805834163
      ],
      [
        0.022622445406968554,
        0.057057082534726286,
        0.6785635798419795,
        0.49138523950049917,
        -0.18750384894855512,
        -0.07184584038729402,
        -0.3658605004592508,
        -0.09799051128759256,
        0.1282675971445029,
        0.3479600157017279,
        -0.1741527768620661,
        -0.15433878509883892,
        -0.5318656842451402,
        -0.023199678618773343,
        -0.2656036029648908,
        -0.13235985684151844
      ],
      [
        -0.21921519454189706,
        -0.023565638563139247,
        -0.39023702738065874,
        -0.344587224667666,
        0.5581187666982248,
        -0.32185564531850774,
        -0.2741963946136599,
        0.5089146242836073,
        0.7756331385570197,
        -0.24639504672666593,
        -0.08394405662317161,
        0.09458671265323765,
        0.4371309842909219,
        -0.22924746808960597,
        -0.061319461485527436,
        0.194334394015436
      ],
      [
        0.10869151861665466,
        -0.09403901780752481,
        0.49532294425683654,
