{
  "labels": [
    "Communication Theory",
    "Control Systems",
    "Signal Processing",
    "research"
  ],
  "feature_extractor": {
    "max_features": 32,
    "vocabulary": {
      "signal": 24,
      "processing": 15,
      "systems": 29,
      "engineering": 10,
      "methods": 13,
      "analysis": 0,
      "practical": 14,
      "includes": 12,
      "contemporary": 5,
      "applications": 1,
      "signal processing": 25,
      "core concept": 9,
      "signals systems": 26,
      "systems electrical": 30,
      "solve practical": 28,
      "common techniques": 2,
      "contemporary applications": 6,
      "control": 7,
      "control systems": 8,
      "communication": 3,
      "theory": 31,
      "communication theory": 4,
      "software": 27,
      "pseudo": 16,
      "random": 20,
      "sequence": 22,
      "sequences": 23,
      "quantum": 18,
      "generators": 11,
      "pseudo random": 17,
      "random sequences": 21,
      "quantum random": 19
    },
    "idf": [
      1.0,
      1.0,
      1.2231435513142097,
      1.5108256237659907,
      1.916290731874155,
      1.2231435513142097,
      1.2231435513142097,
      1.916290731874155,
      1.916290731874155,
      1.2231435513142097,
      1.2231435513142097,
      1.916290731874155,
      1.0,
      1.0,
      1.0,
      1.5108256237659907,
      1.916290731874155,
      1.916290731874155,
      1.916290731874155,
      1.916290731874155,
      1.916290731874155,
      1.916290731874155,
      1.916290731874155,
      1.916290731874155,
      1.5108256237659907,
      1.5108256237659907,
      1.2231435513142097,
      1.916290731874155,
      1.2231435513142097,
      1.0,
      1.2231435513142097,
      1.916290731874155
    ]
  },
  "scope": "signals_and_systems",
  "grade": "preschool"
}