{
  "labels": [
    "First-Order Logic",
    "Predicate Logic",
    "Propositional Logic",
    "research"
  ],
  "feature_extractor": {
    "max_features": 32,
    "vocabulary": {
      "propositional": 23,
      "logic": 16,
      "classical": 7,
      "domain": 13,
      "development": 11,
      "principles": 22,
      "methods": 17,
      "analysis": 2,
      "apply": 6,
      "explain": 14,
      "includes": 15,
      "vocabulary": 30,
      "contemporary": 9,
      "applications": 4,
      "academic": 0,
      "propositional logic": 24,
      "classical logic": 8,
      "development key": 12,
      "analysis relationships": 3,
      "design experiments": 10,
      "vocabulary foundational": 31,
      "applications academic": 5,
      "academic professional": 1,
      "predicate": 20,
      "predicate logic": 21,
      "order": 18,
      "order logic": 19,
      "visibility": 29,
      "theory": 27,
      "truth": 28,
      "theoretic": 26,
      "set": 25
    },
    "idf": [
      1.2231435513142097,
      1.2231435513142097,
      1.2231435513142097,
      1.2231435513142097,
      1.2231435513142097,
      1.2231435513142097,
      1.2231435513142097,
      1.0,
      1.0,
      1.2231435513142097,
      1.2231435513142097,
      1.2231435513142097,
      1.2231435513142097,
      1.2231435513142097,
      1.2231435513142097,
      1.0,
      1.0,
      1.0,
      1.916290731874155,
      1.916290731874155,
      1.916290731874155,
      1.916290731874155,
      1.0,
      1.916290731874155,
      1.916290731874155,
      1.916290731874155,
      1.916290731874155,
      1.916290731874155,
      1.916290731874155,
      1.916290731874155,
      1.2231435513142097,
      1.2231435513142097
    ]
  },
  "scope": "classical_logic",
  "grade": "preschool"
}