{
  "layer_sizes": [
    32,
    16,
    4
  ],
  "learning_rate": 0.3,
  "seed": 42,
  "output_activation": "softmax",
  "weights": [
    [
      [
        0.07617926993860784,
        -0.21948487058862765,
        0.22513383174550056,
        0.34611997425427177,
        -0.4702331552977191,
        -0.36078693508256465,
        0.026837827026776166,
        -0.0898574437752419,
        -0.004200289376072199,
        -0.17687504868672044,
        0.24722818162501728,
        0.19004680327275378,
        0.036177303776456074,
        0.3603790055824806,
        0.11338142245461671,
        -0.21482311572080956
      ],
      [
        0.09218769602062471,
        -0.19920949423575346,
        0.2571336081207043,
        0.09849731740990525,
        -0.028689949020574992,
        -0.20547444446797028,
        0.3005130609034624,
        -0.04942916620654687,
        -0.1070819555407768,
        -0.051647454415382786,
        0.16045598429764732,
        0.08695983550653626,
        0.12285278228514918,
        0.18627395459244306,
        0.5319159871092205,
        -0.1016037540961539
      ],
      [
        -0.12806068226788433,
        -0.20344318206196943,
        -0.006621084307897217,
        -0.10859890208405121,
        0.475453890863448,
        -0.18449291098822965,
        -0.2061203039228099,
        0.14932375511650342,
        0.18581354280086057,
        0.1939684427781659,
        0.3054096913631773,
        0.2580811897549541,
        0.1524365537578055,
        0.08348024509359044,
        0.23062887418939312,
        0.05589888719367057
      ],
      [
        0.16972839076797372,
        0.05740592334371909,
        0.10980088246638224,
        0.2688008516161036,
        -0.3467633130981766,
        -0.11515986245631023,
        -0.12271543733824405,
        -0.17051625775018187,
        -0.06878556280667093,
        0.4101212610152736,
        -0.1890790910140007,
        0.23766840806338693,
        -0.40104781351779883,
        -0.00515255365597137,
        0.03719235316785672,
        0.14655558283981954
      ],
      [
        0.17780664494821374,
        0.23884796477147757,
        -0.04966023526822322,
        -0.004609153009673343,
        0.23201961218002853,
        -0.0830681395873886,
        -0.3240438545995256,
        -0.29411859919021655,
        -0.22986307150040283,
        0.16067611922011554,
        0.06298512192695137,
        0.16822015793245879,
        -0.08714353219798149,
        0.11820362660965092,
        0.15290168538343946,
        -0.0773366349300596
      ],
      [
        0.11419380938935286,
        -0.2805382344282607,
        -0.6236230275286312,
        0.6410036978094236,
        -0.5485370875129745,
        0.0394851870686008,
        -0.11735058505068097,
        -0.4764118941653665,
        0.12018666472647724,
        0.31645001287628277,
        -0.009913646332989436,
        -0.13829782325670145,
        -0.10582457801103844,
        0.6857620518114727,
        -0.42183360848950746,
        -0.3617781181057718
      ],
      [
        -0.3306749030886006,
        -0.24931170690037044,
        0.07141358229589191,
        -0.39462974235692966,
        -0.3165244682270606,
        1.0347751981379016,
        -0.08906599276535648,
        0.5254738155406504,
        -0.23340442000246925,
        -0.11309269349666783,
        -0.39345550868431833,
        -0.14512143012398973,
        0.07155728152947177,
        -0.4642757518490534,
        0.1850837906482904,
        0.05943390058306947
      ],
      [
        -0.1485374889241986,
        -0.36151446359711364,
        -0.14258356302330374,
        -0.5232151525302248,
        0.5621098081158428,
        0.031009244633263086,
        0.40044472283022886,
        -0.07316334870792798,
        -0.25587437315546624,
        0.10299878444094628,
        0.5267862891782918,
        0.5398377527983835,
        0.33204291295126787,
        0.11802586069871454,
        0.37859740250723617,
        -0.2971907635807127
      ],
      [
        -0.15993788318743693,
        -0.23164398535138123,
        -0.258068390740713,
        -0.7350135121533515,
        0.6627284919807681,
        -0.030009466022290997,
        -0.36770157362566447,
        -0.26721921214155736,
        0.07837846186254882,
        0.2677115176754625,
        0.9709698411082975,
        0.9285064754901065,
        0.22686745979162248,
        -0.21857643409662886,
        -0.5202398904804818,
        0.06692786558595895
      ],
      [
        -0.2032352738275815,
        -0.07071879053414834,
        -0.1242093124032279,
        0.04455908573224829,
        0.2663433718937752,
        0.05676080234129653,
        -0.04384650370092268,
        -0.2454908410016537,
        -0.41867073617608924,
        -0.09585596755032186,
        -0.0012344134499464672,
        0.43444672467677325,
        0.039614172069814844,
        0.30780350586812805,
        -0.12269337138450075,
        -0.29623594160425615
      ],
      [
        -0.24127919055809297,
        -0.11506546711239227,
        0.59160822335499,
        -0.03485742551480329,
        0.2237989757284531,
        -0.23704582600188467,
        0.2245176643360598,
        0.10083325079236721,
        -0.0391594744145226,
        0.04527826277838464,
        -0.12910182824117764,
        0.10038404313600022,
        -0.09061911750281988,
        -0.18004774920502412,
        -0.32021200336634975,
        0.04314697943052987
      ],
      [
        0.3947728141026087,
        0.07311842790413255,
        -0.000844694165746545,
        0.1512133422369803,
        0.3263487496235705,
        0.07234428582092453,
        -0.1069196021496849,
        0.28999477471977136,
        0.10718910961540337,
        0.40966000771700883,
        0.05801983356011023,
        -0.31365301164832254,
        -0.3349942581098227,
        0.4748506111701761,
        0.4330469584461114,
        -0.04487980332065016
      ],
      [
        -0.09579683028399694,
        0.4058722290320467,
        -0.23924038771698564,
        -0.11270295958248808,
        0.17835734053800117,
        -0.13389333908188236,
        -0.006402740445062999,
        -0.05165752032047448,
        0.08439363719973339,
        0.3882563985351038,
        0.050024914634746426,
        0.1565835177347312,
        -0.49287339587160345,
        0.06638910335794286,
        -0.2143034806816125,
        -0.304703265105907
      ],
      [
        -0.2195380917321877,
        -0.04301970420370681,
        0.26649666838288943,
        -0.22061938427842273,
        0.025183515014344515,
        -0.15628441670037954,
        -0.08704054735553539,
        0.23989266063680464,
        0.13452885925098151,
        0.3707354600673605,
        -0.011247731903165062,
        -0.17838683350215903,
        -0.036295074833972804,
        0.13919290165827777,
        0.04064742650503308,
        -0.27109701805834163
      ],
      [
        0.022622445406968554,
        0.09756823850622248,
        0.6668895421773658,
        0.5801899479768861,
        -0.19578519577396494,
        -0.10708789875427892,
        -0.37098277422429593,
        -0.158473549180218,
        0.07890125089758512,
        0.337849338428733,
        -0.154892271526592,
        -0.1679377906014324,
        -0.517152628048512,
        0.03790222370424544,
        -0.2690995160732856,
        -0.13235985684151844
      ],
      [
        -0.21921519454189706,
        0.01694551740835698,
        -0.4019110650452716,
        -0.25578251619127934,
        0.5498374198728149,
        -0.3570977036854929,
        -0.27931866837870506,
        0.44843158639098213,
        0.7262667923101017,
        -0.2565057239996608,
        -0.0646835512876976,
        0.08098770715064406,
        0.45184404048755045,
        -0.16814556576658696,
        -0.06481537459392213,
        0.194334394015436
      ],
      [
        0.10869151861665466,
        -0.05352786183602862,
        0.004065291664875904,
