{
  "labels": [
    "Consciousness",
    "Mental Causation",
    "Qualia",
    "research"
  ],
  "feature_extractor": {
    "max_features": 32,
    "vocabulary": {
      "consciousness": 5,
      "philosophy": 10,
      "mind": 9,
      "requires": 22,
      "studying": 31,
      "relationships": 20,
      "researchers": 24,
      "solve": 29,
      "practical": 13,
      "problems": 16,
      "common": 3,
      "awareness": 0,
      "questions": 18,
      "settings": 26,
      "philosophy mind": 11,
      "broader domain": 1,
      "philosophy understanding": 12,
      "requires studying": 23,
      "principles methods": 15,
      "relationships neighboring": 21,
      "researchers practitioners": 25,
      "practitioners apply": 14,
      "solve practical": 30,
      "common techniques": 4,
      "questions contemporary": 19,
      "qualia": 17,
      "mental": 7,
      "causation": 2,
      "mental causation": 8,
      "single": 27,
      "feature": 6,
      "single feature": 28
    },
    "idf": [
      1.2231435513142097,
      1.2231435513142097,
      1.916290731874155,
      1.2231435513142097,
      1.2231435513142097,
      1.916290731874155,
      1.916290731874155,
      1.916290731874155,
      1.916290731874155,
      1.0,
      1.0,
      1.0,
      1.2231435513142097,
      1.2231435513142097,
      1.2231435513142097,
      1.2231435513142097,
      1.2231435513142097,
      1.916290731874155,
      1.2231435513142097,
      1.2231435513142097,
      1.2231435513142097,
      1.2231435513142097,
      1.2231435513142097,
      1.2231435513142097,
      1.2231435513142097,
      1.2231435513142097,
      1.2231435513142097,
      1.916290731874155,
      1.916290731874155,
      1.2231435513142097,
      1.2231435513142097,
      1.2231435513142097
    ]
  },
  "scope": "philosophy_of_mind",
  "grade": "preschool"
}