{
  "labels": [
    "Direct vs Indirect Realism",
    "Phenomenology of Perception",
    "Sense Data Theory"
  ],
  "feature_extractor": {
    "max_features": 32,
    "vocabulary": {
      "phenomenology": 23,
      "perception": 22,
      "core": 13,
      "philosophy": 25,
      "broader": 7,
      "definitions": 17,
      "analysis": 2,
      "common": 9,
      "awareness": 6,
      "contemporary": 11,
      "applications": 4,
      "academic": 0,
      "phenomenology perception": 24,
      "core concept": 14,
      "broader domain": 8,
      "analysis relationships": 3,
      "common techniques": 10,
      "contemporary applications": 12,
      "applications academic": 5,
      "academic professional": 1,
      "direct": 18,
      "vs": 30,
      "indirect": 20,
      "realism": 26,
      "direct vs": 19,
      "vs indirect": 31,
      "indirect realism": 21,
      "sense": 27,
      "data": 15,
      "theory": 29,
      "sense data": 28,
      "data theory": 16
    },
    "idf": [
      1.0,
      1.0,
      1.0,
      1.0,
      1.0,
      1.0,
      1.0,
      1.0,
      1.0,
      1.0,
      1.0,
      1.0,
      1.0,
      1.0,
      1.0,
      1.6931471805599454,
      1.6931471805599454,
      1.0,
      1.6931471805599454,
      1.6931471805599454,
      1.6931471805599454,
      1.6931471805599454,
      1.0,
      1.6931471805599454,
      1.6931471805599454,
      1.0,
      1.6931471805599454,
      1.6931471805599454,
      1.6931471805599454,
      1.6931471805599454,
      1.6931471805599454,
      1.6931471805599454
    ]
  },
  "scope": "philosophy_of_perception",
  "grade": "preschool"
}