{
  "labels": [
    "Diagnostic Radiology",
    "Interventional Radiology",
    "Nuclear Medicine",
    "research"
  ],
  "feature_extractor": {
    "max_features": 32,
    "vocabulary": {
      "diagnostic": 10,
      "radiology": 24,
      "clinical": 5,
      "medicine": 16,
      "broader": 3,
      "researchers": 26,
      "problems": 20,
      "vocabulary": 30,
      "common": 7,
      "awareness": 2,
      "applications": 0,
      "professional": 22,
      "settings": 29,
      "diagnostic radiology": 11,
      "broader domain": 4,
      "requires studying": 25,
      "researchers practitioners": 27,
      "problems extend": 21,
      "vocabulary foundational": 31,
      "common techniques": 8,
      "professional settings": 23,
      "interventional": 14,
      "interventional radiology": 15,
      "nuclear": 18,
      "nuclear medicine": 19,
      "comparative": 9,
      "imaging": 13,
      "entity": 12,
      "aware": 1,
      "retrieval": 28,
      "medreco": 17,
      "clinically": 6
    },
    "idf": [
      1.2231435513142097,
      1.916290731874155,
      1.2231435513142097,
      1.2231435513142097,
      1.2231435513142097,
      1.0,
      1.916290731874155,
      1.2231435513142097,
      1.2231435513142097,
      1.916290731874155,
      1.916290731874155,
      1.916290731874155,
      1.916290731874155,
      1.916290731874155,
      1.916290731874155,
      1.916290731874155,
      1.2231435513142097,
      1.916290731874155,
      1.916290731874155,
      1.916290731874155,
      1.2231435513142097,
      1.2231435513142097,
      1.2231435513142097,
      1.2231435513142097,
      1.0,
      1.2231435513142097,
      1.2231435513142097,
      1.2231435513142097,
      1.916290731874155,
      1.0,
      1.2231435513142097,
      1.2231435513142097
    ]
  },
  "scope": "radiology",
  "grade": "preschool"
}