{
  "labels": [
    "Collective Knowledge",
    "Peer Disagreement",
    "Testimony",
    "research"
  ],
  "feature_extractor": {
    "max_features": 32,
    "vocabulary": {
      "testimony": 27,
      "core": 8,
      "concept": 5,
      "social": 25,
      "epistemology": 14,
      "understanding": 30,
      "definitions": 11,
      "principles": 21,
      "analysis": 0,
      "vocabulary": 31,
      "foundational": 15,
      "models": 18,
      "contemporary": 6,
      "core concept": 9,
      "social epistemology": 26,
      "definitions historical": 12,
      "relationships neighboring": 23,
      "researchers practitioners": 24,
      "common techniques": 4,
      "contemporary applications": 7,
      "peer": 19,
      "disagreement": 13,
      "peer disagreement": 20,
      "collective": 2,
      "knowledge": 17,
      "collective knowledge": 3,
      "reasoning": 22,
      "truth": 28,
      "debate": 10,
      "individual": 16,
      "atr": 1,
      "truth seeking": 29
    },
    "idf": [
      1.0,
      1.916290731874155,
      1.5108256237659907,
      1.916290731874155,
      1.2231435513142097,
      1.2231435513142097,
      1.2231435513142097,
      1.2231435513142097,
      1.2231435513142097,
      1.2231435513142097,
      1.916290731874155,
      1.2231435513142097,
      1.2231435513142097,
      1.916290731874155,
      1.0,
      1.0,
      1.916290731874155,
      1.916290731874155,
      1.0,
      1.916290731874155,
      1.916290731874155,
      1.0,
      1.916290731874155,
      1.2231435513142097,
      1.2231435513142097,
      1.0,
      1.0,
      1.916290731874155,
      1.916290731874155,
      1.916290731874155,
      1.2231435513142097,
      1.2231435513142097
    ]
  },
  "scope": "social_epistemology",
  "grade": "preschool"
}