{
  "layer_sizes": [
    32,
    16,
    4
  ],
  "learning_rate": 0.3,
  "seed": 42,
  "output_activation": "softmax",
  "weights": [
    [
      [
        0.07612903187221311,
        -0.23523383633534647,
        0.20643498343170885,
        0.26720253941812744,
        -0.40206164874279426,
        -0.34443039180617535,
        0.03196010079182134,
        -0.10466861961616798,
        0.021071992810693926,
        -0.20575021699196183,
        0.3044149276416033,
        0.21868269020848236,
        0.056147495873824345,
        0.31923775258326553,
        0.13628350717586585,
        -0.21482311572080956
      ],
      [
        0.09213745795422998,
        -0.21495845998247232,
        0.23843475980691267,
        0.01957988257376064,
        0.03948155753434963,
        -0.18911790119158142,
        0.30563533466850756,
        -0.06424034204747295,
        -0.08180967335401063,
        -0.08052262272062419,
        0.21764273031423373,
        0.11559572244226489,
        0.14282297438251748,
        0.14513270159322791,
        0.5548180718304693,
        -0.1016037540961539
      ],
      [
        -0.12811092033427898,
        -0.17868099183719202,
        0.17281704012396845,
        0.3143044335005468,
        0.057210284006946,
        -0.2289246343312281,
        -0.2061203039228099,
        0.1370402254259028,
        0.2110858249876267,
        0.14329933197773193,
        -0.08181199289627711,
        0.08227503711792528,
        0.06881127376870237,
        0.0920996000235105,
        0.23726336609990195,
        0.05589888719367057
      ],
      [
        0.16967815270157907,
        0.04165695759700022,
        0.09110203415259059,
        0.18988341677995899,
        -0.2785918065432518,
        -0.09880331917992138,
        -0.11759316357319888,
        -0.18532743359110795,
        -0.043513280619904816,
        0.3812460927100324,
        -0.13189234499741426,
        0.26630429499911557,
        -0.3810776214204308,
        -0.04629380665518647,
        0.06009443788910585,
        0.14655558283981954
      ],
      [
        0.1777564068818191,
        0.22309899902475872,
        -0.06835908358201484,
        -0.08352658784581793,
        0.3001911187349533,
        -0.06671159631099975,
        -0.31892158083448047,
        -0.3089297750311425,
        -0.2045907893136367,
        0.1318009509148742,
        0.12017186794353774,
        0.19685604486818734,
        -0.0671733401006132,
        0.07706237361043584,
        0.17580377010468867,
        -0.0773366349300596
      ],
      [
        0.13558801088219002,
        -0.14016307788442522,
        -0.06598986505491351,
        -0.08253532244941755,
        -0.2661109343736196,
        0.1594430212570442,
        -0.11735058505068097,
        0.004493551898905728,
        0.12822757770243837,
        0.1324441106307188,
        0.20524601923238017,
        -0.014025517458797118,
        -0.0759887549006043,
        -0.0013827652267359488,
        -0.39533174415570704,
        -0.3617781181057718
      ],
      [
        -0.3307251411549953,
        -0.22454951667559303,
        0.1187657411609537,
        -0.19430840351969134,
        -0.00884349008918265,
        0.3059215593559205,
        -0.08906599276535648,
        0.15877092058649916,
        -0.20813213781570314,
        -0.04384862456547433,
        -0.15294007980174876,
        -0.06052356262389531,
        0.24971685584786923,
        -0.39440265495682986,
        0.12801208249931878,
        0.05943390058306947
      ],
      [
        -0.08427273862340669,
        -0.42378460386668393,
        -0.04215228734886087,
        -0.2407042066253931,
        0.33189860807085003,
        0.23899929393459968,
        0.40044472283022886,
        -0.02342226852480455,
        -0.27307512754872604,
        -0.010736536679974618,
        0.4031699525217914,
        0.20409353503889816,
        0.38364456416030523,
        0.2566247649987648,
        0.49158547589055224,
        -0.2971907635807127
      ],
      [
        -0.15998812125383158,
        -0.20688179512660382,
        -0.07863026630884744,
        -0.3121101765687533,
        0.24448488512426583,
        -0.07444118936528937,
        -0.36770157362566447,
        -0.27950274183215773,
        0.103650744049315,
        0.21704240687502846,
        0.5837481568488431,
        0.7527003228530775,
        0.1432421798025195,
        -0.20995707916670878,
        -0.5136053985699733,
        0.06692786558595895
      ],
      [
        -0.18184107233474434,
        -0.07852090766268383,
        -0.12825060317859754,
        -0.022298570553931654,
        0.2993440347205512,
        0.0769620429219849,
        -0.039658709259672076,
        -0.2575434159894691,
        -0.410629823200128,
        -0.10076566064510002,
        0.025454104284603568,
        0.45257833206352943,
        0.062404453478655614,
        0.26423166525562836,
        -0.09832203530098768,
        -0.29623594160425615
      ],
      [
        -0.24137966669088243,
        -0.13178213568438357,
        0.5697618020689806,
        -0.1412239491654488,
        0.38101659777541574,
        -0.2635028247029488,
        0.23289325321856102,
        0.045021798465920915,
        0.011385089959009664,
        0.004830898269007827,
        0.00543394399444518,
        0.15998746307301082,
        -0.03446622711815438,
        -0.23154653925929747,
        -0.28067205035419585,
        0.04314697943052987
      ],
      [
        0.600153902480214,
        0.08861127044537523,
        0.060264540322551324,
        -0.05610242926312988,
        -0.030064328520938214,
        0.5640045243309078,
        -0.10273180770843429,
        0.4902981611732095,
        -0.013736823476318105,
        0.5245063408701218,
        -0.24391578328527977,
        -0.3944353299422367,
        -0.36668644480859186,
        0.29725049713326956,
        0.5328252259169022,
        -0.04487980332065016
      ],
      [
        -0.10678375046731974,
        0.4801405692940874,
        -0.5302528563035932,
        -0.2236817547389566,
        0.36541389985024286,
        -0.19238602321107506,
        -0.001280466680017824,
        -0.18300918025365284,
        0.23927754876957807,
        0.6622870753777994,
        -0.20328781005438687,
        0.44193821580857134,
        -0.540806677640526,
        -0.013024700947448519,
        0.014063965117885449,
        -0.304703265105907
      ],
      [
        -0.23052501191551047,
        0.031248636058333737,
        -0.02451580020371788,
        -0.331598179434891,
        0.21224007432658615,
        -0.2147771008295723,
        -0.08191827359049021,
        0.10854100070362635,
        0.2894127708208262,
        0.6447661369100562,
        -0.2645604565922984,
        0.10696786457168117,
        -0.08422835660289546,
        0.05977909735288636,
        0.2690148723045309,
        -0.27109701805834163
      ],
      [
        0.18692731610905294,
        0.09594777617633876,
        0.7013078068634976,
        0.3671639814894052,
        -0.4985626487978205,
        0.3354812788046606,
        -0.3658605004592508,
        0.023304033435718297,
        -0.017839495575792053,
        0.41391727951895746,
        -0.41405047350850693,
        -0.2341910676266385,
        -0.5565395734324041,
        -0.13305166887586128,
        -0.18407656638802847,
        -0.13235985684151844
      ],
      [
        -0.21931567067468652,
        0.025958741886415494,
        -0.40178772887896874,
        -0.3026385907070999,
        0.7037060748484042,
        -0.3596266754996999,
        -0.2741963946136599,
        0.40801243901978357,
        0.7768113566836338,
        -0.27787012740346906,
        0.07706862865478514,
        0.133858300437618,
        0.5114540540684389,
        -0.17185936792454481,
        -0.02250711825981849,
        0.194334394015436
      ],
      [
        0.1515209945134693,
        -0.06364691610078668,
        0.0007030829026676602,
