{
  "layer_sizes": [
    32,
    16,
    4
  ],
  "learning_rate": 0.3,
  "seed": 42,
  "output_activation": "softmax",
  "weights": [
    [
      [
        0.09849253843820627,
        -0.2329185949892056,
        0.19719714669015947,
        0.28797666190867605,
        -0.47055398329570275,
        -0.3255448767155795,
        0.0641263117995151,
        -0.061137201291836474,
        0.015665752907645776,
        -0.20961030570952743,
        0.24627843396158314,
        0.22392741605800787,
        0.04085031853627648,
        0.2756191275992484,
        0.1387996782254614,
        -0.21482311572080956
      ],
      [
        0.11450096452022314,
        -0.21264321863633143,
        0.2291969230653633,
        0.04035400506430946,
        -0.0290107770185588,
        -0.17023238610098534,
        0.33780154567620135,
        -0.020708923723141443,
        -0.08721591325705881,
        -0.08438271143818996,
        0.15950623663421318,
        0.12084044829179026,
        0.12752579704496952,
        0.10151407660921084,
        0.5573342428800651,
        -0.1016037540961539
      ],
      [
        -0.09893629533346002,
        -0.17285691314067334,
        0.17439150948839496,
        0.3682615434013624,
        0.020567394257449294,
        -0.210039119240632,
        -0.157809079135714,
        0.1399534492392779,
        0.2276465618573894,
        0.12976278533049077,
        -0.11005178788034124,
        0.1070216418786908,
        0.06602473291320185,
        0.047099454454473236,
        0.2408636696714514,
        0.05589888719367057
      ],
      [
        0.10033094933462668,
        0.12033983188114845,
        -0.2635014970336053,
        0.6259179292534791,
        -0.4582414776723962,
        -0.07991780408932533,
        -0.11367657603051459,
        -0.5671880154025233,
        -0.16405203161006304,
        0.36315658060968786,
        -0.26954529176511993,
        0.683635747534676,
        -0.4294610857174395,
        -0.08372125749644371,
        0.2611885307758446,
        0.14655558283981954
      ],
      [
        0.10840920351486667,
        0.30178187330890677,
        -0.4229626147682108,
        0.35250792462770214,
        0.1205414476058087,
        -0.04782608122040372,
        -0.3150049932917963,
        -0.6907903568425579,
        -0.32512954030379493,
        0.1137114388145301,
        -0.017481078824167905,
        0.6141874974037478,
        -0.11555680439762182,
        0.03963492276917856,
        0.3768978629914272,
        -0.0773366349300596
      ],
      [
        0.14331819632377724,
        -0.13489521634536672,
        -0.07036680779674681,
        -0.009416003278442974,
        -0.24990565272609178,
        0.12174312019639545,
        -0.06903936026358501,
        -0.019571218034975527,
        0.16201968378300605,
        0.10560701226167807,
        0.22267191618502893,
        0.024359939984654955,
        -0.06897129738301866,
        -0.027502247454379757,
        -0.3988271333051037,
        -0.3617781181057718
      ],
      [
        -0.3391910620269134,
        -0.4066594175190954,
        0.001341880757634362,
        -0.6075509945414561,
        0.2900779729114503,
        0.32480707444651635,
        0.5769178172463075,
        0.17378964794986568,
        -0.23199972880086428,
        -0.051359389466907504,
        0.2351945151309046,
        -0.08240746791734788,
        0.4410281767081959,
        -0.43183010579808717,
        0.2573026013439817,
        0.05943390058306947
      ],
      [
        -0.1570536478625114,
        -0.5188621742158387,
        -0.08056929899475744,
        -0.5135544079673915,
        0.4427876642599737,
        0.00546303638086072,
        1.066428532841893,
        -0.07042815103516198,
        -0.25446968195386127,
        0.04481890873907904,
        0.5276991998514909,
        0.342147694867902,
        0.4397289538224916,
        0.08921776478737733,
        0.5145224132624077,
        -0.2971907635807127
      ],
      [
        -0.1376246146878384,
        -0.20456655378046293,
        -0.0878681030503969,
        -0.2913360540782046,
        0.17599255057135732,
        -0.055555674274693344,
        -0.3355353626179707,
        -0.23597132350782637,
        0.09824450414626681,
        0.21318231815746286,
        0.5256116631688228,
        0.7579450487026032,
        0.12794500246497154,
        -0.2535757041507259,
        -0.5110892275203776,
        0.06692786558595895
      ],
      [
        -0.18241983153033636,
        -0.07469073091950318,
        -0.1505311053018278,
        0.00014750822914200173,
        0.26079961467563323,
        0.039262141861336156,
        -0.014823879113356534,
        -0.20451210128049999,
        -0.4131398858068643,
        -0.1093491534824772,
        -0.006637657799977582,
        0.46089591144924075,
        0.051123946925922516,
        0.23949370361300454,
        -0.09978851527843292,
        -0.29623594160425615
      ],
      [
        -0.18303041668924439,
        -0.12013397829134619,
        0.5729107407978333,
        -0.033309729363817944,
        0.3077308182764225,
        -0.2257317945217566,
        0.32951570279275283,
        0.05084824609267106,
        0.04450656369853499,
        -0.022242195025474407,
        -0.0510456459736829,
        0.20948067259454187,
        -0.04003930882915541,
        -0.32154683039737214,
        -0.27347144321109695,
        0.04314697943052987
      ],
      [
        0.6709564778440186,
        0.2617847997765879,
        0.6090704515559733,
        0.36445931840272017,
        0.32457703746756955,
        0.054845625340964085,
        -0.4849768926731045,
        0.7316630263679087,
        0.46130549139949256,
        0.37603089981944293,
        -0.044176114638120524,
        -0.5818315116441151,
        -0.34203979981141625,
        0.3652756245410539,
        0.15268496295719056,
        -0.04487980332065016
      ],
      [
        0.18038683345741297,
        0.5871479694437788,
        0.3619686125725716,
        0.06932102876312789,
        0.15890830071312442,
        -0.0986512807148974,
        -0.383525551644688,
        0.41423012422180844,
        0.4385100189838225,
        0.3439623671488741,
        -0.06733849721816064,
        -0.11472955539477546,
        -0.5125430252577556,
        -0.059635958999287975,
        -0.48903903481185135,
        -0.304703265105907
      ],
      [
        -0.23101917361029975,
        -0.06765513839726088,
        0.1746200238727583,
        -0.46566381815159136,
        -0.16787632698736726,
        -0.12104235833339462,
        -0.13811450237648493,
        0.5302984274384375,
        0.024647277629460333,
        0.4000947606831114,
        -0.18902427762228605,
        -0.25497575786739357,
        -0.1003255130990213,
        0.0606241978178054,
        0.06800531139730034,
        -0.27109701805834163
      ],
      [
        0.011141363528856476,
        0.07293280431266844,
        0.575012897667235,
        0.3351455141037171,
        -0.3888450377756766,
        -0.07184584038729402,
        -0.42205672924524557,
        0.13193221762141522,
        -0.030980330723936085,
        0.3672086390444839,
        -0.33266881724571296,
        -0.24452671496666703,
        -0.5811830663135601,
        -0.04066648013622692,
        -0.24174163118101819,
        -0.13235985684151844
      ],
      [
        -0.23069627642000912,
        -0.0076899167851970755,
        -0.49378770955540285,
        -0.5008269500644481,
        0.356777577871103,
        -0.32185564531850774,
        -0.3303926233996547,
        0.7388373531926153,
        0.6163852106885804,
        -0.22714642338390983,
        -0.24246009700681853,
        0.004398782785409502,
        0.38781360222250166,
        -0.24671426960705936,
        -0.037457489701654856,
        0.194334394015436
      ],
      [
        0.12201782990213293,
        -0.054534670909607424,
        -0.06641891304299043,
