{
  "layer_sizes": [
    32,
    16,
    4
  ],
  "learning_rate": 0.3,
  "seed": 42,
  "output_activation": "softmax",
  "weights": [
    [
      [
        0.07617926993860784,
        -0.26892584028871563,
        0.14959541226661038,
        0.30017987058319273,
        -0.3968664936128023,
        -0.33230312895998226,
        0.03196010079182134,
        -0.09660154694453413,
        0.044514556701904066,
        -0.18789890241039692,
        0.288406218504114,
        0.20597346221636925,
        0.03961210535177488,
        0.2818103017420082,
        0.09443844202829997,
        -0.21590105491541076
      ],
      [
        0.09218769602062471,
        -0.23972065020724972,
        0.6191784735901189,
        -0.18791602917265243,
        -0.43041414511827375,
        -0.17023238610098534,
        0.30563533466850756,
        0.2825492219965485,
        -0.3146776293642237,
        -0.11172304355391205,
        -0.19260297724230827,
        0.044854223012922176,
        0.036150295136886404,
        0.048884649269727125,
        1.0313114270200954,
        -0.1016037540961539
      ],
      [
        -0.12806068226788433,
        -0.21074388991346982,
        0.1576648278383868,
        0.3201582940258645,
        0.012408425508858175,
        -0.21556443328667454,
        -0.2061203039228099,
        0.17624167593205,
        0.20758578242658401,
        0.15446335470792757,
        -0.13865339168043495,
        0.06341830221307915,
        0.04223075085406645,
        0.049556310850777274,
        0.24264208623531466,
        0.05501760126983685
      ],
      [
        0.16972839076797372,
        0.009594059520722457,
        0.07594982186700894,
        0.19573727730527662,
        -0.3233936650413397,
        -0.08544311813536787,
        -0.11759316357319888,
        -0.14612598308496075,
        -0.04701332318094753,
        0.39241011544022786,
        -0.18873374378157218,
        0.24744756009426946,
        -0.4076581443350668,
        -0.08883709582791968,
        0.0654731580245185,
        0.14567429691598582
      ],
      [
        0.17780664494821374,
        0.18940699507138956,
        -0.1251986547471134,
        -0.0505492566807525,
        0.30538627386494516,
        -0.05458433346480647,
        -0.31892158083448047,
        -0.30086270235950874,
        -0.18114822542242662,
        0.1496522654964391,
        0.10416315880604803,
        0.18414681687607423,
        -0.0837087306226626,
        0.03963492276917856,
        0.13395870495712273,
        -0.07841457412466081
      ],
      [
        0.11419380938935286,
        -0.17441129899525457,
        -0.12878084832627193,
        -0.030395782014192973,
        -0.2080676078466031,
        0.1149848679519927,
        -0.11735058505068097,
        -0.014417369176716729,
        0.16890151080445345,
        0.13699487349048411,
        0.2349030020316032,
        -0.013095892768223661,
        -0.08272014704956747,
        -0.019929552726599763,
        -0.4442725020242189,
        -0.362856057300373
      ],
      [
        -0.3306749030886006,
        -0.25824152062896216,
        0.06192616999585514,
        -0.16133107235462588,
        -0.0036483349591907204,
        0.3180488222021136,
        -0.08906599276535648,
        0.16683799325813303,
        -0.18468957392449303,
        -0.025997309983909412,
        -0.16894878893923868,
        -0.07323279061600836,
        0.23318146532581968,
        -0.43183010579808717,
        0.0861670173517529,
        0.05835596138846827
      ],
      [
        -0.1485374889241986,
        -0.3704442773257054,
        -0.019985009756536602,
        -0.06733448578056127,
        0.14906135638933266,
        -0.0012952158635420297,
        0.40044472283022886,
        -0.07737980572689465,
        -0.20715952707749,
        0.07018098822207713,
        0.123555895781348,
        0.35132237216924145,
        0.23188224244011546,
        0.08921776478737733,
        0.343386829270179,
        -0.2982687027753139
      ],
      [
        -0.15993788318743693,
        -0.24057379907997298,
        -0.13546983747394598,
        -0.279132845403688,
        0.24968004025425777,
        -0.06231392651909609,
        -0.36770157362566447,
        -0.271435669160524,
        0.12709330794052506,
        0.23489372145659337,
        0.5677394477113532,
        0.739991094860965,
        0.12670678928047002,
        -0.24738453000796604,
        -0.5554504637175387,
        0.06584992639135774
      ],
      [
        -0.2032352738275815,
        -0.11276912877351308,
        -0.19104158644995595,
        0.02984096988129298,
        0.3573873612475677,
        0.03250388961693341,
        -0.039658709259672076,
        -0.2764543370650915,
        -0.369955890098113,
        -0.09621489778533464,
        0.055111087083826546,
        0.45350795675410305,
        0.05567306132969231,
        0.2456848777557644,
        -0.14726279316949947,
        -0.29731388079885734
      ],
      [
        -0.24127919055809297,
        -0.1813065161339383,
        0.3625376097098114,
        -0.2003911673367774,
        0.668873441040786,
        -0.2257317945217566,
        0.23289325321856102,
        -0.378442143135355,
        -0.14722448279918351,
        0.4129697344707521,
        -0.5459074928478009,
        0.1082745379825125,
        -0.18281320554933175,
        -0.30640144094181204,
        -0.09809088242284432,
        0.04314697943052987
      ],
      [
        0.3947728141026087,
        0.03999790339335956,
        -0.19923940492645031,
        0.07641203736995478,
        0.785751575533406,
        0.054845625340964085,
        -0.10273180770843429,
        -0.19810770714684842,
        -0.0008758987692575573,
        0.8070993640036084,
        -0.33640195968497677,
        -0.3093607703181328,
        -0.4111071352755529,
        0.4127319830578124,
        0.6523099413528848,
        -0.04487980332065016
      ],
      [
        -0.09579683028399694,
        0.3564312593319588,
        -0.314778807195876,
        -0.15864306325356728,
        0.25172400222291785,
        -0.10540953295930015,
        -0.001280466680017824,
        -0.05840162348976675,
        0.13310848327770966,
        0.3772325448114273,
        0.09120295151384308,
        0.17251017667834664,
        -0.4894385942962846,
        -0.012179600482529487,
        -0.23324646110792924,
        -0.3057812043005082
      ],
      [
        -0.2195380917321877,
        -0.09083156802670342,
        0.23264560778351617,
        -0.2936829585892494,
        0.0485531630711813,
        -0.12656767237943717,
        -0.08191827359049021,
        0.2642829353020259,
        0.15630109887670496,
        0.3530243144923148,
        -0.010902384670736448,
        -0.1686076814712765,
        -0.04290540565124048,
        0.055508359486329435,
        0.06892823136169486,
        -0.2719783039821754
      ],
      [
        0.022622445406968554,
        0.057057082534726286,
        0.8957457748923474,
        0.35225478520302483,
        -0.46944320712767745,
        -0.07184584038729402,
        -0.3658605004592508,
        0.06644430818496112,
        -0.05949586498471284,
        0.2856703012674885,
        -0.39939114185633245,
        -0.19454113873568074,
        -0.581510829276071,
        -0.07988021445772263,
        0.0649960815700959,
        -0.13235985684151844
      ],
      [
        -0.21921519454189706,
        -0.060069177820641285,
        -0.5253372675926773,
        -0.1314106937568126,
        0.837033599535996,
        -0.3494822155487204,
        -0.2741963946136599,
        0.4433928374653308,
        0.88929400772682,
        -0.19333659644038031,
        0.13153467522192477,
        0.1244133319336361,
        0.5149611669437918,
        -0.25694594627001127,
        -0.06678547532594989,
        0.18992796439626738
      ],
      [
        0.10869151861665466,
        -0.15000013297532924,
        -0.11763632254348078,
