{
  "layer_sizes": [
    32,
    16,
    4
  ],
  "learning_rate": 0.3,
  "seed": 42,
  "output_activation": "softmax",
  "weights": [
    [
      [
        0.07550267588574402,
        -0.304221930814036,
        0.16764908396046765,
        0.2904362746442092,
        -0.4523049880676757,
        -0.32612108425466335,
        0.03196010079182134,
        -0.06126332346643633,
        0.0503129043311759,
        -0.2027962525471953,
        0.23023782863152298,
        0.2041807497616395,
        0.039418425855584534,
        0.33682973052585313,
        0.11427986488367714,
        -0.21482311572080956
      ],
      [
        0.0915111019677609,
        -0.28394655446116185,
        0.19964886033567147,
        0.04281361779984264,
        -0.010761781790531756,
        -0.17080859364006915,
        0.30563533466850756,
        -0.020835045897741312,
        -0.052568761833528696,
        -0.07756865827585772,
        0.14346563130415302,
        0.10109378199542184,
        0.12609390436427764,
        0.1627246795358155,
        0.5328144295382812,
        -0.1016037540961539
      ],
      [
        -0.12873727632074816,
        -0.24766908631588158,
        0.13403114065272725,
        0.3375381687266286,
        0.006966944682064625,
        -0.2106153267797158,
        -0.2061203039228099,
        0.18044552157563448,
        0.24032673650810862,
        0.14625329642249846,
        -0.15598909190635774,
        0.06777309667108221,
        0.05208220375046257,
        0.1096915779660981,
        0.21525972380771324,
        0.05589888719367057
      ],
      [
        0.1690517967151099,
        -0.02733113688168923,
        0.05231613468134945,
        0.21311715200604092,
        -0.3288351458681332,
        -0.08049401162840913,
        -0.11759316357319888,
        -0.14192213744137627,
        -0.014272369099422838,
        0.38420005715479844,
        -0.20606944400749497,
        0.2518023545522725,
        -0.3978066914386709,
        -0.02870182871259885,
        0.038090795596917165,
        0.14655558283981954
      ],
      [
        0.17356658363619185,
        0.1775072499791878,
        -0.10209465132837542,
        0.5226210860388976,
        0.11769490012541436,
        -0.05143704304281916,
        -0.31892158083448047,
        -0.6913476990176706,
        -0.3404928132906478,
        0.10215974520419266,
        -0.2508999271301455,
        0.4735889331429949,
        -0.1839446690329484,
        0.5423042801729908,
        0.17464227988691688,
        -0.0773366349300596
      ],
      [
        0.10995374807733094,
        -0.18631104408745633,
        -0.10567684490753397,
        0.542774560705457,
        -0.3957589815861341,
        0.11813215837398001,
        -0.11735058505068097,
        -0.40490236583487865,
        0.009556922936232138,
        0.08950235319823768,
        -0.12016008390459021,
        0.276346223498697,
        -0.18295608545985326,
        0.48273980467721284,
        -0.4035889270944249,
        -0.3617781181057718
      ],
      [
        -0.33135149714146456,
        -0.2935376111542825,
        0.07997984168971257,
        -0.17107466829360934,
        -0.05908682941406404,
        0.3242308669074325,
        -0.08906599276535648,
        0.20217621673623085,
        -0.1788912262952212,
        -0.04089466012070784,
        -0.22711717881182947,
        -0.07502550307073837,
        0.23298778582962945,
        -0.37681067701424226,
        0.10600844020713007,
        0.05943390058306947
      ],
      [
        -0.14921408297706243,
        -0.4057403678510257,
        -0.0019313380626792272,
        -0.07707808171954471,
        0.09362286193445939,
        0.004886828841776915,
        0.40044472283022886,
        -0.042041582248796845,
        -0.20136117944821813,
        0.055283638085278704,
        0.06538750590875729,
        0.3495296597145112,
        0.2316885629439252,
        0.1442371935712221,
        0.36322825212555626,
        -0.2971907635807127
      ],
      [
        -0.16061447724030076,
        -0.2758698896052933,
        -0.11741616578008857,
        -0.2888764413426715,
        0.19424154579938446,
        -0.05613188181377715,
        -0.36770157362566447,
        -0.2360974456824263,
        0.13289165556979696,
        0.219996371319795,
        0.5095710578387624,
        0.7381983824062346,
        0.12651310978427963,
        -0.1923651012241212,
        -0.5356090408621614,
        0.06692786558595895
      ],
      [
        -0.20391186788044532,
        -0.1480652192988335,
        -0.17298791475609868,
        0.020097373942309538,
        0.3019488667926943,
        0.03868593432225235,
        -0.039658709259672076,
        -0.24111611358699378,
        -0.3641575424688411,
        -0.11111224792213305,
        -0.003057302788764121,
        0.4517152442993728,
        0.05547938183350198,
        0.30070430653960933,
        -0.12742137031412223,
        -0.29623594160425615
      ],
      [
        -0.2419557846109568,
        -0.22553242038785046,
        0.5121537181176448,
        -0.15005157425969068,
        0.24507611002986962,
        -0.2263080020608404,
        0.23289325321856102,
        0.11403506614592503,
        0.015353719292725497,
        0.00027409781234116694,
        -0.15330858894153176,
        0.12125081627492239,
        -0.09083511861991446,
        -0.2513820121579671,
        -0.322081864259239,
        0.04314697943052987
      ],
      [
        0.39409622004974476,
        -0.004228000860552537,
        -0.04962329651861723,
        0.12675163044704157,
        0.3619542445224896,
        0.05426941780188028,
        -0.10273180770843429,
        0.2943695021344313,
        0.16170230332265143,
        0.39440372734519746,
        0.056196944221292566,
        -0.296384492025723,
        -0.3191290483461359,
        0.4677514118416573,
        0.42831895951649007,
        -0.04487980332065016
      ],
      [
        -0.09647342433686075,
        0.32113516880663845,
        -0.29672513550201873,
        -0.16838665919255075,
        0.1962855077680445,
        -0.0992274882539812,
        -0.001280466680017824,
        -0.02306340001166891,
        0.1389068309069815,
        0.36233519467462866,
        0.033034561641252395,
        0.1707174642236169,
        -0.48963227379247526,
        0.042839828301315365,
        -0.213405038252552,
        -0.304703265105907
      ],
      [
        -0.21958046651897342,
        -0.13555577148215098,
        0.1844313243340446,
        -0.6102088821919754,
        0.27706377761971007,
        -0.12104235833339462,
        -0.08191827359049021,
        0.22299769769108033,
        0.09153314180210613,
        0.4178645086569296,
        0.40494445496620457,
        -0.28014896206013384,
        -0.05596470422012488,
        0.1073682695931191,
        0.08607101537275384,
        -0.27109701805834163
      ],
      [
        0.022622445406968554,
        -0.1598273093806022,
        0.5191738234612789,
        0.1664091191163863,
        0.16609779539979752,
        -0.07184584038729402,
        -0.3658605004592508,
        -0.20274105837482967,
        0.07890125089758512,
        0.40739156997601356,
        0.4284728458013147,
        -0.3178160216627652,
        -0.5368222574346637,
        0.06632214921468033,
        -0.2656036029648908,
        -0.13235985684151844
      ],
      [
        -0.21921519454189706,
        -0.06300538851722977,
        -0.4394320978391578,
        -0.35564650253267704,
        0.47188318715073796,
        -0.32185564531850774,
        -0.2741963946136599,
        1.0338503750782233,
        1.1785183421173022,
        -0.3111092983025575,
        -0.35119834698819635,
        -0.0003062610977521284,
        0.6528823962122725,
        -0.5115779880579188,
        -0.09584190188534818,
        0.194334394015436
      ],
      [
        0.10869151861665466,
        -0.1334787677616153,
        -0.033455741129010286,
