{
  "labels": [
    "Cartesian Skepticism",
    "External World Skepticism",
    "Humean Skepticism",
    "research"
  ],
  "feature_extractor": {
    "max_features": 32,
    "vocabulary": {
      "cartesian": 4,
      "skepticism": 23,
      "core": 11,
      "concept": 7,
      "broader": 2,
      "solve": 28,
      "awareness": 0,
      "contemporary": 9,
      "professional": 18,
      "settings": 22,
      "cartesian skepticism": 5,
      "skepticism core": 24,
      "core concept": 12,
      "concept skepticism": 8,
      "skepticism epistemology": 25,
      "broader domain": 3,
      "skepticism requires": 27,
      "skepticism explain": 26,
      "solve practical": 29,
      "common techniques": 6,
      "awareness open": 1,
      "questions contemporary": 19,
      "contemporary applications": 10,
      "external": 13,
      "world": 30,
      "external world": 14,
      "world skepticism": 31,
      "humean": 15,
      "humean skepticism": 16,
      "madrag": 17,
      "retrieval": 20,
      "scoring": 21
    },
    "idf": [
      1.2231435513142097,
      1.2231435513142097,
      1.2231435513142097,
      1.2231435513142097,
      1.916290731874155,
      1.916290731874155,
      1.2231435513142097,
      1.2231435513142097,
      1.2231435513142097,
      1.2231435513142097,
      1.2231435513142097,
      1.2231435513142097,
      1.2231435513142097,
      1.5108256237659907,
      1.916290731874155,
      1.916290731874155,
      1.916290731874155,
      1.916290731874155,
      1.2231435513142097,
      1.2231435513142097,
      1.916290731874155,
      1.916290731874155,
      1.2231435513142097,
      1.2231435513142097,
      1.2231435513142097,
      1.2231435513142097,
      1.2231435513142097,
      1.2231435513142097,
      1.2231435513142097,
      1.2231435513142097,
      1.916290731874155,
      1.916290731874155
    ]
  },
  "scope": "skepticism",
  "grade": "preschool"
}