{
  "layer_sizes": [
    32,
    16,
    4
  ],
  "learning_rate": 0.3,
  "seed": 42,
  "output_activation": "softmax",
  "weights": [
    [
      [
        0.10351019913654991,
        -0.274810720459268,
        0.21154419725034557,
        0.28102228991197,
        -0.41121352435137726,
        -0.3287672055971301,
        0.07316363096170092,
        -0.11062341692250575,
        0.03758883312970895,
        -0.2417235996574899,
        0.26275562216954207,
        0.2029524194271457,
        0.016468908536911884,
        0.3055557748660871,
        0.10922192730657478,
        -0.21482311572080956
      ],
      [
        0.11951862521856678,
        -0.2545353441063939,
        0.2435439736255494,
        0.03339963306760325,
        0.030329681925766704,
        -0.1734547149825359,
        0.3468388648383873,
        -0.07019513935381073,
        -0.06529283303499568,
        -0.11649600538615233,
        0.17598342484217214,
        0.09986545166092814,
        0.10314438704560497,
        0.13145072387604956,
        0.5277564919611786,
        -0.1016037540961539
      ],
      [
        -0.12806068226788433,
        -0.20344318206196943,
        0.1767987422662012,
        0.16657811926386235,
        -0.31343054663645303,
        -0.210039119240632,
        -0.2188431139345498,
        0.48142811524000206,
        -0.0023997573135014303,
        0.5996466704470177,
        -0.2866163800873283,
        0.005617681277631153,
        0.017201474577095057,
        -0.0017601919940945761,
        0.6109645816400571,
        -0.03316203092655601
      ],
      [
        0.16972839076797372,
        0.016894767372222865,
        0.0865322788114507,
        0.08553146026190978,
        -0.5423787563531256,
        -0.07991780408932533,
        -0.1255449198305363,
        0.03951798686655632,
        -0.18641887537814722,
        0.6636466424152979,
        -0.2916071247140326,
        0.2093054327172146,
        -0.42819867897150554,
        -0.1189914707316611,
        0.28638038324688264,
        0.09089250901467794
      ],
      [
        0.20513757414615585,
        0.18352211490083709,
        -0.06324986976337821,
        -0.0697068373519753,
        0.29103924312637025,
        -0.05104841010195426,
        -0.27771805066460076,
        -0.31488457233748035,
        -0.18807394899462154,
        0.09582756824934607,
        0.07851256247147628,
        0.18112577408685068,
        -0.1068519274375257,
        0.0633803958932575,
        0.14874219023539748,
        -0.0773366349300596
      ],
      [
        0.14152473858729497,
        -0.18029617916580704,
        -0.06683206334253677,
        -0.049553362685415804,
        -0.22241463858517801,
        0.11852079131484491,
        -0.0761470548808014,
        -0.028439239154688326,
        0.16197578723225853,
        0.08317017624339108,
        0.20925240569703152,
        -0.0161169355574473,
        -0.10586334386443057,
        0.0038159203974791837,
        -0.429489016745944,
        -0.3617781181057718
      ],
      [
        -0.3033439738906584,
        -0.2641264007995146,
        0.12387495497959033,
        -0.18048865302584866,
        -0.017995365697765556,
        0.3215847455649658,
        -0.04786246259547694,
        0.1528161232801614,
        -0.19161529749668796,
        -0.07982200723100241,
        -0.19459938527381035,
        -0.07625383340523206,
        0.21003826851095675,
        -0.4080846326740083,
        0.10095050263002771,
        0.05943390058306947
      ],
      [
        -0.12120655972625656,
        -0.3763291574962578,
        0.041963775227198595,
        -0.0864920664517841,
        0.1347143256507579,
        0.002240707499310182,
        0.44164825300010857,
        -0.09140167570486626,
        -0.21408525064968498,
        0.016356290974984117,
        0.09790529944677626,
        0.3483013293800178,
        0.2087390456252525,
        0.11296323791145627,
        0.35817031454845394,
        -0.2971907635807127
      ],
      [
        -0.13260695398949482,
        -0.24645867925052545,
        -0.07352105249021082,
        -0.2982904260749107,
        0.23533300951568287,
        -0.05877800315624388,
        -0.32649804345578476,
        -0.2854575391384956,
        0.12016758436832994,
        0.18106902420950038,
        0.542088851376782,
        0.7369700520717409,
        0.10356359246560697,
        -0.22363905688388722,
        -0.540666978439264,
        0.06692786558595895
      ],
      [
        -0.1759043446296394,
        -0.11865400894406554,
        -0.12909280146622076,
        0.01068338921007017,
        0.34304033050899274,
        0.03603981297978562,
        0.001544820910207479,
        -0.2904762070430631,
        -0.37688161367030815,
        -0.15003959503242767,
        0.029460490749254834,
        0.4504869139648794,
        0.03252986451482934,
        0.2694303508798433,
        -0.1324793078912247,
        -0.29623594160425615
      ],
      [
        -0.21394826136015085,
        -0.19612121003308253,
        0.5560488314075223,
        -0.15946555899193,
        0.28616757374616797,
        -0.22895412340330715,
        0.2740967833884408,
        0.06467497268985559,
        0.0026296480912585437,
        -0.03865324929795341,
        -0.1207907954035126,
        0.12002248594042869,
        -0.11378463593858713,
        -0.28265596781773317,
        -0.32713980183634134,
        0.04314697943052987
      ],
      [
        0.4221037433005509,
        0.025183209494215365,
        -0.005728183228739416,
        0.11733764571480221,
        0.40304570823878805,
        0.05162329645941355,
        -0.06152827753855474,
        0.2450094086783619,
        0.1489782321211846,
        0.355476380234903,
        0.08871473775931149,
        -0.2976128223602164,
        -0.3420785656648084,
        0.43647745618189127,
        0.42326102193938775,
        -0.04487980332065016
      ],
      [
        -0.06846590108605487,
        0.3505463791614064,
        -0.2528300222121407,
        -0.17780064392479006,
        0.2373769714843429,
        -0.10187360959644794,
        0.03992306348986172,
        -0.07242349346773834,
        0.1261827597055145,
        0.3234078475643342,
        0.06555235517927135,
        0.1694891338891231,
        -0.5125817911111478,
        0.011565872641549459,
        -0.2184629758296545,
        -0.304703265105907
      ],
      [
        -0.2195380917321877,
        -0.08353086017520302,
        0.24037757890016684,
        -0.3894306563930711,
        -0.13481396796276277,
        -0.12104235833339462,
        -0.08827967859636017,
        0.4100794154680644,
        0.04042220919380053,
        0.5662785785460454,
        -0.09874589644505244,
        -0.2001969776622001,
        -0.06194969307416838,
        0.032408027229631514,
        0.2406970331899327,
        -0.31562747711845496
      ],
      [
        -0.08732184439578775,
        0.057057082534726286,
        0.25023442596273937,
        0.8011056730558903,
        0.20585591364636244,
        -0.07184584038729402,
        -0.3885220158062718,
        -0.34547345962203974,
        0.40422734420033923,
        0.2224235214332043,
        -0.37940078148431966,
        -0.2344794366827425,
        -0.5370651942362802,
        -0.03131719805026377,
        -0.15217366305986277,
        -0.13235985684151844
      ],
      [
        -0.3291594843446535,
        -0.023565638563139247,
        -0.8185661812598988,
        -0.03486679111227489,
        0.951478529293142,
        -0.32185564531850774,
        -0.29685790996068095,
        0.26143167594916045,
        1.0515928856128556,
        -0.37193154099518955,
        -0.2891920612454251,
        0.014446061069334023,
        0.4319314742997816,
        -0.2373649875210962,
        0.052110478419500506,
        0.194334394015436
      ],
      [
        -0.016116088167974996,
        -0.18687934087174637,
        -0.24583839585744283,
