{
  "labels": [
    "Humanistic Psychology",
    "Psychodynamic Theories",
    "Trait Theories",
    "research"
  ],
  "feature_extractor": {
    "max_features": 32,
    "vocabulary": {
      "trait": 27,
      "theories": 26,
      "core": 10,
      "concept": 6,
      "psychology": 18,
      "sciences": 22,
      "development": 12,
      "researchers": 20,
      "vocabulary": 30,
      "common": 4,
      "contemporary": 8,
      "academic": 0,
      "settings": 25,
      "trait theories": 28,
      "core concept": 11,
      "concept personality": 7,
      "sciences understanding": 23,
      "requires studying": 19,
      "researchers practitioners": 21,
      "vocabulary foundational": 31,
      "common techniques": 5,
      "contemporary applications": 9,
      "academic professional": 1,
      "psychodynamic": 16,
      "psychodynamic theories": 17,
      "humanistic": 14,
      "humanistic psychology": 15,
      "ai": 2,
      "twin": 29,
      "esl": 13,
      "self": 24,
      "ai twin": 3
    },
    "idf": [
      1.2231435513142097,
      1.2231435513142097,
      1.916290731874155,
      1.916290731874155,
      1.2231435513142097,
      1.2231435513142097,
      1.2231435513142097,
      1.2231435513142097,
      1.2231435513142097,
      1.2231435513142097,
      1.2231435513142097,
      1.2231435513142097,
      1.2231435513142097,
      1.916290731874155,
      1.916290731874155,
      1.916290731874155,
      1.916290731874155,
      1.916290731874155,
      1.0,
      1.2231435513142097,
      1.2231435513142097,
      1.2231435513142097,
      1.2231435513142097,
      1.2231435513142097,
      1.916290731874155,
      1.2231435513142097,
      1.5108256237659907,
      1.916290731874155,
      1.916290731874155,
      1.916290731874155,
      1.2231435513142097,
      1.2231435513142097
    ]
  },
  "scope": "personality_psychology",
  "grade": "preschool"
}