{
  "layer_sizes": [
    32,
    16,
    4
  ],
  "learning_rate": 0.3,
  "seed": 42,
  "output_activation": "softmax",
  "weights": [
    [
      [
        0.07617926993860784,
        -0.2599960265601239,
        0.20242125996212074,
        0.26632227049288126,
        -0.4894880757542273,
        -0.37593909729201214,
        0.05891714707555375,
        -0.0675482357162037,
        0.014802149282524485,
        -0.21756827293431508,
        0.2598923210933819,
        0.21094569825851966,
        0.01650767439030401,
        0.33465780420267643,
        0.15948021912087335,
        -0.17531793483815966
      ],
      [
        0.09218769602062471,
        -0.23972065020724972,
        0.23442103633732456,
        0.018699613648514406,
        -0.04794486947708317,
        -0.22062660667741768,
        0.3325923809522401,
        -0.027119958147508654,
        -0.0880795168821801,
        -0.09234067866297747,
        0.17312012376601174,
        0.10785873049230221,
        0.1031831528989971,
        0.16055275321263884,
        0.5780147837754773,
        -0.062098573213504066
      ],
      [
        -0.12806068226788433,
        -0.20344318206196943,
        0.15873433216746807,
        0.29240991769384067,
        -0.029900662973102923,
        -0.15578921855846453,
        -0.18867853700375656,
        0.190716841881359,
        0.20134928154401902,
        0.13226707441397625,
        -0.15207769340616398,
        0.07557911436626667,
        0.029171452285182056,
        0.08454697063695074,
        0.24114453890369716,
        0.06635083522597279
      ],
      [
        0.16972839076797372,
        0.016894767372222865,
        0.08708831068300243,
        0.18900314785471264,
        -0.3660182335546848,
        -0.13031202466575773,
        -0.09063611728946645,
        -0.14820704969114348,
        -0.04978312414807423,
        0.3694280367676789,
        -0.17641495154563624,
        0.25856730304915293,
        -0.4207174429039512,
        -0.030873755035775573,
        0.08329114983411336,
        0.18606076372246944
      ],
      [
        0.17780664494821374,
        0.1983368087999813,
        -0.072372807051603,
        -0.0844068567710642,
        0.2127646917235204,
        -0.09822030179683619,
        -0.29196453455074795,
        -0.27180939113117847,
        -0.21086063284180612,
        0.11998289497252092,
        0.07564926139531603,
        0.18911905291822464,
        -0.10681316158413356,
        0.09248242522984666,
        0.19900048204969614,
        -0.03783145404740975
      ],
      [
        0.11419380938935286,
        -0.16548148526666281,
        -0.07595500063076155,
        -0.06425338210450468,
        -0.3006891899880281,
        0.071348899619963,
        -0.09039353876694854,
        0.014635942051613754,
        0.13918910338507393,
        0.10732550296656594,
        0.20638910462087112,
        -0.008123656726073271,
        -0.10582457801103844,
        0.03291794973406837,
        -0.3792307249316459,
        -0.32227293722312217
      ],
      [
        -0.3306749030886006,
        -0.24931170690037044,
        0.0293530526535084,
        -0.37321263959954154,
        -0.09454063850984742,
        1.239361407105995,
        -0.13311562204092134,
        0.3631352196418132,
        -0.23340442000246925,
        -0.051359389466907504,
        -0.4141674152275331,
        -0.045945514711199946,
        0.21007703436434888,
        -0.5595650123997473,
        -0.001995725844036702,
        -0.14988374261902881
      ],
      [
        -0.1485374889241986,
        -0.36151446359711364,
        -0.215372362282155,
        -0.1323731772659506,
        0.04463406309913825,
        -0.16479856223162653,
        0.5693784114286454,
        -0.30785781944477514,
        -0.268026839503387,
        0.04481890873907904,
        -0.19728576483077614,
        0.7698552128082858,
        0.20877781147864463,
        0.14360693588643328,
        0.8316170950591683,
        -0.2971907635807127
      ],
      [
        -0.15993788318743693,
        -0.23164398535138123,
        -0.0826439897784356,
        -0.31299044549399946,
        0.157058458112833,
        -0.1059498948511258,
        -0.34074452734193195,
        -0.24238235793219348,
        0.09738090052114552,
        0.20522435093267521,
        0.5392255503006216,
        0.744963330903115,
        0.1036023583189991,
        -0.19453702754729793,
        -0.4904086866249655,
        0.10643304646860877
      ],
      [
        -0.2032352738275815,
        -0.10383931504492133,
        -0.1382157387544456,
        -0.004016630209018669,
        0.2647657791061427,
        -0.011132078715096314,
        -0.012701662975939674,
        -0.24740102583676096,
        -0.3996682975174927,
        -0.12588426830925278,
        0.02659718967309458,
        0.4584801927962535,
        0.03256863036822146,
        0.2985323802164326,
        -0.08222101607692604,
        -0.2567307607216065
      ],
      [
        -0.24127919055809297,
        -0.1813065161339383,
        0.5469258941192976,
        -0.17416557841101898,
        0.20789302234331816,
        -0.27612601509818907,
        0.25985029950229344,
        0.10775015389615764,
        -0.02015703575592591,
        -0.014497922574778587,
        -0.12365409647967297,
        0.12801576477180274,
        -0.113745870085195,
        -0.2535539384811438,
        -0.27688151002204325,
        0.0826521603131797
      ],
      [
        0.3947728141026087,
        0.03999790339335956,
        -0.014851120516964257,
        0.10263762629571331,
        0.324771156835938,
        0.004451404764531616,
        -0.07577476142470187,
        0.2880845898846639,
        0.1261915482740001,
        0.3796317069580779,
        0.08585143668315122,
        -0.2896195435288423,
        -0.34203979981141625,
        0.4655794855184806,
        0.47351931375368583,
        -0.005374622438000308
      ],
      [
        -0.09579683028399694,
        0.36536107306055055,
        -0.26195295950036557,
        -0.19250066334387905,
        0.15910242008149303,
        -0.1490455012913297,
        0.02567657960371458,
        -0.029348312261436253,
        0.10339607585833009,
        0.3475631742875091,
        0.06268905410311111,
        0.17748241272049706,
        -0.5125430252577556,
        0.04066790197813864,
        -0.16820468401535582,
        -0.26519808422325736
      ],
      [
        -0.2195380917321877,
        -0.08353086017520302,
        0.2437840965995097,
        -0.30041708803981326,
        0.005928594557836316,
        -0.17143657890982697,
        -0.054961227306757794,
        0.2622018686958427,
        0.15353129790957823,
        0.33004223581976583,
        0.0014164075651995846,
        -0.15748793851639317,
        -0.05596470422012488,
        0.11347170027847349,
        0.08674622317128973,
        -0.23159183717569182
      ],
      [
        0.022622445406968554,
        0.057057082534726286,
        0.6441769703939866,
        0.5003922442154952,
        -0.2150401162304731,
        -0.12224006096372647,
        -0.33890345417551826,
        -0.13616434112117962,
        0.09790368955618182,
        0.2971561141811383,
        -0.14222813205822757,
        -0.14703889561566655,
        -0.5368222574346637,
        0.012181022324441203,
        -0.22300071940702898,
        -0.0928546759588686
      ],
      [
        -0.21921519454189706,
        -0.023565638563139247,
        -0.4246236368286514,
        -0.3355802199526699,
        0.5305824994163069,
        -0.37224986589494036,
        -0.2472393483299274,
        0.4707407944500202,
        0.745269230968698,
        -0.2971989482472555,
        -0.05201941181933294,
        0.10188660213641001,
        0.4321744111013981,
        -0.19386676714639126,
        -0.018716577927665536,
        0.2338395748980859
      ],
      [
        0.10869151861665466,
        -0.09403901780752481,
        -0.26686048033963267,
