{
  "labels": [
    "Divine Attributes",
    "Existence of God",
    "Problem of Evil",
    "research"
  ],
  "feature_extractor": {
    "max_features": 32,
    "vocabulary": {
      "existence": 21,
      "god": 24,
      "core": 14,
      "concept": 10,
      "philosophy": 27,
      "religion": 31,
      "domain": 18,
      "methods": 25,
      "analysis": 2,
      "apply": 5,
      "common": 8,
      "contemporary": 12,
      "academic": 0,
      "existence god": 22,
      "concept philosophy": 11,
      "philosophy religion": 28,
      "domain philosophy": 19,
      "development key": 15,
      "analysis relationships": 3,
      "experiments solve": 23,
      "common techniques": 9,
      "contemporary applications": 13,
      "applications academic": 4,
      "academic professional": 1,
      "divine": 16,
      "attributes": 7,
      "divine attributes": 17,
      "problem": 29,
      "evil": 20,
      "problem evil": 30,
      "modal": 26,
      "argument": 6
    },
    "idf": [
      1.2231435513142097,
      1.2231435513142097,
      1.0,
      1.2231435513142097,
      1.2231435513142097,
      1.2231435513142097,
      1.916290731874155,
      1.916290731874155,
      1.2231435513142097,
      1.2231435513142097,
      1.2231435513142097,
      1.2231435513142097,
      1.2231435513142097,
      1.2231435513142097,
      1.2231435513142097,
      1.2231435513142097,
      1.916290731874155,
      1.916290731874155,
      1.2231435513142097,
      1.2231435513142097,
      1.916290731874155,
      1.916290731874155,
      1.916290731874155,
      1.2231435513142097,
      1.916290731874155,
      1.0,
      1.916290731874155,
      1.0,
      1.0,
      1.916290731874155,
      1.916290731874155,
      1.0
    ]
  },
  "scope": "philosophy_of_religion",
  "grade": "preschool"
}