{
  "layer_sizes": [
    32,
    16,
    4
  ],
  "learning_rate": 0.3,
  "seed": 42,
  "output_activation": "softmax",
  "weights": [
    [
      [
        0.07435957201327222,
        -0.31643585280881675,
        0.16486990210768368,
        0.27476345744170994,
        -0.4991313704750613,
        -0.3638426630870375,
        0.06462227257193355,
        -0.047671730396416055,
        0.04980491696321314,
        -0.2000335731645014,
        0.26504636979483553,
        0.1840800814516697,
        0.04920073313851838,
        0.3259746311655529,
        0.12387876486215933,
        -0.21482311572080956
      ],
      [
        0.09218769602062471,
        -0.24789142301456113,
        0.21961257532681813,
        -0.012481477746563224,
        -0.02021012187271078,
        -0.17983078945792202,
        0.23444607456372826,
        -0.28346601093867707,
        0.0488219965925261,
        0.1091415065393031,
        0.04157443782700217,
        0.2000533049068812,
        0.04447109479551979,
        0.34334895685687083,
        0.9169101295055543,
        -0.1016037540961539
      ],
      [
        -0.12806068226788433,
        -0.21161395486928083,
        0.1539948556438739,
        0.2822430731802229,
        -0.002481395400114413,
        -0.2196375225975687,
        -0.27730956402758905,
        -0.08218544346530123,
        0.3417174949341635,
        0.33296346123765924,
        -0.2578802853835086,
        0.1667326195825415,
        -0.02954060581829527,
        0.2903158552871534,
        0.5993554237749863,
        0.05589888719367057
      ],
      [
        0.1679086928426381,
        -0.03954505887647005,
        0.049536952828565385,
        0.19744433480354162,
        -0.3756615282755188,
        -0.1182155904607832,
        -0.0849309917930867,
        -0.1283305443713559,
        -0.014780356467385566,
        0.3869627365374926,
        -0.17126090284418236,
        0.2317016862423028,
        -0.38802438415573687,
        -0.03955692807289912,
        0.04768969557539929,
        0.14655558283981954
      ],
      [
        0.17598694702287812,
        0.1418969825512883,
        -0.10992416490604007,
        -0.07596566982223514,
        0.20312139700268617,
        -0.08612386759186161,
        -0.2862594090543681,
        -0.2519328858113906,
        -0.17585786516111743,
        0.1375175947423346,
        0.08080331009676973,
        0.16225343611137466,
        -0.07412010283591917,
        0.08379925219272313,
        0.16339902779098214,
        -0.0773366349300596
      ],
      [
        0.11237411146401724,
        -0.22192131151535582,
        -0.11350635848519862,
        -0.05581219515567568,
        -0.3103324847088621,
        0.08344533382493759,
        -0.0846884132705688,
        0.03451244737140131,
        0.17419187106576267,
        0.1248602027363797,
        0.211543153322325,
        -0.03498927353292326,
        -0.07313151926282406,
        0.024234776696944852,
        -0.4148321791903596,
        -0.3617781181057718
      ],
      [
        -0.3324946010139362,
        -0.30575153314906334,
        0.07720065983692848,
        -0.18674748549610867,
        -0.10591321182144967,
        0.2865092880750584,
        -0.05640382098524432,
        0.2157678098062512,
        -0.17939921366318384,
        -0.038131980738013826,
        -0.19230863764851686,
        -0.0951261713807079,
        0.2427700931125633,
        -0.38766577637454247,
        0.11560734018561226,
        0.05943390058306947
      ],
      [
        -0.15035718684953422,
        -0.4179542898458065,
        -0.004710519915463291,
        -0.09275089892204397,
        0.046796479527073734,
        -0.03283474999059719,
        0.43310689461034124,
        -0.028449989178776603,
        -0.20186916681618083,
        0.058046317467972716,
        0.10019604707206974,
        0.32942899140454174,
        0.24147087022685906,
        0.1333820942109219,
        0.37282715210403833,
        -0.2971907635807127
      ],
      [
        -0.16142560547758059,
        -0.25017771235190905,
        -0.11043895598060982,
        -0.3165644106542361,
        0.14520114645052268,
        -0.060691863061148286,
        -0.3409981079980868,
        -0.2284793469695518,
        0.11886594957238443,
        0.21953385768784417,
        0.5288789505514547,
        0.7235131506462624,
        0.13033107606687688,
        -0.22018886239678995,
        -0.5272874429602902,
        0.06692786558595895
      ],
      [
        -0.20505497175291712,
        -0.1602791412936143,
        -0.17576709660888265,
        0.004424556739810244,
        0.2551224843853087,
        0.0009643554898782374,
        -0.006996537479559871,
        -0.22752452051697342,
        -0.3646655298368039,
        -0.10834956853943904,
        0.03175123837454828,
        0.43161457598940334,
        0.06526168911643583,
        0.28984920717930907,
        -0.11782247033564007,
        -0.29623594160425615
      ],
      [
        -0.2430988884834286,
        -0.23774634238263131,
        0.5093745362648603,
        -0.16572439146219,
        0.19824972762248394,
        -0.26402958089321454,
        0.26555542499867324,
        0.1276266592159453,
        0.014845731924762757,
        0.0030367771950351534,
        -0.11850004777821917,
        0.10115014796495285,
        -0.08105281133698063,
        -0.26223711151826734,
        -0.31248296428075695,
        0.04314697943052987
      ],
      [
        0.39295311617727313,
        -0.01644192285533335,
        -0.052402478371401294,
        0.11107881324454237,
        0.315127862115104,
        0.01654783896950617,
        -0.07006963592832212,
        0.30796109520445175,
        0.1611943159546888,
        0.3971664067278916,
        0.09100548538460494,
        -0.31648516033569246,
        -0.3093467410632019,
        0.4568963124813571,
        0.43791785949497214,
        -0.04487980332065016
      ],
      [
        -0.09579683028399694,
        0.35719030025323917,
        -0.276761420510872,
        -0.2236817547389566,
        0.18683716768586542,
        -0.10824968407183415,
        -0.07246972678479703,
        -0.2856943650526047,
        0.2402975893330363,
        0.5490453594897894,
        -0.0688566318358986,
        0.2696769871350761,
        -0.5712550833612325,
        0.22346410562237065,
        0.17069066171472097,
        -0.304703265105907
      ],
      [
        -0.2195380917321877,
        -0.09170163298251446,
        0.22897563558900327,
        -0.331598179434891,
        0.03366334216220871,
        -0.13064076169033131,
        -0.15310753369526942,
        0.005855815904674512,
        0.2904328113842845,
        0.5315244210220462,
        -0.13012927837381014,
        -0.06529336410181413,
        -0.1146767623236022,
        0.2962679039227055,
        0.42564156890136645,
        -0.27109701805834163
      ],
      [
        0.022622445406968554,
        0.26868862214390243,
        0.6723494020911731,
        0.43252045102813197,
        -0.24618493070042993,
        0.12878796760835987,
        -0.3658605004592508,
        -0.149570613241364,
        0.050806074200582745,
        0.2952388510203693,
        -0.23788309699593638,
        -0.13652477729714285,
        -0.5368222574346637,
        -0.10897508218307413,
        -0.2656036029648908,
        -0.13235985684151844
      ],
      [
        -0.21921519454189706,
        -0.031736411370450676,
        -0.4394320978391578,
        -0.36676131134774764,
        0.5583172470206786,
        -0.33145404867544465,
        -0.3453856547184392,
        0.214394741658852,
        0.882170744443405,
        -0.09571676304497495,
        -0.18356509775834262,
        0.194081176550989,
        0.37346235299792063,
        -0.011070563502159217,
        0.3201787678024113,
        0.194334394015436
      ],
      [
        0.09728788487183519,
        -0.4395638217221784,
        -0.17598031198961775,
        -0.5713098053287817,
