{
  "labels": [
    "Internal Alchemy (Neidan)",
    "Philosophical Taoism",
    "Religious Taoism",
    "research"
  ],
  "feature_extractor": {
    "max_features": 32,
    "vocabulary": {
      "philosophical": 16,
      "taoism": 23,
      "core": 8,
      "analysis": 3,
      "design": 11,
      "theoretical": 24,
      "contemporary": 6,
      "academic": 0,
      "philosophical taoism": 17,
      "core concept": 9,
      "concept taoism": 5,
      "definitions historical": 10,
      "contemporary applications": 7,
      "applications academic": 4,
      "religious": 18,
      "religious taoism": 19,
      "internal": 12,
      "alchemy": 1,
      "neidan": 15,
      "internal alchemy": 13,
      "alchemy neidan": 2,
      "yin": 30,
      "yang": 28,
      "vortex": 27,
      "ute2": 26,
      "surface": 22,
      "spin": 20,
      "triplet": 25,
      "magnetic": 14,
      "yin yang": 31,
      "yang vortex": 29,
      "spin triplet": 21
    },
    "idf": [
      1.2231435513142097,
      1.916290731874155,
      1.916290731874155,
      1.2231435513142097,
      1.2231435513142097,
      1.2231435513142097,
      1.2231435513142097,
      1.2231435513142097,
      1.0,
      1.2231435513142097,
      1.2231435513142097,
      1.2231435513142097,
      1.916290731874155,
      1.916290731874155,
      1.916290731874155,
      1.916290731874155,
      1.916290731874155,
      1.916290731874155,
      1.916290731874155,
      1.916290731874155,
      1.916290731874155,
      1.916290731874155,
      1.916290731874155,
      1.0,
      1.0,
      1.916290731874155,
      1.916290731874155,
      1.916290731874155,
      1.916290731874155,
      1.916290731874155,
      1.916290731874155,
      1.916290731874155
    ]
  },
  "scope": "taoism",
  "grade": "preschool"
}