{
  "layer_sizes": [
    32,
    16,
    3
  ],
  "learning_rate": 0.3,
  "seed": 42,
  "output_activation": "softmax",
  "weights": [
    [
      [
        0.07617926993860784,
        -0.23224354220290352,
        0.23811121871278793,
        0.2614327054506824,
        -0.44826723888937314,
        -0.27677375048081343,
        0.03196010079182134,
        -0.09145240076272967,
        -0.004863276487423134,
        -0.2187232105235017,
        0.21923639549948418,
        0.19340877979270277,
        0.04160832391535623,
        0.32405103792780093,
        0.1168773355630114,
        -0.18840983138783873
      ],
      [
        0.09218769602062471,
        -0.21196816585002937,
        0.27011099508799175,
        0.013810048606315746,
        -0.0067240326122291385,
        -0.12146125986621924,
        0.30563533466850756,
        -0.05102412319403466,
        -0.10774494265212774,
        -0.09349561625216408,
        0.13246419817211422,
        0.09032181202648519,
        0.12828380242404938,
        0.1499459869377635,
        0.5354119002176153,
        -0.07519046976318307
      ],
      [
        -0.12806068226788433,
        -0.17569069770474907,
        0.20449327540504753,
        0.3085345995331019,
        0.011004693860367233,
        -0.16126799300586586,
        -0.2061203039228099,
        0.15025644427934115,
        0.18515055568950964,
        0.13032633844619207,
        -0.16699052503839654,
        0.05700112670214551,
        0.0542721018102343,
        0.09691288536804604,
        0.21785719448704746,
        0.08231217152664139
      ],
      [
        0.16972839076797372,
        0.04464725172944328,
        0.12277826943366955,
        0.184113582812514,
        -0.32479739668983065,
        -0.031146677854559157,
        -0.11759316357319888,
        -0.1721112147376696,
        -0.06944854991802187,
        0.3682730991784923,
        -0.21707087713953377,
        0.2410303845833359,
        -0.3956167933788992,
        -0.04148052131065089,
        0.0406882662762514,
        0.17296886717279036
      ],
      [
        0.17780664494821374,
        0.22608929315720167,
        -0.03668284830093583,
        -0.08929642181326282,
        0.2539855285883746,
        0.0009450450143624539,
        -0.31892158083448047,
        -0.2957135561777043,
        -0.23052605861175376,
        0.11882795738333432,
        0.03499333580141831,
        0.17158213445240775,
        -0.08171251205908128,
        0.08187565895497136,
        0.15639759849183418,
        -0.05092335059708883
      ],
      [
        0.11419380938935286,
        -0.13772900090944246,
        -0.04026504188009441,
        -0.0691429471467033,
        -0.25946835312317396,
        0.17051424643116161,
        -0.11735058505068097,
        -0.009268222994912267,
        0.1195236776151263,
        0.10617056537737933,
        0.1657331790269736,
        -0.02566057519189031,
        -0.08072392848598615,
        0.022311183459193043,
        -0.42183360848950746,
        -0.3353648337728009
      ],
      [
        -0.3306749030886006,
        -0.22155922254315008,
        0.15044197644203275,
        -0.2000782374871363,
        -0.055049080235761466,
        0.37357820068128245,
        -0.08906599276535648,
        0.17198713943993751,
        -0.23406740711382018,
        -0.05682161809701419,
        -0.23811861194386827,
        -0.08579747303967501,
        0.23517768388940105,
        -0.38958936961229446,
        0.10860591088646433,
        0.0858471849160403
      ],
      [
        -0.1485374889241986,
        -0.3337619792398931,
        0.06853079668964097,
        -0.10608165091307162,
        0.09766061111276199,
        0.054234162615626906,
        0.40044472283022886,
        -0.0722306595450902,
        -0.25653736026681717,
        0.03935668010897235,
        0.05438607277671829,
        0.33875768974557463,
        0.2338784610036968,
        0.13145850097317013,
        0.36582572280489045,
        -0.27077747924774176
      ],
      [
        -0.15993788318743693,
        -0.20389150099416087,
        -0.04695403102776847,
        -0.3178800105361982,
        0.19827929497768712,
        -0.006784548039927161,
        -0.36770157362566447,
        -0.2662865229787195,
        0.07771547475119789,
        0.2040694133434886,
        0.4985696247067236,
        0.7274264124372979,
        0.12870300784405136,
        -0.20514379382217318,
        -0.5330115701828273,
        0.09334114991892978
      ],
      [
        -0.2032352738275815,
        -0.07608683068770086,
        -0.10252578000377845,
        -0.008906195251217348,
        0.30598661597099686,
        0.08803326809610232,
        -0.039658709259672076,
        -0.27130519088328703,
        -0.4193337232874402,
        -0.12703920589843942,
        -0.014058735920803141,
        0.44094327433043623,
        0.05766927989327371,
        0.2879256139415571,
        -0.12482389963478802,
        -0.2698226572712852
      ],
      [
        -0.24127919055809297,
        -0.15355403177671795,
        0.5826158528699643,
        -0.17905514345321763,
        0.24911385920817228,
        -0.17696066828699045,
        0.23289325321856102,
        0.08384598884963167,
        -0.03982246152587354,
        -0.01565286016396519,
        -0.16431002207357057,
        0.11047884630598574,
        -0.08864522056014272,
        -0.2641607047560193,
        -0.3194843935799048,
        0.0695602637635007
      ],
      [
        0.3947728141026087,
        0.06775038775058001,
        0.020838838233702923,
        0.09774806125351469,
        0.36599199370079216,
        0.10361675157573023,
        -0.10273180770843429,
        0.2641804248381381,
        0.10652612250405244,
        0.37847676936889135,
        0.04519551108925353,
        -0.30715646199465957,
        -0.31693915028636427,
        0.4549727192436051,
        0.43091643019582426,
        -0.01846651898767939
      ],
      [
        -0.09579683028399694,
        0.39311355741777115,
        -0.22626300074969843,
        -0.1973902283860777,
        0.20032325694634714,
        -0.049880154480131236,
        -0.001280466680017824,
        -0.053252477307962266,
        0.08373065008838246,
        0.34640823669832255,
        0.02203312850921337,
        0.15994549425468016,
        -0.48744237573270377,
        0.030061135703263315,
        -0.21080756757321778,
        -0.2782899807729361
      ],
      [
        -0.2195380917321877,
        -0.055778375817982576,
        0.2794740553501769,
        -0.305306653082012,
        0.04714943142269033,
        -0.07227123209862847,
        -0.08191827359049021,
        0.2382977036493169,
        0.13386587213963058,
        0.3288872982305793,
        -0.03923951802869812,
        -0.17502485698221007,
        -0.030864054695072633,
        0.1028649340035982,
        0.04414333961342776,
        -0.24468373372537067
      ],
      [
        0.022622445406968554,
        0.08480956689194676,
        0.6798669291446533,
        0.49550267917329655,
        -0.17381927936561897,
        -0.02307471415252784,
        -0.3658605004592508,
        -0.16006850616770574,
        0.07823826378623419,
        0.29600117659195174,
        -0.1828840576521251,
        -0.16457581408148345,
        -0.5117216079096113,
        0.0015742560495658861,
        -0.2656036029648908,
        -0.10594657250854758
      ],
      [
        -0.21921519454189706,
        0.0041868457940811635,
        -0.38893367807798424,
        -0.34046978499486863,
        0.5718033362811604,
        -0.27308451908374165,
        -0.2741963946136599,
        0.4468366294034944,
        0.7256038051987508,
        -0.29835388583644207,
        -0.09267533741323068,
        0.08434968367059299,
        0.45727506062645007,
        -0.2044735334212665,
        -0.061319461485527436,
        0.22074767834840683
      ],
      [
        0.10869151861665466,
        -0.06628653345030434,
