{
  "layer_sizes": [
    32,
    16,
    4
  ],
  "learning_rate": 0.3,
  "seed": 42,
  "output_activation": "softmax",
  "weights": [
    [
      [
        0.07617926993860784,
        -0.2599960265601239,
        0.22468676275445354,
        0.11924200219818926,
        -0.6317067571811784,
        -0.3255448767155795,
        -0.004264556383264889,
        0.14457125679412364,
        -0.1208589950435184,
        -0.24606989000949853,
        0.07240324668997632,
        0.5309126083056678,
        -0.05526613545300915,
        0.10263793569026196,
        0.3611226702945489,
        -0.21482311572080956
      ],
      [
        0.09218769602062471,
        -0.23972065020724972,
        0.24741804817894755,
        -0.09940586042127383,
        -0.15417656089960446,
        -0.17023238610098534,
        0.2784668417871929,
        0.12909155814281384,
        -0.19457598479136146,
        -0.11264006870913505,
        0.02249261111903909,
        0.3437094844273427,
        0.049352795516512254,
        -0.026674023786839095,
        0.7185959012662683,
        -0.1016037540961539
      ],
      [
        -0.12806068226788433,
        -0.20344318206196943,
        0.18180032849600333,
        0.1953186905055123,
        -0.13644783442700809,
        -0.210039119240632,
        -0.2332887968041245,
        0.3303721256161898,
        0.09831951355027597,
        0.11118188598922106,
        -0.27696211209147165,
        0.31038879910300315,
        -0.02465890509730281,
        -0.07970712535655655,
        0.40104119553570033,
        0.05589888719367057
      ],
      [
        0.16972839076797372,
        0.016894767372222865,
        0.09081683157391565,
        0.09987246800982803,
        -0.4362629349727762,
        -0.07991780408932533,
        -0.13570549216074201,
        -0.047903509620825915,
        -0.12711491564039404,
        0.35733087375054706,
        -0.2901809024361764,
        0.41030190087208557,
        -0.45660434782560777,
        -0.17330744052231686,
        0.16281093364202015,
        0.14655558283981954
      ],
      [
        0.17780664494821374,
        0.1983368087999813,
        -0.06864428616068978,
        -0.1735375366159489,
        0.14251999030542895,
        -0.04782608122040372,
        -0.3370339094220235,
        -0.1715058510608605,
        -0.28819242433412595,
        0.10788573195538925,
        -0.03811668949522409,
        0.3408536507411574,
        -0.14270006650579015,
        -0.049951260256694635,
        0.2785202658576029,
        -0.0773366349300596
      ],
      [
        0.11419380938935286,
        -0.21004968324391515,
        -0.1183532100868771,
        -0.2089944297595397,
        -0.11058904742111225,
        0.11409689066780036,
        0.15492160876669506,
        -0.026706734381917282,
        0.1431338238541292,
        0.11783708421522798,
        0.4338657879127284,
        -0.06863890266269859,
        -0.08386214758103402,
        0.026559349436106907,
        -0.42468376183434703,
        -0.3617781181057718
      ],
      [
        -0.3306749030886006,
        -0.24829080985084193,
        0.0850192024569976,
        -0.18290895523542328,
        -0.07062465262833661,
        0.31716084491792124,
        -0.07405832019103614,
        0.2022781575279089,
        -0.2118160341719763,
        -0.02272290462034953,
        -0.22696112609657793,
        -0.09962012943415481,
        0.22814540024630836,
        -0.39069941097436,
        0.10575575754162482,
        0.05943390058306947
      ],
      [
        -0.1485374889241986,
        -0.36151446359711364,
        0.03656935882988708,
        -0.1903227657157577,
        -0.013804927170183544,
        0.00546303638086072,
        0.38233239424268584,
        0.05197704557175351,
        -0.31420372598918933,
        0.028414454681027223,
        -0.018723952519924106,
        0.5080292060343246,
        0.17289090655698802,
        -0.00036841823849583,
        0.4879483901706594,
        -0.2971907635807127
      ],
      [
        -0.15993788318743693,
        -0.23164398535138123,
        -0.07891546888752238,
        -0.40212112533888417,
        0.08681375669474152,
        -0.055555674274693344,
        -0.3858139022132075,
        -0.14207881786187573,
        0.020049109028825705,
        0.19312718791554348,
        0.42545959941008105,
        0.8966979287260481,
        0.06771545339734251,
        -0.3369707130338393,
        -0.41088890281705864,
        0.06692786558595895
      ],
      [
        -0.2032352738275815,
        -0.10179752094586414,
        -0.18529124975045552,
        0.05928402041886405,
        0.3237167816008393,
        0.023969682804145978,
        -0.007280423002164621,
        -0.23770245803348033,
        -0.3678842954988737,
        -0.062163876411245655,
        0.01726108360908677,
        0.3903111075945464,
        0.07338718106555442,
        0.33963371408546816,
        -0.1464563748277207,
        -0.29623594160425615
      ],
      [
        -0.24127919055809297,
        -0.1813065161339383,
        0.5552886604855658,
        -0.2777836553683553,
        0.11965482592301178,
        -0.2257317945217566,
        0.21025284248413206,
        0.23600768207647776,
        -0.11207116545667647,
        -0.03069619910642324,
        -0.25585082824842936,
        0.3218084406507893,
        -0.15860450123726574,
        -0.4183841697241536,
        -0.16683105937269405,
        0.04314697943052987
      ],
      [
        0.3947728141026087,
        0.03999790339335956,
        -0.011122599626050965,
        0.013506946450828628,
        0.25452645541784663,
        0.054845625340964085,
        -0.12084413629597743,
        0.3883881299549816,
        0.04885975678168025,
        0.3675345439409461,
        -0.027914514207388864,
        -0.13788494570590973,
        -0.3779267047330728,
        0.32314580003193916,
        0.5530390975615925,
        -0.04487980332065016
      ],
      [
        -0.09579683028399694,
        0.4605483755517382,
        -0.3854254315631954,
        0.001486324269747347,
        0.05446151984351952,
        -0.0986512807148974,
        -0.001280466680017824,
        -0.35312675602002047,
        -0.0029768462682194727,
        0.7173959790466735,
        -0.07689440920799004,
        0.07942277129613165,
        -0.5125430252577556,
        0.49418421926712586,
        -0.21080756757321778,
        -0.304703265105907
      ],
      [
        -0.2195380917321877,
        0.011656442315984655,
        0.12031162453667982,
        -0.10643010042618707,
        -0.09871230568013718,
        -0.12104235833339462,
        -0.08191827359049021,
        -0.06157657506274136,
        0.04715837578302867,
        0.6998750405789301,
        -0.13816705574590157,
        -0.2555475799407585,
        -0.05596470422012488,
        0.5669880175674609,
        0.04414333961342776,
        -0.27109701805834163
      ],
      [
        0.022622445406968554,
        0.15224438502591398,
        0.5207044983311565,
        0.6943792318291218,
        -0.3196810164684465,
        -0.07184584038729402,
        -0.3658605004592508,
        -0.45994278487976403,
        -0.008469232570367738,
        0.6669889189403028,
        -0.2818115953693286,
        -0.24509853704003193,
        -0.5368222574346637,
        0.4656973396134285,
        -0.2656036029648908,
        -0.13235985684151844
      ],
      [
        -0.21921519454189706,
        -0.023565638563139247,
        -0.41162662498702834,
        -0.4536856940224583,
        0.42435080799378516,
        -0.32185564531850774,
        -0.3013648874949746,
        0.6269523107403427,
        0.6387727630595172,
        -0.31749833829341306,
        -0.20264692446630578,
        0.33773735607145056,
        0.3783440537189132,
        -0.3810935441458691,
        0.1218645395631256,
        0.194334394015436
      ],
      [
        0.10869151861665466,
        -0.18140097808187516,
        -0.057726318691677714,
