{
  "labels": [
    "Fluid Flow",
    "Heat Transfer (Chemical)",
    "Mass Transfer",
    "research"
  ],
  "feature_extractor": {
    "max_features": 32,
    "vocabulary": {
      "fluid": 13,
      "flow": 12,
      "core": 6,
      "transport": 30,
      "phenomena": 21,
      "chemical": 5,
      "engineering": 9,
      "principles": 22,
      "problems": 23,
      "open": 20,
      "professional": 25,
      "fluid flow": 14,
      "transport phenomena": 31,
      "problems extend": 24,
      "professional settings": 26,
      "heat": 16,
      "transfer": 28,
      "heat transfer": 17,
      "transfer chemical": 29,
      "mass": 18,
      "mass transfer": 19,
      "effect": 8,
      "berry": 3,
      "curvature": 7,
      "anomalous": 1,
      "hall": 15,
      "entropy": 10,
      "stabilized": 27,
      "25": 0,
      "berry curvature": 4,
      "anomalous hall": 2,
      "entropy stabilized": 11
    },
    "idf": [
      1.916290731874155,
      1.916290731874155,
      1.916290731874155,
      1.916290731874155,
      1.916290731874155,
      1.0,
      1.0,
      1.916290731874155,
      1.916290731874155,
      1.0,
      1.916290731874155,
      1.916290731874155,
      1.916290731874155,
      1.916290731874155,
      1.916290731874155,
      1.916290731874155,
      1.916290731874155,
      1.916290731874155,
      1.916290731874155,
      1.916290731874155,
      1.0,
      1.0,
      1.0,
      1.2231435513142097,
      1.2231435513142097,
      1.2231435513142097,
      1.2231435513142097,
      1.916290731874155,
      1.5108256237659907,
      1.916290731874155,
      1.0,
      1.0
    ]
  },
  "scope": "transport_phenomena",
  "grade": "preschool"
}