{
  "layer_sizes": [
    32,
    16,
    4
  ],
  "learning_rate": 0.3,
  "seed": 42,
  "output_activation": "softmax",
  "weights": [
    [
      [
        0.07649065129006218,
        -0.2599960265601239,
        0.18945769376664318,
        0.2840353645376067,
        -0.5230991126934417,
        -0.1930176133309265,
        0.025790046880234164,
        -0.032047676402508524,
        0.0013334438027682001,
        -0.20752067162429894,
        0.19155901168652884,
        0.1909044163207656,
        0.00569805403793217,
        0.3095618767018627,
        0.13632433721043166,
        -0.21482311572080956
      ],
      [
        0.0925685601126557,
        -0.23972065020724972,
        0.24661033080502578,
        0.03128591495327751,
        -0.009955858846369896,
        -0.20498823419643347,
        0.30563533466850756,
        -0.019450702416598086,
        -0.06150032753638449,
        -0.06816482226194948,
        0.1791968905551059,
        0.11893210661881537,
        0.1031831528989971,
        0.18826349619030977,
        0.5771443235533773,
        -0.1016037540961539
      ],
      [
        -0.12767981817585333,
        -0.20344318206196943,
        0.18099261112208156,
        0.3260104658800637,
        0.007772867626226473,
        -0.24479496733608014,
        -0.2061203039228099,
        0.1818298650567777,
        0.23139517080525304,
        0.1556571324364067,
        -0.12025783265540486,
        0.08561142129447571,
        0.029171452285182056,
        0.1352303946205923,
        0.25958961782280904,
        0.05589888719367057
      ],
      [
        0.17010925486000472,
        0.016894767372222865,
        0.09927760515070369,
        0.2015894491594759,
        -0.32802922292397146,
        -0.11467365218477345,
        -0.11759316357319888,
        -0.14053779396023305,
        -0.02320393480227856,
        0.39360389316870675,
        -0.17033818475654208,
        0.2696406791756661,
        -0.4207174429039512,
        -0.0031630120581047703,
        0.08242068961201306,
        0.14655558283981954
      ],
      [
        0.17971096540836848,
        0.1983368087999813,
        -0.305568943006191,
        0.07567441565101461,
        0.19211075436057642,
        -0.2091624863435133,
        -0.31892158083448047,
        -0.48207451527092804,
        -0.24148659361646793,
        0.23810702612141357,
        0.1313050429067584,
        0.49135378111914024,
        -0.10681316158413356,
        0.4309634788895417,
        0.1711159726267404,
        -0.0773366349300596
      ],
      [
        0.11658059818083497,
        -0.16548148526666281,
        -0.4752071563735369,
        0.13564490050069067,
        -0.39083542151974693,
        -0.07656978265703565,
        -0.11735058505068097,
        -0.3383127897543118,
        0.030563742810632608,
        0.258820920847924,
        0.24402138439297225,
        0.4315391505551845,
        -0.10582457801103844,
        0.4669521918255831,
        -0.4641563367239579,
        -0.3617781181057718
      ],
      [
        -0.3306749030886006,
        -0.24931170690037044,
        0.050568551876783954,
        -0.44602354554061174,
        0.3528453358697812,
        0.4814702578523696,
        -0.08906599276535648,
        0.28649399985478896,
        -0.24831291914474493,
        0.01830680124416037,
        0.21183898179881497,
        -0.28848365309725904,
        0.21007703436434888,
        -0.24430431196000899,
        0.5279550264842879,
        0.05943390058306947
      ],
      [
        -0.1485374889241986,
        -0.36151446359711364,
        -0.031342627875607806,
        -0.3520269589665472,
        0.5055550272183047,
        0.16212621978671402,
        0.40044472283022886,
        0.042276200869761325,
        -0.27078287229774206,
        0.11448509945014695,
        0.5043436665194018,
        0.13607150968799073,
        0.20877781147864463,
        0.27674355862545547,
        0.7851748384027137,
        -0.2971907635807127
      ],
      [
        -0.1580335627272822,
        -0.23164398535138123,
        0.06905175258505653,
        0.014867590164976623,
        0.054525724710500996,
        -0.32933099536952193,
        -0.36770157362566447,
        -0.22316518031099222,
        0.31580250376846614,
        0.2644074416704081,
        0.44296992288581793,
        0.9963563428512223,
        0.1036023583189991,
        0.03571141210879863,
        -0.5920145619143427,
        0.06692786558595895
      ],
      [
        -0.20247354564351952,
        -0.10383931504492133,
        -0.18737280189231667,
        0.04544341387507333,
        0.2880940527384417,
        -0.02713884549102735,
        -0.039658709259672076,
        -0.29421536507351537,
        -0.387390395701811,
        -0.0782213432212586,
        0.045068710142775685,
        0.5423439069413672,
        0.03256863036822146,
        0.4039357008646093,
        -0.08984498859924016,
        -0.29623594160425615
      ],
      [
        -0.24127919055809297,
        -0.1813065161339383,
        0.4804349715967626,
        -0.1718461415661847,
        0.04358203941706631,
        0.18548489716235902,
        0.2171284303839765,
        0.17628938445103495,
        -0.12023705681822595,
        -0.03702775639618852,
        -0.3323209836814758,
        0.04487012137987087,
        -0.14136503714696622,
        -0.4037747376937522,
        -0.35697212218980134,
        0.04314697943052987
      ],
      [
        0.39553454228667073,
        0.03999790339335956,
        0.024335929428944674,
        0.1589913203003172,
        0.3990198995065967,
        -0.014666070849932163,
        -0.10273180770843429,
        0.31493551371617706,
        0.19835236562418804,
        0.42367612871921384,
        0.13804779763901406,
        -0.2509750768745336,
        -0.34203979981141625,
        0.5738484739344899,
        0.5143812768673475,
        -0.04487980332065016
      ],
      [
        -0.0954854489325426,
        0.36536107306055055,
        -0.2614314994802537,
        -0.18352855199105111,
        0.1688147314096448,
        -0.07341898172271444,
        -0.0033371513172135493,
        -0.014734887032629648,
        0.11108219335379335,
        0.364613138134676,
        0.03835325953556748,
        0.17483095787997754,
        -0.5161462320418796,
        0.04097868733469731,
        -0.181579239954129,
        -0.304703265105907
      ],
      [
        -0.2195380917321877,
        -0.08353086017520302,
        0.179600630784928,
        -0.5512519611354877,
        0.45504384752823307,
        0.03562082507245865,
        -0.08191827359049021,
        0.3528045640641684,
        0.1196203601087058,
        0.4040157175717538,
        0.4107180757139853,
        -0.3777110370397942,
        -0.05596470422012488,
        0.24814999165588367,
        0.4634924552112514,
        -0.27109701805834163
      ],
      [
        0.022622445406968554,
        0.057057082534726286,
        1.2323760127971992,
        0.7320658734043299,
        -0.3415897937922418,
        -0.24800312981344075,
        -0.3658605004592508,
        0.21185161709258354,
        0.469082385579921,
        0.2091208757245452,
        -0.42026953669082007,
        -0.24318998311706516,
        -0.5368222574346637,
        -0.2102337847087458,
        -0.38110236841980266,
        -0.13235985684151844
      ],
      [
        -0.21921519454189706,
        -0.023565638563139247,
        0.16357540557456124,
        -0.10390659076383518,
        0.4040328218545377,
        -0.49801293474465447,
        -0.2741963946136599,
        0.8187567526637836,
        1.1164479269924381,
        -0.3852341867038486,
        -0.3300608164519256,
        0.00573551463501128,
        0.4321744111013981,
        -0.4162815741795783,
        -0.1768182269404393,
        0.194334394015436
      ],
      [
        0.10907238270868565,
        -0.09403901780752481,
        -0.006457985650802623,
        -0.2999565593926546,
