{
  "labels": [
    "Hamiltonian Mechanics",
    "Lagrangian Mechanics",
    "Newtonian Mechanics",
    "research"
  ],
  "feature_extractor": {
    "max_features": 32,
    "vocabulary": {
      "newtonian": 10,
      "mechanics": 9,
      "broader": 2,
      "science": 21,
      "requires": 18,
      "studying": 28,
      "relationships": 16,
      "solve": 26,
      "vocabulary": 30,
      "awareness": 0,
      "settings": 24,
      "newtonian mechanics": 11,
      "broader domain": 3,
      "science natural": 22,
      "studying definitions": 29,
      "relationships neighboring": 17,
      "researchers practitioners": 19,
      "solve practical": 27,
      "vocabulary foundational": 31,
      "lagrangian": 6,
      "lagrangian mechanics": 7,
      "hamiltonian": 4,
      "hamiltonian mechanics": 5,
      "rsx": 20,
      "rad": 13,
      "seq": 23,
      "sex": 25,
      "marker": 8,
      "radsex": 15,
      "posterior": 12,
      "bayes": 1,
      "rad seq": 14
    },
    "idf": [
      1.2231435513142097,
      1.916290731874155,
      1.2231435513142097,
      1.2231435513142097,
      1.916290731874155,
      1.916290731874155,
      1.916290731874155,
      1.916290731874155,
      1.916290731874155,
      1.2231435513142097,
      1.916290731874155,
      1.916290731874155,
      1.916290731874155,
      1.916290731874155,
      1.916290731874155,
      1.916290731874155,
      1.2231435513142097,
      1.2231435513142097,
      1.2231435513142097,
      1.2231435513142097,
      1.916290731874155,
      1.2231435513142097,
      1.2231435513142097,
      1.916290731874155,
      1.2231435513142097,
      1.916290731874155,
      1.2231435513142097,
      1.2231435513142097,
      1.2231435513142097,
      1.2231435513142097,
      1.2231435513142097,
      1.2231435513142097
    ]
  },
  "scope": "classical_mechanics",
  "grade": "preschool"
}