{
  "layer_sizes": [
    32,
    16,
    4
  ],
  "learning_rate": 0.3,
  "seed": 42,
  "output_activation": "softmax",
  "weights": [
    [
      [
        0.11449272302503356,
        -0.23768074135200135,
        0.2234795785757878,
        0.22065507709334933,
        -0.39565990192261086,
        -0.3346096734250587,
        0.027233162922036307,
        -0.10748323368092105,
        -0.004200289376072199,
        -0.18269953406004014,
        0.2970491044144821,
        0.231687059075289,
        0.029247592912496612,
        0.34224137556366235,
        0.13039229889516685,
        -0.21482311572080956
      ],
      [
        0.15418010063054083,
        -0.20323223446218736,
        0.2736933414910822,
        -0.04140276391729689,
        0.0864636846588363,
        -0.18505451666732722,
        0.2979061717837323,
        -0.0559603632364535,
        -0.10658026508376081,
        -0.03795560970891362,
        0.2497861020297006,
        0.14622387335048886,
        0.1239682257812629,
        0.19335272188025213,
        0.5807926812766913,
        -0.1016037540961539
      ],
      [
        -0.13935915093410922,
        -0.20344318206196943,
        0.07524475400522468,
        0.19196374458851778,
        -0.3374511665393283,
        -0.210039119240632,
        -0.2061203039228099,
        0.6653294585425238,
        0.19446600575830508,
        0.1376133558976024,
        -0.3306113497114254,
        -0.0459207377300785,
        0.028371839216920488,
        -0.17238394044413083,
        0.6193936956836456,
        0.05589888719367057
      ],
      [
        0.20804184385439944,
        0.03921005258034533,
        0.1081466292966695,
        0.14333595445518096,
        -0.27219005972306837,
        -0.0889826007988045,
        -0.12232010144298391,
        -0.1881420476558609,
        -0.06878556280667093,
        0.4042967756419538,
        -0.13925816822453566,
        0.2793086638659222,
        -0.40797752438175855,
        -0.023290183674789345,
        0.0542032296084069,
        0.14655558283981954
      ],
      [
        0.2161200980346395,
        0.22065209400810384,
        -0.05131448843793595,
        -0.1300740501705959,
        0.3065928655551368,
        -0.05689087792988288,
        -0.32364851870426553,
        -0.31174438909589575,
        -0.22986307150040283,
        0.15485163384679587,
        0.11280604471641646,
        0.20986041373499395,
        -0.094073243061941,
        0.10006599659083291,
        0.16991256182398964,
        -0.0773366349300596
      ],
      [
        0.15250726247577862,
        -0.14316620005854028,
        -0.054896682017094474,
        -0.10992057550403639,
        -0.20686101615641167,
        0.11267832348691628,
        -0.122077522920466,
        -0.025299055913103614,
        0.12018666472647724,
        0.14219424184084087,
        0.2435458879419717,
        0.012617704090696069,
        -0.09308465948884587,
        0.040501521095054595,
        -0.4083186451573521,
        -0.3617781181057718
      ],
      [
        -0.2923614500021748,
        -0.2269964216922479,
        0.13581033630503261,
        -0.24085586584446933,
        -0.002441743268999187,
        0.31574227773703717,
        -0.09379293063514152,
        0.15595630652174622,
        -0.23340442000246925,
        -0.020797941633552627,
        -0.16030590302887016,
        -0.04751919375708863,
        0.22281695288654152,
        -0.37139903197643304,
        0.12212087421861978,
        0.05943390058306947
      ],
      [
        -0.20331053019567802,
        -0.36151446359711364,
        -0.5850759923802294,
        -0.1323731772659506,
        0.03888635976231538,
        0.00546303638086072,
        0.37082207642774756,
        -0.5255070261155609,
        -0.25587437315546624,
        -0.05062901016880856,
        -0.11029704353999456,
        1.0875877454912692,
        0.2817990032091638,
        0.5201656964781104,
        0.9761677733436488,
        -0.2971907635807127
      ],
      [
        -0.12162443010101122,
        -0.2093287001432587,
        -0.061585671164768534,
        -0.35865763889353125,
        0.25088663194444943,
        -0.0646204709841725,
        -0.37242851149544953,
        -0.282317355896911,
        0.07837846186254882,
        0.24009308980695016,
        0.5763823336217218,
        0.7657046917198843,
        0.11634227684119167,
        -0.1869534561863117,
        -0.5194966068506713,
        0.06692786558595895
      ],
      [
        -0.16492182074115574,
        -0.08152402983679886,
        -0.11715742014077855,
        -0.049683823608550434,
        0.35859395293775914,
        0.030197345151856993,
        -0.044385647129457105,
        -0.2873360238014785,
        -0.41867073617608924,
        -0.09101552943497791,
        0.06375397299419501,
        0.47922155361302265,
        0.04530854889041407,
        0.30611595157741855,
        -0.11130893630263256,
        -0.29623594160425615
      ],
      [
        -0.20296573747166724,
        -0.15899123092581577,
        0.5679842127329641,
        -0.21983277181055066,
        0.30172119617493454,
        -0.23479659123123575,
        0.22816631534877596,
        0.0678151559314403,
        -0.0391594744145226,
        0.020370816299496358,
        -0.08649731315857247,
        0.14875712558857204,
        -0.10100595156300243,
        -0.24597036712015788,
        -0.30596943024774953,
        0.04314697943052987
      ],
      [
        0.3884958870658174,
        0.03999790339335956,
        -0.07340963799338691,
        0.02130135234968845,
        0.15485360091247877,
        0.054845625340964085,
        -0.10273180770843429,
        0.5558395450629436,
        0.11199603348065038,
        0.38495276956638896,
        -0.04543245896633003,
        -0.36387340709499105,
        -0.3424840292937838,
        0.2865897110431545,
        0.6539922641939339,
        -0.04487980332065016
      ],
      [
        -0.06512818407125312,
        0.3836052809330817,
        -0.2520040968694712,
        -0.24075970331543206,
        0.2182140925538561,
        -0.10606234599806834,
        -0.005145048122405489,
        -0.03495139122910385,
        0.08489532765674938,
        0.3769622570909548,
        0.07623929209589872,
        0.18540217148779745,
        -0.5021736705538707,
        0.024061508034655326,
        -0.17647615460968125,
        -0.304703265105907
      ],
      [
        -0.18886944551944393,
        -0.06528665230267183,
        0.253732959230404,
        -0.34867612801136644,
        0.06504026703019938,
        -0.12845342361656556,
        -0.08578285503287789,
        0.25659878972817546,
        0.13503054970799747,
        0.35944131862321155,
        0.014966645557987216,
        -0.14956817974909278,
        -0.04559534951623981,
        0.09686530633499019,
        0.07847475257696436,
        -0.27109701805834163
      ],
      [
        -0.3511072690377046,
        -0.24720000087788918,
        0.6482360268026034,
        0.3784300405550822,
        0.2951544583509577,
        -0.07184584038729402,
        -0.3658605004592508,
        -0.49931395091489345,
        0.07890125089758512,
        0.8233331879022153,
        0.8742447855071533,
        -0.6906502851761444,
        -0.5368222574346637,
        0.039646195194135606,
        -0.39517537395511854,
        -0.13235985684151844
      ],
      [
        -0.18920166051358184,
        -0.00532143069060807,
        -0.4192408930792202,
        -0.38907387090644036,
        0.5717796841067083,
        -0.32926671060167867,
        -0.27806097605604757,
        0.49428437500565425,
        0.7272701732241336,
        -0.26769405983190253,
        -0.047991848726984,
        0.10377844998140676,
        0.4424974023307875,
        -0.22363841518378644,
        -0.0037060036539933033,
        0.194334394015436
      ],
      [
        0.18531842478950608,
        -0.04940844739127993,
        0.03827781811933667,
