{
  "labels": [
    "Conservatism",
    "Liberalism",
    "Socialism",
    "research"
  ],
  "feature_extractor": {
    "max_features": 32,
    "vocabulary": {
      "liberalism": 14,
      "core": 10,
      "concept": 5,
      "analysis": 1,
      "political": 18,
      "philosophy": 16,
      "understanding": 29,
      "requires": 25,
      "key": 13,
      "relationships": 23,
      "researchers": 26,
      "experiments": 12,
      "vocabulary": 30,
      "models": 15,
      "common": 3,
      "contemporary": 8,
      "academic": 0,
      "concept ideology": 6,
      "political philosophy": 20,
      "philosophy understanding": 17,
      "relationships neighboring": 24,
      "researchers practitioners": 27,
      "vocabulary foundational": 31,
      "common techniques": 4,
      "questions contemporary": 22,
      "contemporary applications": 9,
      "conservatism": 7,
      "socialism": 28,
      "prism": 21,
      "bias": 2,
      "embedding": 11,
      "political bias": 19
    },
    "idf": [
      1.2231435513142097,
      1.0,
      1.916290731874155,
      1.2231435513142097,
      1.2231435513142097,
      1.2231435513142097,
      1.2231435513142097,
      1.916290731874155,
      1.2231435513142097,
      1.2231435513142097,
      1.2231435513142097,
      1.916290731874155,
      1.0,
      1.0,
      1.916290731874155,
      1.0,
      1.2231435513142097,
      1.2231435513142097,
      1.0,
      1.916290731874155,
      1.2231435513142097,
      1.916290731874155,
      1.2231435513142097,
      1.2231435513142097,
      1.2231435513142097,
      1.2231435513142097,
      1.2231435513142097,
      1.2231435513142097,
      1.916290731874155,
      1.0,
      1.2231435513142097,
      1.2231435513142097
    ]
  },
  "scope": "ideology_analysis",
  "grade": "preschool"
}