{
  "layer_sizes": [
    32,
    16,
    3
  ],
  "learning_rate": 0.3,
  "seed": 42,
  "output_activation": "softmax",
  "weights": [
    [
      [
        0.19758640962421384,
        -0.2599960265601239,
        0.4249852124475658,
        0.19608217238395728,
        -0.4983510116138721,
        -0.3255448767155795,
        0.03196010079182134,
        -0.07906064808589555,
        -0.004200289376072199,
        0.2765789587854362,
        -0.04391763005406012,
        0.10966320390274444,
        0.01650767439030401,
        0.2540250233714936,
        0.5141972578908945,
        -0.23348595860494356
      ],
      [
        0.1051308808009312,
        -0.24198404539093976,
        0.2546918701593986,
        -0.022378799861363763,
        -0.032944568932359954,
        -0.17023238610098534,
        0.30563533466850756,
        -0.03863237051720054,
        -0.1070819555407768,
        -0.0521898954333208,
        0.15830729840834468,
        0.1071389410167003,
        0.1031831528989971,
        0.10360264250126243,
        0.5646479139642292,
        -0.07488662478078781
      ],
      [
        -0.11511749748757788,
        -0.20570657724565947,
        0.1890741504764547,
        0.2723457510654222,
        -0.015215842459763589,
        -0.210039119240632,
        -0.2061203039228099,
        0.16264819695617527,
        0.18581354280086057,
        0.17163205926503539,
        -0.14114742480216608,
        0.07381825569236065,
        0.029171452285182056,
        0.05056954093154498,
        0.24709320823366118,
        0.08261601650903666
      ],
      [
        0.29113553045357976,
        0.016894767372222865,
        0.3096522631684475,
        0.11876304974578893,
        -0.3748811694143296,
        -0.07991780408932533,
        -0.11759316357319888,
        -0.15971946206083548,
        -0.06878556280667093,
        0.8635752684874306,
        -0.480224902693078,
        0.15728480869337744,
        -0.4207174429039512,
        -0.11150653586695833,
        0.43800818860413443,
        0.12789273995568554
      ],
      [
        0.2992137846338198,
        0.1983368087999813,
        0.150191145433842,
        -0.15464695487998797,
        0.20390175586387552,
        -0.04782608122040372,
        -0.31892158083448047,
        -0.28332180350087016,
        -0.22986307150040283,
        0.6141301266922723,
        -0.22816068975212597,
        0.08783655856244937,
        -0.10681316158413356,
        0.011849644398663955,
        0.5537175208197171,
        -0.09599947781419364
      ],
      [
        0.1271369941696594,
        -0.16774488045035285,
        -0.05568416680868719,
        -0.10533179561438283,
        -0.28568888944330445,
        0.12174312019639545,
        -0.11735058505068097,
        0.0031235296819218574,
        0.12018666472647724,
        0.1474762861962226,
        0.19157627926320406,
        -0.008843446201675187,
        -0.10582457801103844,
        -0.024032160977308016,
        -0.39259759474289374,
        -0.33506098879040563
      ],
      [
        -0.3177317183082939,
        -0.2515751020840605,
        0.13502285151343998,
        -0.2362670859548157,
        -0.08126961655589224,
        0.32480707444651635,
        -0.08906599276535648,
        0.18437889211677164,
        -0.23340442000246925,
        -0.015515897278170923,
        -0.2122755117076378,
        -0.06898034404945991,
        0.21007703436434888,
        -0.4359327140487954,
        0.13784192463307804,
        0.08615102989843557
      ],
      [
        -0.13559430414389215,
        -0.3637778587808037,
        0.053111671761048126,
        -0.1422704993807511,
        0.07144007479263116,
        0.00546303638086072,
        0.40044472283022886,
        -0.05983890686825607,
        -0.25587437315546624,
        0.08066240092781563,
        0.08022917301294874,
        0.3555748187357899,
        0.20877781147864463,
        0.08511515653666908,
        0.3950617365515042,
        -0.27047363426534654
      ],
      [
        -0.14699469840713048,
        -0.23390738053507126,
        -0.06237315595636127,
        -0.3540688590038779,
        0.17205875865755627,
        -0.055555674274693344,
        -0.36770157362566447,
        -0.2538947703018854,
        0.07837846186254882,
        0.24537513416233192,
        0.5244127249429541,
        0.7442435414275134,
        0.1036023583189991,
        -0.2514871382586743,
        -0.5037755564362134,
        0.09364499490132504
      ],
      [
        -0.19029208904727504,
        -0.10610271022861138,
        -0.11794490493237132,
        -0.04509504371889686,
        0.27976607965086636,
        0.039262141861336156,
        -0.039658709259672076,
        -0.2589134382064529,
        -0.41867073617608924,
        -0.08573348507959613,
        0.011784364315427327,
        0.4577604033206515,
        0.03256863036822146,
        0.24158226950505612,
        -0.09558788588817417,
        -0.26951881228888996
      ],
      [
        -0.2283360057777865,
        -0.18356991131762834,
        0.5671967279413724,
        -0.21524399192089702,
        0.22289332288804142,
        -0.2257317945217566,
        0.23289325321856102,
        0.09623774152646579,
        -0.0391594744145226,
        0.025652860654878075,
        -0.1384669218373401,
        0.12729597529620085,
        -0.113745870085195,
        -0.3105040491925203,
        -0.2902483798332911,
        0.06986410874589596
      ],
      [
        0.40771599888291543,
        0.03773450820966951,
        0.005419713305110087,
        0.06155921278583518,
        0.33977145738066167,
        0.054845625340964085,
        -0.10273180770843429,
        0.2765721775149722,
        0.10718910961540337,
        0.41978249018773456,
        0.07103861132548396,
        -0.29033933300444437,
        -0.34203979981141625,
        0.40862937480710415,
        0.460152443942438,
        -0.018162674005284072
      ],
      [
        -0.08285364550369044,
        0.3630976778768605,
        -0.2416821256782912,
        -0.2335790768537571,
        0.1741027206262163,
        -0.0986512807148974,
        -0.001280466680017824,
        -0.040860724631128144,
        0.08439363719973339,
        0.38771395751716575,
        0.04787622874544383,
        0.17676262324489517,
        -0.5125430252577556,
        -0.01628220873323774,
        -0.18157155382660406,
        -0.2779861357905408
      ],
      [
        -0.20659490695188124,
        -0.08579425535889307,
        0.2640549304215838,
        -0.3414955015496917,
        0.020928895102559554,
        -0.12104235833339462,
        -0.08191827359049021,
        0.25068945632615103,
        0.13452885925098151,
        0.3701930190494225,
        -0.013396417792467656,
        -0.15820772799199506,
        -0.05596470422012488,
        0.056521589567097144,
        0.0733793533600416,
        -0.2443798887429755
      ],
      [
        0.03556563018727503,
        0.054793687351036235,
        0.6644478042160614,
        0.4593138307056168,
        -0.20003981568574983,
        -0.07184584038729402,
        -0.3658605004592508,
        -0.14767675349087162,
        0.07890125089758512,
        0.33730689741079495,
        -0.15704095741589463,
        -0.14775868509126844,
        -0.5368222574346637,
        -0.04476908838693517,
        -0.23636758921827708,
        -0.10564272752615235
      ],
      [
        -0.2062720097615906,
        -0.025829033746829298,
        -0.40435280300657733,
        -0.37665863346254835,
        0.5455827999610299,
        -0.32185564531850774,
        -0.2741963946136599,
        0.4592283820803285,
        0.7262667923101017,
        -0.25704816501759886,
        -0.06683223717700021,
        0.1011668126608081,
        0.4321744111013981,
        -0.25081687785776763,
        -0.03208344773891368,
        0.2210515233308021
      ],
      [
        0.12163470339696116,
        -0.09630241299121486,
        0.0016235537035704387,
