{
  "layer_sizes": [
    32,
    16,
    4
  ],
  "learning_rate": 0.3,
  "seed": 42,
  "output_activation": "softmax",
  "weights": [
    [
      [
        0.07617926993860784,
        -0.2667698206476881,
        0.2578999554307338,
        0.27238568238256305,
        -0.4387783587645116,
        -0.37007912592088926,
        0.03196010079182134,
        -0.07045481950070838,
        -0.004200289376072199,
        -0.21576082475316763,
        0.2868657314005995,
        0.19674702846681355,
        0.03730034369966417,
        0.316358933418816,
        0.11361899437563537,
        -0.21482311572080956
      ],
      [
        0.09218769602062471,
        -0.24649444429481382,
        0.28989973180593753,
        0.024763025538196384,
        0.0027648475126324764,
        -0.2147666353062951,
        0.30563533466850756,
        -0.03002654193201337,
        -0.1070819555407768,
        -0.09053323048183003,
        0.2000935340732296,
        0.09366006070059603,
        0.1239758222083573,
        0.14225388242877857,
        0.5321535590302393,
        -0.1016037540961539
      ],
      [
        -0.05887543829058349,
        -0.08242783399937734,
        0.10528378573662583,
        0.23483982500104864,
        -0.2823889538524434,
        0.6077632927531211,
        -0.2061203039228099,
        0.4143766777170653,
        0.07851526059267928,
        0.13578856707629874,
        -0.4328428867451229,
        0.03864735039369813,
        -0.015699680473991923,
        -0.09342196976477607,
        0.21785719448704746,
        0.05589888719367057
      ],
      [
        0.16972839076797372,
        0.01012097328465875,
        0.14256700615161547,
        0.19506655974439469,
        -0.3153085165649691,
        -0.12445205329463499,
        -0.11759316357319888,
        -0.15111363347564835,
        -0.06878556280667093,
        0.3712354849488264,
        -0.14944154123841835,
        0.2443686332574467,
        -0.39992477359459117,
        -0.04917262581963589,
        0.03742992508887537,
        0.14655558283981954
      ],
      [
        0.17780664494821374,
        0.1915630147124172,
        -0.016894111582989958,
        -0.07834344488138226,
        0.263474408713236,
        -0.09236033042571337,
        -0.31892158083448047,
        -0.27471597491568295,
        -0.22986307150040283,
        0.12179034315366838,
        0.1026226717025338,
        0.17492038312651856,
        -0.08602049227477336,
        0.0741835544459863,
        0.15313925730445815,
        -0.0773366349300596
      ],
      [
        0.11419380938935286,
        -0.1722552793542269,
        -0.020476305162148507,
        -0.0581899702148227,
        -0.2499794729983124,
        0.07720887099108578,
        -0.11735058505068097,
        0.011729358267109026,
        0.12018666472647724,
        0.10913295114771339,
        0.23336251492808902,
        -0.02232232651777942,
        -0.08503190870167823,
        0.014619078950208024,
        -0.4250919496768835,
        -0.3617781181057718
      ],
      [
        -0.3306749030886006,
        -0.25608550098793476,
        0.17023071315997854,
        -0.1891252605552556,
        -0.04556020011089981,
        0.2802728252412066,
        -0.08906599276535648,
        0.19298472070195877,
        -0.23340442000246925,
        -0.053859232326680086,
        -0.17048927604275288,
        -0.08245922436556417,
        0.23086970367370901,
        -0.3972814741212794,
        0.1053475696990883,
        0.05943390058306947
      ],
      [
        -0.1485374889241986,
        -0.3682882576846779,
        0.08831953340758679,
        -0.09512867398119108,
        0.10714949123762361,
        -0.03907121282444897,
        0.40044472283022886,
        -0.0512330782830689,
        -0.25587437315546624,
        0.04231906587930646,
        0.1220154086778338,
        0.3420959384196857,
        0.22957048078800477,
        0.12376639646418512,
        0.3625673816175144,
        -0.2971907635807127
      ],
      [
        -0.15993788318743693,
        -0.23841777943894532,
        -0.027165294309822532,
        -0.30692703360431756,
        0.20776817510254883,
        -0.100089923480003,
        -0.36770157362566447,
        -0.2452889417166985,
        0.07837846186254882,
        0.20703179911382266,
        0.5661989606078391,
        0.730764661111409,
        0.1243950276283593,
        -0.21283589833115818,
        -0.5362699113702033,
        0.06692786558595895
      ],
      [
        -0.2032352738275815,
        -0.11061310913248543,
        -0.0827370432858326,
        0.002046781680663283,
        0.3154754960958584,
        -0.005272107343973551,
        -0.039658709259672076,
        -0.2503076096212657,
        -0.41867073617608924,
        -0.1240768201281054,
        0.05357059998031232,
        0.4442815230045473,
        0.05336129967758161,
        0.28023350943257214,
        -0.12808224082216405,
        -0.29623594160425615
      ],
      [
        -0.24127919055809297,
        -0.3858695139714264,
        0.3685171761431102,
        -0.6006203623507839,
        0.8461569441345117,
        -0.007905228071986957,
        0.23289325321856102,
        0.19158770251938118,
        -0.0391594744145226,
        -0.010190631533858506,
        0.43160004278698,
        -0.006589608829789511,
        -0.113745870085195,
        0.009425960188288417,
        -0.3194843935799048,
        0.04314697943052987
      ],
      [
        0.3947728141026087,
        0.033224109305795425,
        0.040627574951648815,
        0.10870103818539525,
        0.3754808738256537,
        0.01031137613565439,
        -0.10273180770843429,
        0.2851780061001594,
        0.10718910961540337,
        0.38143915513922544,
        0.11282484699036902,
        -0.3038182133205485,
        -0.3212471305020562,
        0.44728061473462016,
        0.4276580890084482,
        -0.04487980332065016
      ],
      [
        -0.09579683028399694,
        0.3585872789729863,
        -0.2064742640317526,
        -0.186437251454197,
        0.20981213707120885,
        -0.14318552992020714,
        -0.001280466680017824,
        -0.03225489604594098,
        0.08439363719973339,
        0.34937062246865663,
        0.08966246441032887,
        0.16328374292879097,
        -0.49175035594839533,
        0.022369031194278313,
        -0.2140659087605938,
        -0.304703265105907
      ],
      [
        -0.2195380917321877,
        -0.09030465426276711,
        0.2992627920681227,
        -0.29435367615013136,
        0.05663831154755197,
        -0.16557660753870435,
        -0.08191827359049021,
        0.2592952849113384,
        0.13452885925098151,
        0.33184968400091336,
        0.02838981787241734,
        -0.17168660830809926,
        -0.03517203491076473,
        0.09517282949461318,
        0.04088499842605173,
        -0.27109701805834163
      ],
      [
        0.031648378010321096,
        0.06730676922956005,
        0.6804780011330686,
        0.49347672936310305,
        -0.2063902806016965,
        -0.001564701082504053,
        -0.3658605004592508,
        -0.10780033370888524,
        0.06490307718319752,
        0.2994196198813379,
        -0.1622439766567106,
        -0.16418700581915632,
        -0.5256767924602445,
        -0.03174112364665974,
        -0.2682675103892279,
        -0.13235985684151844
      ],
      [
        -0.21921519454189706,
        -0.030339432650703355,
        -0.3691449413600384,
        -0.329516808062988,
        0.5812922164060219,
        -0.3663898945238175,
        -0.2741963946136599,
        0.4678342106655157,
        0.7262667923101017,
        -0.295391500066108,
        -0.025046001512115154,
        0.08768793234470383,
        0.4529670804107581,
        -0.2121656379302515,
        -0.06457780267290347,
        0.194334394015436
      ],
      [
        0.10869151861665466,
        0.07302953422297336,
        -0.25093564251138917,
        -0.29060080525928433,
