{
  "layer_sizes": [
    32,
    16,
    4
  ],
  "learning_rate": 0.3,
  "seed": 42,
  "output_activation": "softmax",
  "weights": [
    [
      [
        0.07617926993860784,
        -0.2599960265601239,
        0.4354756389505383,
        0.16290355296849174,
        -0.6399873393085752,
        -0.3255448767155795,
        0.03196010079182134,
        -0.12935990574508488,
        -0.07874080965780601,
        -0.11904139545900741,
        0.20205396998371478,
        0.24350043067624502,
        -0.054463435765942786,
        0.20859284659632113,
        0.27901295373288015,
        -0.21482311572080956
      ],
      [
        0.09218769602062471,
        -0.23183404512648603,
        0.1780542644648322,
        0.026539208819045763,
        0.059541822956424,
        -0.17393140083595202,
        0.2963120581343581,
        -0.006184787729909512,
        -0.059995969284342435,
        -0.07315566078735929,
        0.2059495272128549,
        0.08059278668477486,
        0.16509769189320658,
        0.16717200280782554,
        0.5064883639772229,
        -0.1016037540961539
      ],
      [
        -0.12806068226788433,
        -0.19555657698120574,
        0.11243654478188794,
        0.3212637597458317,
        0.0772705494290204,
        -0.21373813397559868,
        -0.2154435804569593,
        0.19509577974346634,
        0.23289952905729497,
        0.15066629391099692,
        -0.09350519599765587,
        0.047272101360435234,
        0.0910859912793916,
        0.11413890123810821,
        0.18893365824665495,
        0.05589888719367057
      ],
      [
        0.16972839076797372,
        0.02478137245298651,
        0.03072153881051005,
        0.19684274302524415,
        -0.2585315411211773,
        -0.08361681882429198,
        -0.12691644010734832,
        -0.1272718792735444,
        -0.0216995765502365,
        0.3886130546432972,
        -0.1435855480987931,
        0.23130135924162545,
        -0.3588029039097417,
        -0.02425450544058879,
        0.011764730035858866,
        0.14655558283981954
      ],
      [
        0.17780664494821374,
        0.206223413880745,
        -0.12873957892409535,
        -0.07656726160053283,
        0.3202513841570277,
        -0.0515250959553704,
        -0.3282448573686299,
        -0.25087422071357923,
        -0.18277708524396843,
        0.1391679128481392,
        0.10847866484215904,
        0.1618531091106973,
        -0.04489862258992408,
        0.09910167482503357,
        0.12747406225144167,
        -0.0773366349300596
      ],
      [
        0.11419380938935286,
        -0.15759488018589912,
        -0.13232177250325394,
        -0.056413786933973295,
        -0.1932024975545207,
        0.11804410546142881,
        -0.1266738615848304,
        0.035571112469212886,
        0.1672726509829117,
        0.1265105208421842,
        0.23921850806771428,
        -0.03538960053360061,
        -0.04391003901682895,
        0.03953719932925522,
        -0.4507571447299001,
        -0.3617781181057718
      ],
      [
        -0.3306749030886006,
        -0.24142510181960675,
        0.05838524581887316,
        -0.1873490772744061,
        0.011216775332891726,
        0.3211080597115497,
        -0.09838926929950591,
        0.2168264749040627,
        -0.18631843374603485,
        -0.036481662632209415,
        -0.1646332829031276,
        -0.09552649838138534,
        0.27199157335855834,
        -0.37236335374223223,
        0.0796823746460718,
        0.05943390058306947
      ],
      [
        -0.1485374889241986,
        -0.19399980759417781,
        0.4745302708646576,
        0.12425855138454552,
        0.0012390481076609275,
        0.00546303638086072,
        0.34293358888680303,
        0.3895973717788736,
        -0.08948894707891343,
        -0.08874531498691471,
        -0.20108012481302492,
        0.44741612044560847,
        0.6335162354476368,
        -0.0948504455056107,
        0.15477202425894587,
        -0.2971907635807127
      ],
      [
        -0.15993788318743693,
        -0.22375738027061753,
        -0.13901076165092796,
        -0.3051508503234684,
        0.2645451505463402,
        -0.05925468900966002,
        -0.3770248501598139,
        -0.22144718751459447,
        0.1254644481189832,
        0.22440936880829346,
        0.5720549537474646,
        0.7176973870955881,
        0.16551689731320854,
        -0.18791777795211118,
        -0.5619351064232198,
        0.06692786558595895
      ],
      [
        -0.2032352738275815,
        -0.09595270996415775,
        -0.19458251062693793,
        0.0038229649615126727,
        0.3722524715396502,
        0.03556312712636948,
        -0.04898198579382149,
        -0.22646585541916192,
        -0.37158474991965473,
        -0.10669925043363461,
        0.059426593119937546,
        0.4312142489887261,
        0.09448316936243101,
        0.3051516298116193,
        -0.15374743587518053,
        -0.29623594160425615
      ],
      [
        -0.24127919055809297,
        -0.180393217761398,
        0.1479133978290487,
        0.38714862587891674,
        0.3760882977654159,
        -0.24891268002310732,
        0.23197752992550294,
        -0.28028452537264265,
        0.06199664578469571,
        0.16571825302569143,
        -0.5289379960129644,
        0.05604898108977339,
        -0.26540732613924306,
        0.05192168926623926,
        -0.2896879297091149,
        0.04314697943052987
      ],
      [
        0.3947728141026087,
        0.04091120176589987,
        -0.41386361680721295,
        0.6639518305856488,
        0.49296643225803594,
        0.03166473983961337,
        -0.10364753100149238,
        -0.09995008938413648,
        0.2083452298146217,
        0.5598478825585484,
        -0.3194324628501401,
        -0.36158632721087175,
        -0.4937012558654642,
        0.771055113265864,
        0.4607128940666142,
        -0.04487980332065016
      ],
      [
        -0.09579683028399694,
        0.37180888948593244,
        -0.2784017846736012,
        -0.20120393414251125,
        0.22743552217185248,
        -0.10167546763963918,
        -0.008902856156814722,
        -0.020894759386039446,
        0.11316493234858715,
        0.3763259040930735,
        0.07990243976658756,
        0.15858036560353192,
        -0.4711827500314304,
        0.02688638952889009,
        -0.21330218075837162,
        -0.304703265105907
      ],
      [
        -0.2195380917321877,
        -0.20253525112353854,
        -0.10375472163411481,
        -0.9361914205142954,
        0.560879581912002,
        -0.12104235833339462,
        -0.08191827359049021,
        0.38111707884565876,
        0.1620644982080011,
        0.38524020218715666,
        1.0393676734529813,
        -0.29361785908905336,
        0.0589626863570634,
        0.25903391140991594,
        0.04414333961342776,
        -0.27109701805834163
      ],
      [
        0.022622445406968554,
        0.057057082534726286,
        0.9391970593821357,
        0.378914120158778,
        -0.40359651532110014,
        -0.07184584038729402,
        -0.3658605004592508,
        -0.21055082556485824,
        -0.014274399454582127,
        0.41923788826504305,
        -0.2045153641008926,
        -0.10222105149318919,
        -0.6255361451299722,
        -0.13218829906833568,
        -0.0629340802525549,
        -0.13235985684151844
      ],
      [
        -0.21921519454189706,
        -0.01067000571237558,
        -0.4750491042507335,
        -0.31238152264323915,
        0.6853792171052664,
        -0.32790401916799133,
        -0.2894411735672537,
        0.5057223723903634,
        0.7935339665451369,
        -0.25627270188738915,
        0.024771797515142698,
        0.07418082188879578,
        0.5241538789218267,
        -0.1590303132155196,
        -0.08746096076946794,
        0.194334394015436
      ],
      [
        0.10869151861665466,
        -0.08759120138214295,
        -0.0350961052917395,
        -0.32124613149604986,
