{
  "labels": [
    "Comparative Linguistics",
    "Etymology",
    "Language Change",
    "research"
  ],
  "feature_extractor": {
    "max_features": 32,
    "vocabulary": {
      "comparative": 10,
      "linguistics": 19,
      "historical": 15,
      "broader": 5,
      "domain": 12,
      "studying": 25,
      "apply": 2,
      "solve": 22,
      "theoretical": 30,
      "common": 8,
      "techniques": 28,
      "awareness": 3,
      "applications": 1,
      "settings": 21,
      "comparative linguistics": 11,
      "historical linguistics": 16,
      "broader domain": 6,
      "studying definitions": 26,
      "solve practical": 23,
      "theoretical frameworks": 31,
      "common techniques": 9,
      "techniques awareness": 29,
      "awareness open": 4,
      "language": 17,
      "change": 7,
      "language change": 18,
      "etymology": 13,
      "llm": 20,
      "symbolic": 27,
      "solvers": 24,
      "hard": 14,
      "accuracy": 0
    },
    "idf": [
      1.916290731874155,
      1.2231435513142097,
      1.2231435513142097,
      1.2231435513142097,
      1.2231435513142097,
      1.2231435513142097,
      1.2231435513142097,
      1.916290731874155,
      1.2231435513142097,
      1.2231435513142097,
      1.916290731874155,
      1.916290731874155,
      1.0,
      1.916290731874155,
      1.916290731874155,
      1.0,
      1.0,
      1.5108256237659907,
      1.916290731874155,
      1.0,
      1.916290731874155,
      1.2231435513142097,
      1.0,
      1.2231435513142097,
      1.916290731874155,
      1.2231435513142097,
      1.2231435513142097,
      1.916290731874155,
      1.2231435513142097,
      1.2231435513142097,
      1.2231435513142097,
      1.2231435513142097
    ]
  },
  "scope": "historical_linguistics",
  "grade": "preschool"
}