{
  "layer_sizes": [
    32,
    16,
    4
  ],
  "learning_rate": 0.3,
  "seed": 42,
  "output_activation": "softmax",
  "weights": [
    [
      [
        0.07617926993860784,
        -0.2918813569252957,
        0.2126689250670289,
        0.3664525660408219,
        -0.44415426132665137,
        -0.3255448767155795,
        0.03196010079182134,
        -0.09050587546039386,
        0.048290027842287496,
        -0.15378123680869019,
        0.21604543422325134,
        0.25838373355752153,
        0.030083223193004965,
        0.28072867664441054,
        0.1168773355630114,
        -0.21909640745938205
      ],
      [
        0.09218769602062471,
        -0.2716059805724214,
        0.2446687014422327,
        0.11882990919645507,
        -0.002611055049507374,
        -0.17023238610098534,
        0.30563533466850756,
        -0.050077597891698904,
        -0.05459163832241714,
        -0.02855364253735246,
        0.12927323689588138,
        0.15529676579130397,
        0.11675870170169807,
        0.10662362565437299,
        0.5354119002176153,
        -0.10587704583472642
      ],
      [
        -0.12806068226788433,
        -0.4259343702989204,
        0.06701377980735693,
        0.07645301909458904,
        0.33225805994294416,
        -0.210039119240632,
        -0.2061203039228099,
        0.11130584794072099,
        0.1675899070226679,
        0.15917428590692065,
        0.3387109763258825,
        0.059982949709874285,
        0.029171452285182056,
        0.05467214918225324,
        0.21785719448704746,
        0.02911913809742637
      ],
      [
        0.16972839076797372,
        -0.20559642086472815,
        -0.014701226164020954,
        -0.047967997625998786,
        -0.0035440306072537014,
        -0.07991780408932533,
        -0.11759316357319888,
        -0.2110618110762897,
        -0.08700919858486356,
        0.39712104663922093,
        0.2886306242247454,
        0.24401220759106468,
        -0.4207174429039512,
        -0.08372125749644371,
        0.0406882662762514,
        0.11977583374357537
      ],
      [
        0.17780664494821374,
        0.34778179181896834,
        -0.09564783202624523,
        -0.0951896849049576,
        0.1612814406678471,
        -0.04782608122040372,
        -0.31892158083448047,
        -0.23544908137318465,
        -0.23979592667189178,
        0.14982461986388776,
        -0.02354836617682076,
        0.20591137531679438,
        -0.12288398507984825,
        0.026312401559577238,
        0.15639759849183418,
        -0.08083033093489977
      ],
      [
        0.11419380938935286,
        -0.19736681563183442,
        -0.06570733552585324,
        0.035876913443436,
        -0.2553553755604522,
        0.12174312019639545,
        -0.11735058505068097,
        -0.008321697692576478,
        0.17267698194483685,
        0.17111253909219085,
        0.16254221775074076,
        0.039314378572928445,
        -0.09224902920833747,
        -0.021011177824197452,
        -0.42183360848950746,
        -0.36605140984434437
      ],
      [
        -0.3306749030886006,
        -0.2811970372655422,
        0.12499968279627384,
        -0.09505837689699695,
        -0.05093610267303966,
        0.32480707444651635,
        -0.08906599276535648,
        0.17293366474227323,
        -0.18091410278410963,
        0.0081203556177974,
        -0.2413095732201011,
        -0.020822519274856236,
        0.2236525831670497,
        -0.43291173089568485,
        0.10860591088646433,
        0.05516060884449696
      ],
      [
        -0.1485374889241986,
        -0.39339979396228547,
        0.0430885030438821,
        -0.0010617903229323297,
        0.10177358867548376,
        0.00546303638086072,
        0.40044472283022886,
        -0.07128413424275436,
        -0.20338405593710654,
        0.10429865382378395,
        0.051195111500485564,
        0.4037326435103934,
        0.22235336028134542,
        0.08813613968977964,
        0.36582572280489045,
        -0.3014640553192853
      ],
      [
        -0.15993788318743693,
        -0.2635293157165528,
        -0.07239632467352729,
        -0.21286014994605876,
        0.2023922725404089,
        -0.055555674274693344,
        -0.36770157362566447,
        -0.2653399976763833,
        0.13086877908090847,
        0.26901138705830013,
        0.49537866343049086,
        0.7924013662021169,
        0.11717790712170006,
        -0.24846615510556372,
        -0.5330115701828273,
        0.06265457384738643
      ],
      [
        -0.2032352738275815,
        -0.135724645410093,
        -0.12796807364953744,
        0.09611366533892195,
        0.31009959353371863,
        0.039262141861336156,
        -0.039658709259672076,
        -0.2703586655809508,
        -0.3661804189577295,
        -0.062097232183627796,
        -0.01724969719703584,
        0.5059182280952548,
        0.046144179170922395,
        0.2446032526581667,
        -0.12482389963478802,
        -0.3005092333428287
      ],
      [
        -0.24127919055809297,
        -0.2131918464991099,
        0.5571735592242059,
        -0.07403528286307827,
        0.2532268367708939,
        -0.2257317945217566,
        0.23289325321856102,
        0.08479251415196748,
        0.013330842803837095,
        0.049289113550846385,
        -0.1675009833498034,
        0.17545380007080455,
        -0.10017032128249403,
        -0.3074830660394097,
        -0.3194843935799048,
        0.038873687691957357
      ],
      [
        0.3947728141026087,
        0.008112573028187917,
        -0.004603455412055928,
        0.20276792184365397,
        0.37010497126351394,
        0.054845625340964085,
        -0.10273180770843429,
        0.26512695014047427,
        0.15967942683376302,
        0.44341874308370277,
        0.042004549813020806,
        -0.24218150822984086,
        -0.3284642510087151,
        0.4116503579602147,
        0.43091643019582426,
        -0.049153095059222676
      ],
      [
        -0.09579683028399694,
        0.5856800566330718,
        -0.7275327340644989,
        0.30655874497457536,
        0.2091199591103761,
        -0.0986512807148974,
        -0.001280466680017824,
        -0.5754365368200616,
        0.17084934299467214,
        0.7998965390579584,
        -0.39304298654639347,
        0.7197356464140761,
        -0.5125430252577556,
        -0.012179600482529487,
        -0.21080756757321778,
        -0.304703265105907
      ],
      [
        -0.2195380917321877,
        0.06591412284378421,
        0.22050907162486752,
        -0.3111999161737066,
        -0.04555465649783697,
        -0.12104235833339462,
        -0.08191827359049021,
        0.29856217845383665,
        0.12459600407949255,
        0.35988396071113277,
        -0.0977812200069372,
        -0.14069561611782344,
        -0.07203552771583957,
        0.04730167660820408,
        0.04414333961342776,
        -0.27459071406318186
      ],
      [
        0.022622445406968554,
        -0.006713578195617007,
        0.6794807616143094,
        0.7318339267064544,
        -0.1261017659660895,
        -0.07184584038729402,
        -0.3658605004592508,
        -0.17056720823986823,
        0.1838818853343045,
        0.42042289539146804,
        -0.18987907842081356,
        -0.035665110616380384,
        -0.5096711598292615,
        -0.042829730331422296,
        -0.2656036029648908,
        -0.14090644031866348
      ],
      [
        -0.21921519454189706,
        -0.209470760366537,
        -0.17611772452052538,
        -0.3010316726652508,
        0.784750358641015,
        -0.32185564531850774,
        -0.2741963946136599,
        0.7218434786056247,
        0.833365009220538,
        -0.2944378203481726,
        0.3168426471447264,
        0.037199898689260984,
        0.4604991903560381,
        -0.2635739883808731,
        -0.061319461485527436,
        0.1628911299718742
      ],
      [
        0.10869151861665466,
        -0.3165302060444758,
        -0.12043681696552727,
