{
  "layer_sizes": [
    32,
    16,
    3
  ],
  "learning_rate": 0.3,
  "seed": 42,
  "output_activation": "softmax",
  "weights": [
    [
      [
        0.07370843753168081,
        -0.2660667798320231,
        0.22975944015078975,
        0.26604954097254874,
        -0.4880854281173682,
        -0.3266393339360484,
        0.03196010079182134,
        -0.08681030293435715,
        -0.004200289376072199,
        -0.1814660288245533,
        0.23742934301385238,
        0.2098912381725757,
        0.01650767439030401,
        0.3132645009777345,
        0.1168773355630114,
        -0.21482311572080956
      ],
      [
        0.08971686361369768,
        -0.24579140347914893,
        0.26175921652599365,
        0.018426884128182018,
        -0.046542221840224135,
        -0.1713268433214542,
        0.30563533466850756,
        -0.04638202536566215,
        -0.1070819555407768,
        -0.05623843455321572,
        0.15065714568648242,
        0.1068042704063582,
        0.1031831528989971,
        0.13915944998769705,
        0.5354119002176153,
        -0.1016037540961539
      ],
      [
        -0.13053151467481142,
        -0.20951393533386864,
        0.19614149684304935,
        0.313151435054968,
        -0.028813495367627763,
        -0.21113357646110087,
        -0.2061203039228099,
        0.15489854210771367,
        0.18581354280086057,
        0.16758352014514047,
        -0.14879757752402833,
        0.07348358508201858,
        0.029171452285182056,
        0.08612634841797967,
        0.21785719448704746,
        0.05589888719367057
      ],
      [
        0.16725755836104664,
        0.010824014100323652,
        0.11442649087167149,
        0.18873041833438034,
        -0.3646155859178257,
        -0.08101226130979419,
        -0.11759316357319888,
        -0.16746911690929708,
        -0.06878556280667093,
        0.4055302808774406,
        -0.19887792962516557,
        0.25751284296320864,
        -0.4207174429039512,
        -0.052267058260717314,
        0.0406882662762514,
        0.14655558283981954
      ],
      [
        0.17780664494821374,
        0.15722209365521642,
        -0.40395254226399074,
        -0.12329334990446605,
        0.49775032972979727,
        -0.04782608122040372,
        -0.31892158083448047,
        -0.28332180350087016,
        -0.22986307150040283,
        0.22269729360600615,
        0.12594207705054325,
        -0.15672170598185045,
        -0.10681316158413356,
        0.6377646753237072,
        0.15639759849183418,
        -0.0773366349300596
      ],
      [
        0.09936881494779022,
        -0.17762299181046123,
        0.15207529219745927,
        -0.2907557778469185,
        -0.29961317330507786,
        0.11955420575545772,
        -0.11735058505068097,
        -0.012375780015001354,
        0.12018666472647724,
        0.3390258479630802,
        0.32817261867522896,
        0.27096202234969796,
        -0.10582457801103844,
        -0.10890197940526225,
        -0.42183360848950746,
        -0.3617781181057718
      ],
      [
        -0.33314573549552806,
        -0.2553824601722696,
        0.1420901978800346,
        -0.19546140196526995,
        -0.0948672694637564,
        0.3237126172260475,
        -0.08906599276535648,
        0.17662923726831004,
        -0.23340442000246925,
        -0.019564436398065838,
        -0.21992566442950007,
        -0.069315014659802,
        0.21007703436434888,
        -0.4003759065623609,
        0.10860591088646433,
        0.05943390058306947
      ],
      [
        -0.15100832133112568,
        -0.36758521686901285,
        0.060179018127642855,
        -0.1014648153912053,
        0.057842421884767,
        0.004368579160391857,
        0.40044472283022886,
        -0.06758856171671768,
        -0.25587437315546624,
        0.07661386180792072,
        0.07257902029108657,
        0.3552401481254475,
        0.20877781147864463,
        0.12067196402310378,
        0.36582572280489045,
        -0.2971907635807127
      ],
      [
        -0.162408715594364,
        -0.23771473862328044,
        -0.05530580958976655,
        -0.3132631750143321,
        0.1584611057496921,
        -0.05665013149516221,
        -0.36770157362566447,
        -0.261644425150347,
        0.07837846186254882,
        0.241326595042437,
        0.516762572221092,
        0.7439088708171712,
        0.1036023583189991,
        -0.21593033077223966,
        -0.5330115701828273,
        0.06692786558595895
      ],
      [
        -0.20570610623450858,
        -0.10991006831682054,
        -0.11087755856577655,
        -0.004289359729351077,
        0.2661684267430018,
        0.03816768464086729,
        -0.039658709259672076,
        -0.26666309305491454,
        -0.41867073617608924,
        -0.08978202419949108,
        0.00413421159356514,
        0.4574257327103091,
        0.03256863036822146,
        0.27713907699149065,
        -0.12482389963478802,
        -0.29623594160425615
      ],
      [
        -0.24375002296502005,
        -0.18737726940583752,
        0.5742640743079667,
        -0.1744383079313513,
        0.20929566998017726,
        -0.22682625174222545,
        0.23289325321856102,
        0.08848808667800417,
        -0.0391594744145226,
        0.021604321534983158,
        -0.14611707455920236,
        0.12696130468585873,
        -0.113745870085195,
        -0.27494724170608575,
        -0.3194843935799048,
        0.04314697943052987
      ],
      [
        0.39230198169568126,
        0.033927150121460345,
        0.012487059671704832,
        0.10236489677538096,
        0.3261738044727971,
        0.05375116812049522,
        -0.10273180770843429,
        0.2688225226665106,
        0.10718910961540337,
        0.4157339510678396,
        0.0633884586036218,
        -0.2906740036147867,
        -0.34203979981141625,
        0.4441861822935387,
        0.43091643019582426,
        -0.04487980332065016
      ],
      [
        -0.09826766269092396,
        0.35929031978865134,
        -0.23461477931169655,
        -0.19277339286421136,
        0.16050506771835213,
        -0.09974573793536626,
        -0.001280466680017824,
        -0.04861037947958975,
        0.08439363719973339,
        0.38366541839727075,
        0.04022607602358165,
        0.1764279526345531,
        -0.5125430252577556,
        0.019274598753196894,
        -0.21080756757321778,
        -0.304703265105907
      ],
      [
        -0.22200892413911477,
        -0.08960161344710223,
        0.2711222767881788,
        -0.3006898175601459,
        0.007331242194695395,
        -0.12213681555386348,
        -0.08191827359049021,
        0.24293980147768943,
        0.13452885925098151,
        0.3661444799295275,
        -0.021046570514329847,
        -0.15854239860233713,
        -0.05596470422012488,
        0.09207839705353184,
        0.04414333961342776,
        -0.27109701805834163
      ],
      [
        0.020151613000041455,
        0.05098632926282707,
        0.6715151505826557,
        0.5001195146951626,
        -0.213637468593614,
        -0.07294029760776288,
        -0.3658605004592508,
        -0.15542640833933322,
        0.07890125089758512,
        0.3332583582909,
        -0.1646911101377569,
        -0.1480933557016105,
        -0.5368222574346637,
        -0.009212280900500533,
        -0.2656036029648908,
        -0.13235985684151844
      ],
      [
        -0.22168602694882414,
        -0.02963639183503846,
        -0.39728545663998227,
        -0.33585294947300254,
        0.5319851470531659,
        -0.3229501025389766,
        -0.2741963946136599,
        0.4514787272318669,
        0.7262667923101017,
        -0.26109670413749386,
        -0.07448238989886237,
        0.100832142050466,
        0.4321744111013981,
        -0.215260070371333,
        -0.061319461485527436,
        0.194334394015436
      ],
      [
        0.10622068620972763,
        -0.10010977107942402,
        0.008690900070165188,
