{
  "labels": [
    "Formal vs Informal Logic",
    "Logical Consequence",
    "Logical Truth",
    "research"
  ],
  "feature_extractor": {
    "max_features": 32,
    "vocabulary": {
      "logical": 22,
      "consequence": 10,
      "philosophy": 25,
      "logic": 21,
      "definitions": 14,
      "key": 20,
      "principles": 27,
      "apply": 5,
      "common": 9,
      "awareness": 6,
      "contemporary": 11,
      "applications": 3,
      "academic": 0,
      "logical consequence": 23,
      "core concept": 13,
      "philosophy logic": 26,
      "broader domain": 8,
      "definitions historical": 15,
      "awareness open": 7,
      "contemporary applications": 12,
      "applications academic": 4,
      "academic professional": 1,
      "truth": 29,
      "logical truth": 24,
      "formal": 16,
      "vs": 30,
      "informal": 18,
      "formal vs": 17,
      "vs informal": 31,
      "informal logic": 19,
      "ambrose": 2,
      "quine": 28
    },
    "idf": [
      1.2231435513142097,
      1.2231435513142097,
      1.916290731874155,
      1.2231435513142097,
      1.2231435513142097,
      1.2231435513142097,
      1.2231435513142097,
      1.2231435513142097,
      1.2231435513142097,
      1.2231435513142097,
      1.916290731874155,
      1.2231435513142097,
      1.2231435513142097,
      1.2231435513142097,
      1.0,
      1.2231435513142097,
      1.916290731874155,
      1.916290731874155,
      1.916290731874155,
      1.916290731874155,
      1.0,
      1.0,
      1.2231435513142097,
      1.916290731874155,
      1.916290731874155,
      1.0,
      1.0,
      1.0,
      1.916290731874155,
      1.5108256237659907,
      1.916290731874155,
      1.916290731874155
    ]
  },
  "scope": "philosophy_of_logic",
  "grade": "preschool"
}