{
  "layer_sizes": [
    32,
    16,
    3
  ],
  "learning_rate": 0.3,
  "seed": 42,
  "output_activation": "softmax",
  "weights": [
    [
      [
        0.10337626819999832,
        -0.2599960265601239,
        0.25399254730314413,
        0.25451624991938804,
        -0.4867938055234186,
        -0.33362197703157703,
        0.03196010079182134,
        -0.009703837602804192,
        -0.004200289376072199,
        -0.19827468778778992,
        0.2156119078535691,
        0.1919236027986109,
        0.03041056430930827,
        0.2818103017420082,
        0.1168773355630114,
        -0.21482311572080956
      ],
      [
        0.1193846942820152,
        -0.23972065020724972,
        0.28599232367834804,
        0.006893593075021499,
        -0.04525059924627453,
        -0.1783094864169828,
        0.30563533466850756,
        0.030724439965890814,
        -0.1070819555407768,
        -0.07304709351645232,
        0.12883971052619914,
        0.08883663503239334,
        0.11708604281800135,
        0.10770525075197068,
        0.5354119002176153,
        -0.1016037540961539
      ],
      [
        -0.10086368400649384,
        -0.20344318206196943,
        0.2203746039954038,
        0.3016181440018076,
        -0.027521872773678173,
        -0.21811621955662946,
        -0.2061203039228099,
        0.23200500743926666,
        0.18581354280086057,
        0.15077486118190384,
        -0.17061501268431162,
        0.05551594970805371,
        0.043074342204186336,
        0.05467214918225324,
        0.21785719448704746,
        0.05589888719367057
      ],
      [
        0.1969253890293642,
        0.016894767372222865,
        0.13865959802402578,
        0.1771971272812198,
        -0.3633239633238761,
        -0.08799490440532279,
        -0.11759316357319888,
        -0.09036265157774416,
        -0.06878556280667093,
        0.3887216219142039,
        -0.22069536478544885,
        0.23954520758924402,
        -0.4068145529849469,
        -0.08372125749644371,
        0.0406882662762514,
        0.14655558283981954
      ],
      [
        0.2050036432096042,
        0.1983368087999813,
        -0.020801519710579645,
        -0.09621287734455711,
        0.21545896195432915,
        -0.05590318153640119,
        -0.31892158083448047,
        -0.21396499301777877,
        -0.22986307150040283,
        0.1392764801190461,
        0.031368848155503254,
        0.17009695745831588,
        -0.09291027166512932,
        0.03963492276917856,
        0.15639759849183418,
        -0.0773366349300596
      ],
      [
        0.14139080765074333,
        -0.16548148526666281,
        -0.024383713289738203,
        -0.07605940267799757,
        -0.2979949197572194,
        0.113666019880398,
        -0.11735058505068097,
        0.07248034016501322,
        0.12018666472647724,
        0.1266190881130911,
        0.16210869138105852,
        -0.02714575218598215,
        -0.09192168809203419,
        -0.019929552726599763,
        -0.42183360848950746,
        -0.3617781181057718
      ],
      [
        -0.5847526731239425,
        -0.24931170690037044,
        1.0247432991981813,
        -0.8058350414318232,
        -0.020371858528703067,
        0.2701041959379925,
        -0.08906599276535648,
        0.7351179608819202,
        -0.23340442000246925,
        -0.09276407548854736,
        -0.40956607928602395,
        -0.14411028031602474,
        0.23906565917473543,
        -0.43183010579808717,
        0.10860591088646433,
        0.05943390058306947
      ],
      [
        -0.12134049066280808,
        -0.36151446359711364,
        0.0844121252799972,
        -0.11299810644436592,
        0.0591340444787166,
        -0.002614063935136747,
        0.40044472283022886,
        0.009517903614835272,
        -0.25587437315546624,
        0.05980520284468413,
        0.05076158513080322,
        0.337272512751483,
        0.22268070139764887,
        0.08921776478737733,
        0.36582572280489045,
        -0.2971907635807127
      ],
      [
        -0.13274088492604644,
        -0.23164398535138123,
        -0.03107270243741225,
        -0.3247964660674925,
        0.15975272834364176,
        -0.0636327745906908,
        -0.36770157362566447,
        -0.184537959818794,
        0.07837846186254882,
        0.22451793607920037,
        0.4949451370608088,
        0.725941235443206,
        0.11750524823800335,
        -0.24738453000796604,
        -0.5330115701828273,
        0.06692786558595895
      ],
      [
        -0.3838240946746943,
        -0.10383931504492133,
        -0.0506848346241671,
        0.7149045928569568,
        -0.04272786090405863,
        0.039262141861336156,
        -0.039658709259672076,
        -0.7554631539057592,
        -0.41867073617608924,
        -0.25104610237854014,
        -0.05542055967469483,
        0.7603584105472441,
        0.0977385610298244,
        0.2456848777557644,
        -0.12482389963478802,
        -0.29623594160425615
      ],
      [
        -0.21408219229670247,
        -0.1813065161339383,
        0.5984971814603206,
        -0.18597159898451182,
        0.21058729257412692,
        -0.23380889483775405,
        0.23289325321856102,
        0.1655945520095572,
        -0.0391594744145226,
        0.004795662571746584,
        -0.16793450971948565,
        0.10899366931189389,
        -0.09984298016619075,
        -0.30640144094181204,
        -0.3194843935799048,
        0.04314697943052987
      ],
      [
        0.42196981236399933,
        0.03999790339335956,
        0.03672016682405917,
        0.0908316057222204,
        0.3274654270667467,
        0.04676852502496662,
        -0.10273180770843429,
        0.34592898799806343,
        0.10718910961540337,
        0.3989252921046029,
        0.041571023443338455,
        -0.3086416389887512,
        -0.32813690989241195,
        0.4127319830578124,
        0.43091643019582426,
        -0.04487980332065016
      ],
      [
        -0.06859983202260644,
        0.36536107306055055,
        -0.21038167215934225,
        -0.2043066839173719,
        0.1617966903123018,
        -0.10672838103089485,
        -0.001280466680017824,
        0.0284960858519632,
        0.08439363719973339,
        0.3668567594340341,
        0.01840864086329834,
        0.1584603172605883,
        -0.49864013533875123,
        -0.012179600482529487,
        -0.21080756757321778,
        -0.304703265105907
      ],
      [
        -0.19234109347079723,
        -0.08353086017520302,
        0.2953553839405331,
        -0.3122231086133063,
        0.008622864788644977,
        -0.12911945864939206,
        -0.08191827359049021,
        0.32004626680924225,
        0.13452885925098151,
        0.34933582096629084,
        -0.04286400567461319,
        -0.17651003397630194,
        -0.042061814301120604,
        0.0606241978178054,
        0.04414333961342776,
        -0.27109701805834163
      ],
      [
        0.04981944366835908,
        0.057057082534726286,
        0.6957482577350096,
        0.4885862236420022,
        -0.21234584599966433,
        -0.07992294070329148,
        -0.3658605004592508,
        -0.07831994300778031,
        0.07890125089758512,
        0.3164496993276633,
        -0.18650854529804017,
        -0.16606099107557531,
        -0.5229193675156593,
        -0.04066648013622692,
        -0.2656036029648908,
        -0.13235985684151844
      ],
      [
        -0.19201819628050656,
        -0.023565638563139247,
        -0.3730523494876281,
        -0.34738624052616296,
        0.5332767696471149,
        -0.32993274563450525,
        -0.2741963946136599,
        0.52858519256342,
        0.7262667923101017,
        -0.2779053631007305,
        -0.09629982505914564,
        0.08286450667650114,
        0.4460773010204024,
        -0.24671426960705936,
        -0.061319461485527436,
        0.194334394015436
      ],
      [
        0.13588851687804512,
        -0.09403901780752481,
        0.032924007222519515,
