{
  "layer_sizes": [
    32,
    16,
    2
  ],
  "learning_rate": 0.3,
  "seed": 42,
  "output_activation": "softmax",
  "weights": [
    [
      [
        0.07617926993860784,
        -0.26249792936025385,
        0.2517433664462967,
        0.23542421418240378,
        -0.4940079157086723,
        -0.3255448767155795,
        0.03196010079182134,
        -0.028428627711890805,
        -0.008946793029150989,
        -0.1979970894142745,
        0.20805363273436284,
        0.17303778421911187,
        0.01650767439030401,
        0.2818103017420082,
        0.11108846691691915,
        -0.2178964780837174
      ],
      [
        0.09218769602062471,
        -0.24222255300737972,
        0.28374314282150054,
        -0.012198442661963026,
        -0.05246470943152804,
        -0.17023238610098534,
        0.30563533466850756,
        0.0119996498568042,
        -0.11182845919385559,
        -0.0727694951429369,
        0.12128143540699293,
        0.0699508164528945,
        0.1031831528989971,
        0.10770525075197068,
        0.5296230315715231,
        -0.10467711645906175
      ],
      [
        -0.12806068226788433,
        -0.20594508486209942,
        0.21812542313855615,
        0.28252610826482305,
        -0.03473598295893167,
        -0.210039119240632,
        -0.2061203039228099,
        0.21328021733018007,
        0.18106703914778177,
        0.15105245955541927,
        -0.17817328780351788,
        0.03663013112855486,
        0.029171452285182056,
        0.05467214918225324,
        0.21206832584095522,
        0.05282552483076272
      ],
      [
        0.16972839076797372,
        0.014392864572092892,
        0.13641041716717825,
        0.1581050915442354,
        -0.3705380735091298,
        -0.07991780408932533,
        -0.11759316357319888,
        -0.1090874416868307,
        -0.07353206645974972,
        0.3889992202877194,
        -0.2282536399046551,
        0.220659389009745,
        -0.4207174429039512,
        -0.08372125749644371,
        0.03489939763015914,
        0.1434822204769117
      ],
      [
        0.17780664494821374,
        0.19583490599985132,
        -0.023050700567427092,
        -0.11530491308154163,
        0.2082448517690756,
        -0.04782608122040372,
        -0.31892158083448047,
        -0.23268978312686522,
        -0.23460957515348163,
        0.13955407849256155,
        0.023810573036297095,
        0.15121113887881685,
        -0.10681316158413356,
        0.03963492276917856,
        0.15060872984574195,
        -0.08040999729296745
      ],
      [
        0.11419380938935286,
        -0.1679833880667928,
        -0.026632894146585644,
        -0.09515143841498211,
        -0.3052090299424731,
        0.12174312019639545,
        -0.11735058505068097,
        0.0537555500559266,
        0.11544016107339845,
        0.12689668648660657,
        0.15455041626185226,
        -0.04603157076548099,
        -0.10582457801103844,
        -0.019929552726599763,
        -0.42762247713559975,
        -0.3648514804686797
      ],
      [
        -0.3306749030886006,
        -0.2518136097005004,
        0.1640741241755414,
        -0.22608672875541488,
        -0.1007897570550604,
        0.32480707444651635,
        -0.08906599276535648,
        0.23501091249077644,
        -0.23815092365554805,
        -0.03609549698778698,
        -0.2493013747089896,
        -0.1061684686132657,
        0.21007703436434888,
        -0.43183010579808717,
        0.10281704224037208,
        0.05636053822016163
      ],
      [
        -0.1485374889241986,
        -0.3640163663972436,
        0.08216294442314964,
        -0.1320901421813503,
        0.05191993429346309,
        0.00546303638086072,
        0.40044472283022886,
        -0.009206886494251347,
        -0.260620876808545,
        0.06008280121819956,
        0.04320331001159707,
        0.31838669417198423,
        0.20877781147864463,
        0.08921776478737733,
        0.36003685415879816,
        -0.3002641259436206
      ],
      [
        -0.15993788318743693,
        -0.23414588815151122,
        -0.033321883294259697,
        -0.34388850180447705,
        0.1525386181583882,
        -0.055555674274693344,
        -0.36770157362566447,
        -0.2032627499278806,
        0.07363195820947004,
        0.2247955344527158,
        0.48738686194160236,
        0.7070554168637065,
        0.1036023583189991,
        -0.24738453000796604,
        -0.5388004388289195,
        0.0638545032230511
      ],
      [
        -0.2032352738275815,
        -0.1063412178450513,
        -0.08889363227026974,
        -0.03491468651949611,
        0.2602459391516977,
        0.039262141861336156,
        -0.039658709259672076,
        -0.20828141783244808,
        -0.423417239829168,
        -0.10631308478921223,
        -0.025241498685924343,
        0.42057227875684583,
        0.03256863036822146,
        0.2456848777557644,
        -0.13061276828088025,
        -0.29930930396716404
      ],
      [
        -0.24127919055809297,
        -0.1838084189340683,
        0.5962480006034733,
        -0.20506363472149622,
        0.20337318238887336,
        -0.2257317945217566,
        0.23289325321856102,
        0.1468697619004706,
        -0.043905978067601395,
        0.005073260945262028,
        -0.1754927848386919,
        0.09010785073239505,
        -0.113745870085195,
        -0.30640144094181204,
        -0.3252732622259971,
        0.040073617067622025
      ],
      [
        0.3947728141026087,
        0.037496000593229585,
        0.03447098596721164,
        0.07173956998523588,
        0.320251316881493,
        0.054845625340964085,
        -0.10273180770843429,
        0.3272041978889771,
        0.10244260596232459,
        0.3992028904781184,
        0.034012748324132314,
        -0.32752745756824997,
        -0.34203979981141625,
        0.4127319830578124,
        0.42512756154973197,
        -0.04795316568355801
      ],
      [
        -0.09579683028399694,
        0.3628591702604206,
        -0.21263085301618975,
        -0.2233987196543563,
        0.15458258012704823,
        -0.0986512807148974,
        -0.001280466680017824,
        0.009771295742876596,
        0.0796471335466546,
        0.3671343578075496,
        0.010850365744092167,
        0.13957449868108926,
        -0.5125430252577556,
        -0.012179600482529487,
        -0.21659643621931002,
        -0.3077766274688149
      ],
      [
        -0.2195380917321877,
        -0.08603276297533298,
        0.29310620308368573,
        -0.33131514435029086,
        0.001408754603391442,
        -0.12104235833339462,
        -0.08191827359049021,
        0.3013214767001559,
        0.12978235559790272,
        0.34961341933980633,
        -0.05042228079381934,
        -0.19539585255580097,
        -0.05596470422012488,
        0.0606241978178054,
        0.0383544709673355,
        -0.2741703804212495
      ],
      [
        0.022622445406968554,
        0.05455517973459631,
        0.6934990768781623,
        0.4694941879050177,
        -0.2195599561849179,
        -0.07184584038729402,
        -0.3658605004592508,
        -0.09704473311686682,
        0.07415474724450634,
        0.3167272977011788,
        -0.19406682041724643,
        -0.18494680965507435,
        -0.5368222574346637,
        -0.04066648013622692,
        -0.27139247161098307,
        -0.13543321920442628
      ],
      [
        -0.21921519454189706,
        -0.02606754136326922,
        -0.3753015303444754,
        -0.3664782762631475,
        0.526062659461862,
        -0.32185564531850774,
        -0.2741963946136599,
        0.5098604024543332,
        0.7215202886570229,
        -0.277627764727215,
        -0.10385810017835184,
        0.0639786880970023,
        0.4321744111013981,
        -0.24671426960705936,
        -0.0671083301316197,
        0.19126103165252817
      ],
      [
        0.10869151861665466,
        -0.09654092060765478,
        0.030674826365672002,
