{
  "layer_sizes": [
    32,
    16,
    3
  ],
  "learning_rate": 0.3,
  "seed": 42,
  "output_activation": "softmax",
  "weights": [
    [
      [
        0.07617926993860784,
        -0.23418410283295868,
        0.23945093928270472,
        0.2738277913227893,
        -0.4462950334408333,
        -0.3255448767155795,
        0.03196010079182134,
        -0.09397752007499273,
        -0.004200289376072199,
        -0.22281729688834587,
        0.235987876708003,
        0.2082958623736171,
        0.01650767439030401,
        0.30740008278227493,
        0.1168773355630114,
        -0.21482311572080956
      ],
      [
        0.09218769602062471,
        -0.21390872648008455,
        0.27145071565790846,
        0.02620513447842262,
        -0.004751827163689348,
        -0.17023238610098534,
        0.30563533466850756,
        -0.05354924250629772,
        -0.1070819555407768,
        -0.09758970261700826,
        0.14921567938063304,
        0.10520889460739953,
        0.1031831528989971,
        0.13329503179223748,
        0.5354119002176153,
        -0.1016037540961539
      ],
      [
        -0.12806068226788433,
        -0.17763125833480425,
        0.20583299597496432,
        0.32092968540520866,
        0.012976899308907018,
        -0.210039119240632,
        -0.2061203039228099,
        0.14773132496707808,
        0.18581354280086057,
        0.1262322520813479,
        -0.1502390438298777,
        0.07188820928305993,
        0.029171452285182056,
        0.08026193022251997,
        0.21785719448704746,
        0.05589888719367057
      ],
      [
        0.16972839076797372,
        0.04270669109938796,
        0.12411799000358639,
        0.19650866868462094,
        -0.32282519124129083,
        -0.07991780408932533,
        -0.11759316357319888,
        -0.17463633404993267,
        -0.06878556280667093,
        0.36417901281364806,
        -0.20031939593101494,
        0.2559174671642504,
        -0.4207174429039512,
        -0.05813147645617695,
        0.0406882662762514,
        0.14655558283981954
      ],
      [
        0.17780664494821374,
        0.22414873252714648,
        -0.035343127731019025,
        -0.07690133594115595,
        0.2559577340369142,
        -0.04782608122040372,
        -0.31892158083448047,
        -0.29823867548996735,
        -0.22986307150040283,
        0.11473387101849014,
        0.05174481700993716,
        0.1864692170333221,
        -0.10681316158413356,
        0.06522470380944528,
        0.15639759849183418,
        -0.0773366349300596
      ],
      [
        0.11419380938935286,
        -0.13966956153949764,
        -0.03892532131017758,
        -0.056747861274596426,
        -0.25749614767463413,
        0.12174312019639545,
        -0.11735058505068097,
        -0.011793342307175325,
        0.12018666472647724,
        0.10207647901253515,
        0.18248466023549242,
        -0.010773492610975901,
        -0.10582457801103844,
        0.005660228313666972,
        -0.42183360848950746,
        -0.3617781181057718
      ],
      [
        -0.3306749030886006,
        -0.22349978317320526,
        0.1517816970119495,
        -0.18768315161502935,
        -0.05307687478722164,
        0.32480707444651635,
        -0.08906599276535648,
        0.16946202012767445,
        -0.23340442000246925,
        -0.06091570446185837,
        -0.22136713073534944,
        -0.07091039045876067,
        0.21007703436434888,
        -0.40624032475782046,
        0.10860591088646433,
        0.05943390058306947
      ],
      [
        -0.1485374889241986,
        -0.3357025398699485,
        0.06987051725955774,
        -0.09368656504096479,
        0.09963281656130181,
        0.00546303638086072,
        0.40044472283022886,
        -0.07475577885735325,
        -0.25587437315546624,
        0.03526259374412817,
        0.07113755398523712,
        0.3536447723264892,
        0.20877781147864463,
        0.11480754582764408,
        0.36582572280489045,
        -0.2971907635807127
      ],
      [
        -0.15993788318743693,
        -0.20583206162421605,
        -0.04561431045785164,
        -0.30548492466409144,
        0.20025150042622683,
        -0.055555674274693344,
        -0.36770157362566447,
        -0.2688116422909826,
        0.07837846186254882,
        0.19997532697864442,
        0.5153211059152424,
        0.7423134950182125,
        0.1036023583189991,
        -0.22179474896769927,
        -0.5330115701828273,
        0.06692786558595895
      ],
      [
        -0.2032352738275815,
        -0.22030471476881763,
        0.3455923572009658,
        -0.7122124723629373,
        0.9408893740371608,
        0.039262141861336156,
        -0.039658709259672076,
        -0.2589134382064529,
        -0.41867073617608924,
        -0.12157697726833272,
        -0.43384603385125287,
        1.133181902797027,
        0.03256863036822146,
        -0.07805854852360739,
        -0.12482389963478802,
        -0.29623594160425615
      ],
      [
        -0.24127919055809297,
        -0.15549459240677313,
        0.5839555734398815,
        -0.1666600575811107,
        0.251086064656712,
        -0.2257317945217566,
        0.23289325321856102,
        0.0813208695373686,
        -0.0391594744145226,
        -0.01974694652880938,
        -0.14755854086505174,
        0.1253659288869001,
        -0.113745870085195,
        -0.28081165990154533,
        -0.3194843935799048,
        0.04314697943052987
      ],
      [
        0.3947728141026087,
        0.06580982712052466,
        0.022178558803619717,
        0.11014314712562157,
        0.367964199149332,
        0.054845625340964085,
        -0.10273180770843429,
        0.261655305525875,
        0.10718910961540337,
        0.3743826830040471,
        0.06194699229777238,
        -0.292269379413745,
        -0.34203979981141625,
        0.4383217640980791,
        0.43091643019582426,
        -0.04487980332065016
      ],
      [
        -0.09579683028399694,
        0.39117299678771567,
        -0.2249232801797817,
        -0.18499514251397076,
        0.20229546239488685,
        -0.0986512807148974,
        -0.001280466680017824,
        -0.05577759662022533,
        0.08439363719973339,
        0.3423141503334783,
        0.038784609717732225,
        0.1748325768355945,
        -0.5125430252577556,
        0.013410180557737256,
        -0.21080756757321778,
        -0.304703265105907
      ],
      [
        -0.2195380917321877,
        -0.05771893644803792,
        0.28081377592009366,
        -0.29291156720990524,
        0.04912163687123014,
        -0.12104235833339462,
        -0.08191827359049021,
        0.23577258433705384,
        0.13452885925098151,
        0.324793211865735,
        -0.022488036820179278,
        -0.16013777440129573,
        -0.05596470422012488,
        0.08621397885807214,
        0.04414333961342776,
        -0.27109701805834163
      ],
      [
        0.022622445406968554,
        0.08286900626189135,
        0.6812066497145705,
        0.5078977650454033,
        -0.17184707391707926,
        -0.07184584038729402,
        -0.3658605004592508,
        -0.1625936254799688,
        0.07890125089758512,
        0.2919070902271075,
        -0.16613257644360627,
        -0.1496887315005691,
        -0.5368222574346637,
        -0.015076699095960181,
        -0.2656036029648908,
        -0.13235985684151844
      ],
      [
        -0.21921519454189706,
        0.0022462851640258487,
        -0.38759395750806763,
        -0.3280746991227619,
        0.5737755417297002,
        -0.32185564531850774,
        -0.2741963946136599,
        0.4443115100912313,
        0.7262667923101017,
        -0.30244797220128633,
        -0.0759238562047118,
        0.09923676625150733,
        0.4321744111013981,
        -0.2211244885667926,
        -0.061319461485527436,
        0.194334394015436
      ],
      [
        0.10869151861665466,
        -0.06822709408035973,
        0.018382399202080076,
