{
  "layer_sizes": [
    32,
    16,
    4
  ],
  "learning_rate": 0.3,
  "seed": 42,
  "output_activation": "softmax",
  "weights": [
    [
      [
        0.07617926993860784,
        -0.2599960265601239,
        0.14594776945126123,
        0.3259611949621245,
        -0.3970162189561045,
        -0.32336857223514387,
        0.03196010079182134,
        -0.10378731785466018,
        -0.00425521261186045,
        -0.18277899865508168,
        0.2703295398444231,
        0.16776148812410543,
        0.06415538834052295,
        0.35852266368280633,
        0.1299229738009987,
        -0.21482311572080956
      ],
      [
        0.09218769602062471,
        -0.23972065020724972,
        0.19419473240694243,
        0.05293778792515284,
        0.01647937899170946,
        -0.1846035594515948,
        0.30563533466850756,
        -0.07179215750919367,
        -0.10767369959738181,
        -0.06939146700745198,
        0.16642023161388958,
        0.06694799746462726,
        0.13507199239099496,
        0.16033406833588693,
        0.530792548389452,
        -0.1016037540961539
      ],
      [
        -0.12806068226788433,
        -0.20344318206196943,
        0.1285770127239982,
        0.34766233885193887,
        0.034208105464305825,
        -0.22441029259124146,
        -0.2061203039228099,
        0.12948840996418218,
        0.18522179874425557,
        0.15443048769090406,
        -0.13303449159662117,
        0.03362731214028763,
        0.061060291777179955,
        0.10730096676616938,
        0.213237842658884,
        0.05589888719367057
      ],
      [
        0.16972839076797372,
        0.016894767372222865,
        0.046862006752620436,
        0.2232413221313512,
        -0.301593985085892,
        -0.09428897743993482,
        -0.11759316357319888,
        -0.19287924905282858,
        -0.06937730686327594,
        0.3923772484232043,
        -0.18311484369775843,
        0.2176565700214779,
        -0.3888286034119536,
        -0.031092439912527574,
        0.03606891444808783,
        0.14655558283981954
      ],
      [
        0.17780664494821374,
        0.1983368087999813,
        -0.112599110981985,
        -0.0501686824944258,
        0.277188940192313,
        -0.062197254571013126,
        -0.31892158083448047,
        -0.31648159049286323,
        -0.23045481555700784,
        0.14293210662804634,
        0.0689493692431937,
        0.14820831989054975,
        -0.07492432209213569,
        0.09226374035309469,
        0.15177824666367074,
        -0.0773366349300596
      ],
      [
        0.11419380938935286,
        -0.16548148526666281,
        -0.11618130456114355,
        -0.030015207827866243,
        -0.23626494151923524,
        0.10737194684578595,
        -0.11735058505068097,
        -0.030036257310071254,
        0.11959492066987223,
        0.13027471462209145,
        0.19968921246874893,
        -0.04903438975374821,
        -0.07393573851904058,
        0.032699264857316376,
        -0.426452960317671,
        -0.3617781181057718
      ],
      [
        -0.3306749030886006,
        -0.24931170690037044,
        0.07452571376098355,
        -0.16095049816829907,
        -0.031845668631822845,
        0.310435901095907,
        -0.08906599276535648,
        0.15121910512477854,
        -0.23399616405907425,
        -0.03271746885230211,
        -0.2041625785020929,
        -0.10917128760153294,
        0.24196587385634688,
        -0.3792012882141711,
        0.1039865590583008,
        0.05943390058306947
      ],
      [
        -0.1485374889241986,
        -0.36151446359711364,
        -0.00738546599140823,
        -0.06695391159423461,
        0.12086402271670063,
        -0.008908136969748714,
        0.40044472283022886,
        -0.09299869386024916,
        -0.2564661172120713,
        0.06346082935368443,
        0.0883421062184937,
        0.3153838751837171,
        0.24066665097064263,
        0.14184658237129358,
        0.3612063709767269,
        -0.2971907635807127
      ],
      [
        -0.15993788318743693,
        -0.23164398535138123,
        -0.1228702937088176,
        -0.27875227121736124,
        0.22148270658162564,
        -0.06992684762530281,
        -0.36770157362566447,
        -0.28705455729387847,
        0.07778671780594382,
        0.2281735625882006,
        0.5325256581484994,
        0.70405259787544,
        0.13549119781099694,
        -0.19475571242404982,
        -0.5376309220109906,
        0.06692786558595895
      ],
      [
        -0.2032352738275815,
        -0.10383931504492133,
        -0.17844204268482772,
        0.030221544067619753,
        0.3291900275749355,
        0.02489096851072673,
        -0.039658709259672076,
        -0.292073225198446,
        -0.4192624802326943,
        -0.1029350566537273,
        0.01989729752097227,
        0.4175694597685787,
        0.06445746986021933,
        0.29831369533968044,
        -0.1294432514629515,
        -0.29623594160425615
      ],
      [
        -0.24127919055809297,
        -0.1813065161339383,
        0.5066995901889157,
        -0.1399274041343804,
        0.2723172708121107,
        -0.240102967872366,
        0.23289325321856102,
        0.06307795453447271,
        -0.03975121847112761,
        0.008451289080746893,
        -0.1303539886317952,
        0.08710503174412781,
        -0.08185703059319714,
        -0.25377262335789597,
        -0.32410374540806836,
        0.04314697943052987
      ],
      [
        0.3947728141026087,
        0.03999790339335956,
        -0.05507742444734624,
        0.13687580057235169,
        0.3891954053047308,
        0.040474451990354675,
        -0.10273180770843429,
        0.24341239052297917,
        0.10659736555879837,
        0.40258091861360334,
        0.07915154453102895,
        -0.3305302765565171,
        -0.31015096031941863,
        0.46536080064172847,
        0.42629707836766073,
        -0.04487980332065016
      ],
      [
        -0.09579683028399694,
        0.36536107306055055,
        -0.327898162223093,
        -0.3559800852482755,
        0.5518204409125215,
        0.09230967014107451,
        -0.001280466680017824,
        -0.12178776581152075,
        0.08433871396394516,
        0.37052733706244395,
        0.44422913742763825,
        0.1462839084259863,
        -0.4648953113075366,
        0.106992954879747,
        -0.15452052774277247,
        -0.304703265105907
      ],
      [
        -0.2195380917321877,
        -0.08353086017520302,
        0.08783833933007916,
        -0.3075127503887853,
        -0.2518034039029242,
        -0.18541834715976066,
        -0.08191827359049021,
        0.004507215355920852,
        0.13082053360074886,
        0.8321326546992279,
        -0.28971452500122147,
        -0.19854240916248764,
        -0.05596470422012488,
        0.6766277146331735,
        0.10264081755473267,
        -0.27109701805834163
      ],
      [
        0.022622445406968554,
        0.057057082534726286,
        0.4882312131245561,
        0.49329658186652325,
        -0.4727721146912335,
        -0.13622182921366005,
        -0.3658605004592508,
        -0.3938589944611017,
        0.07519292524735244,
        0.7992465330606003,
        -0.43335906462464835,
        -0.188093366261761,
        -0.5368222574346637,
        0.5753370366791412,
        -0.20710612502358589,
        -0.13235985684151844
      ],
      [
        -0.21921519454189706,
        -0.023565638563139247,
        -0.46031637524171726,
        -0.32942583178452234,
        0.5717971102348692,
        -0.30792996494906194,
        -0.2741963946136599,
        0.4616120109812209,
        0.7266956586147721,
        -0.2776506655871788,
        -0.06884222741971907,
        0.07866163439849255,
        0.4537509092423732,
        -0.21302941455812924,
        -0.04449720044378152,
        0.194334394015436
      ],
      [
        0.10869151861665466,
        -0.09403901780752481,
        -0.12799131471087657,
        0.13066801904875225,
