{
  "labels": [
    "Ecological Landscape",
    "Park Design",
    "Urban Landscape",
    "research"
  ],
  "feature_extractor": {
    "max_features": 32,
    "vocabulary": {
      "park": 19,
      "design": 12,
      "concept": 11,
      "landscape": 16,
      "architecture": 0,
      "broader": 7,
      "arts": 3,
      "studying": 24,
      "key": 15,
      "vocabulary": 30,
      "common": 9,
      "awareness": 5,
      "park design": 20,
      "landscape architecture": 17,
      "architecture architecture": 1,
      "architecture design": 2,
      "broader domain": 8,
      "arts creative": 4,
      "studying definitions": 25,
      "researchers practitioners": 22,
      "solve practical": 23,
      "vocabulary foundational": 31,
      "common techniques": 10,
      "techniques awareness": 26,
      "awareness open": 6,
      "urban": 28,
      "urban landscape": 29,
      "ecological": 13,
      "ecological landscape": 14,
      "parks": 21,
      "mobile": 18,
      "traffic": 27
    },
    "idf": [
      1.0,
      1.2231435513142097,
      1.2231435513142097,
      1.2231435513142097,
      1.2231435513142097,
      1.2231435513142097,
      1.2231435513142097,
      1.2231435513142097,
      1.2231435513142097,
      1.2231435513142097,
      1.2231435513142097,
      1.2231435513142097,
      1.0,
      1.916290731874155,
      1.916290731874155,
      1.0,
      1.0,
      1.0,
      1.916290731874155,
      1.5108256237659907,
      1.5108256237659907,
      1.916290731874155,
      1.2231435513142097,
      1.2231435513142097,
      1.2231435513142097,
      1.2231435513142097,
      1.2231435513142097,
      1.916290731874155,
      1.5108256237659907,
      1.916290731874155,
      1.2231435513142097,
      1.2231435513142097
    ]
  },
  "scope": "landscape_architecture",
  "grade": "preschool"
}