{
  "layer_sizes": [
    32,
    16,
    4
  ],
  "learning_rate": 0.3,
  "seed": 42,
  "output_activation": "softmax",
  "weights": [
    [
      [
        0.10780856123499685,
        0.14454648522602723,
        -0.05160428751397536,
        0.13216696570955638,
        -0.3524327780257937,
        -0.33275151343753656,
        0.03196010079182134,
        0.07731959132406169,
        -0.004031338924137152,
        -0.15922576435980484,
        0.25566805602272974,
        0.15343032817071242,
        0.11461488684431281,
        0.20586723670094484,
        0.3861574857829166,
        -0.21482311572080956
      ],
      [
        0.09192279102045928,
        -0.19295137492856584,
        -0.039060345183022815,
        -0.012481477746563224,
        -0.17620006006089137,
        -0.17023238610098534,
        0.30563533466850756,
        -0.24011480363508633,
        0.21578856971198573,
        0.05543509549322189,
        -0.17717920616007587,
        0.3290672741458576,
        0.2947158299378064,
        0.10770525075197068,
        0.8480977504325112,
        -0.1016037540961539
      ],
      [
        -0.12806068226788433,
        -0.5043525127847672,
        0.06132950786469859,
        0.10448651711552497,
        0.5954606815668787,
        -0.210039119240632,
        -0.2061203039228099,
        0.22174183616832485,
        0.06496934296548558,
        0.07283644743184084,
        0.4939611041398386,
        -0.12347127300532762,
        -0.012177480127816751,
        0.05467214918225324,
        0.3714342887047526,
        0.05589888719367057
      ],
      [
        0.1749941793832677,
        0.06655934289013192,
        0.10745689154241916,
        0.15834789023909732,
        -0.34986904062213187,
        -0.08712444081128237,
        -0.11759316357319888,
        -0.13989317814836882,
        -0.06416124617924152,
        0.38449189650709087,
        -0.2236130942699926,
        0.2553234263207561,
        -0.4009823386732749,
        -0.09763682161169962,
        0.05715160535792226,
        0.14655558283981954
      ],
      [
        0.18307243356350772,
        0.24800138431789037,
        -0.05200422619218627,
        -0.11506211438667965,
        0.2289138846560731,
        -0.05503271794236077,
        -0.31892158083448047,
        -0.2634955195884034,
        -0.2252387548729734,
        0.13504675471193317,
        0.0284511186709595,
        0.18587517618982788,
        -0.08707805735345733,
        0.025719358653922646,
        0.17286093757350504,
        -0.0773366349300596
      ],
      [
        0.11415153803181903,
        -0.2239907729160834,
        -0.02546314111687297,
        -0.09216416168256288,
        -0.2478413439725256,
        0.11292836896326952,
        -0.11735058505068097,
        -0.024208081559505858,
        0.1527229355794301,
        0.12448093196438786,
        0.19177221993745602,
        0.0120400043582145,
        -0.08168571253677305,
        -0.021776577684766936,
        -0.404020912369545,
        -0.3617781181057718
      ],
      [
        -0.3307171744461344,
        -0.3078209945497909,
        0.16524387720525413,
        -0.2230994520229958,
        -0.04342207108511294,
        0.31599232321339044,
        -0.08906599276535648,
        0.15704728087534392,
        -0.2008681491495164,
        -0.038511251510005666,
        -0.21207957103338584,
        -0.04809689348957025,
        0.23421589983861424,
        -0.43367713075625436,
        0.12641860700642676,
        0.05943390058306947
      ],
      [
        -0.1485374889241986,
        -0.4740388296125254,
        0.7785929278346266,
        0.06587768044816311,
        -0.11544556813008411,
        -0.0497770082522202,
        0.40044472283022886,
        -0.08873111510772383,
        -0.2540032763340011,
        0.04481890873907904,
        -0.13574424738810154,
        0.5133507559144928,
        0.20986685617209488,
        0.07764287873226779,
        0.011190900673058564,
        -0.2971907635807127
      ],
      [
        -0.15998015454497075,
        -0.2901532730008017,
        -0.03215213026454702,
        -0.34090122507205806,
        0.20990630412833552,
        -0.06437042550781928,
        -0.36770157362566447,
        -0.28122638154331303,
        0.11091473271550166,
        0.2223797799304971,
        0.5246086656172062,
        0.7651269919874031,
        0.12774122379326452,
        -0.24923155496613322,
        -0.5151988740628645,
        0.06692786558595895
      ],
      [
        -0.20327754518511532,
        -0.16234860269434195,
        -0.087723879240557,
        -0.03192740978707693,
        0.31761362512164526,
        0.030447390628210218,
        -0.039658709259672076,
        -0.28624504944788054,
        -0.3861344653231364,
        -0.10872883931143087,
        0.01198030498967932,
        0.478643853880541,
        0.05670749584248681,
        0.2438378527975972,
        -0.10701120351482556,
        -0.29623594160425615
      ],
      [
        -0.24132146191562678,
        -0.2398158037833589,
        0.597417753633186,
        -0.20207635798907714,
        0.2607408683588207,
        -0.2345465457548825,
        0.23289325321856102,
        0.06890613028503813,
        -0.0066232035615697545,
        0.0026575064230433356,
        -0.13827098116308814,
        0.14817942585609042,
        -0.08960700461092962,
        -0.30824846589997923,
        -0.3016716974599424,
        0.04314697943052987
      ],
      [
        0.3947305427450749,
        -0.018511384256061036,
        0.03564073899692432,
        0.07472684671765512,
        0.37761900285144057,
        0.04603087410783815,
        -0.10273180770843429,
        0.24924056627354457,
        0.1397253804683562,
        0.3967871359558999,
        0.07123455199973594,
        -0.2694558824445548,
        -0.31790093433715105,
        0.4108849580996452,
        0.4487291263157867,
        -0.04487980332065016
      ],
      [
        -0.09053104166870307,
        0.4150256485784595,
        -0.2415843786409488,
        -0.22315592095949435,
        0.17525161301404574,
        -0.10585791743685444,
        -0.001280466680017824,
        -0.021034440718661455,
        0.08901795382716281,
        0.3626270340269211,
        0.01549091137875458,
        0.1742385359921003,
        -0.49280792102707954,
        -0.026095164597785398,
        -0.19434422849154692,
        -0.304703265105907
      ],
      [
        -0.21427230311689371,
        -0.033866284657293945,
        0.2641526774589263,
        -0.3310723456554289,
        0.022077787490389043,
        -0.12824899505535167,
        -0.08191827359049021,
        0.27051574023861774,
        0.13915317587841095,
        0.3451060955591778,
        -0.04578173515915693,
        -0.16073181524478994,
        -0.036229599989448705,
        0.04670863370254948,
        0.06060667869509862,
        -0.27109701805834163
      ],
      [
        0.06325047808511852,
        0.8044085670639848,
        0.4897839840066685,
        0.45274745276336054,
        -0.42312830064664136,
        -0.07184584038729402,
        -0.3658605004592508,
        0.17557594509019478,
        -0.0895500309636892,
        0.303397893365989,
        -0.3964562273983916,
        -0.2916923012269001,
        -0.5368222574346637,
        -0.13575666025257924,
        -0.25103754887402985,
        -0.13235985684151844
      ],
      [
        -0.2194800995420625,
        0.023203636715544634,
        -0.6981050183489989,
        -0.36676131134774764,
        0.40232730883249807,
        -0.32185564531850774,
        -0.2741963946136599,
        0.25774594896244274,
        1.0491373175628638,
        -0.14942317409105624,
        -0.40231874174542076,
        0.32309514578996545,
        0.6237070881402076,
        -0.24671426960705936,
        0.2513663887293685,
        0.194334394015436
      ],
      [
        0.10842661361648923,
        -0.04726974252884091,
        -0.2921286616388513,
