{
  "layer_sizes": [
    32,
    16,
    4
  ],
  "learning_rate": 0.3,
  "seed": 42,
  "output_activation": "softmax",
  "weights": [
    [
      [
        0.07617926993860784,
        -0.3270143775786492,
        0.16824574556818886,
        0.3047526403611246,
        -0.43463740017206837,
        -0.3279436028782822,
        0.027376652485539762,
        -0.09909213923968864,
        0.06142461198589583,
        -0.19791826930890793,
        0.26491790460751824,
        0.21156720618719954,
        0.01650767439030401,
        0.3384818574923121,
        0.11072540262448978,
        -0.21482311572080956
      ],
      [
        0.09218769602062471,
        -0.19430853049317892,
        0.21578957832502701,
        0.007475014686667902,
        -0.055890314555804545,
        -0.17219350191615304,
        0.3018880653464751,
        0.02132580391704299,
        -0.09517172801518328,
        -0.0784089357087257,
        0.12875902322040958,
        0.09408884626784415,
        0.1031831528989971,
        0.11465398697838347,
        0.5303822919333615,
        -0.10897628211319747
      ],
      [
        -0.12806068226788433,
        0.5646369040830419,
        0.24605988711570803,
        -0.0010263836628851965,
        -0.4355449316179846,
        -0.210039119240632,
        -0.2061203039228099,
        0.7477701798414507,
        -0.13414897974367762,
        0.11341226279856352,
        -0.48191119272280775,
        -0.028332685997991963,
        0.029171452285182056,
        -0.2472124283976369,
        0.21785719448704746,
        -0.0006127412445020575
      ],
      [
        0.16972839076797372,
        -0.05012358364630245,
        0.05291279628907059,
        0.22743351772295634,
        -0.3111675579725259,
        -0.082316530252028,
        -0.12217661187948045,
        -0.17975095321462872,
        -0.0031606614447029294,
        0.3890780403930861,
        -0.1713893680314996,
        0.2591888109778324,
        -0.4207174429039512,
        -0.027049701746139958,
        0.03453633333772978,
        0.14655558283981954
      ],
      [
        0.17780664494821374,
        0.1313184577814561,
        -0.10654832144553482,
        -0.04597648690282064,
        0.26761536730567925,
        -0.050224807383106376,
        -0.32350502914076207,
        -0.3033532946546633,
        -0.16423817013843472,
        0.13963289859792807,
        0.08067484490945258,
        0.18974056084690452,
        -0.10681316158413356,
        0.09630647851948229,
        0.15024566555331256,
        -0.0773366349300596
      ],
      [
        0.11419380938935286,
        -0.16548148526666281,
        -0.12053069572538709,
        -0.013998783961582583,
        -0.7149565610978351,
        0.10671084795344485,
        -0.11735058505068097,
        -0.47580694915671223,
        -0.1645114902536474,
        0.5068341000089378,
        0.09186444714439533,
        0.15642436787404657,
        -0.10582457801103844,
        0.2741980394846021,
        -0.42183360848950746,
        -0.3617781181057718
      ],
      [
        -0.3306749030886006,
        -0.24931170690037044,
        0.07017632259673999,
        -0.14493407430201546,
        -0.5105372882104227,
        0.30977480220356574,
        -0.08906599276535648,
        -0.2945515867218625,
        -0.518102574982594,
        0.34384191653454454,
        -0.31198734382644683,
        0.09628747002626177,
        0.21007703436434888,
        -0.13770251358688534,
        0.10860591088646433,
        0.05943390058306947
      ],
      [
        -0.1485374889241986,
        -0.428532814615639,
        -0.0013346764549580607,
        -0.06276171600262949,
        0.11129044983006708,
        0.0030643102181580647,
        0.39586127452394726,
        -0.07987039802204916,
        -0.19024947179349808,
        0.06016162132356612,
        0.10006758188475255,
        0.35691611614007157,
        0.20877781147864463,
        0.14588932053768108,
        0.35967378986636883,
        -0.2971907635807127
      ],
      [
        -0.15993788318743693,
        -0.2986623363699065,
        -0.11681950417236743,
        -0.27456007562575613,
        0.21190913369499217,
        -0.057954400437396,
        -0.37228502193194607,
        -0.27392626145567855,
        0.14400336322451687,
        0.22487435455808236,
        0.5442511338147579,
        0.7455848388317948,
        0.1036023583189991,
        -0.19071297425766237,
        -0.539163503121349,
        0.06692786558595895
      ],
      [
        -0.2032352738275815,
        -0.17085766606344657,
        -0.17239125314837747,
        0.03441373965922485,
        0.31961645468830163,
        0.0368634156986335,
        -0.044242157565953656,
        -0.27894492936024606,
        -0.35304583481412116,
        -0.10623426468384563,
        0.031622773187231105,
        0.45910170072493317,
        0.03256863036822146,
        0.3023564335060682,
        -0.13097583257330964,
        -0.29623594160425615
      ],
      [
        -0.24127919055809297,
        -0.19385337752230608,
        0.4840311780830713,
        -0.48532525150582584,
        0.3827246522962263,
        -0.2353266991725672,
        0.23289325321856102,
        0.02780373828969242,
        -0.1844756388838038,
        0.22978458428525406,
        0.1319379367471731,
        0.11895416758301847,
        -0.113745870085195,
        -0.08083026509465716,
        -0.3194843935799048,
        0.025111659228669484
      ],
      [
        0.3947728141026087,
        -0.2782815476431101,
        -0.12534823712994422,
        -0.16270626702384475,
        0.7007809050015122,
        0.04299400924205186,
        -0.10273180770843429,
        -0.03861587710851431,
        0.05382580057107567,
        0.6891769989810693,
        0.535361699780805,
        -0.2628834345424862,
        -0.34203979981141625,
        0.8103618956368082,
        0.43091643019582426,
        -0.04487980332065016
      ],
      [
        -0.09579683028399694,
        0.03026931796792395,
        -0.3735966874279991,
        0.12437555157764917,
        0.4264386836292166,
        -0.11064491152841067,
        -0.024197708211425726,
        -0.14101818040009398,
        0.41251814400957354,
        0.4285840282508646,
        0.24798828118449262,
        0.24658080996902684,
        -0.5125430252577556,
        0.27117817826898927,
        -0.24156723226582588,
        -0.304703265105907
      ],
      [
        -0.2195380917321877,
        -0.09291063381372945,
        0.20931880341503098,
        -0.2547297561097158,
        0.04141337231298808,
        -0.12496458996372997,
        -0.08941281223455515,
        0.29427057417347935,
        0.20009174372878408,
        0.3565176516470849,
        -0.006098313956953284,
        -0.15726173674459284,
        -0.05596470422012488,
        0.11390564428858231,
        0.03408412304492006,
        -0.2784695460753852
      ],
      [
        0.022622445406968554,
        0.04155921258886539,
        0.5934412471845849,
        0.059177071161742825,
        0.3284815408968791,
        -0.07184584038729402,
        -0.3658605004592508,
        0.14538792850347432,
        0.12386617336646064,
        0.2862992895658638,
        0.2416192387486972,
        -0.2970900660264506,
        -0.5368222574346637,
        0.006065226132823616,
        -0.2656036029648908,
        -0.15463706532168267
      ],
      [
        -0.21921519454189706,
        -0.03906350850900014,
        -0.4753593600380531,
        -0.7767953930064224,
        1.0741041565436584,
        -0.32185564531850774,
        -0.2741963946136599,
        0.7522930640746744,
        0.7712317147789771,
        -0.30805577286253,
        0.33182795898759165,
        -0.048164568274374035,
        0.4321744111013981,
        -0.19998256333800876,
        -0.061319461485527436,
        0.17205718553527177
      ],
      [
        0.10869151861665466,
        -0.22807571984457553,
        -0.0721898478958612,
