{
  "labels": [
    "Furniture Design",
    "Product Design",
    "Transportation Design",
    "engineering"
  ],
  "feature_extractor": {
    "max_features": 32,
    "vocabulary": {
      "product": 15,
      "design": 7,
      "industrial": 10,
      "broader": 5,
      "arts": 2,
      "requires": 22,
      "analysis": 0,
      "relationships": 21,
      "researchers": 24,
      "solve": 27,
      "problems": 13,
      "awareness": 3,
      "questions": 19,
      "professional": 17,
      "settings": 26,
      "product design": 16,
      "industrial design": 11,
      "architecture design": 1,
      "requires studying": 23,
      "principles methods": 12,
      "researchers practitioners": 25,
      "solve practical": 28,
      "problems extend": 14,
      "vocabulary foundational": 31,
      "awareness open": 4,
      "questions contemporary": 20,
      "professional settings": 18,
      "furniture": 8,
      "furniture design": 9,
      "transportation": 29,
      "transportation design": 30,
      "cad": 6
    },
    "idf": [
      1.0,
      1.2231435513142097,
      1.2231435513142097,
      1.2231435513142097,
      1.2231435513142097,
      1.2231435513142097,
      1.916290731874155,
      1.0,
      1.916290731874155,
      1.916290731874155,
      1.0,
      1.0,
      1.2231435513142097,
      1.2231435513142097,
      1.2231435513142097,
      1.916290731874155,
      1.916290731874155,
      1.2231435513142097,
      1.2231435513142097,
      1.2231435513142097,
      1.2231435513142097,
      1.2231435513142097,
      1.0,
      1.2231435513142097,
      1.2231435513142097,
      1.2231435513142097,
      1.2231435513142097,
      1.2231435513142097,
      1.2231435513142097,
      1.916290731874155,
      1.916290731874155,
      1.2231435513142097
    ]
  },
  "scope": "industrial_design",
  "grade": "preschool"
}