{
  "layer_sizes": [
    32,
    16,
    3
  ],
  "learning_rate": 0.3,
  "seed": 42,
  "output_activation": "softmax",
  "weights": [
    [
      [
        0.07617926993860784,
        -0.26400075846319504,
        0.20502781949053792,
        0.2645780138777054,
        -0.48184285343032646,
        -0.3282852275104871,
        0.03196010079182134,
        -0.07928092991448846,
        0.03886788602450369,
        -0.1938355435932254,
        0.23417047286653134,
        0.19671201558402218,
        0.026507395247610855,
        0.312569662937786,
        0.1345698795333705,
        -0.21482311572080956
      ],
      [
        0.09218769602062471,
        -0.24372538211032088,
        0.23702759586574176,
        0.016955357033338683,
        -0.04029964715318239,
        -0.1729727368958929,
        0.30563533466850756,
        -0.03885265234579343,
        -0.06401378014020095,
        -0.06860794932188781,
        0.14739827553916138,
        0.09362504781780469,
        0.11318287375630398,
        0.13846461194774848,
        0.5531044441879741,
        -0.1016037540961539
      ],
      [
        -0.12806068226788433,
        -0.2074479139650406,
        0.17140987618279754,
        0.311679907960125,
        -0.022570920680586044,
        -0.21277947003553957,
        -0.2061203039228099,
        0.16242791512758237,
        0.2288817182014366,
        0.15521400537646834,
        -0.15205644767134938,
        0.06030436249346503,
        0.03917117314248893,
        0.08543151037803111,
        0.2355497384574066,
        0.05589888719367057
      ],
      [
        0.16972839076797372,
        0.012890035469151698,
        0.08969487021141978,
        0.18725889123953696,
        -0.35837301123078397,
        -0.0826581548842329,
        -0.11759316357319888,
        -0.1599397438894284,
        -0.025717387406095058,
        0.39316076610876854,
        -0.2021367997724866,
        0.2443336203746553,
        -0.41071772204664414,
        -0.052961896300665855,
        0.0583808102466104,
        0.14655558283981954
      ],
      [
        0.17780664494821374,
        0.19433207689691015,
        -0.06976624752318565,
        -0.08615111338623989,
        0.22040991404742108,
        -0.050566432015311295,
        -0.31892158083448047,
        -0.2835420853294632,
        -0.1867948960998268,
        0.1437156243136106,
        0.04992741316846553,
        0.17488537024372716,
        -0.09681344072682668,
        0.07039428396495642,
        0.17409014246219331,
        -0.0773366349300596
      ],
      [
        0.11419380938935286,
        -0.16948621716973397,
        -0.0733484411023442,
        -0.06599763871968038,
        -0.29304396766412727,
        0.11900276940148788,
        -0.11735058505068097,
        0.0029032478533289525,
        0.16325484012705327,
        0.13105823230765562,
        0.18066725639402076,
        -0.022357339400570803,
        -0.09582485715373155,
        0.010829808469178071,
        -0.4041410645191487,
        -0.3617781181057718
      ],
      [
        -0.3306749030886006,
        -0.2533164388034416,
        0.11735857721978289,
        -0.19693292906011334,
        -0.08862469477671467,
        0.32206672365160877,
        -0.08906599276535648,
        0.18415861028817876,
        -0.1903362446018932,
        -0.03193395116673792,
        -0.2231845345768211,
        -0.08249423724835551,
        0.22007675522165576,
        -0.4010707446023094,
        0.12629845485682342,
        0.05943390058306947
      ],
      [
        -0.1485374889241986,
        -0.3655191955001848,
        0.03544739746739109,
        -0.1029363424860487,
        0.06408499657180872,
        0.002722685585953145,
        0.40044472283022886,
        -0.06005918869684899,
        -0.21280619775489018,
        0.06424434703924861,
        0.06932015014376551,
        0.3420609255368942,
        0.2187775323359515,
        0.1199771259831552,
        0.3835182667752492,
        -0.2971907635807127
      ],
      [
        -0.15993788318743693,
        -0.23564871725445238,
        -0.08003743025001825,
        -0.3147347021091751,
        0.1647036804367337,
        -0.05829602506960092,
        -0.36770157362566447,
        -0.2541150521304784,
        0.12144663726312467,
        0.22895708027376488,
        0.5135037020737712,
        0.7307296482286171,
        0.11360207917630598,
        -0.21662516881218827,
        -0.5153190262124685,
        0.06692786558595895
      ],
      [
        -0.2032352738275815,
        -0.1078440469479925,
        -0.13560917922602841,
        -0.005760886824194403,
        0.27241100143004354,
        0.03652179106642858,
        -0.039658709259672076,
        -0.2591337200350459,
        -0.37560256077551335,
        -0.10215153896816313,
        0.0008753414462440956,
        0.4442465101217558,
        0.04256835122552832,
        0.27644423895154213,
        -0.10713135566442902,
        -0.29623594160425615
      ],
      [
        -0.24127919055809297,
        -0.18531124803700946,
        0.5495324536477149,
        -0.17590983502619467,
        0.21553824466721885,
        -0.22847214531666415,
        0.23289325321856102,
        0.09601745969787288,
        0.003908700986053276,
        0.009234806766311074,
        -0.1493759447065234,
        0.11378208209730524,
        -0.10374614922788812,
        -0.2756420797460343,
        -0.3017918496095461,
        0.04314697943052987
      ],
      [
        0.3947728141026087,
        0.0359931714902884,
        -0.012244560988546946,
        0.10089336968053762,
        0.33241637915983885,
        0.05210527454605651,
        -0.10273180770843429,
        0.2763518956863792,
        0.15025728501597943,
        0.4033644362991676,
        0.06012958845630075,
        -0.30385322620334,
        -0.3320400789541092,
        0.44349134425359016,
        0.448608974166183,
        -0.04487980332065016
      ],
      [
        -0.09579683028399694,
        0.3613563411574794,
        -0.2593463999719482,
        -0.19424491995905474,
        0.16674764240539372,
        -0.10139163150980497,
        -0.001280466680017824,
        -0.041081006459721035,
        0.12746181260030937,
        0.37129590362859877,
        0.036967205876260595,
        0.16324873004599957,
        -0.5025433044004485,
        0.018579760713248343,
        -0.19311502360285868,
        -0.304703265105907
      ],
      [
        -0.2195380917321877,
        -0.08753559207827419,
        0.2463906561279269,
        -0.3021613446549889,
        0.013573816881737083,
        -0.12378270912830219,
        -0.08191827359049021,
        0.25046917449755807,
        0.17759703465155757,
        0.3537749651608555,
        -0.024305440661650902,
        -0.17172162119089066,
        -0.04596498336281803,
        0.09138355901358326,
        0.061835883583786756,
        -0.27109701805834163
      ],
      [
        0.022622445406968554,
        0.05305235063165512,
        0.6467835299224038,
        0.49864798760031964,
        -0.2073948939065724,
        -0.0745861911822016,
        -0.3658605004592508,
        -0.14789703531946452,
        0.12196942629816097,
        0.32088884352222796,
        -0.16794998028507793,
        -0.16127257829016403,
        -0.5268225365773566,
        -0.009907118940449081,
        -0.24791105899453167,
        -0.13235985684151844
      ],
      [
        -0.21921519454189706,
        -0.027570370466210414,
        -0.422017077300234,
        -0.33732447656784553,
        0.5382277217402072,
        -0.32459599611341533,
        -0.2741963946136599,
        0.4590081002517355,
        0.7693349677106773,
        -0.27346621890616585,
        -0.07774126004618341,
        0.08765291946191249,
        0.44217413195870514,
        -0.2159549084112816,
        -0.043626917515168444,
        0.194334394015436
      ],
      [
        0.10869151861665466,
        -0.09804374971059598,
        -0.01604072059008659,
