{
  "labels": [
    "Plant Medicine (Entheogens)",
    "Ritual Healing",
    "Spirit Extraction"
  ],
  "feature_extractor": {
    "max_features": 32,
    "vocabulary": {
      "plant": 26,
      "medicine": 24,
      "entheogens": 21,
      "core": 16,
      "alternative": 2,
      "broader": 11,
      "definitions": 18,
      "analysis": 4,
      "apply": 8,
      "design": 20,
      "awareness": 9,
      "contemporary": 14,
      "applications": 6,
      "academic": 0,
      "plant medicine": 27,
      "medicine entheogens": 25,
      "core concept": 17,
      "concept shamanic": 13,
      "alternative medicine": 3,
      "broader domain": 12,
      "definitions historical": 19,
      "analysis relationships": 5,
      "awareness open": 10,
      "contemporary applications": 15,
      "applications academic": 7,
      "academic professional": 1,
      "ritual": 28,
      "healing": 23,
      "ritual healing": 29,
      "spirit": 30,
      "extraction": 22,
      "spirit extraction": 31
    },
    "idf": [
      1.0,
      1.0,
      1.0,
      1.0,
      1.0,
      1.0,
      1.0,
      1.0,
      1.0,
      1.0,
      1.0,
      1.0,
      1.0,
      1.0,
      1.0,
      1.0,
      1.0,
      1.0,
      1.0,
      1.0,
      1.0,
      1.6931471805599454,
      1.6931471805599454,
      1.6931471805599454,
      1.0,
      1.6931471805599454,
      1.6931471805599454,
      1.6931471805599454,
      1.6931471805599454,
      1.6931471805599454,
      1.6931471805599454,
      1.6931471805599454
    ]
  },
  "scope": "shamanic_medicine",
  "grade": "preschool"
}