{
  "labels": [
    "Hanafi School",
    "Maliki School",
    "Sunni Islam",
    "research"
  ],
  "feature_extractor": {
    "max_features": 32,
    "vocabulary": {
      "sunni": 28,
      "islam": 7,
      "religions": 15,
      "broader": 1,
      "domain": 4,
      "religion": 13,
      "requires": 17,
      "studying": 26,
      "analysis": 0,
      "solve": 20,
      "vocabulary": 30,
      "models": 10,
      "settings": 19,
      "sunni islam": 29,
      "religions broader": 16,
      "broader domain": 2,
      "religion spirituality": 14,
      "spirituality understanding": 22,
      "studying definitions": 27,
      "solve practical": 21,
      "vocabulary foundational": 31,
      "hanafi": 5,
      "school": 18,
      "hanafi school": 6,
      "maliki": 8,
      "maliki school": 9,
      "stmutants": 25,
      "mutation": 11,
      "dataset": 3,
      "programs": 12,
      "st": 23,
      "st programs": 24
    },
    "idf": [
      1.0,
      1.2231435513142097,
      1.2231435513142097,
      1.916290731874155,
      1.0,
      1.916290731874155,
      1.916290731874155,
      1.2231435513142097,
      1.916290731874155,
      1.916290731874155,
      1.0,
      1.916290731874155,
      1.916290731874155,
      1.2231435513142097,
      1.2231435513142097,
      1.2231435513142097,
      1.2231435513142097,
      1.2231435513142097,
      1.5108256237659907,
      1.2231435513142097,
      1.2231435513142097,
      1.2231435513142097,
      1.2231435513142097,
      1.916290731874155,
      1.916290731874155,
      1.916290731874155,
      1.2231435513142097,
      1.2231435513142097,
      1.916290731874155,
      1.916290731874155,
      1.2231435513142097,
      1.2231435513142097
    ]
  },
  "scope": "islam",
  "grade": "preschool"
}