{
  "layer_sizes": [
    32,
    16,
    4
  ],
  "learning_rate": 0.3,
  "seed": 42,
  "output_activation": "softmax",
  "weights": [
    [
      [
        0.0700967823918308,
        -0.21648526777506238,
        0.32265534280856006,
        0.2189316781134728,
        -0.4874226764494965,
        -0.3255448767155795,
        0.03196010079182134,
        -0.047108811344213956,
        0.013955663094766785,
        -0.21582178501859303,
        0.19290888858515576,
        0.25574403728957384,
        0.03596810509486109,
        0.23625460616936428,
        0.16314808469535635,
        -0.1902509856372519
      ],
      [
        0.060040376901375314,
        -0.1528564060134017,
        0.5541192812520913,
        -0.1214950136013746,
        -0.18219816538770622,
        -0.17023238610098534,
        0.30563533466850756,
        0.011110290395586024,
        -0.1527311776978065,
        -0.13266673276502633,
        -0.022987577485093433,
        0.23518695911942422,
        0.056829419313286854,
        -0.0506797354843852,
        0.5392434308954486,
        -0.1171465593015531
      ],
      [
        -0.12072252603257347,
        -0.1961959161797384,
        0.14938981874020216,
        0.31154380048915126,
        0.028618335120929136,
        -0.210039119240632,
        -0.2061203039228099,
        0.17383380649218116,
        0.22302682155219952,
        0.15186098881643914,
        -0.12816513160099305,
        0.059292909318671747,
        0.067983323901996,
        0.07523793866483516,
        0.26252838229433784,
        0.08695972170891873
      ],
      [
        0.22421321491070423,
        0.07438288926516107,
        -0.03354896246791952,
        0.2728434120359453,
        -0.40413714918578786,
        -0.07991780408932533,
        -0.11759316357319888,
        -0.2113437630541656,
        -0.1264926005181954,
        0.603345627932205,
        -0.37242227906567404,
        0.31259794615031183,
        -0.4353357692974667,
        0.13082086539143659,
        0.43116870573374505,
        0.18148186960474616
      ],
      [
        0.2597726633746965,
        0.23650750428083103,
        -0.3552143795961212,
        0.0739074710785753,
        0.21834461847390402,
        -0.04782608122040372,
        -0.31892158083448047,
        -0.36869774774254355,
        -0.28479744275344915,
        0.43337507531539404,
        -0.09978880864920216,
        0.20454723983979273,
        -0.10681316158413356,
        0.3751083963217022,
        0.6501399109637306,
        -0.026819946720886414
      ],
      [
        0.12727327134124608,
        -0.16770590311120886,
        -0.13909834229955276,
        -0.04567909227891614,
        -0.21175287167155182,
        0.12174312019639545,
        -0.11735058505068097,
        0.010455116630469219,
        0.17153130809075656,
        0.13698945022149758,
        0.23300823720255806,
        -0.041449735023570265,
        -0.052434689988381224,
        0.025444377068860498,
        -0.36768345647339246,
        -0.3218021044245067
      ],
      [
        -0.31759544113670746,
        -0.2515361247449166,
        0.05160867602257429,
        -0.17661438261934906,
        -0.007333598784139262,
        0.32480707444651635,
        -0.08906599276535648,
        0.19171047906531902,
        -0.1820597766381899,
        -0.02600273325289592,
        -0.17084355376828378,
        -0.10158663287135504,
        0.2634669223870061,
        -0.38645617600262683,
        0.1627560629025794,
        0.0994099142643346
      ],
      [
        -0.1354580269723054,
        -0.36373888144166006,
        -0.030302503729817465,
        -0.08261779604528444,
        0.14537609256438408,
        0.00546303638086072,
        0.40044472283022886,
        -0.052507319919708695,
        -0.20452972979118691,
        0.07017556495309063,
        0.12166113095230277,
        0.32296852991389463,
        0.2621676995013018,
        0.13459169458283754,
        0.41997587482100546,
        -0.2572147498994476
      ],
      [
        -0.14685842123554374,
        -0.23386840319592728,
        -0.14578733144722678,
        -0.29441615566841106,
        0.24599477642930925,
        -0.055555674274693344,
        -0.36770157362566447,
        -0.24656318335333807,
        0.12972310522682814,
        0.23488829818760687,
        0.5658446828823083,
        0.7116372526056177,
        0.15699224634165626,
        -0.2020106002125058,
        -0.47886141816671246,
        0.10690387926722406
      ],
      [
        -0.23538259294683092,
        -0.016975070851073207,
        0.1814825061603213,
        -0.14421125745890756,
        0.13051248319551984,
        0.039262141861336156,
        -0.039658709259672076,
        -0.20917077729366634,
        -0.46431995833311895,
        -0.1662103224113016,
        -0.1695105115780107,
        0.5858084214233754,
        -0.013785103217488784,
        0.08729989151940842,
        -0.12099236895695488,
        -0.3117787468096553
      ],
      [
        -0.2339410343227821,
        -0.1740592502517073,
        0.5275123962051194,
        -0.17604594249716823,
        0.26672750046873434,
        -0.2257317945217566,
        0.23289325321856102,
        0.10742335106247168,
        -0.0019461956631837076,
        0.005881790206281877,
        -0.12548462863616708,
        0.11277062892251195,
        -0.07493399846838109,
        -0.28583565145923,
        -0.2748132057726145,
        0.07420781394577802
      ],
      [
        0.4767388325290916,
        0.07816859887420928,
        -0.2976926930614823,
        0.2609519541453528,
        0.33035108358632176,
        0.054845625340964085,
        -0.10273180770843429,
        0.19119623327329888,
        0.0522547383623572,
        0.6930238873009512,
        -0.08958663336136692,
        -0.27419135660727467,
        -0.34203979981141625,
        0.7482054566103361,
        0.9246587426677205,
        0.005636884888523012
      ],
      [
        -0.08845867404868601,
        0.3726083389427814,
        -0.2813664574145435,
        -0.1943810274300283,
        0.217936898206909,
        -0.0986512807148974,
        -0.001280466680017824,
        -0.029675115095122266,
        0.12160691595107227,
        0.3679428870685695,
        0.06085852194661701,
        0.16223727687120623,
        -0.47373115364094187,
        0.008386189000052438,
        -0.16613637976592757,
        -0.273642430590659
      ],
      [
        -0.19337916782840134,
        -0.08797969586429537,
        0.13230587427243354,
        -0.23208741699355873,
        0.18207195260002068,
        -0.12104235833339462,
        -0.08191827359049021,
        0.26535263022324573,
        0.2372181459795403,
        0.3850628392887091,
        0.09469750010624786,
        -0.2076423807101046,
        0.050815071825189566,
        0.15137205740872595,
        0.1524436436456579,
        -0.1911449906958113
      ],
      [
        -0.0030954098884309823,
        0.1265484778898048,
        0.8969738741236984,
        0.38200032413656826,
        -0.32209689724081786,
        -0.07184584038729402,
        -0.3658605004592508,
        -0.10788262476064236,
        0.04238187317196136,
        0.2657567291076832,
        -0.30712285853464655,
        -0.04847585559422548,
        -0.573905244303232,
        -0.16737446912531165,
        -0.26253837842262434,
        -0.14479410100583776
      ],
      [
        -0.21921519454189706,
        -0.20374092975739155,
        -0.48833135171889724,
        -0.5946509755665446,
        1.2379615834700965,
        -0.32185564531850774,
        -0.2741963946136599,
        0.5905497171286178,
        1.102966385984133,
        -0.2928916572063354,
        0.3710928918220824,
        0.10558862952050949,
        0.7506412692416312,
        -0.24671426960705936,
        0.010772074563704298,
        -0.1172671688387514
      ],
      [
        0.12177098056854783,
        -0.09626343565207097,
        -0.08179062178729515,
