{
  "labels": [
    "Kernel Design",
    "Memory Management",
    "Process Management",
    "research"
  ],
  "feature_extractor": {
    "max_features": 32,
    "vocabulary": {
      "kernel": 15,
      "design": 13,
      "core": 11,
      "concept": 8,
      "systems": 30,
      "computer": 6,
      "analysis": 2,
      "problems": 22,
      "vocabulary": 31,
      "questions": 28,
      "contemporary": 10,
      "academic": 0,
      "professional": 26,
      "kernel design": 16,
      "core concept": 12,
      "concept operating": 9,
      "computer science": 7,
      "principles methods": 21,
      "problems extend": 23,
      "common techniques": 5,
      "questions contemporary": 29,
      "academic professional": 1,
      "professional settings": 27,
      "process": 24,
      "management": 18,
      "process management": 25,
      "memory": 19,
      "memory management": 20,
      "lifecycle": 17,
      "aware": 3,
      "carbon": 4,
      "hardware": 14
    },
    "idf": [
      1.2231435513142097,
      1.2231435513142097,
      1.0,
      1.916290731874155,
      1.916290731874155,
      1.2231435513142097,
      1.2231435513142097,
      1.2231435513142097,
      1.2231435513142097,
      1.2231435513142097,
      1.2231435513142097,
      1.2231435513142097,
      1.2231435513142097,
      1.2231435513142097,
      1.916290731874155,
      1.916290731874155,
      1.916290731874155,
      1.916290731874155,
      1.5108256237659907,
      1.916290731874155,
      1.916290731874155,
      1.2231435513142097,
      1.2231435513142097,
      1.2231435513142097,
      1.916290731874155,
      1.916290731874155,
      1.2231435513142097,
      1.2231435513142097,
      1.2231435513142097,
      1.2231435513142097,
      1.0,
      1.2231435513142097
    ]
  },
  "scope": "operating_systems",
  "grade": "preschool"
}