{
  "layer_sizes": [
    32,
    16,
    4
  ],
  "learning_rate": 0.3,
  "seed": 42,
  "output_activation": "softmax",
  "weights": [
    [
      [
        0.07617926993860784,
        -0.29573362004571085,
        0.1920123738149277,
        0.25764958839063773,
        -0.435410774365533,
        -0.3255448767155795,
        0.03196010079182134,
        -0.06984545615729564,
        -0.0006564236335810893,
        -0.23662744045567183,
        0.24448088545777436,
        0.23287586089119547,
        0.03493009204314333,
        0.32020527498992274,
        0.1168773355630114,
        -0.17366989503892036
      ],
      [
        0.09218769602062471,
        -0.2754582436928367,
        0.22401215019013151,
        0.010026931546271227,
        0.006132431911611074,
        -0.17023238610098534,
        0.30563533466850756,
        -0.029417178588600656,
        -0.10353808979828567,
        -0.11139984618433411,
        0.1577086881304044,
        0.12978889312497802,
        0.12160557055183642,
        0.14610022399988498,
        0.5354119002176153,
        -0.060450533414264665
      ],
      [
        -0.12806068226788433,
        0.012386758967329376,
        0.18882855656605235,
        0.24595908798771893,
        -0.1277845244334194,
        -0.210039119240632,
        -0.2061203039228099,
        0.23962658078161428,
        0.14906843066480055,
        0.2901161175728748,
        -0.19574179525503033,
        0.021004521590203443,
        0.029171452285182056,
        -0.014388390661503965,
        0.21785719448704746,
        0.03437769038791348
      ],
      [
        0.16972839076797372,
        -0.018842826113364287,
        0.07667942453580945,
        0.18033046575246947,
        -0.3119409321659905,
        -0.07991780408932533,
        -0.11759316357319888,
        -0.15050427013223566,
        -0.0652416970641798,
        0.3503688692463222,
        -0.1918263871812436,
        0.2804974656818288,
        -0.40229502525111216,
        -0.04532628424852933,
        0.0406882662762514,
        0.18770880352170874
      ],
      [
        0.17780664494821374,
        0.1959367188520335,
        -0.41655537701104645,
        -0.11558794816614179,
        0.20977783905391897,
        -0.04782608122040372,
        -0.31892158083448047,
        -0.7217610745539699,
        -0.22888088070469695,
        0.15342510138673476,
        -0.24848521302146673,
        0.7545223858504136,
        -0.24122237763559864,
        0.09543510973074808,
        0.15639759849183418,
        -0.010643243917462875
      ],
      [
        0.11419380938935286,
        -0.1678815752146106,
        -0.420137570590205,
        -0.09543447349958227,
        -0.30367604265762965,
        0.12174312019639545,
        -0.11735058505068097,
        -0.435315741371178,
        0.12116885552218312,
        0.1407677093807797,
        -0.11774536979591144,
        0.5572796762061155,
        -0.24023379406250353,
        0.0358706342349698,
        -0.42183360848950746,
        -0.2950847270931752
      ],
      [
        -0.3306749030886006,
        -0.2850493003859574,
        0.10434313154417256,
        -0.20386135454718082,
        -0.042192615711921226,
        0.32480707444651635,
        -0.08906599276535648,
        0.19359408404537146,
        -0.2298605542599782,
        -0.07472584802918425,
        -0.2128741219855781,
        -0.046330391941182186,
        0.22849945201718827,
        -0.39343513255017265,
        0.10860591088646433,
        0.10058712126495868
      ],
      [
        -0.1485374889241986,
        -0.3972520570827006,
        0.02243195179178073,
        -0.10986476797311613,
        0.1105170756366022,
        0.00546303638086072,
        0.40044472283022886,
        -0.050623714939656186,
        -0.2523305074129753,
        0.021452450176802296,
        0.07963056273500847,
        0.37822477084406775,
        0.22720022913148402,
        0.1276127380352917,
        0.36582572280489045,
        -0.2560375428988235
      ],
      [
        -0.15993788318743693,
        -0.26738157883696806,
        -0.09305287592562858,
        -0.3216631275962429,
        0.21113575950152733,
        -0.055555674274693344,
        -0.36770157362566447,
        -0.2446795783732856,
        0.08192232760503995,
        0.18616518341131846,
        0.5238141146650136,
        0.7668934935357911,
        0.12202477597183842,
        -0.20898955676005176,
        -0.5330115701828273,
        0.10808108626784817
      ],
      [
        -0.2032352738275815,
        -0.1395769085305085,
        -0.14862462490163864,
        -0.01268931231126186,
        0.318843080494837,
        0.039262141861336156,
        -0.039658709259672076,
        -0.24969824627785328,
        -0.4151268704335983,
        -0.1449434358306095,
        0.011185754037487049,
        0.48041035542892935,
        0.05099104802106079,
        0.28407985100367883,
        -0.12482389963478802,
        -0.25508272092236695
      ],
      [
        -0.24127919055809297,
        -0.3107452756628491,
        0.5694144650439629,
        -0.08915496600314313,
        0.4746627800210377,
        -0.2257317945217566,
        0.23289325321856102,
        0.17575624685264452,
        -0.031661493120895695,
        -0.09022622962301013,
        -0.03294818383840036,
        0.3185546549171716,
        -0.008315135130727003,
        -0.11069436539491422,
        -0.3194843935799048,
        0.27117805862038874
      ],
      [
        0.3947728141026087,
        0.0483230846029387,
        -0.02000341739501108,
        0.0835471381363891,
        0.35202582808225785,
        0.054845625340964085,
        -0.10273180770843429,
        0.2974963721043413,
        0.10369474411917995,
        0.39168022637432454,
        0.06083853749615889,
        -0.2811422243366477,
        -0.3269782662464921,
        0.43210950465421305,
        0.43091643019582426,
        -0.014977899933163506
      ],
      [
        -0.09579683028399694,
        0.797020955119148,
        -0.20709401866651517,
        -0.29624972512396436,
        -0.03776362136714022,
        -0.0986512807148974,
        -0.001280466680017824,
        0.11309604301974983,
        0.010903412927613395,
        0.6605255663215814,
        -0.03608251014027709,
        0.08691307996626145,
        -0.5125430252577556,
        -0.15030068017004394,
        -0.21080756757321778,
        -0.3477456587174212
      ],
      [
        -0.2195380917321877,
        0.4200723355598274,
        0.3102542710740862,
        -0.41626081155073336,
        -0.22403666689736382,
        -0.12104235833339462,
        -0.08191827359049021,
        0.4303056852521753,
        0.04879026426684153,
        0.6944471446860294,
        -0.10714327948914082,
        -0.2604025409961209,
        -0.05596470422012488,
        -0.10051706181762807,
        0.04414333961342776,
        -0.3213131439384415
      ],
      [
        0.022622445406968554,
        0.41677365091689095,
        0.6874246775871102,
        0.4087378441662445,
        -0.3788069376725395,
        -0.07184584038729402,
        -0.3658605004592508,
        -0.019379447115139965,
        0.017659397337485123,
        0.5586759893830187,
        -0.2312115734906634,
        -0.2252629586444099,
        -0.5368222574346637,
        -0.15576737987582226,
        -0.2656036029648908,
        -0.16822851818444692
      ],
      [
        -0.21921519454189706,
        -0.13211175491201527,
        -0.41538817077049583,
        -0.28106231024683687,
        0.7290289256833045,
        -0.32185564531850774,
        -0.2741963946136599,
        0.5102886695876501,
        0.7343617966427372,
        -0.36156487270285254,
        0.0035187959037407037,
        0.23603315121636229,
        0.5074820789260184,
        -0.10177512212738173,
        -0.061319461485527436,
        0.358818115334831
      ],
      [
        0.10869151861665466,
        -0.20258513415640078,
        -0.009411814060348392,
