{
  "labels": [
    "Commercial Interior Design",
    "Residential Interior Design",
    "Sustainable Interior Design",
    "research"
  ],
  "feature_extractor": {
    "max_features": 32,
    "vocabulary": {
      "residential": 22,
      "interior": 15,
      "design": 10,
      "concept": 8,
      "requires": 19,
      "studying": 27,
      "methods": 17,
      "researchers": 21,
      "experiments": 11,
      "solve": 25,
      "models": 18,
      "common": 6,
      "awareness": 0,
      "residential interior": 23,
      "interior design": 16,
      "concept interior": 9,
      "broader domain": 3,
      "requires studying": 20,
      "studying definitions": 28,
      "solve practical": 26,
      "vocabulary foundational": 31,
      "common techniques": 7,
      "awareness open": 1,
      "commercial": 4,
      "commercial interior": 5,
      "sustainable": 29,
      "sustainable interior": 30,
      "floorplan": 12,
      "home": 14,
      "generation": 13,
      "simulation": 24,
      "based": 2
    },
    "idf": [
      1.2231435513142097,
      1.2231435513142097,
      1.916290731874155,
      1.2231435513142097,
      1.916290731874155,
      1.916290731874155,
      1.2231435513142097,
      1.2231435513142097,
      1.2231435513142097,
      1.2231435513142097,
      1.0,
      1.0,
      1.916290731874155,
      1.916290731874155,
      1.916290731874155,
      1.0,
      1.0,
      1.0,
      1.0,
      1.2231435513142097,
      1.2231435513142097,
      1.2231435513142097,
      1.5108256237659907,
      1.916290731874155,
      1.916290731874155,
      1.2231435513142097,
      1.2231435513142097,
      1.2231435513142097,
      1.2231435513142097,
      1.916290731874155,
      1.916290731874155,
      1.2231435513142097
    ]
  },
  "scope": "interior_design",
  "grade": "preschool"
}