{
  "layer_sizes": [
    32,
    16,
    3
  ],
  "learning_rate": 0.3,
  "seed": 42,
  "output_activation": "softmax",
  "weights": [
    [
      [
        0.08222796653381276,
        -0.2357413929352308,
        0.23162951638946397,
        0.2512533380962826,
        -0.45847949151287937,
        -0.3255448767155795,
        0.03196010079182134,
        -0.05795774365902392,
        0.04082236689726252,
        -0.19972556999595056,
        0.24123707772518777,
        0.19863463043583754,
        0.01650767439030401,
        0.306531103482367,
        0.15561148210981585,
        -0.21482311572080956
      ],
      [
        0.09823639261582963,
        -0.21546601658235667,
        0.2636292927646677,
        0.0036306812519159436,
        -0.01693628523573534,
        -0.17023238610098534,
        0.30563533466850756,
        -0.01752946609032895,
        -0.06205929926744212,
        -0.07449797572461299,
        0.1544648803978178,
        0.09554766266962007,
        0.1031831528989971,
        0.1324260524923294,
        0.5741460467644197,
        -0.1016037540961539
      ],
      [
        -0.12201198567267932,
        -0.17918854843707638,
        0.19801157308172354,
        0.2983552321787021,
        0.0007924412368610046,
        -0.210039119240632,
        -0.2061203039228099,
        0.18375110138304696,
        0.23083619907419528,
        0.1493239789737432,
        -0.14498984281269295,
        0.06222697734528043,
        0.029171452285182056,
        0.079392950922612,
        0.25659134103385195,
        0.05589888719367057
      ],
      [
        0.17577708736317865,
        0.0411494009971159,
        0.11629656711034564,
        0.17393421545811424,
        -0.3350096493133369,
        -0.07991780408932533,
        -0.11759316357319888,
        -0.1386165576339638,
        -0.02376290653333621,
        0.3872707397060436,
        -0.19507019491383018,
        0.24625623522647067,
        -0.4207174429039512,
        -0.05900045575608498,
        0.07942241282305594,
        0.14655558283981954
      ],
      [
        0.18385534154341868,
        0.22259144242487436,
        -0.043164550624259806,
        -0.0994757891676626,
        0.24377327596486817,
        -0.04782608122040372,
        -0.31892158083448047,
        -0.2622188990739986,
        -0.18484041522706812,
        0.13782559791088547,
        0.05699401802712193,
        0.17680798509554252,
        -0.10681316158413356,
        0.06435572450953735,
        0.19513174503863862,
        -0.0773366349300596
      ],
      [
        0.12024250598455778,
        -0.14122685164176976,
        -0.04674674420341837,
        -0.07932231450110308,
        -0.2696806057466802,
        0.12174312019639545,
        -0.11735058505068097,
        0.02422643410879344,
        0.16520932099981192,
        0.12516820590493044,
        0.1877338612526772,
        -0.02043472454875543,
        -0.10582457801103844,
        0.004791249013758997,
        -0.383099461942703,
        -0.3617781181057718
      ],
      [
        -0.32462620649339574,
        -0.2250570732754774,
        0.14396027411870874,
        -0.21025760484153605,
        -0.06526133285926762,
        0.32480707444651635,
        -0.08906599276535648,
        0.20548179654364332,
        -0.18838176372913454,
        -0.0378239775694631,
        -0.21611792971816468,
        -0.08057162239654013,
        0.21007703436434888,
        -0.4071093040577284,
        0.14734005743326872,
        0.05943390058306947
      ],
      [
        -0.14248879232899367,
        -0.3372598299722204,
        0.06204909436631696,
        -0.1162610182674714,
        0.08744835848925578,
        0.00546303638086072,
        0.40044472283022886,
        -0.03873600244138446,
        -0.21085171688213156,
        0.05835432063652344,
        0.07638675500242188,
        0.3439835403887095,
        0.20877781147864463,
        0.11393856652773608,
        0.4045598693516949,
        -0.2971907635807127
      ],
      [
        -0.153889186592232,
        -0.20738935172648817,
        -0.05343573335109244,
        -0.328059377890598,
        0.18806704235418079,
        -0.055555674274693344,
        -0.36770157362566447,
        -0.2327918658750137,
        0.12340111813588349,
        0.22306705387103973,
        0.5205703069324269,
        0.7326522630804327,
        0.1036023583189991,
        -0.2226637282676073,
        -0.4942774236360228,
        0.06692786558595895
      ],
      [
        -0.19718657723237656,
        -0.07958468142002831,
        -0.10900748232710235,
        -0.019085562605617147,
        0.29577436334749063,
        0.039262141861336156,
        -0.039658709259672076,
        -0.2378105337795813,
        -0.3736480799027544,
        -0.10804156537088831,
        0.007941946304900456,
        0.4461691249735711,
        0.03256863036822146,
        0.27040567949612315,
        -0.08608975308798349,
        -0.29623594160425615
      ],
      [
        -0.23523049396288803,
        -0.15705188250904525,
        0.5761341505466405,
        -0.18923451080761738,
        0.23890160658466594,
        -0.2257317945217566,
        0.23289325321856102,
        0.11734064595333742,
        0.005863181858812123,
        0.003344780363585909,
        -0.14230933984786698,
        0.11570469694912063,
        -0.113745870085195,
        -0.28168063920145325,
        -0.28075024703310036,
        0.04314697943052987
      ],
      [
        0.4769667763845379,
        0.0917141623079166,
        0.4159030763606682,
        -0.4868591028861951,
        0.7308096948770566,
        0.054845625340964085,
        -0.10273180770843429,
        0.8541052944589077,
        0.30689018700601545,
        0.8118672181241293,
        -0.18890337804807827,
        -0.5543869870974253,
        -0.34203979981141625,
        0.2772629152223559,
        0.9506805078101351,
        -0.04487980332065016
      ],
      [
        -0.08974813368879202,
        0.38961570668544376,
        -0.23274470307302245,
        -0.20756959574047745,
        0.1901110043228408,
        -0.0986512807148974,
        -0.001280466680017824,
        -0.019757820204256555,
        0.1294162934730681,
        0.3654058772258738,
        0.044033810734916974,
        0.16517134489781493,
        -0.5125430252577556,
        0.012541201257829265,
        -0.17207342102641338,
        -0.304703265105907
      ],
      [
        -0.21348939513698276,
        -0.059276226550309966,
        0.2729923530268528,
        -0.31548602043641183,
        0.03693717879918416,
        -0.12104235833339462,
        -0.08191827359049021,
        0.2717923607530226,
        0.17955151552431622,
        0.34788493875813054,
        -0.01723883580299453,
        -0.1697990063390753,
        -0.05596470422012488,
        0.08534499955816414,
        0.08287748616023229,
        -0.27109701805834163
      ],
      [
        0.028671142002173477,
        0.08131171615961932,
        0.6733852268213295,
        0.48532331181889665,
        -0.18403153198912534,
        -0.07184584038729402,
        -0.3658605004592508,
        -0.12657384906399993,
        0.12392390717091979,
        0.314998817119503,
        -0.1608833754264215,
        -0.15934996343834867,
        -0.5368222574346637,
        -0.01594567839586815,
        -0.2268694564180863,
        -0.13235985684151844
      ],
      [
        -0.21316649794669212,
        0.0006889950617537963,
        -0.3954153804013083,
        -0.3506491523492685,
        0.5615910836576542,
        -0.32185564531850774,
        -0.2741963946136599,
        0.4803312865072001,
        0.7712894485834366,
        -0.2793562453088908,
        -0.07067465518752708,
        0.08957553431372788,
        0.4321744111013981,
        -0.22199346786670063,
        -0.02258531493872292,
        0.194334394015436
      ],
      [
        0.11474021521185958,
        -0.06978438418263178,
        0.010560976308839327,
