{
  "layer_sizes": [
    32,
    16,
    2
  ],
  "learning_rate": 0.3,
  "seed": 42,
  "output_activation": "softmax",
  "weights": [
    [
      [
        0.092850442391247,
        -0.22340143632144394,
        0.22353926248954087,
        0.23268974747790547,
        -0.48931321892246765,
        -0.3255448767155795,
        0.03196010079182134,
        -0.05144282057033123,
        -0.004200289376072199,
        -0.213260981893395,
        0.21552346422023577,
        0.19217549276973608,
        0.01650767439030401,
        0.26988296900969655,
        0.1168773355630114,
        -0.21482311572080956
      ],
      [
        0.10885886847326387,
        -0.20312605996856986,
        0.2555390388647448,
        -0.014932909366461276,
        -0.047770012645323656,
        -0.17023238610098534,
        0.30563533466850756,
        -0.011014543001636233,
        -0.1070819555407768,
        -0.0880333876220574,
        0.1287512668928658,
        0.08908852500351866,
        0.1031831528989971,
        0.09577791801965906,
        0.5354119002176153,
        -0.1016037540961539
      ],
      [
        -0.11138950981524515,
        -0.1668485918232896,
        0.18992131918180047,
        0.2797916415603248,
        -0.03004128617272728,
        -0.210039119240632,
        -0.2061203039228099,
        0.19026602447173968,
        0.18581354280086057,
        0.13578856707629874,
        -0.17070345631764494,
        0.05576783967917902,
        0.029171452285182056,
        0.0427448164499416,
        0.21785719448704746,
        0.05589888719367057
      ],
      [
        0.18639956322061296,
        0.05348935761090273,
        0.1082063132104226,
        0.1553706248397371,
        -0.36584337672292516,
        -0.07991780408932533,
        -0.11759316357319888,
        -0.13210163454527107,
        -0.06878556280667093,
        0.37373532780859897,
        -0.22078380841878217,
        0.2397970975603692,
        -0.4207174429039512,
        -0.09564859022875534,
        0.0406882662762514,
        0.14655558283981954
      ],
      [
        0.194477817400853,
        0.23493139903866117,
        -0.05125480452418277,
        -0.11803937978603987,
        0.21293954855528002,
        -0.04782608122040372,
        -0.31892158083448047,
        -0.25570397598530614,
        -0.22986307150040283,
        0.12429018601344101,
        0.03128040452216985,
        0.17034884742944106,
        -0.10681316158413356,
        0.027707590036866934,
        0.15639759849183418,
        -0.0773366349300596
      ],
      [
        0.1308649818419921,
        -0.12888689502798295,
        -0.054836998103341326,
        -0.09788590511948035,
        -0.30051433315626846,
        0.12174312019639545,
        -0.11735058505068097,
        0.03074135719748618,
        0.12018666472647724,
        0.11163279400748602,
        0.1620202477477252,
        -0.02689386221485681,
        -0.10582457801103844,
        -0.03185688545891139,
        -0.42183360848950746,
        -0.3617781181057718
      ],
      [
        -0.31400373063596143,
        -0.21271711666169058,
        0.13587002021878572,
        -0.22882119545991317,
        -0.09609506026885592,
        0.32480707444651635,
        -0.08906599276535648,
        0.21199671963233604,
        -0.23340442000246925,
        -0.051359389466907504,
        -0.24183154322311667,
        -0.08703076006264154,
        0.21007703436434888,
        -0.44375743853039884,
        0.10860591088646433,
        0.05943390058306947
      ],
      [
        -0.13186631647155936,
        -0.324919873358434,
        0.05395884046639399,
        -0.1348246088858486,
        0.05661463107966747,
        0.00546303638086072,
        0.40044472283022886,
        -0.03222107935269178,
        -0.25587437315546624,
        0.04481890873907904,
        0.050673141497469834,
        0.33752440272260825,
        0.20877781147864463,
        0.07729043205506571,
        0.36582572280489045,
        -0.2971907635807127
      ],
      [
        -0.1432667107347977,
        -0.19504939511270136,
        -0.06152598725101543,
        -0.3466229685089753,
        0.15723331494459264,
        -0.055555674274693344,
        -0.36770157362566447,
        -0.226276942786321,
        0.07837846186254882,
        0.20953164197359528,
        0.4948566934274751,
        0.7261931254143315,
        0.1036023583189991,
        -0.2593118627402777,
        -0.5330115701828273,
        0.06692786558595895
      ],
      [
        -0.18656410137494225,
        -0.06724472480624145,
        -0.11709773622702548,
        -0.03764915322399438,
        0.26494063593790235,
        0.039262141861336156,
        -0.039658709259672076,
        -0.23129561069088855,
        -0.41867073617608924,
        -0.12157697726833272,
        -0.017771667200051588,
        0.43970998730746985,
        0.03256863036822146,
        0.23375754502345275,
        -0.12482389963478802,
        -0.29623594160425615
      ],
      [
        -0.22460801810545372,
        -0.14471192589525844,
        0.5680438966467177,
        -0.2077981014259945,
        0.2080678791750778,
        -0.2257317945217566,
        0.23289325321856102,
        0.12385556904203011,
        -0.0391594744145226,
        -0.010190631533858506,
        -0.16802295335281897,
        0.10924555928301921,
        -0.113745870085195,
        -0.3183287736741237,
        -0.3194843935799048,
        0.04314697943052987
      ],
      [
        0.4114439865552479,
        0.07659249363203942,
        0.006266882010455941,
        0.06900510328073764,
        0.32494601366769765,
        0.054845625340964085,
        -0.10273180770843429,
        0.3041900050305363,
        0.10718910961540337,
        0.383938997998998,
        0.04148257981000507,
        -0.30838974901762595,
        -0.34203979981141625,
        0.4008046503255007,
        0.43091643019582426,
        -0.04487980332065016
      ],
      [
        -0.07912565783135778,
        0.4019556632992302,
        -0.2408349569729455,
        -0.22613318635885457,
        0.15927727691325266,
        -0.0986512807148974,
        -0.001280466680017824,
        -0.013242897115563841,
        0.08439363719973339,
        0.3518704653284292,
        0.018320197229964922,
        0.15871220723171348,
        -0.5125430252577556,
        -0.024106933214841114,
        -0.21080756757321778,
        -0.304703265105907
      ],
      [
        -0.20286691927954845,
        -0.04693626993652314,
        0.26490209912692986,
        -0.3340496110547891,
        0.0061034513895958506,
        -0.12104235833339462,
        -0.08191827359049021,
        0.2783072838417151,
        0.13452885925098151,
        0.3343495268606859,
        -0.042952449307946575,
        -0.17625814400517675,
        -0.05596470422012488,
        0.04869686508549377,
        0.04414333961342776,
        -0.27109701805834163
      ],
      [
        0.03929361785960771,
        0.09365167277340615,
        0.6652949729214067,
        0.46675972120051945,
        -0.21486525939871345,
        -0.07184584038729402,
        -0.3658605004592508,
        -0.12005892597530722,
        0.07890125089758512,
        0.3014634052220584,
        -0.1865969889313735,
        -0.16580910110445013,
        -0.5368222574346637,
        -0.05259381286853855,
        -0.2656036029648908,
        -0.13235985684151844
      ],
      [
        -0.2025440220892578,
        0.013028951675540608,
        -0.4035056343012312,
        -0.3692127429676457,
        0.5307573562480661,
        -0.32185564531850774,
        -0.2741963946136599,
        0.48684620959589253,
        0.7262667923101017,
        -0.2928916572063354,
        -0.09638826869247906,
        0.08311639664762646,
        0.4321744111013981,
        -0.258641602339371,
        -0.061319461485527436,
        0.194334394015436
      ],
      [
        0.12536269106929385,
        -0.05744442756884496,
        0.0024707224089162995,
