{
  "layer_sizes": [
    32,
    16,
    3
  ],
  "learning_rate": 0.3,
  "seed": 42,
  "output_activation": "softmax",
  "weights": [
    [
      [
        0.07617926993860784,
        -0.2599960265601239,
        0.21983452743843712,
        0.25606866295406466,
        -0.4625675924384963,
        -0.3255448767155795,
        0.03196010079182134,
        -0.05709471843260617,
        0.03469460861466208,
        -0.19969359538989967,
        0.23611529156511835,
        0.18507837717748285,
        0.02403431015634187,
        0.2818103017420082,
        0.1168773355630114,
        -0.21482311572080956
      ],
      [
        0.09218769602062471,
        -0.23972065020724972,
        0.25183430381364097,
        0.008446006109698147,
        -0.0210243861613523,
        -0.17023238610098534,
        0.30563533466850756,
        -0.016666440863911183,
        -0.06818705755004249,
        -0.074466001118562,
        0.14934309423774839,
        0.08199140941126534,
        0.11070978866503495,
        0.10770525075197068,
        0.5354119002176153,
        -0.1016037540961539
      ],
      [
        -0.12806068226788433,
        -0.20344318206196943,
        0.18621658413069672,
        0.30317055703648405,
        -0.0032956596887559263,
        -0.210039119240632,
        -0.2061203039228099,
        0.18461412660946466,
        0.22470844079159488,
        0.1493559535797941,
        -0.15011162897276237,
        0.04867072408692571,
        0.03669808805121993,
        0.05467214918225324,
        0.21785719448704746,
        0.05589888719367057
      ],
      [
        0.16972839076797372,
        0.016894767372222865,
        0.10450157815931888,
        0.1787495403158966,
        -0.33909775023895383,
        -0.07991780408932533,
        -0.11759316357319888,
        -0.1377535324075461,
        -0.029890664815936645,
        0.3873027143120944,
        -0.2001919810738996,
        0.23269998196811598,
        -0.4131908071379134,
        -0.08372125749644371,
        0.0406882662762514,
        0.14655558283981954
      ],
      [
        0.17780664494821374,
        0.1983368087999813,
        -0.05495953957528656,
        -0.0946604643098804,
        0.2396851750392514,
        -0.04782608122040372,
        -0.31892158083448047,
        -0.26135587384758063,
        -0.19096817350966852,
        0.1378575725169364,
        0.05187223186705247,
        0.16325173183718783,
        -0.09928652581809572,
        0.03963492276917856,
        0.15639759849183418,
        -0.0773366349300596
      ],
      [
        0.11419380938935286,
        -0.16548148526666281,
        -0.0585417331544451,
        -0.07450698964332089,
        -0.27376870667229714,
        0.12174312019639545,
        -0.11735058505068097,
        0.025089459335211218,
        0.15908156271721155,
        0.12520018051098142,
        0.18261207509260777,
        -0.033990977807110134,
        -0.09829794224500059,
        -0.019929552726599763,
        -0.42183360848950746,
        -0.3617781181057718
      ],
      [
        -0.3306749030886006,
        -0.24931170690037044,
        0.132165285167682,
        -0.2054422799837537,
        -0.06934943378488455,
        0.32480707444651635,
        -0.08906599276535648,
        0.20634482177006103,
        -0.19450952201173494,
        -0.037792002963412126,
        -0.2212397158782341,
        -0.09412787565489486,
        0.21760367013038684,
        -0.43183010579808717,
        0.10860591088646433,
        0.05943390058306947
      ],
      [
        -0.1485374889241986,
        -0.36151446359711364,
        0.05025410541529022,
        -0.11144569340968921,
        0.08336025756363885,
        0.00546303638086072,
        0.40044472283022886,
        -0.03787297721496672,
        -0.21697947516473193,
        0.05838629524257442,
        0.07126496884235242,
        0.3304272871303549,
        0.2163044472446826,
        0.08921776478737733,
        0.36582572280489045,
        -0.2971907635807127
      ],
      [
        -0.15993788318743693,
        -0.23164398535138123,
        -0.06523072230211915,
        -0.32324405303281606,
        0.18397894142856402,
        -0.055555674274693344,
        -0.36770157362566447,
        -0.23192884064859598,
        0.11727335985328312,
        0.22309902847709062,
        0.5154485207723575,
        0.7190960098220781,
        0.11112899408503694,
        -0.24738453000796604,
        -0.5330115701828273,
        0.06692786558595895
      ],
      [
        -0.2032352738275815,
        -0.10383931504492133,
        -0.12080247127812925,
        -0.014270237747834955,
        0.2916862624218737,
        0.039262141861336156,
        -0.039658709259672076,
        -0.2369475085531635,
        -0.37977583818535504,
        -0.10800959076483732,
        0.0028201601448310256,
        0.4326128717152165,
        0.04009526613425934,
        0.2456848777557644,
        -0.12482389963478802,
        -0.29623594160425615
      ],
      [
        -0.24127919055809297,
        -0.1813065161339383,
        0.5643391615956138,
        -0.18441918594983503,
        0.23481350565904918,
        -0.2257317945217566,
        0.23289325321856102,
        0.11820367117975517,
        -0.000264576423788319,
        0.003376754969636897,
        -0.1474311260079364,
        0.1021484436907659,
        -0.10621923431915715,
        -0.30640144094181204,
        -0.3194843935799048,
        0.04314697943052987
      ],
      [
        0.3947728141026087,
        0.03999790339335956,
        0.0025621469593522053,
        0.09238401875689711,
        0.351691640151669,
        0.054845625340964085,
        -0.10273180770843429,
        0.29853810716826173,
        0.14608400760613768,
        0.3975063845024934,
        0.06207440715488769,
        -0.3154868646098793,
        -0.33451316404537845,
        0.4127319830578124,
        0.43091643019582426,
        -0.04487980332065016
      ],
      [
        -0.09579683028399694,
        0.36536107306055055,
        -0.24453969202404904,
        -0.2027542708826951,
        0.18602290339722405,
        -0.0986512807148974,
        -0.001280466680017824,
        -0.01889479497783879,
        0.12328853519046769,
        0.3654378518319246,
        0.03891202457484753,
        0.15161509163946024,
        -0.5050163894917176,
        -0.012179600482529487,
        -0.21080756757321778,
        -0.304703265105907
      ],
      [
        -0.2195380917321877,
        -0.08353086017520302,
        0.2611973640758261,
        -0.31067069557862986,
        0.0328490778735672,
        -0.12104235833339462,
        -0.08191827359049021,
        0.2726553859794405,
        0.17342375724171583,
        0.34791691336418135,
        -0.022360621963063966,
        -0.18335525959743,
        -0.048438068454087005,
        0.0606241978178054,
        0.04414333961342776,
        -0.27109701805834163
      ],
      [
        0.022622445406968554,
        0.057057082534726286,
        0.6615902378703028,
        0.4901386366766787,
        -0.18811963291474207,
        -0.07184584038729402,
        -0.3658605004592508,
        -0.12571082383758223,
        0.11779614888831942,
        0.3150307917255538,
        -0.16600516158649092,
        -0.17290621669670336,
        -0.5292956216686256,
        -0.04066648013622692,
        -0.2656036029648908,
        -0.13235985684151844
      ],
      [
        -0.21921519454189706,
        -0.023565638563139247,
        -0.40721036935233484,
        -0.3458338274914865,
        0.557502982732037,
        -0.32185564531850774,
        -0.2741963946136599,
        0.48119431173361804,
        0.7651616903008361,
        -0.27932427070284,
        -0.0757964413475965,
        0.07601928105537314,
        0.4397010468674359,
        -0.24671426960705936,
        -0.061319461485527436,
        0.194334394015436
      ],
      [
        0.10869151861665466,
        -0.09403901780752481,
        -0.0012340126421874383,
