{
  "labels": [
    "Cornea & External Disease",
    "Glaucoma",
    "Retinal Disease",
    "research"
  ],
  "feature_extractor": {
    "max_features": 32,
    "vocabulary": {
      "retinal": 22,
      "disease": 8,
      "ophthalmology": 21,
      "clinical": 4,
      "medicine": 16,
      "broader": 2,
      "domain": 9,
      "understanding": 30,
      "experiments": 10,
      "models": 17,
      "techniques": 27,
      "open": 19,
      "retinal disease": 23,
      "broader domain": 3,
      "sciences understanding": 25,
      "applications academic": 1,
      "cornea": 6,
      "external": 11,
      "cornea external": 7,
      "external disease": 12,
      "glaucoma": 13,
      "ophin": 20,
      "scale": 24,
      "visual": 31,
      "multimodal": 18,
      "large": 15,
      "conversational": 5,
      "specific": 26,
      "instruction": 14,
      "textbf": 28,
      "000": 0,
      "textbf ophin": 29
    },
    "idf": [
      1.916290731874155,
      1.2231435513142097,
      1.2231435513142097,
      1.2231435513142097,
      1.0,
      1.916290731874155,
      1.916290731874155,
      1.916290731874155,
      1.5108256237659907,
      1.0,
      1.0,
      1.916290731874155,
      1.916290731874155,
      1.916290731874155,
      1.916290731874155,
      1.916290731874155,
      1.2231435513142097,
      1.0,
      1.916290731874155,
      1.0,
      1.916290731874155,
      1.0,
      1.916290731874155,
      1.916290731874155,
      1.916290731874155,
      1.2231435513142097,
      1.916290731874155,
      1.2231435513142097,
      1.916290731874155,
      1.916290731874155,
      1.0,
      1.916290731874155
    ]
  },
  "scope": "ophthalmology",
  "grade": "preschool"
}