{
  "layer_sizes": [
    32,
    16,
    3
  ],
  "learning_rate": 0.3,
  "seed": 42,
  "output_activation": "softmax",
  "weights": [
    [
      [
        0.07617926993860784,
        -0.2599960265601239,
        0.20808789288829832,
        0.2927444970801488,
        -0.4570624058232232,
        -0.3255448767155795,
        0.026859457685073473,
        -0.02855454066600985,
        -0.009881726051836563,
        -0.19609227270288204,
        0.2206967010398952,
        0.1932444691869697,
        0.012072493483895165,
        0.2768230347578448,
        0.11051453308693093,
        -0.21482311572080956
      ],
      [
        0.09218769602062471,
        -0.23972065020724972,
        0.24008766926350214,
        0.04512184023578207,
        -0.015519199546079537,
        -0.17023238610098534,
        0.3005346915617597,
        0.01187373690268512,
        -0.11276339221654116,
        -0.07086467843154426,
        0.13392450371252523,
        0.09015750142075221,
        0.09874797199258825,
        0.10271798376780727,
        0.5290490977415346,
        -0.1016037540961539
      ],
      [
        -0.12806068226788433,
        -0.20344318206196943,
        0.17446994958055792,
        0.3398463911625683,
        0.0022095269265168405,
        -0.210039119240632,
        -0.21122094702955777,
        0.21315430437606095,
        0.1801321061250962,
        0.15295727626681171,
        -0.16553021949798552,
        0.056836816096412564,
        0.024736271378773204,
        0.049684882198089836,
        0.211494392010967,
        0.05589888719367057
      ],
      [
        0.16972839076797372,
        0.016894767372222865,
        0.09275494360918013,
        0.21542537444198032,
        -0.3335925636236807,
        -0.07991780408932533,
        -0.12269380667994675,
        -0.10921335464094979,
        -0.07446699948243529,
        0.39090403699911214,
        -0.21561057159912275,
        0.24086607397760282,
        -0.42515262381036006,
        -0.08870852448060712,
        0.03432546380017094,
        0.14655558283981954
      ],
      [
        0.17780664494821374,
        0.1983368087999813,
        -0.06670617412542532,
        -0.05798463018379647,
        0.24519036165452407,
        -0.04782608122040372,
        -0.3240222239412283,
        -0.23281569608098457,
        -0.2355445081761672,
        0.14145889520395397,
        0.03645364134182942,
        0.17141782384667467,
        -0.11124834249054241,
        0.034647655785015156,
        0.15003479601575373,
        -0.0773366349300596
      ],
      [
        0.11419380938935286,
        -0.16548148526666281,
        -0.07028836770458385,
        -0.03783115551723694,
        -0.26826352005702403,
        0.12174312019639545,
        -0.12245122815742884,
        0.053629637101807515,
        0.11450522805071288,
        0.12880150319799902,
        0.16719348456738461,
        -0.025824885797623275,
        -0.11025975891744728,
        -0.024916819710763163,
        -0.4281964109655879,
        -0.3617781181057718
      ],
      [
        -0.3306749030886006,
        -0.24931170690037044,
        0.12041865061754323,
        -0.16876644585766998,
        -0.06384424716961187,
        0.32480707444651635,
        -0.09416663587210436,
        0.23488499953665734,
        -0.23908585667823362,
        -0.0341906802763944,
        -0.23665830640345725,
        -0.08596178364540799,
        0.20564185345794014,
        -0.4368173727822506,
        0.10224310841038386,
        0.05943390058306947
      ],
      [
        -0.1485374889241986,
        -0.36151446359711364,
        0.33768103328635224,
        0.19835547449005494,
        -0.2196423186095086,
        0.00546303638086072,
        0.3659001648492981,
        -0.29731911583634735,
        -0.25587437315546624,
        -0.03120345871827249,
        0.08330298466266624,
        0.5392078248022115,
        0.2194290992491805,
        0.08921776478737733,
        0.36582572280489045,
        -0.2971907635807127
      ],
      [
        -0.15993788318743693,
        -0.23164398535138123,
        -0.0769773568522579,
        -0.2865682189067318,
        0.18948412804383669,
        -0.055555674274693344,
        -0.3728022167324123,
        -0.20338866288199972,
        0.07269702518678446,
        0.22670035116410825,
        0.5000299302471348,
        0.7272621018315651,
        0.09916717741259025,
        -0.2523717969921294,
        -0.539374372658908,
        0.06692786558595895
      ],
      [
        -0.2032352738275815,
        -0.10383931504492133,
        -0.132549105828268,
        0.022405596378248984,
        0.2971914490371468,
        0.039262141861336156,
        -0.04475935236641995,
        -0.20840733078656723,
        -0.4243521728518536,
        -0.10440826807781958,
        -0.012598430380392043,
        0.4407789637247032,
        0.028133449461812617,
        0.240697610771601,
        -0.13118670211086847,
        -0.29623594160425615
      ],
      [
        -0.24127919055809297,
        -0.1813065161339383,
        0.8417055732719598,
        -0.4509710778248093,
        0.3912255401474183,
        -0.2257317945217566,
        0.23289325321856102,
        0.22585076997929807,
        -0.0391594744145226,
        0.2955856190371473,
        -0.013946697537653537,
        0.13960962673721147,
        -0.113745870085195,
        -0.3401781490735559,
        -0.3194843935799048,
        0.04314697943052987
      ],
      [
        0.3947728141026087,
        0.03999790339335956,
        0.2799285586356981,
        -0.17416787311807702,
        0.5081036746400384,
        0.054845625340964085,
        -0.10273180770843429,
        0.4061852059678042,
        0.10718910961540337,
        0.6897152485700039,
        0.1955588356251707,
        -0.2780256815634339,
        -0.34203979981141625,
        0.3789552749260685,
        0.43091643019582426,
        -0.04487980332065016
      ],
      [
        -0.09579683028399694,
        0.36536107306055055,
        0.032826719652296756,
        -0.46930616275766934,
        0.3424349378855932,
        -0.0986512807148974,
        -0.001280466680017824,
        0.088752303821704,
        0.08439363719973339,
        0.6576467158994352,
        0.17239645304513052,
        0.1890762746859058,
        -0.5125430252577556,
        -0.04595630861427334,
        -0.21080756757321778,
        -0.304703265105907
      ],
      [
        -0.2195380917321877,
        -0.08353086017520302,
        0.5385637757521721,
        -0.5772225874536037,
        0.18926111236193643,
        -0.12104235833339462,
        -0.08191827359049021,
        0.38030248477898304,
        0.13452885925098151,
        0.640125777431692,
        0.11112380650721904,
        -0.14589407655098444,
        -0.05596470422012488,
        0.026847489686061543,
        0.04414333961342776,
        -0.27109701805834163
      ],
      [
        0.022622445406968554,
        0.057057082534726286,
        0.6498436033201647,
        0.5268144708027628,
        -0.1826144462994694,
        -0.07184584038729402,
        -0.37096114356599863,
        -0.09717064607098592,
        0.07321981422182076,
        0.31863211441257155,
        -0.18142375211171408,
        -0.16474012468721652,
        -0.541257438341073,
        -0.04565374712039032,
        -0.2719664054409712,
        -0.13235985684151844
      ],
      [
        -0.21921519454189706,
        -0.023565638563139247,
        -0.41895700390247376,
        -0.30915799336540223,
        0.5630081693473098,
        -0.32185564531850774,
        -0.27929703772040776,
        0.5097344895002139,
        0.7205853556343373,
        -0.27572294801582226,
        -0.09121503187281957,
        0.08418537306486001,
        0.4277392301949892,
        -0.25170153659122274,
        -0.06768226396160791,
        0.194334394015436
      ],
      [
        0.10869151861665466,
        -0.09403901780752481,
        0.2861929152288747,
