{
  "labels": [
    "Brain-Behavior Relationships",
    "Clinical Neuropsychological Assessment",
    "Cognitive Neuropsychology"
  ],
  "feature_extractor": {
    "max_features": 32,
    "vocabulary": {
      "brain": 12,
      "behavior": 10,
      "relationships": 31,
      "concept": 22,
      "neuropsychology": 30,
      "broader": 14,
      "analysis": 2,
      "apply": 6,
      "design": 26,
      "common": 20,
      "awareness": 8,
      "contemporary": 24,
      "applications": 4,
      "academic": 0,
      "brain behavior": 13,
      "behavior relationships": 11,
      "concept neuropsychology": 23,
      "broader domain": 15,
      "definitions historical": 25,
      "analysis relationships": 3,
      "design experiments": 27,
      "common techniques": 21,
      "awareness open": 9,
      "applications academic": 5,
      "academic professional": 1,
      "cognitive": 18,
      "cognitive neuropsychology": 19,
      "clinical": 16,
      "neuropsychological": 28,
      "assessment": 7,
      "clinical neuropsychological": 17,
      "neuropsychological assessment": 29
    },
    "idf": [
      1.0,
      1.0,
      1.0,
      1.0,
      1.0,
      1.0,
      1.0,
      1.6931471805599454,
      1.0,
      1.0,
      1.6931471805599454,
      1.6931471805599454,
      1.6931471805599454,
      1.6931471805599454,
      1.0,
      1.0,
      1.6931471805599454,
      1.6931471805599454,
      1.6931471805599454,
      1.6931471805599454,
      1.0,
      1.0,
      1.0,
      1.0,
      1.0,
      1.0,
      1.0,
      1.0,
      1.6931471805599454,
      1.6931471805599454,
      1.0,
      1.0
    ]
  },
  "scope": "neuropsychology",
  "grade": "preschool"
}