{
  "layer_sizes": [
    32,
    16,
    4
  ],
  "learning_rate": 0.3,
  "seed": 42,
  "output_activation": "softmax",
  "weights": [
    [
      [
        0.07617926993860784,
        -0.2670520404445962,
        0.17093948013369573,
        0.21995623103247244,
        -0.3872839807595843,
        -0.3255448767155795,
        0.03196010079182134,
        -0.09290328175964606,
        0.01940112384273135,
        -0.23046594305580836,
        0.3339094897089668,
        0.1872543617182592,
        0.04250603132878461,
        0.2818103017420082,
        0.10833412606997024,
        -0.21482311572080956
      ],
      [
        0.09218769602062471,
        -0.246776664091722,
        0.20293925650889955,
        -0.027666425811894314,
        0.054259225517559684,
        -0.17023238610098534,
        0.30563533466850756,
        -0.05247500419095103,
        -0.08348054232197326,
        -0.10523834878447057,
        0.24713729238159676,
        0.08416739395204172,
        0.12918150983747775,
        0.10770525075197068,
        0.5268686907245741,
        -0.1016037540961539
      ],
      [
        -0.12806068226788433,
        -0.10658234235855775,
        0.453018139834802,
        0.24849294237304062,
        -0.25158892577466463,
        -0.210039119240632,
        -0.2061203039228099,
        0.30517275667109167,
        0.0317980049230668,
        0.43681999950320427,
        -0.28247842103160115,
        0.07206766652077479,
        0.029171452285182056,
        0.05467214918225324,
        0.21785719448704746,
        0.027406044052877998
      ],
      [
        0.16972839076797372,
        0.11375560707563459,
        0.3713031338634242,
        0.12407192565245279,
        -0.5873910163248623,
        -0.07991780408932533,
        -0.11759316357319888,
        -0.01719490234591918,
        -0.2228011006844647,
        0.6747667602355043,
        -0.33255877313273824,
        0.25609692440196513,
        -0.4207174429039512,
        -0.08372125749644371,
        0.0406882662762514,
        0.11806273969902698
      ],
      [
        0.17780664494821374,
        0.19128079491550903,
        -0.1038545868800279,
        -0.1307728962314728,
        0.31496878671816325,
        -0.04782608122040372,
        -0.31892158083448047,
        -0.29716443717462054,
        -0.20626165828159923,
        0.10708522485102773,
        0.14966643001090102,
        0.1654277163779642,
        -0.08081480464565294,
        0.03963492276917856,
        0.14785438899879302,
        -0.0773366349300596
      ],
      [
        0.11419380938935286,
        -0.1725374991511351,
        -0.10743678045918646,
        -0.11061942156491335,
        -0.19848509499338507,
        0.12174312019639545,
        -0.11735058505068097,
        -0.010719103991828644,
        0.14378807794528087,
        0.09442783284507285,
        0.28040627323645606,
        -0.03181499326633375,
        -0.07982622107255781,
        -0.019929552726599763,
        -0.4303768179825486,
        -0.3617781181057718
      ],
      [
        -0.3306749030886006,
        -0.2563677207848428,
        0.08327023786294065,
        -0.24155471190534622,
        0.005934177894027368,
        0.32480707444651635,
        -0.08906599276535648,
        0.17053625844302117,
        -0.20980300678366565,
        -0.0685643506293207,
        -0.12344551773438572,
        -0.09195189111411849,
        0.23607539130282942,
        -0.43183010579808717,
        0.10006270139342317,
        0.05943390058306947
      ],
      [
        -0.1485374889241986,
        -0.36857047748158595,
        0.0013590581105488533,
        -0.14755812533128163,
        0.15864386924255078,
        0.00546303638086072,
        0.40044472283022886,
        -0.0736815405420066,
        -0.23227295993666258,
        0.02761394757666584,
        0.16905916698620094,
        0.33260327167113113,
        0.23477616841712518,
        0.08921776478737733,
        0.3572825133118493,
        -0.2971907635807127
      ],
      [
        -0.15993788318743693,
        -0.2386999992358535,
        -0.11412576960686051,
        -0.35935648495440853,
        0.25926255310747576,
        -0.055555674274693344,
        -0.36770157362566447,
        -0.2677374039756358,
        0.10197987508135238,
        0.19232668081118193,
        0.6132427189162062,
        0.7212719943628549,
        0.12960071525747974,
        -0.24738453000796604,
        -0.5415547796758685,
        0.06692786558595895
      ],
      [
        -0.2032352738275815,
        -0.11089532892939367,
        -0.1696975185828706,
        -0.05038266966942739,
        0.3669698741007857,
        0.039262141861336156,
        -0.039658709259672076,
        -0.2727560718802033,
        -0.3950693229572857,
        -0.13878193843074593,
        0.10061435828867955,
        0.43478885625599273,
        0.05856698730670207,
        0.2456848777557644,
        -0.13336710912782918,
        -0.29623594160425615
      ],
      [
        -0.24127919055809297,
        -0.08444567643052661,
        0.8311407172997193,
        -0.2390968006132789,
        -0.013479760426859598,
        -0.2257317945217566,
        0.23289325321856102,
        0.23876230124138223,
        -0.1931750122923164,
        0.29084080089304704,
        -0.2797979180667752,
        0.125545386124615,
        -0.113745870085195,
        -0.30640144094181204,
        -0.3194843935799048,
        0.014654136289737302
      ],
      [
        0.3947728141026087,
        0.04686565078761741,
        -0.004280423564064062,
        0.05463879027003952,
        0.3795392037589734,
        0.054845625340964085,
        -0.10273180770843429,
        0.28384872439459213,
        0.10639188718510634,
        0.4091454872738494,
        0.12391355105230743,
        -0.3101685039648006,
        -0.3207844394650802,
        0.4127319830578124,
        0.42393179663923,
        -0.04859699021025723
      ],
      [
        -0.09579683028399694,
        0.735856691549247,
        -0.4043573060269086,
        -0.2236817547389566,
        0.4259430798075358,
        -0.0986512807148974,
        -0.001280466680017824,
        -0.5370739761011194,
        0.30133541661885627,
        0.6154667154795904,
        -0.14882999674424802,
        0.46688175771650686,
        -0.7680183595464734,
        -0.012179600482529487,
        -0.21080756757321778,
        -0.304703265105907
      ],
      [
        -0.2195380917321877,
        0.28696475831349333,
        0.10137975007296662,
        -0.331598179434891,
        0.27276925428387894,
        -0.12104235833339462,
        -0.08191827359049021,
        -0.24552379514384015,
        0.3514706386701042,
        0.5979457770118471,
        -0.2101026432821595,
        0.13191140647961663,
        -0.3114400385088422,
        0.0606241978178054,
        0.04414333961342776,
        -0.27109701805834163
      ],
      [
        0.022622445406968554,
        -0.30415785277842644,
        0.6122662711809708,
        0.12449904739483689,
        0.25786908915037227,
        -0.07184584038729402,
        -0.3658605004592508,
        -0.32592949415276495,
        -0.3598571727741646,
        0.12213721707684093,
        1.1066862844453278,
        -0.3643784914470864,
        -0.5368222574346637,
        -0.04066648013622692,
        -0.2656036029648908,
        -0.13235985684151844
      ],
      [
        -0.21921519454189706,
        0.16465709231087908,
        -0.5285558736373592,
        -0.23784572810525648,
        0.8344126326309691,
        -0.32185564531850774,
        -0.2741963946136599,
        0.48994899538970943,
        1.14792908995665,
        -0.2816598412053219,
        -0.2304269753854592,
        0.17042192619508603,
        0.5881645527322819,
        -0.24671426960705936,
        -0.11257871844377446,
        0.194334394015436
      ],
      [
        0.10869151861665466,
        -0.07453476932130056,
        0.030934105455021184,
        -0.3649447513125921,
