{
  "layer_sizes": [
    32,
    16,
    4
  ],
  "learning_rate": 0.3,
  "seed": 42,
  "output_activation": "softmax",
  "weights": [
    [
      [
        0.07617926993860784,
        -0.2612956556563309,
        0.16343843504521774,
        0.27935706892928136,
        -0.4498655557538706,
        -0.3255448767155795,
        0.03196010079182134,
        -0.13386904619221662,
        -0.004200289376072199,
        -0.20247862178717346,
        0.31049393890399424,
        0.21572410421052426,
        0.01650767439030401,
        0.33847712492957643,
        0.13268379714980671,
        -0.21482311572080956
      ],
      [
        0.09218769602062471,
        -0.24102027930345718,
        0.19543821142042156,
        0.03173441208491458,
        -0.008322349476726736,
        -0.17023238610098534,
        0.30563533466850756,
        -0.09344076862352158,
        -0.1070819555407768,
        -0.07725102751583579,
        0.22372174157662414,
        0.1126371364443068,
        0.1031831528989971,
        0.16437207393953907,
        0.5512183618044108,
        -0.1016037540961539
      ],
      [
        -0.12806068226788433,
        -0.20474281115817689,
        0.12982049173747734,
        0.3264589630117008,
        0.009406376995869633,
        -0.210039119240632,
        -0.2061203039228099,
        0.10783979884985415,
        0.18581354280086057,
        0.1465709271825203,
        -0.0757329816338865,
        0.07931645111996713,
        0.029171452285182056,
        0.11133897236982156,
        0.23366365607384282,
        0.05589888719367057
      ],
      [
        0.16972839076797372,
        0.015595138276015504,
        0.04810548576609952,
        0.20203794629111282,
        -0.3263957135543281,
        -0.07991780408932533,
        -0.11759316357319888,
        -0.21452786016715655,
        -0.06878556280667093,
        0.38451768791482044,
        -0.12581333373502385,
        0.26334570900115745,
        -0.4207174429039512,
        -0.027054434308875365,
        0.056494727863046705,
        0.14655558283981954
      ],
      [
        0.17780664494821374,
        0.19703717970377385,
        -0.1113556319685059,
        -0.071372058334664,
        0.2523872117238769,
        -0.04782608122040372,
        -0.31892158083448047,
        -0.3381302016071912,
        -0.22986307150040283,
        0.1350725461196626,
        0.12625087920592834,
        0.19389745887022924,
        -0.10681316158413356,
        0.09630174595674688,
        0.17220406007862954,
        -0.0773366349300596
      ],
      [
        0.11419380938935286,
        -0.16678111436287027,
        -0.11493782554766445,
        -0.05121858366810446,
        -0.2610666699876714,
        0.12174312019639545,
        -0.11735058505068097,
        -0.051684868424399205,
        0.12018666472647724,
        0.12241515411370762,
        0.2569907224314836,
        -0.0033452507740686934,
        -0.10582457801103844,
        0.0367372704609686,
        -0.406027146902712,
        -0.3617781181057718
      ],
      [
        -0.3306749030886006,
        -0.25061133599657787,
        0.07576919277446265,
        -0.18215387400853747,
        -0.05664739710025905,
        0.32480707444651635,
        -0.08906599276535648,
        0.1295704940104506,
        -0.23340442000246925,
        -0.040577029360685905,
        -0.14686106853935835,
        -0.0634821486218534,
        0.21007703436434888,
        -0.37516328261051896,
        0.12441237247325962,
        0.05943390058306947
      ],
      [
        -0.1485374889241986,
        -0.3628140926933207,
        -0.006141986977929155,
        -0.08815728743447286,
        0.09606229424826443,
        0.00546303638086072,
        0.40044472283022886,
        -0.1146473049745771,
        -0.25587437315546624,
        0.05560126884530064,
        0.14564361618122826,
        0.3610730141633963,
        0.20877781147864463,
        0.14588458797494566,
        0.3816321843916859,
        -0.2971907635807127
      ],
      [
        -0.15993788318743693,
        -0.23294361444758868,
        -0.1216268146953385,
        -0.2999556470575993,
        0.19668097811318952,
        -0.055555674274693344,
        -0.36770157362566447,
        -0.30870316840820644,
        0.07837846186254882,
        0.22031400207981683,
        0.5898271681112334,
        0.7497417368551195,
        0.1036023583189991,
        -0.19071770682039763,
        -0.5172051085960319,
        0.06692786558595895
      ],
      [
        -0.2032352738275815,
        -0.1051389441411287,
        -0.1771985636713486,
        0.009018168227381496,
        0.3043882991064994,
        0.039262141861336156,
        -0.039658709259672076,
        -0.31372183631277395,
        -0.41867073617608924,
        -0.11079461716211111,
        0.07719880748370689,
        0.4632585987482579,
        0.03256863036822146,
        0.30235170094333264,
        -0.10901743804799273,
        -0.29623594160425615
      ],
      [
        -0.24127919055809297,
        -0.06143560787642486,
        0.5312370798190692,
        -0.22437884962557317,
        0.17618382336806818,
        -0.2257317945217566,
        0.23289325321856102,
        0.19676247209150707,
        -0.0391594744145226,
        -0.0013753456300605016,
        -0.17759928022051116,
        0.128912672882675,
        -0.113745870085195,
        -0.34032827966412066,
        -0.2397367180567683,
        0.03833866238055493
      ],
      [
        0.3947728141026087,
        0.038698274297152176,
        -0.053833945433867166,
        0.11567242473211352,
        0.3643936768362947,
        0.054845625340964085,
        -0.10273180770843429,
        0.22176377940865116,
        0.10718910961540337,
        0.39472135810521947,
        0.13645305449376355,
        -0.2848411375768379,
        -0.34203979981141625,
        0.4693988062453806,
        0.4467228917826197,
        -0.04487980332065016
      ],
      [
        -0.09579683028399694,
        0.3640614439643435,
        -0.3009357844172684,
        -0.17946586490747887,
        0.19872494008184954,
        -0.0986512807148974,
        -0.001280466680017824,
        -0.09566912273744918,
        0.08439363719973339,
        0.36265282543465066,
        0.11329067191372344,
        0.18226081867250166,
        -0.5125430252577556,
        0.04448722270503888,
        -0.1950011059864224,
        -0.304703265105907
      ],
      [
        -0.2195380917321877,
        -0.08483048927141039,
        0.2048012716826067,
        -0.2873822896034131,
        0.045551114558192746,
        -0.12104235833339462,
        -0.08191827359049021,
        0.19588105821982996,
        0.13452885925098151,
        0.3451318869669074,
        0.052018025375811884,
        -0.15270953256438857,
        -0.05596470422012488,
        0.11729102100537372,
        0.059949801200223064,
        -0.27109701805834163
      ],
      [
        0.022622445406968554,
        0.055757453438518886,
        0.6051941454770835,
        0.5134270426518953,
        -0.17541759623011657,
        -0.07184584038729402,
        -0.3658605004592508,
        -0.2024851515971927,
        0.07890125089758512,
        0.31224576532827986,
        -0.09162651424761507,
        -0.14226048966366195,
        -0.5368222574346637,
        0.016000343051341435,
        -0.24979714137809533,
        -0.13235985684151844
      ],
      [
        -0.21921519454189706,
        -0.02486526765934661,
        -0.46360646174555425,
        -0.32254542151626975,
        0.5702050194166624,
        -0.32185564531850774,
        -0.2741963946136599,
        0.40441998397400747,
        0.7262667923101017,
        -0.28210929710011395,
        -0.0014177940087205824,
        0.1066650080884146,
        0.4321744111013981,
        -0.19004744641949095,
        -0.045512999898732136,
        0.194334394015436
      ],
      [
        0.10869151861665466,
        -0.09533864690373219,
        -0.05763010503540681,
