{
  "layer_sizes": [
    32,
    16,
    2
  ],
  "learning_rate": 0.3,
  "seed": 42,
  "output_activation": "softmax",
  "weights": [
    [
      [
        0.07617926993860784,
        -0.2608959730953744,
        0.22676532046779554,
        0.2335438590618183,
        -0.4850495294850705,
        -0.3255448767155795,
        0.03196010079182134,
        -0.07906064808589555,
        -0.004200289376072199,
        -0.20611987934509968,
        0.232932958073908,
        0.19426953788932352,
        0.01650767439030401,
        0.2818103017420082,
        0.1168773355630114,
        -0.21478025782535962
      ],
      [
        0.09218769602062471,
        -0.24062059674250022,
        0.25876509684299925,
        -0.014078797782548396,
        -0.0435063232079268,
        -0.17023238610098534,
        0.30563533466850756,
        -0.03863237051720054,
        -0.1070819555407768,
        -0.08089228507376207,
        0.14616076074653803,
        0.0911825701231059,
        0.1031831528989971,
        0.10770525075197068,
        0.5354119002176153,
        -0.10156089620070394
      ],
      [
        -0.12806068226788433,
        -0.20434312859721993,
        0.19314737716005512,
        0.2806457531442378,
        -0.025777596735330397,
        -0.210039119240632,
        -0.2061203039228099,
        0.16264819695617527,
        0.18581354280086057,
        0.14292966962459408,
        -0.15329396246397273,
        0.057861884798766264,
        0.029171452285182056,
        0.05467214918225324,
        0.21785719448704746,
        0.055941745089120504
      ],
      [
        0.16972839076797372,
        0.01599482083697237,
        0.11143237118867722,
        0.15622473642364992,
        -0.36157968728552803,
        -0.07991780408932533,
        -0.11759316357319888,
        -0.15971946206083548,
        -0.06878556280667093,
        0.3808764303568944,
        -0.20337431456510996,
        0.24189114267995662,
        -0.4207174429039512,
        -0.08372125749644371,
        0.0406882662762514,
        0.14659844073526948
      ],
      [
        0.17780664494821374,
        0.1974368622647308,
        -0.0480287465459282,
        -0.11718526820212695,
        0.21720323799267685,
        -0.04782608122040372,
        -0.31892158083448047,
        -0.28332180350087016,
        -0.22986307150040283,
        0.13143128856173633,
        0.04868989837584217,
        0.17244289254902848,
        -0.10681316158413356,
        0.03963492276917856,
        0.15639759849183418,
        -0.07729377703460964
      ],
      [
        0.11419380938935286,
        -0.1663814318019133,
        -0.05161094012508674,
        -0.09703179353556743,
        -0.29625064371887133,
        0.12174312019639545,
        -0.11735058505068097,
        0.0031235296819218574,
        0.12018666472647724,
        0.11877389655578134,
        0.1794297416013974,
        -0.02479981709526957,
        -0.10582457801103844,
        -0.019929552726599763,
        -0.42183360848950746,
        -0.361735260210322
      ],
      [
        -0.3306749030886006,
        -0.25021165343562096,
        0.13909607819704042,
        -0.22796708387600037,
        -0.09183137083145904,
        0.32480707444651635,
        -0.08906599276535648,
        0.18437889211677164,
        -0.23340442000246925,
        -0.04421828691861215,
        -0.22442204936944446,
        -0.0849367149430543,
        0.21007703436434888,
        -0.43183010579808717,
        0.10860591088646433,
        0.05947675847851941
      ],
      [
        -0.1485374889241986,
        -0.36241441013236414,
        0.05718489844464854,
        -0.13397049730193578,
        0.06087832051706433,
        0.00546303638086072,
        0.40044472283022886,
        -0.05983890686825607,
        -0.25587437315546624,
        0.051960011287374396,
        0.06808263535114215,
        0.33961844784219547,
        0.20877781147864463,
        0.08921776478737733,
        0.36582572280489045,
        -0.2971479056852629
      ],
      [
        -0.15993788318743693,
        -0.23254393188663172,
        -0.058299929272760787,
        -0.3457688569250623,
        0.16149700438198947,
        -0.055555674274693344,
        -0.36770157362566447,
        -0.2538947703018854,
        0.07837846186254882,
        0.21667274452189061,
        0.5122661872811477,
        0.728287170533919,
        0.1036023583189991,
        -0.24738453000796604,
        -0.5330115701828273,
        0.06697072348140891
      ],
      [
        -0.2032352738275815,
        -0.10473926158017183,
        -0.11387167824877088,
        -0.036795041640081474,
        0.2692043253752995,
        0.039262141861336156,
        -0.039658709259672076,
        -0.2589134382064529,
        -0.41867073617608924,
        -0.1144358747200374,
        -0.0003621733463792471,
        0.44180403242705707,
        0.03256863036822146,
        0.2456848777557644,
        -0.12482389963478802,
        -0.2961930837088063
      ],
      [
        -0.24127919055809297,
        -0.1822064626691888,
        0.5712699546249725,
        -0.2069439898420817,
        0.21233156861247462,
        -0.2257317945217566,
        0.23289325321856102,
        0.09623774152646579,
        -0.0391594744145226,
        -0.0030495289855631573,
        -0.15061345949914676,
        0.11133960440260646,
        -0.113745870085195,
        -0.30640144094181204,
        -0.3194843935799048,
        0.04318983732597981
      ],
      [
        0.3947728141026087,
        0.039097956858109066,
        0.009492939988710529,
        0.06985921486465056,
        0.3292097031050948,
        0.054845625340964085,
        -0.10273180770843429,
        0.2765721775149722,
        0.10718910961540337,
        0.3910801005472934,
        0.058892073663677394,
        -0.30629570389803873,
        -0.34203979981141625,
        0.4127319830578124,
        0.43091643019582426,
        -0.044836945425200225
      ],
      [
        -0.09579683028399694,
        0.36446112652530005,
        -0.23760889899469081,
        -0.22527907477494177,
        0.1635409663506495,
        -0.0986512807148974,
        -0.001280466680017824,
        -0.040860724631128144,
        0.08439363719973339,
        0.3590115678767246,
        0.035729691083637265,
        0.1608062523513009,
        -0.5125430252577556,
        -0.012179600482529487,
        -0.21080756757321778,
        -0.3046604072104572
      ],
      [
        -0.2195380917321877,
        -0.08443080671045351,
        0.2681281571051843,
        -0.3331954994708761,
        0.010367140826992732,
        -0.12104235833339462,
        -0.08191827359049021,
        0.25068945632615103,
        0.13452885925098151,
        0.34149062940898134,
        -0.025542955454274235,
        -0.17416409888558934,
        -0.05596470422012488,
        0.0606241978178054,
        0.04414333961342776,
        -0.2710541601628918
      ],
      [
        0.022622445406968554,
        0.05615713599947579,
        0.6685210308996615,
        0.4676138327844324,
        -0.2106015699613166,
        -0.07184584038729402,
        -0.3658605004592508,
        -0.14767675349087162,
        0.07890125089758512,
        0.3086045077703538,
        -0.16918749507770128,
        -0.16371505598486272,
        -0.5368222574346637,
        -0.04066648013622692,
        -0.2656036029648908,
        -0.1323169989460685
      ],
      [
        -0.21921519454189706,
        -0.024465585098389742,
        -0.4002795763229768,
        -0.36835863138373276,
        0.5350210456854628,
        -0.32185564531850774,
        -0.2741963946136599,
        0.4592283820803285,
        0.7262667923101017,
        -0.28575055465804,
        -0.07897877483880678,
        0.08521044176721371,
        0.4321744111013981,
        -0.24671426960705936,
        -0.061319461485527436,
        0.19437725191088595
      ],
      [
        0.10869151861665466,
        -0.09493896434277531,
