{
  "labels": [
    "Being & Existence",
    "Property Theory",
    "Substance Theory",
    "research"
  ],
  "feature_extractor": {
    "max_features": 32,
    "vocabulary": {
      "existence": 16,
      "core": 10,
      "ontology": 19,
      "studying": 27,
      "definitions": 13,
      "analysis": 3,
      "relationships": 24,
      "researchers": 26,
      "apply": 6,
      "design": 15,
      "experiments": 17,
      "open": 20,
      "contemporary": 8,
      "academic": 0,
      "core concept": 11,
      "concept ontology": 7,
      "requires studying": 25,
      "studying definitions": 28,
      "definitions historical": 14,
      "analysis relationships": 4,
      "contemporary applications": 9,
      "applications academic": 5,
      "academic professional": 1,
      "substance": 29,
      "theory": 31,
      "substance theory": 30,
      "property": 21,
      "property theory": 22,
      "ai": 2,
      "rdf": 23,
      "json": 18,
      "data": 12
    },
    "idf": [
      1.2231435513142097,
      1.2231435513142097,
      1.916290731874155,
      1.2231435513142097,
      1.2231435513142097,
      1.2231435513142097,
      1.2231435513142097,
      1.2231435513142097,
      1.2231435513142097,
      1.2231435513142097,
      1.2231435513142097,
      1.2231435513142097,
      1.916290731874155,
      1.2231435513142097,
      1.2231435513142097,
      1.2231435513142097,
      1.916290731874155,
      1.0,
      1.916290731874155,
      1.0,
      1.0,
      1.916290731874155,
      1.916290731874155,
      1.916290731874155,
      1.0,
      1.2231435513142097,
      1.0,
      1.2231435513142097,
      1.2231435513142097,
      1.916290731874155,
      1.916290731874155,
      1.5108256237659907
    ]
  },
  "scope": "ontology",
  "grade": "preschool"
}