{
  "layer_sizes": [
    32,
    16,
    3
  ],
  "learning_rate": 0.3,
  "seed": 42,
  "output_activation": "softmax",
  "weights": [
    [
      [
        0.12115029960211648,
        -0.237574113255717,
        0.20595581068203314,
        0.2212943191049439,
        -0.4652730352828325,
        -0.3255448767155795,
        0.03196010079182134,
        -0.023571208486642656,
        -0.010035729200014087,
        -0.19402900231103115,
        0.2240944127536789,
        0.2109377425111373,
        0.01650767439030401,
        0.2680221066084279,
        0.1168773355630114,
        -0.21839418152107656
      ],
      [
        0.13715872568413334,
        -0.21729873690284285,
        0.23795558705723696,
        -0.026328337739422773,
        -0.02372982900568856,
        -0.17023238610098534,
        0.30563533466850756,
        0.016857069082052364,
        -0.11291739536471869,
        -0.0688014080396935,
        0.13732221542630893,
        0.10785077474491982,
        0.1031831528989971,
        0.09391705561839045,
        0.5354119002176153,
        -0.10517481989642095
      ],
      [
        -0.08308965260437569,
        -0.18102126875756255,
        0.17233786737429274,
        0.26839621318736334,
        -0.006001102533092184,
        -0.210039119240632,
        -0.2061203039228099,
        0.21813763655542828,
        0.17997810297691869,
        0.1550205466586626,
        -0.16213250778420182,
        0.07453008942058018,
        0.029171452285182056,
        0.040883954048673,
        0.21785719448704746,
        0.052327821393403494
      ],
      [
        0.21469942043148238,
        0.03931668067662968,
        0.09062286140291508,
        0.14397519646677553,
        -0.34180319308329,
        -0.07991780408932533,
        -0.11759316357319888,
        -0.1042300224615826,
        -0.07462100263061282,
        0.39296730739096264,
        -0.21221285988533906,
        0.2585593473017706,
        -0.4207174429039512,
        -0.09750945263002395,
        0.0406882662762514,
        0.14298451703955253
      ],
      [
        0.22277767461172238,
        0.22075872210438818,
        -0.06883825633169037,
        -0.12943480815900132,
        0.23697973219491503,
        -0.04782608122040372,
        -0.31892158083448047,
        -0.22783236390161715,
        -0.23569851132434472,
        0.14352216559580488,
        0.03985135305561299,
        0.1891110971708423,
        -0.10681316158413356,
        0.025846727635598348,
        0.15639759849183418,
        -0.08090770073032666
      ],
      [
        0.15916483905286155,
        -0.14305957196225594,
        -0.07242044991084891,
        -0.10928133349244183,
        -0.2764741495166333,
        0.12174312019639545,
        -0.11735058505068097,
        0.05861296928117475,
        0.11435122490253535,
        0.13086477358984983,
        0.1705911962811683,
        -0.008131612473455669,
        -0.10582457801103844,
        -0.033717747860179996,
        -0.42183360848950746,
        -0.3653491839060389
      ],
      [
        -0.28570387342509196,
        -0.22688979359596356,
        0.11828656841127817,
        -0.24021662383287476,
        -0.07205487662922086,
        0.32480707444651635,
        -0.08906599276535648,
        0.23986833171602462,
        -0.23923985982641113,
        -0.03212740988454357,
        -0.23326059468967356,
        -0.06826851032124039,
        0.21007703436434888,
        -0.4456183009316675,
        0.10860591088646433,
        0.0558628347828024
      ],
      [
        -0.10356645926068998,
        -0.3390925502927067,
        0.036375388658886364,
        -0.14622003725881016,
        0.08065481471930253,
        0.00546303638086072,
        0.40044472283022886,
        -0.004349467269003187,
        -0.26170981297940815,
        0.064050888321443,
        0.05924409003091298,
        0.3562866524640094,
        0.20877781147864463,
        0.0754295696537971,
        0.36582572280489045,
        -0.3007618293809798
      ],
      [
        -0.11496685352392823,
        -0.20922207204697435,
        -0.07910943905852295,
        -0.35801839688193676,
        0.18127349858422764,
        -0.055555674274693344,
        -0.36770157362566447,
        -0.1984053307026324,
        0.07254302203860694,
        0.22876362155595914,
        0.503427641960918,
        0.7449553751557324,
        0.1036023583189991,
        -0.2611727251415464,
        -0.5330115701828273,
        0.06335679978569189
      ],
      [
        -0.15826424416407286,
        -0.08141740174051451,
        -0.1346811880345332,
        -0.04904458159695586,
        0.2889808195775375,
        0.039262141861336156,
        -0.039658709259672076,
        -0.2034239986071999,
        -0.42450617600003115,
        -0.10234499768596883,
        -0.009200718666608444,
        0.458472237048871,
        0.03256863036822146,
        0.2318966826221842,
        -0.12482389963478802,
        -0.2998070074045232
      ],
      [
        -0.2392969212061391,
        0.06308240063787811,
        0.7591384024601213,
        -0.2191935297989561,
        0.03819124964237122,
        -0.2257317945217566,
        0.23289325321856102,
        -0.04934750969304988,
        -0.044994914238464495,
        -0.03353906531298522,
        -0.24961991266553094,
        0.3254632922033655,
        -0.113745870085195,
        -0.33239142718738535,
        -0.3194843935799048,
        0.025291650429194654
      ],
      [
        0.43974384376611736,
        0.06241981669776637,
        -0.011316569797051654,
        0.05760967490777618,
        0.3489861973073328,
        0.054845625340964085,
        -0.10273180770843429,
        0.33206161711422505,
        0.10135366979146149,
        0.40317097758136167,
        0.050053528343448214,
        -0.2896274992762248,
        -0.34203979981141625,
        0.3989437879242321,
        0.43091643019582426,
        -0.048450869120917235
      ],
      [
        -0.05082580062048823,
        0.38778298636495745,
        -0.2584184087804528,
        -0.23752861473181616,
        0.18331746055288767,
        -0.0986512807148974,
        -0.001280466680017824,
        0.014628714968124757,
        0.0785581973757915,
        0.37110244491079286,
        0.026891145763408085,
        0.1774744569731147,
        -0.5125430252577556,
        -0.025967795616109703,
        -0.21080756757321778,
        -0.30827433090617407
      ],
      [
        -0.17456706206867906,
        -0.06110894687079617,
        0.2473186473194221,
        -0.34544503942775057,
        0.030143635029230932,
        -0.12104235833339462,
        -0.08191827359049021,
        0.30617889592540387,
        0.12869341942703963,
        0.3535815064430496,
        -0.03438150077450343,
        -0.15749589426377553,
        -0.05596470422012488,
        0.04683600268422517,
        0.04414333961342776,
        -0.2746680838586087
      ],
      [
        0.06759347507047726,
        0.07947899583913311,
        0.647711521113899,
        0.45536429282755797,
        -0.19082507575907848,
        -0.07184584038729402,
        -0.3658605004592508,
        -0.09218731389161876,
        0.07306581107364324,
        0.32069538480442206,
        -0.17802604039793038,
        -0.1470468513630489,
        -0.5368222574346637,
        -0.05445467526980715,
        -0.2656036029648908,
        -0.13593092264178544
      ],
      [
        -0.1742441648783884,
        -0.0011437252587324078,
        -0.42108908610873863,
        -0.3806081713406072,
        0.5547975398877011,
        -0.32185564531850774,
        -0.2741963946136599,
        0.5147178216795815,
        0.7204313524861599,
        -0.27365967762397175,
        -0.08781732015903597,
        0.10187864638902762,
        0.4321744111013981,
        -0.2605024647406397,
        -0.061319461485527436,
        0.190763328215169
      ],
      [
        0.15366254828016332,
        -0.07161710450311799,
        -0.015112729398591308,
