{
  "labels": [
    "Network Architecture",
    "Protocol Design",
    "TCP/IP Stack"
  ],
  "feature_extractor": {
    "max_features": 32,
    "vocabulary": {
      "network": 25,
      "architecture": 6,
      "core": 18,
      "concept": 14,
      "computer": 11,
      "broader": 8,
      "definitions": 20,
      "analysis": 2,
      "apply": 5,
      "design": 22,
      "common": 9,
      "awareness": 7,
      "contemporary": 16,
      "applications": 3,
      "academic": 0,
      "network architecture": 26,
      "core concept": 19,
      "concept computer": 15,
      "computer networks": 12,
      "computer science": 13,
      "definitions historical": 21,
      "common techniques": 10,
      "contemporary applications": 17,
      "applications academic": 4,
      "academic professional": 1,
      "protocol": 27,
      "protocol design": 28,
      "tcp": 30,
      "ip": 23,
      "stack": 29,
      "tcp ip": 31,
      "ip stack": 24
    },
    "idf": [
      1.0,
      1.0,
      1.0,
      1.0,
      1.0,
      1.0,
      1.6931471805599454,
      1.0,
      1.0,
      1.0,
      1.0,
      1.0,
      1.0,
      1.0,
      1.0,
      1.0,
      1.0,
      1.0,
      1.0,
      1.0,
      1.0,
      1.0,
      1.0,
      1.6931471805599454,
      1.6931471805599454,
      1.6931471805599454,
      1.6931471805599454,
      1.6931471805599454,
      1.6931471805599454,
      1.6931471805599454,
      1.6931471805599454,
      1.6931471805599454
    ]
  },
  "scope": "computer_networks",
  "grade": "preschool"
}