{
  "layer_sizes": [
    32,
    16,
    4
  ],
  "learning_rate": 0.3,
  "seed": 42,
  "output_activation": "softmax",
  "weights": [
    [
      [
        0.07617926993860784,
        -0.3137763458559572,
        0.19035027779135172,
        0.31217250586716067,
        -0.4235201293171783,
        -0.3155642691302398,
        0.024923858090045704,
        -0.09494935792309298,
        0.035789683179071684,
        -0.2029643097789887,
        0.25747494371991747,
        0.2276744348165365,
        0.06879174134443852,
        0.27761901525994787,
        0.1635582072152351,
        -0.1445961158726983
      ],
      [
        0.09218769602062471,
        -0.2678043379009586,
        0.2226888897908002,
        0.08938253204062376,
        0.036879431727419976,
        -0.15299177327456448,
        0.30886488019260444,
        -0.04784068875026113,
        -0.051363653350445806,
        -0.07119697933074445,
        0.1791952051288179,
        0.1456906177532271,
        0.1849096969840313,
        0.09402309042033696,
        0.6136920442251729,
        -0.0017701127395484471
      ],
      [
        -0.12806068226788433,
        -0.2572235013578028,
        0.15673233448361135,
        0.3592743999495802,
        0.035751803432562006,
        -0.2000585116552922,
        -0.21315654662458552,
        0.1467594871189777,
        0.22580351535600457,
        0.14608523919070507,
        -0.12875197681796333,
        0.09126678172597937,
        0.08145551923931658,
        0.050480862700192856,
        0.2645380661392712,
        0.12612588704178188
      ],
      [
        0.16972839076797372,
        -0.03688555192361059,
        0.07501732851223339,
        0.23485338322899207,
        -0.3000502871176358,
        -0.06993719650398555,
        -0.1246294062749745,
        -0.17560817189803304,
        -0.02879559025152706,
        0.38403199992300513,
        -0.17883232891910056,
        0.2752960396071697,
        -0.36843337594981646,
        -0.0879125439785041,
        0.08736913792847495,
        0.2167825826879308
      ],
      [
        0.17780664494821374,
        0.14455648950414776,
        -0.08444378922237204,
        -0.03855662139678487,
        0.27873263816056915,
        -0.037845473635064,
        -0.3259578235362561,
        -0.29921051333806753,
        -0.18987309894525883,
        0.13458685812784732,
        0.07323188402185164,
        0.20584778947624147,
        -0.05452909462999907,
        0.03544363628711818,
        0.20307847014405786,
        -0.007109635081948295
      ],
      [
        0.11419380938935286,
        -0.21926180456249636,
        -0.0880259828015306,
        -0.01840314673022533,
        -0.2347212435509791,
        0.13172372778173522,
        -0.12438682775245659,
        -0.012765180155275599,
        0.16017663728162124,
        0.12192946612189223,
        0.2039717272474068,
        0.008605079831943498,
        -0.05354051105690394,
        -0.024120839208660143,
        -0.37515273683728373,
        -0.2915511182576606
      ],
      [
        -0.3306749030886006,
        -0.3030920261962038,
        0.1026810355205965,
        -0.14933843707065825,
        -0.030301970663566664,
        0.33478768203185605,
        -0.0961022354671321,
        0.16849018227957407,
        -0.19341444744732522,
        -0.041062717352501256,
        -0.19988006372343506,
        -0.051531818015841196,
        0.2623611013184834,
        -0.4360213922801475,
        0.15528678253868802,
        0.12966090043118078
      ],
      [
        -0.1485374889241986,
        -0.41529478289294697,
        0.020769855768204698,
        -0.05534185049659365,
        0.12240772068495678,
        0.015443643966200472,
        0.39340848012845325,
        -0.07572761670545348,
        -0.2158844006003222,
        0.05511558085348529,
        0.09262462099715164,
        0.3730233447694086,
        0.26106187843277917,
        0.08502647830531694,
        0.4125065944571142,
        -0.22696376373260155
      ],
      [
        -0.15993788318743693,
        -0.28542430464721463,
        -0.09471497194920464,
        -0.2671402101197199,
        0.22302640454988173,
        -0.04557506668935362,
        -0.3747378163274401,
        -0.26978348013908277,
        0.11836843441769272,
        0.2198283140880016,
        0.5368081729271571,
        0.7616920674611314,
        0.15588642527313357,
        -0.2515758164900264,
        -0.4863306985306036,
        0.13715486543407027
      ],
      [
        -0.2032352738275815,
        -0.15761963434075482,
        -0.1502867209252146,
        0.04183360516526065,
        0.3307337255431917,
        0.04924274944667588,
        -0.04669495196144772,
        -0.2748021480436503,
        -0.3786807636209453,
        -0.1112803051539265,
        0.024179812299630194,
        0.4752089293542702,
        0.084852697322356,
        0.241493591273704,
        -0.07814302798256448,
        -0.22600894175614494
      ],
      [
        -0.24127919055809297,
        -0.23508683542977185,
        0.5348549119485284,
        -0.12831534303673958,
        0.2738609687803669,
        -0.2157511869364168,
        0.2258570105167854,
        0.08034903168926837,
        0.000830498140621292,
        0.00010604058054774286,
        -0.12607147385313736,
        0.14474450132981953,
        -0.0614618031310605,
        -0.3105927274238724,
        -0.2728035219276811,
        0.11337397927864117
      ],
      [
        0.3947728141026087,
        -0.013782415902473897,
        -0.026922102687733325,
        0.14848786166999267,
        0.390739103272987,
        0.06482623292630384,
        -0.10976805041020991,
        0.26068346767777484,
        0.14717908217054737,
        0.39423567011340416,
        0.08343405930968688,
        -0.2728908069708256,
        -0.28975573285728157,
        0.40854069657575204,
        0.477597301848048,
        0.02534719652746112
      ],
      [
        -0.09579683028399694,
        0.15444255817335978,
        -0.4681770726225179,
        -0.5643610734311773,
        0.6004567084103315,
        0.14777600123492618,
        -0.001280466680017824,
        -0.06439319221310133,
        0.088564691117662,
        0.450509714057724,
        0.6318335008108457,
        0.10338503965929965,
        -0.5144655017525973,
        -0.012179600482529487,
        -0.27303052044226256,
        -0.31960666469453924
      ],
      [
        -0.2195380917321877,
        -0.13731117947103652,
        0.2317131144287407,
        -0.2545668526655337,
        0.07189654099488514,
        -0.11106175074805484,
        -0.08895451629226583,
        0.23480074648895347,
        0.17451883180612554,
        0.3446461989750921,
        -0.0010009698082647993,
        -0.14075920195837635,
        -0.0036806372659903756,
        0.05643291133574502,
        0.0908242112656513,
        -0.2008700182102304
      ],
      [
        0.022622445406968554,
        0.003276763238892829,
        0.6321059882232174,
        0.5462424795897743,
        -0.14907216979342436,
        -0.06186523280195427,
        -0.3728967431610264,
        -0.16356546332806918,
        0.11889122345272903,
        0.31176007733646455,
        -0.14464550943169188,
        -0.13031015905764973,
        -0.4845381904805291,
        -0.0448577666182873,
        -0.21892273131266712,
        -0.06213285699340711
      ],
      [
        -0.21921519454189706,
        -0.07734595785897272,
        -0.4366946189994207,
        -0.28972998457839033,
        0.596550445853355,
        -0.31187503773316805,
        -0.2812326373154355,
        0.44333967224313114,
        0.7662567648652455,
        -0.28259498509192926,
        -0.054436789192797284,
        0.11861533869442681,
        0.4844584780555328,
        -0.2509055560891197,
        -0.014638589833303855,
        0.2645613938635473
      ],
      [
        0.10869151861665466,
        -0.14781933710335834,
        -0.03071826228927297,
