{
  "labels": [
    "Ethnolinguistics",
    "Language & Culture",
    "Language Socialization",
    "research"
  ],
  "feature_extractor": {
    "max_features": 32,
    "vocabulary": {
      "language": 19,
      "culture": 12,
      "core": 11,
      "concept": 7,
      "linguistic": 23,
      "anthropology": 1,
      "sciences": 27,
      "understanding": 31,
      "development": 15,
      "relationships": 26,
      "design": 14,
      "models": 24,
      "common": 5,
      "awareness": 2,
      "contemporary": 9,
      "academic": 0,
      "settings": 29,
      "language culture": 20,
      "concept linguistic": 8,
      "broader domain": 4,
      "sciences understanding": 28,
      "definitions historical": 13,
      "development key": 16,
      "common techniques": 6,
      "awareness open": 3,
      "contemporary applications": 10,
      "socialization": 30,
      "language socialization": 21,
      "ethnolinguistics": 18,
      "multilingual": 25,
      "distance": 17,
      "languages": 22
    },
    "idf": [
      1.2231435513142097,
      1.0,
      1.2231435513142097,
      1.2231435513142097,
      1.2231435513142097,
      1.2231435513142097,
      1.2231435513142097,
      1.2231435513142097,
      1.2231435513142097,
      1.2231435513142097,
      1.2231435513142097,
      1.2231435513142097,
      1.916290731874155,
      1.2231435513142097,
      1.2231435513142097,
      1.2231435513142097,
      1.2231435513142097,
      1.916290731874155,
      1.916290731874155,
      1.2231435513142097,
      1.916290731874155,
      1.916290731874155,
      1.916290731874155,
      1.0,
      1.0,
      1.916290731874155,
      1.0,
      1.2231435513142097,
      1.2231435513142097,
      1.2231435513142097,
      1.916290731874155,
      1.0
    ]
  },
  "scope": "linguistic_anthropology",
  "grade": "preschool"
}