{
  "layer_sizes": [
    32,
    16,
    4
  ],
  "learning_rate": 0.3,
  "seed": 42,
  "output_activation": "softmax",
  "weights": [
    [
      [
        0.09601989623021712,
        -0.26580502481151225,
        0.20060887141915282,
        0.27185678886866665,
        -0.3937180862810538,
        -0.3255448767155795,
        0.03196010079182134,
        -0.11195971433017726,
        -0.004200289376072199,
        -0.19723779386294887,
        0.3191529765225799,
        0.20550395204186353,
        0.01650767439030401,
        0.3296944295321087,
        0.11615962970241038,
        -0.21482311572080956
      ],
      [
        0.11202832231223399,
        -0.24552964845863773,
        0.23260864779435664,
        0.02423413202429991,
        0.04782511999608993,
        -0.17023238610098534,
        0.30563533466850756,
        -0.07153143676148227,
        -0.1070819555407768,
        -0.07201019959161117,
        0.23238077919521,
        0.10241698427564606,
        0.1031831528989971,
        0.15558937854207106,
        0.5346941943570143,
        -0.1016037540961539
      ],
      [
        -0.14107198832936416,
        -0.20344318206196943,
        0.11280890808060234,
        0.12316792883573224,
        -0.2109462661374273,
        -0.210039119240632,
        -0.2061203039228099,
        0.5110957811889302,
        0.17817754437616903,
        0.12526392644781212,
        -0.16637742682217357,
        0.05804033076667994,
        -0.00825291885144747,
        -0.012639404648310008,
        0.41261697971545847,
        0.05589888719367057
      ],
      [
        0.11065122055807892,
        0.04194165917105247,
        -0.21472909302075965,
        0.5052121304224709,
        -0.3989074989286751,
        -0.07991780408932533,
        -0.11759316357319888,
        -0.3738778645959595,
        -0.06878556280667093,
        0.35470686131902746,
        -0.3895119551847787,
        0.522056769781613,
        -0.4207174429039512,
        0.2865073135258931,
        0.4028450228915928,
        0.14655558283981954
      ],
      [
        0.11872947473831895,
        0.22338370059881096,
        -0.37419021075536524,
        0.23180212579669418,
        0.17987542634952988,
        -0.04782608122040372,
        -0.31892158083448047,
        -0.49748020603599424,
        -0.22986307150040283,
        0.10526171952386976,
        -0.13744774224382666,
        0.4526085196506849,
        -0.10681316158413356,
        0.4098634937915155,
        0.5185543551071754,
        -0.0773366349300596
      ],
      [
        0.1340344356809622,
        -0.17129048351805082,
        -0.07776738917372945,
        -0.058718863728719144,
        -0.20491920051485482,
        0.12174312019639545,
        -0.11735058505068097,
        -0.029775536562359848,
        0.12018666472647724,
        0.1276559820379323,
        0.2656497600500693,
        -0.013565402942729392,
        -0.10582457801103844,
        0.027954575063500662,
        -0.4225513143501085,
        -0.3617781181057718
      ],
      [
        -0.3108342767969912,
        -0.2551207051517588,
        0.11293962914839764,
        -0.18965415406915204,
        -0.0004999276274423462,
        0.32480707444651635,
        -0.08906599276535648,
        0.15147982587248993,
        -0.23340442000246925,
        -0.035336201436461316,
        -0.1382020309207725,
        -0.07370230079051414,
        0.21007703436434888,
        -0.3839459780079867,
        0.10788820502586331,
        0.05943390058306947
      ],
      [
        -0.12869686263258923,
        -0.367323461848502,
        0.031028449396005863,
        -0.09565756749508748,
        0.15220976372108103,
        0.00546303638086072,
        0.40044472283022886,
        -0.09273797311253776,
        -0.25587437315546624,
        0.06084209676952523,
        0.1543026537998141,
        0.3508528619947359,
        0.20877781147864463,
        0.13710189257747776,
        0.3651080169442894,
        -0.2971907635807127
      ],
      [
        -0.14009725689582755,
        -0.23745298360276923,
        -0.0844563783214035,
        -0.307455927118214,
        0.25282844758600614,
        -0.055555674274693344,
        -0.36770157362566447,
        -0.28679383654616697,
        0.07837846186254882,
        0.22555483000404142,
        0.5984862057298195,
        0.7395215846864586,
        0.1036023583189991,
        -0.19950040221786566,
        -0.5337292760434283,
        0.06692786558595895
      ],
      [
        -0.18339464753597212,
        -0.10964831329630943,
        -0.1400281272974135,
        0.0015178881667668193,
        0.3605357685793162,
        0.039262141861336156,
        -0.039658709259672076,
        -0.2918125044507345,
        -0.41867073617608924,
        -0.1055537892378865,
        0.0858578451022927,
        0.4530384465795975,
        0.03256863036822146,
        0.29356900554586485,
        -0.12554160549538912,
        -0.29623594160425615
      ],
      [
        -0.2214385642664836,
        -0.1871155143853263,
        0.5451135055763296,
        -0.16863106003523337,
        0.30366301181649147,
        -0.2257317945217566,
        0.23289325321856102,
        0.06333867528218409,
        -0.0391594744145226,
        0.005832556496587677,
        -0.06439344105047476,
        0.12257401855514662,
        -0.113745870085195,
        -0.25851731315171156,
        -0.32020209944050587,
        0.04314697943052987
      ],
      [
        0.4146134403942181,
        0.03418890514197147,
        -0.016663509059932156,
        0.10817214467149884,
        0.4205411463091115,
        0.054845625340964085,
        -0.10273180770843429,
        0.24367311127069047,
        0.10718910961540337,
        0.39996218602944406,
        0.14511209211234935,
        -0.2950612897454983,
        -0.34203979981141625,
        0.4606161108479129,
        0.4301987243352232,
        -0.04487980332065016
      ],
      [
        -0.09836139607108912,
        0.25107751839567727,
        -0.48791825313488096,
        -0.6371789980349815,
        0.7189855773520186,
        -0.0986512807148974,
        -0.001280466680017824,
        -0.0008232317060021336,
        0.08288855998321706,
        0.45792125799958183,
        0.7234895400524901,
        0.12628793136331082,
        -0.5199194762740439,
        0.0015597510166604728,
        -0.2846185597229606,
        -0.304703265105907
      ],
      [
        -0.2325493977936675,
        -0.08353086017520302,
        0.18778968802573165,
        -0.4906733237793816,
        -0.17480152857510417,
        -0.12104235833339462,
        -0.08191827359049021,
        0.599137040558906,
        0.12689286082628998,
        0.3238248862321993,
        -0.03862641981247512,
        -0.17398565291767576,
        -0.09338907535675442,
        -0.006687356012757852,
        0.23890312484183876,
        -0.27109701805834163
      ],
      [
        0.20603631587200025,
        0.14056071559766653,
        1.2553500682583503,
        0.836609505004894,
        -0.342922781971065,
        -0.07184584038729402,
        -0.3658605004592508,
        -0.1033599165260471,
        0.07890125089758512,
        0.2837624096369558,
        -0.27583527918173156,
        -0.33023009938733416,
        -0.5368222574346637,
        -0.14507060784032272,
        -0.48994822860199716,
        -0.13235985684151844
      ],
      [
        -0.20469164230345624,
        -0.02831487526977651,
        -0.43418009102877286,
        -0.3574968969228054,
        0.5853924999375251,
        -0.32185564531850774,
        -0.2741963946136599,
        0.4777898408507525,
        0.7252705971219604,
        -0.2811646995898651,
        -0.010875135115744306,
        0.09442786617126224,
        0.42729201375503767,
        -0.2163473478101717,
        -0.03649779919978303,
        0.194334394015436
      ],
      [
        0.12853214490826398,
        -0.0998480160589129,
        -0.0204596686614718,
