{
  "layer_sizes": [
    32,
    16,
    4
  ],
  "learning_rate": 0.3,
  "seed": 42,
  "output_activation": "softmax",
  "weights": [
    [
      [
        0.07346747178449599,
        -0.29627406668160405,
        0.2872303338125913,
        0.28601040586995813,
        -0.38297525226594886,
        -0.28328880452519967,
        0.03196010079182134,
        -0.09974497997774173,
        0.03322010388623976,
        -0.24863995406027475,
        0.3080341384784168,
        0.20289638386354641,
        0.01650767439030401,
        0.3444707028382512,
        0.14323494247443963,
        -0.0648262721497964
      ],
      [
        0.09083179694356876,
        -0.25785967026798995,
        0.2694213427573066,
        0.012953135639514099,
        0.006176181562440012,
        -0.14910435000579542,
        0.30563533466850756,
        -0.04897453646312363,
        -0.08837175890962076,
        -0.10572287370549727,
        0.1771696187696921,
        0.09558521609417425,
        0.1031831528989971,
        0.1390354513000922,
        0.5485907036733292,
        -0.026605332310647316
      ],
      [
        -0.12941658134494033,
        -0.2215822021227095,
        0.20380362307436242,
        0.3076776865663001,
        0.023904908035036386,
        -0.18891108314544208,
        -0.2061203039228099,
        0.1523060310102522,
        0.20452373943201654,
        0.11809908099285889,
        -0.12228510444081866,
        0.06226453076983456,
        0.029171452285182056,
        0.0860023497303749,
        0.2310359979427616,
        0.13089730897917715
      ],
      [
        0.16837249169091772,
        -0.001244252688517241,
        0.12208861710298455,
        0.18325666984571243,
        -0.3118971825151616,
        -0.058789767994135364,
        -0.11759316357319888,
        -0.17006162800675856,
        -0.050075366175514946,
        0.356045841725159,
        -0.1723654565419559,
        0.24629378865102486,
        -0.4207174429039512,
        -0.05239105694832208,
        0.05386706973196551,
        0.2215540046253261
      ],
      [
        0.169309533282368,
        0.3403046110328875,
        -0.2545481197498887,
        -0.11558794816614179,
        0.3292859811288174,
        -0.13596769437052353,
        -0.31892158083448047,
        -0.34375409480701186,
        -0.1120438749517412,
        0.2213346901008215,
        -0.08550461372039117,
        0.2611055366137699,
        -0.10681316158413356,
        0.34152113341062046,
        0.1586905816216297,
        -0.05858276348164055
      ],
      [
        0.10569669772350712,
        -0.023513683033756626,
        -0.2581303133290473,
        -0.09543447349958227,
        -0.18416790058273086,
        0.033601507046275673,
        -0.11735058505068097,
        -0.05730876162421985,
        0.2380058612751389,
        0.20867729809486654,
        0.04523522950516405,
        0.063862826969472,
        -0.10582457801103844,
        0.28195665791484215,
        -0.4195406253597121,
        -0.34302424665735265
      ],
      [
        -0.3320308021656564,
        -0.26745072696111055,
        0.1497523241113476,
        -0.20093515045393787,
        -0.042148866061092284,
        0.3459351105417062,
        -0.08906599276535648,
        0.17403672617084856,
        -0.21469422337131328,
        -0.0690488755503474,
        -0.1934131913462904,
        -0.08053406897198595,
        0.21007703436434888,
        -0.40049990524996554,
        0.12178471434217844,
        0.13443232236857602
      ],
      [
        -0.1498933880012546,
        -0.37965348365785373,
        0.06784114435895588,
        -0.10693856387987329,
        0.11056082528743119,
        0.02659107247605068,
        0.40044472283022886,
        -0.07018107281417917,
        -0.23716417652431035,
        0.02712942265563912,
        0.09909149337429612,
        0.34402109381326373,
        0.20877781147864463,
        0.12054796533549898,
        0.3790045262606048,
        -0.2221923417952062
      ],
      [
        -0.16129378226449292,
        -0.24978300541212128,
        -0.04764368335845348,
        -0.318736923503,
        0.21117950915235623,
        -0.03442763817950335,
        -0.36770157362566447,
        -0.26423693624780853,
        0.09708865849370488,
        0.1918421558901554,
        0.5432750453043017,
        0.7326898165049869,
        0.1036023583189991,
        -0.21605432945984454,
        -0.5198327667271134,
        0.14192628737146554
      ],
      [
        -0.2045911729046375,
        -0.12197833510566143,
        -0.10321543233446345,
        -0.009763108218018977,
        0.31888683014566593,
        0.060390177956526146,
        -0.039658709259672076,
        -0.26925560415237604,
        -0.39996053954493327,
        -0.13926646335177265,
        0.030646684676774713,
        0.44620667839812533,
        0.03256863036822146,
        0.27701507830388605,
        -0.11164509617907392,
        -0.22123751981874962
      ],
      [
        -0.24263508963514896,
        -0.19944553619467836,
        0.5819262005392797,
        -0.1799120564200192,
        0.2620140733828412,
        -0.20460375842656667,
        0.23289325321856102,
        0.0858955755805427,
        -0.020449277783366603,
        -0.027880117617298417,
        -0.1196046014759927,
        0.1157422503736748,
        -0.113745870085195,
        -0.2750712403936904,
        -0.30630559012419045,
        0.11814540121603642
      ],
      [
        0.3862757024367632,
        0.1819657056262658,
        -0.19702643321524993,
        0.07145653490063572,
        0.4412924462412351,
        -0.033295987809155714,
        -0.10273180770843429,
        0.21613988620883048,
        0.22500830616406503,
        0.4809835020863784,
        -0.07530243843255598,
        -0.21763305983329712,
        -0.34203979981141625,
        0.7146181936992545,
        0.43320941332561963,
        -0.026125931872231112
      ],
      [
        -0.10429394194984268,
        0.5073288752934565,
        -0.4441282721986513,
        -0.2236817547389566,
        0.2756237094867901,
        -0.18679289386501718,
        -0.001280466680017824,
        -0.10129301593726986,
        0.20221283374839505,
        0.4489149694158096,
        -0.0984648210125961,
        0.2494688964160424,
        -0.5125430252577556,
        0.2897066101589124,
        -0.2085145844434223,
        -0.28594939365748784
      ],
      [
        -0.2195380917321877,
        0.2735786101371648,
        0.3588235048086528,
        -0.4782689400663999,
        -0.12776617313338298,
        -0.005115939266076902,
        -0.08191827359049021,
        0.2618998582765227,
        0.0009881046219562387,
        0.6419757974244128,
        -0.10161324620756226,
        -0.17398565291767576,
        -0.05596470422012488,
        -0.11554704949385991,
        0.09645599567197474,
        -0.4418029637151694
      ],
      [
        0.022622445406968554,
        0.5927212880032775,
        0.8241403132129549,
        0.24920501187315408,
        -0.41644690706268594,
        0.10204378821368254,
        -0.3658605004592508,
        -0.13086115056531417,
        -0.12140988104595281,
        0.762902811067648,
        -0.27675119902853285,
        -0.16353661001694914,
        -0.5368222574346637,
        -0.3049233511037248,
        -0.18713461887707017,
        -0.38841877532676033
      ],
      [
        -0.2277123062077428,
        0.11840216366976693,
        -0.6067989495269372,
        -0.36676131134774764,
        0.6471037888216035,
        -0.4099972584686275,
        -0.2741963946136599,
        0.3987960907741868,
        0.8440859888587633,
        -0.19584715311895498,
        -0.2131732869350402,
        0.17387308583195524,
        0.4321744111013981,
        0.0551719410343825,
        -0.05902647835573196,
        0.21308826546385504
      ],
      [
        0.10019440695080892,
        0.04792878442538138,
        -0.20082259281678957,
