{
  "labels": [
    "Classical Drama (Greek/Roman)",
    "Opera Theatre",
    "Shakespearean Theatre",
    "engineering"
  ],
  "feature_extractor": {
    "max_features": 32,
    "vocabulary": {
      "classical": 4,
      "drama": 11,
      "greek": 15,
      "roman": 23,
      "concept": 8,
      "theatre": 30,
      "arts": 0,
      "broader": 2,
      "methods": 17,
      "solve": 27,
      "problems": 21,
      "models": 18,
      "common": 6,
      "techniques": 29,
      "contemporary": 10,
      "settings": 24,
      "classical drama": 5,
      "drama greek": 12,
      "greek roman": 16,
      "concept theatre": 9,
      "broader domain": 3,
      "studying definitions": 28,
      "researchers practitioners": 22,
      "vocabulary foundational": 31,
      "common techniques": 7,
      "awareness open": 1,
      "shakespearean": 25,
      "shakespearean theatre": 26,
      "opera": 19,
      "opera theatre": 20,
      "gauze": 13,
      "gauzes": 14
    },
    "idf": [
      1.2231435513142097,
      1.2231435513142097,
      1.2231435513142097,
      1.2231435513142097,
      1.916290731874155,
      1.916290731874155,
      1.2231435513142097,
      1.2231435513142097,
      1.2231435513142097,
      1.2231435513142097,
      1.2231435513142097,
      1.916290731874155,
      1.916290731874155,
      1.916290731874155,
      1.916290731874155,
      1.916290731874155,
      1.916290731874155,
      1.0,
      1.0,
      1.916290731874155,
      1.916290731874155,
      1.0,
      1.2231435513142097,
      1.916290731874155,
      1.0,
      1.916290731874155,
      1.916290731874155,
      1.2231435513142097,
      1.2231435513142097,
      1.2231435513142097,
      1.0,
      1.2231435513142097
    ]
  },
  "scope": "theatre",
  "grade": "preschool"
}