{
  "layer_sizes": [
    32,
    16,
    3
  ],
  "learning_rate": 0.3,
  "seed": 42,
  "output_activation": "softmax",
  "weights": [
    [
      [
        0.07617926993860784,
        -0.2647533885949242,
        0.21863247865577784,
        0.2540370303060842,
        -0.4710148155346868,
        -0.3255448767155795,
        0.03196010079182134,
        -0.05206327667856071,
        -0.004200289376072199,
        -0.19958978508903044,
        0.23976153502569583,
        0.224259995730983,
        0.015885469894177162,
        0.2775034239429445,
        0.1168773355630114,
        -0.1798311578226035
      ],
      [
        0.09218769602062471,
        -0.24447801224205004,
        0.2506322550309817,
        0.006414373461717677,
        -0.029471609257543042,
        -0.17023238610098534,
        0.30563533466850756,
        -0.011634999109865679,
        -0.1070819555407768,
        -0.07436219081769294,
        0.15298933769832587,
        0.12117302796476542,
        0.10256094840287025,
        0.10339837295290695,
        0.5354119002176153,
        -0.0666117961979479
      ],
      [
        -0.12806068226788433,
        -0.20820054409676975,
        0.18501453534803744,
        0.3011389243885039,
        -0.011742882784946642,
        -0.210039119240632,
        -0.2061203039228099,
        0.18964556836351018,
        0.18581354280086057,
        0.14945976388066332,
        -0.14646538551218488,
        0.08785234264042581,
        0.028549247789055206,
        0.050365271383189504,
        0.21785719448704746,
        0.09089084509187655
      ],
      [
        0.16972839076797372,
        0.012137405337422545,
        0.10329952937665958,
        0.17671790766791587,
        -0.34754497333514434,
        -0.07991780408932533,
        -0.11759316357319888,
        -0.13272209065350057,
        -0.06878556280667093,
        0.3874065246129636,
        -0.1965457376133221,
        0.2718816005216163,
        -0.42133964740007807,
        -0.08802813529550745,
        0.0406882662762514,
        0.1815475407380256
      ],
      [
        0.17780664494821374,
        0.193579446765181,
        -0.05616158835794585,
        -0.0966920969578609,
        0.23123795194306057,
        -0.04782608122040372,
        -0.31892158083448047,
        -0.25632443209353556,
        -0.22986307150040283,
        0.13796138281780554,
        0.055518475327629976,
        0.202433350390688,
        -0.10743536608026041,
        0.035328044970114825,
        0.15639759849183418,
        -0.042344677031853614
      ],
      [
        0.11419380938935286,
        -0.17023884730146313,
        -0.0597437819371044,
        -0.0765386222913014,
        -0.28221592976848764,
        0.12174312019639545,
        -0.11735058505068097,
        0.030120901089256705,
        0.12018666472647724,
        0.12530399081185054,
        0.18625831855318525,
        0.0051906407463899774,
        -0.10644678250716529,
        -0.0242364305256635,
        -0.42183360848950746,
        -0.32678616020756585
      ],
      [
        -0.3306749030886006,
        -0.2540690689351708,
        0.13096323638502264,
        -0.2074739126317344,
        -0.07779665688107526,
        0.32480707444651635,
        -0.08906599276535648,
        0.21137626352410652,
        -0.23340442000246925,
        -0.03768819266254303,
        -0.2175934724176566,
        -0.05494625710139477,
        0.20945482986822203,
        -0.43613698359715086,
        0.10860591088646433,
        0.09442585848127547
      ],
      [
        -0.1485374889241986,
        -0.36627182563191396,
        0.04905205663263092,
        -0.11347732605766978,
        0.07491303446744813,
        0.00546303638086072,
        0.40044472283022886,
        -0.03284153546092122,
        -0.25587437315546624,
        0.05849010554344351,
        0.07491121230292999,
        0.3696089056838552,
        0.20815560698251778,
        0.0849108869883136,
        0.36582572280489045,
        -0.26219880568250675
      ],
      [
        -0.15993788318743693,
        -0.23640134738618154,
        -0.06643277108477845,
        -0.3252756856807962,
        0.1755317183323732,
        -0.055555674274693344,
        -0.36770157362566447,
        -0.2268973988945505,
        0.07837846186254882,
        0.22320283877795985,
        0.5190947642329353,
        0.7582776283755783,
        0.10298015382287225,
        -0.25169140780702975,
        -0.5330115701828273,
        0.10191982348416495
      ],
      [
        -0.2032352738275815,
        -0.10859667707972165,
        -0.12200452006078848,
        -0.016301870395815408,
        0.2832390393256832,
        0.039262141861336156,
        -0.039658709259672076,
        -0.23191606679911805,
        -0.41867073617608924,
        -0.10790578046396826,
        0.006466403605408556,
        0.4717944902687168,
        0.03194642587209461,
        0.24137799995670067,
        -0.12482389963478802,
        -0.2612439837060502
      ],
      [
        -0.24127919055809297,
        -0.18606387816873862,
        0.5631371128129548,
        -0.18645081859781573,
        0.22636628256285835,
        -0.2257317945217566,
        0.23289325321856102,
        0.12323511293380067,
        -0.0391594744145226,
        0.0034805652705059715,
        -0.1437848825473589,
        0.141330062244266,
        -0.11436807458132185,
        -0.31070831874087573,
        -0.3194843935799048,
        0.07813893732873588
      ],
      [
        0.3947728141026087,
        0.03524054135855924,
        0.001360098176692894,
        0.0903523861089166,
        0.3432444170554785,
        0.054845625340964085,
        -0.10273180770843429,
        0.30356954892230675,
        0.10718910961540337,
        0.3976101948033626,
        0.06572065061546521,
        -0.276305246056379,
        -0.3426620043075431,
        0.4084251052587487,
        0.43091643019582426,
        -0.00988784542244417
      ],
      [
        -0.09579683028399694,
        0.36060371102575023,
        -0.24574174080670846,
        -0.2047859035306758,
        0.1775756803010332,
        -0.0986512807148974,
        -0.001280466680017824,
        -0.013863353223793288,
        0.08439363719973339,
        0.3655416621327938,
        0.04255826803542504,
        0.1907967101929604,
        -0.5131652297538825,
        -0.01648647828159322,
        -0.21080756757321778,
        -0.26971130720770103
      ],
      [
        -0.2195380917321877,
        -0.08353086017520302,
        0.6286641197936135,
        -0.43863940365837356,
        0.1273583749948314,
        -0.12104235833339462,
        -0.08191827359049021,
        0.5490911511883905,
        0.13452885925098151,
        0.5058348956344496,
        -0.19097080264141325,
        -0.2666496049037646,
        -0.05596470422012488,
        0.03145548580780147,
        0.04414333961342776,
        -0.2872629091857645
      ],
      [
        0.022622445406968554,
        0.057057082534726286,
        1.0290569935880902,
        0.36216992859693503,
        -0.09361033579347801,
        -0.07184584038729402,
        -0.3658605004592508,
        0.15072494137136724,
        0.07890125089758512,
        0.4729487739958221,
        -0.3346153422648402,
        -0.25620056200303787,
        -0.5368222574346637,
        -0.06983519214623084,
        -0.2656036029648908,
        -0.14852574796894127
      ],
      [
        -0.21921519454189706,
        -0.028323000597939567,
        -0.40841241813499435,
        -0.3478654601394666,
        0.5490557596358464,
        -0.32185564531850774,
        -0.2741963946136599,
        0.4862257534876631,
        0.7262667923101017,
        -0.2792204604019708,
        -0.07215019788701894,
        0.11520089960887323,
        0.4315522066052712,
        -0.2510211474061231,
        -0.061319461485527436,
        0.22932635191364206
      ],
      [
        0.10869151861665466,
        -0.09879637984232513,
        -0.0024360614248467487,
