{
  "labels": [
    "Empiricism (Locke, Berkeley, Hume)",
    "Kantian Philosophy",
    "Rationalism (Descartes, Leibniz, Spinoza)"
  ],
  "feature_extractor": {
    "max_features": 32,
    "vocabulary": {
      "rationalism": 29,
      "descartes": 17,
      "leibniz": 24,
      "spinoza": 31,
      "core": 14,
      "concept": 10,
      "philosophy": 28,
      "broader": 8,
      "apply": 4,
      "contemporary": 12,
      "applications": 2,
      "academic": 0,
      "rationalism descartes": 30,
      "descartes leibniz": 18,
      "leibniz spinoza": 25,
      "core concept": 15,
      "concept modern": 11,
      "definitions historical": 16,
      "common techniques": 9,
      "awareness open": 5,
      "contemporary applications": 13,
      "applications academic": 3,
      "academic professional": 1,
      "empiricism": 19,
      "locke": 26,
      "berkeley": 6,
      "hume": 21,
      "empiricism locke": 20,
      "locke berkeley": 27,
      "berkeley hume": 7,
      "kantian": 22,
      "kantian philosophy": 23
    },
    "idf": [
      1.0,
      1.0,
      1.0,
      1.0,
      1.0,
      1.0,
      1.6931471805599454,
      1.6931471805599454,
      1.0,
      1.0,
      1.0,
      1.0,
      1.0,
      1.0,
      1.0,
      1.0,
      1.0,
      1.6931471805599454,
      1.6931471805599454,
      1.6931471805599454,
      1.6931471805599454,
      1.6931471805599454,
      1.6931471805599454,
      1.6931471805599454,
      1.6931471805599454,
      1.6931471805599454,
      1.6931471805599454,
      1.6931471805599454,
      1.0,
      1.6931471805599454,
      1.6931471805599454,
      1.6931471805599454
    ]
  },
  "scope": "modern_western_philosophy",
  "grade": "preschool"
}