{
  "labels": [
    "Akan Religion",
    "Yoruba Religion",
    "Zulu Religion",
    "research"
  ],
  "feature_extractor": {
    "max_features": 32,
    "vocabulary": {
      "yoruba": 28,
      "religion": 20,
      "african": 3,
      "traditional": 24,
      "religions": 21,
      "broader": 14,
      "studying": 22,
      "principles": 16,
      "analysis": 7,
      "relationships": 18,
      "apply": 11,
      "theoretical": 23,
      "vocabulary": 26,
      "applications": 9,
      "academic": 0,
      "yoruba religion": 29,
      "african traditional": 4,
      "traditional religions": 25,
      "broader domain": 15,
      "analysis relationships": 8,
      "relationships neighboring": 19,
      "vocabulary foundational": 27,
      "questions contemporary": 17,
      "applications academic": 10,
      "academic professional": 1,
      "akan": 5,
      "akan religion": 6,
      "zulu": 30,
      "zulu religion": 31,
      "atr": 12,
      "adherence": 2,
      "atr adherence": 13
    },
    "idf": [
      1.2231435513142097,
      1.2231435513142097,
      1.916290731874155,
      1.0,
      1.0,
      1.916290731874155,
      1.916290731874155,
      1.2231435513142097,
      1.2231435513142097,
      1.2231435513142097,
      1.2231435513142097,
      1.2231435513142097,
      1.916290731874155,
      1.916290731874155,
      1.2231435513142097,
      1.2231435513142097,
      1.2231435513142097,
      1.2231435513142097,
      1.2231435513142097,
      1.2231435513142097,
      1.2231435513142097,
      1.0,
      1.0,
      1.0,
      1.0,
      1.0,
      1.2231435513142097,
      1.2231435513142097,
      1.916290731874155,
      1.916290731874155,
      1.916290731874155,
      1.916290731874155
    ]
  },
  "scope": "african_traditional_religions",
  "grade": "preschool"
}