{
  "layer_sizes": [
    32,
    16,
    4
  ],
  "learning_rate": 0.3,
  "seed": 42,
  "output_activation": "softmax",
  "weights": [
    [
      [
        0.07617926993860784,
        -0.250715627272919,
        0.2791849332780292,
        0.30647966794341014,
        -0.45048655051753367,
        -0.3255448767155795,
        0.020507446155427204,
        -0.08770320898270843,
        -0.004200289376072199,
        -0.19046560760793935,
        0.28851331363994737,
        0.22604956181246258,
        0.01650767439030401,
        0.2818103017420082,
        0.10198810030228836,
        -0.21482311572080956
      ],
      [
        0.09218769602062471,
        -0.23044025092004508,
        0.31118470965323297,
        0.05885701109904355,
        -0.008943344240389669,
        -0.17023238610098534,
        0.29418268003211345,
        -0.0472749314140134,
        -0.1070819555407768,
        -0.0652380133366017,
        0.20174111631257738,
        0.122962594046245,
        0.1031831528989971,
        0.10770525075197068,
        0.5205226649568924,
        -0.1016037540961539
      ],
      [
        -0.12806068226788433,
        -0.03960699145346797,
        0.12104591617964862,
        0.22476512862829567,
        -0.14276336464628117,
        -0.210039119240632,
        -0.2061203039228099,
        0.3785302446363699,
        0.14624350500434025,
        0.18148910556547698,
        -0.2516818678496235,
        0.028418215100323344,
        0.029171452285182056,
        0.05467214918225324,
        0.2895852847031655,
        0.05589888719367057
      ],
      [
        0.16972839076797372,
        0.23534302151689152,
        0.028347930386862237,
        0.08118479705706548,
        -0.5166576219406669,
        -0.07991780408932533,
        -0.11759316357319888,
        0.12812326817942396,
        -0.12154561320203143,
        0.4346693791275032,
        -0.3301970336265773,
        0.20257343442606146,
        -0.4207174429039512,
        -0.08372125749644371,
        0.13632571989774211,
        0.14655558283981954
      ],
      [
        0.17780664494821374,
        0.243431825673999,
        -0.5312609912431586,
        0.4648272969171115,
        0.1864771316906436,
        -0.04782608122040372,
        -0.31892158083448047,
        -0.5342383693743724,
        -0.22986307150040283,
        0.14787689400582452,
        0.04818420832908243,
        0.6082494925615447,
        -0.10681316158413356,
        0.03963492276917856,
        0.15639759849183418,
        -0.0773366349300596
      ],
      [
        0.11419380938935286,
        -0.12038646839264508,
        -0.5348431848223172,
        0.48498077158367103,
        -0.326976750020905,
        0.12174312019639545,
        -0.11735058505068097,
        -0.24779303619158038,
        0.12018666472647724,
        0.13521950199986954,
        0.1789240515546376,
        0.4110067829172467,
        -0.10582457801103844,
        -0.019929552726599763,
        -0.42183360848950746,
        -0.3617781181057718
      ],
      [
        -0.3306749030886006,
        0.023748610780465394,
        0.045028657573816876,
        -0.3221663380932274,
        -0.28500147223078476,
        0.32480707444651635,
        -0.08906599276535648,
        0.544182304917096,
        -0.2993544829966699,
        0.024808174681722858,
        -0.37967958210672853,
        -0.13412846175240165,
        0.21007703436434888,
        -0.43183010579808717,
        0.22815272791332772,
        0.05943390058306947
      ],
      [
        -0.1485374889241986,
        -0.35223406430990883,
        0.10960451125488237,
        -0.061034688420343874,
        0.09544129948460146,
        0.00546303638086072,
        0.38899206819383475,
        -0.06848146776506894,
        -0.25587437315546624,
        0.06761428302453468,
        0.12366299091718129,
        0.3713984717653346,
        0.20877781147864463,
        0.08921776478737733,
        0.35093648754416734,
        -0.2971907635807127
      ],
      [
        -0.15993788318743693,
        -0.22236358606417658,
        -0.005880316462527009,
        -0.2728330480434705,
        0.1960599833495266,
        -0.055555674274693344,
        -0.3791542282620586,
        -0.26253733119869826,
        0.07837846186254882,
        0.23232701625905094,
        0.5678465428471862,
        0.7600671944570584,
        0.1036023583189991,
        -0.24738453000796604,
        -0.5479008054435502,
        0.06692786558595895
      ],
      [
        -0.2032352738275815,
        -0.09455891575771662,
        -0.06145206543853704,
        0.03614076724151046,
        0.30376730434283633,
        0.039262141861336156,
        -0.05111136389606622,
        -0.2675559991032657,
        -0.41867073617608924,
        -0.09878160298287703,
        0.05521818221965989,
        0.4735840563501962,
        0.03256863036822146,
        0.2456848777557644,
        -0.13971313489551104,
        -0.29623594160425615
      ],
      [
        -0.24127919055809297,
        -0.17202611684673366,
        0.6236895674352062,
        -0.13400818096048978,
        0.24689454758001175,
        -0.2257317945217566,
        0.2214405985821669,
        0.08759518062965291,
        -0.0391594744145226,
        0.012604742751597153,
        -0.09503310393310754,
        0.1431196283257456,
        -0.113745870085195,
        -0.30640144094181204,
        -0.33437362884062793,
        0.04314697943052987
      ],
      [
        0.3947728141026087,
        0.25844615753802824,
        -0.07359150081310448,
        -0.005180724501933943,
        0.17413176844995631,
        0.054845625340964085,
        -0.10273180770843429,
        0.5644149077552314,
        0.05442905922004294,
        0.4448730493179022,
        -0.06793064539778994,
        -0.34561341215193386,
        -0.34203979981141625,
        0.4127319830578124,
        0.5265538838173148,
        -0.04487980332065016
      ],
      [
        -0.09579683028399694,
        0.5838093272052192,
        -0.3206933397965057,
        -0.3003190141415263,
        0.008463031695511231,
        -0.0986512807148974,
        -0.001280466680017824,
        0.24698200560913128,
        0.03163358680437295,
        0.4128045166473334,
        -0.09109302797783012,
        0.12148854409740567,
        -0.5125430252577556,
        -0.012179600482529487,
        -0.1151701139517271,
        -0.304703265105907
      ],
      [
        -0.2195380917321877,
        -0.39957392133649133,
        0.23039857545765072,
        -0.8766669429294127,
        0.663387954256109,
        -0.12104235833339462,
        -0.08191827359049021,
        0.15483201218416823,
        0.13452885925098151,
        0.5901283034821542,
        0.5485067393296943,
        -0.44410671230148163,
        -0.05596470422012488,
        0.0606241978178054,
        0.04414333961342776,
        -0.27109701805834163
      ],
      [
        0.022622445406968554,
        -0.258985978626562,
        0.6307914492521275,
        -0.07585761067410375,
        0.4424192434677995,
        -0.07184584038729402,
        -0.3658605004592508,
        -0.24353419763285442,
        0.07890125089758512,
        0.5572421818435267,
        0.404862199706267,
        -0.43365766940075495,
        -0.5368222574346637,
        -0.04066648013622692,
        -0.2656036029648908,
        -0.13235985684151844
      ],
      [
        -0.21921519454189706,
        0.3041067426538639,
        -0.5053299767676084,
        -0.4817172004516022,
        0.30375877754194974,
        -0.32185564531850774,
        -0.2741963946136599,
        0.8909924774407177,
        0.647126716717061,
        -0.20149058022797892,
        -0.26267112125190745,
        0.026144656402414174,
        0.4321744111013981,
        -0.24671426960705936,
        0.08213671894670864,
        0.194334394015436
      ],
      [
        0.10869151861665466,
        -0.07547821923311543,
        0.14968852752381967,
        -0.201046974401282,
