{
  "layer_sizes": [
    32,
    16,
    4
  ],
  "learning_rate": 0.3,
  "seed": 42,
  "output_activation": "softmax",
  "weights": [
    [
      [
        0.07617926993860784,
        -0.2278490544215545,
        0.2562689362637286,
        0.24845390323739514,
        -0.49648839695863733,
        -0.2831233110912969,
        0.06676601610817763,
        -0.01480239419280233,
        -0.010521264329075377,
        -0.21503969841921547,
        0.2291048954132781,
        0.22992033962685784,
        0.013240578827608682,
        0.2818103017420082,
        0.12432621765885944,
        -0.21482311572080956
      ],
      [
        0.09218769602062471,
        -0.1319799577874731,
        0.3758250033598357,
        -0.16783539969085381,
        -0.20893787312592962,
        0.06438132674178143,
        0.42911590568929314,
        0.03335946356670932,
        -0.1336432579685543,
        -0.09748049094272085,
        0.01218984531787455,
        -0.05438326441959148,
        0.09066174300511662,
        0.10770525075197068,
        0.5539816678924547,
        -0.1016037540961539
      ],
      [
        -0.12806068226788433,
        -0.002537115340165933,
        -0.0967113726998831,
        0.5768908425592799,
        -0.1567789807800343,
        -0.06745163365486508,
        -0.10429165022533826,
        -0.07278610441870924,
        0.16487230688033985,
        0.1719781150478478,
        -0.3476065368655183,
        0.1506649777628957,
        0.01929942890235751,
        0.05467214918225324,
        0.5996920135039936,
        0.05589888719367057
      ],
      [
        0.16972839076797372,
        0.16397794580831526,
        -0.40192163960024496,
        0.6868993126832597,
        -0.3642889549639166,
        -0.13367737148269881,
        -0.1119169991970268,
        -0.5303298544965444,
        -0.06878556280667093,
        0.4290842839160378,
        -0.32543647418957056,
        0.5052964891179741,
        -0.4207174429039512,
        -0.08372125749644371,
        0.5064275500756088,
        0.14655558283981954
      ],
      [
        0.17780664494821374,
        0.2032724262940607,
        -0.05305914110165695,
        -0.049724377491222056,
        0.2557481790773155,
        -0.07081386369946452,
        -0.31575697445073897,
        -0.2277004622044146,
        -0.22911766361444935,
        0.12512954220311426,
        0.08550756596485445,
        0.2625224648957406,
        -0.10681316158413356,
        0.03963492276917856,
        0.1595822295110076,
        -0.0773366349300596
      ],
      [
        0.11419380938935286,
        -0.16054586777258342,
        -0.0566413346808155,
        -0.029570902824662515,
        -0.25770570263423287,
        0.09875533771733468,
        -0.11418597866693957,
        0.058744870978377425,
        0.12093207261243073,
        0.1124721501971593,
        0.21624740919040966,
        0.06527975525144258,
        -0.10582457801103844,
        -0.019929552726599763,
        -0.4186489774703341,
        -0.3617781181057718
      ],
      [
        -0.3306749030886006,
        -0.24437608940629105,
        0.13406568364131158,
        -0.16050619316509543,
        -0.05328642974682048,
        0.3018192919674557,
        -0.08590138638161508,
        0.2400002334132273,
        -0.23265901211651577,
        -0.05052003327723425,
        -0.1876043817804322,
        0.005142857403657851,
        0.21007703436434888,
        -0.43183010579808717,
        0.1117905419056377,
        0.05943390058306947
      ],
      [
        -0.1485374889241986,
        -0.35657884610303436,
        0.05215450388891983,
        -0.0665096065910308,
        0.09942326160170295,
        -0.01752474609820008,
        0.40360932921397036,
        -0.0042175655718005335,
        -0.25512896526951273,
        0.045658264928752294,
        0.10490030294015444,
        0.4296980201889078,
        0.20877781147864463,
        0.08921776478737733,
        0.36901035382406383,
        -0.2971907635807127
      ],
      [
        -0.15993788318743693,
        -0.22670836785730183,
        -0.06333032382848958,
        -0.2783079662141573,
        0.20004194546662812,
        -0.07854345675375411,
        -0.36453696724192297,
        -0.1982734290054297,
        0.07912386974850232,
        0.2103709981632685,
        0.5490838548701602,
        0.8183667428806309,
        0.1036023583189991,
        -0.24738453000796604,
        -0.529826939163654,
        0.06692786558595895
      ],
      [
        -0.2032352738275815,
        -0.09890369755084193,
        -0.1189020728044996,
        0.030665849070823467,
        0.30774926645993794,
        0.016274359382275366,
        -0.036494102875930655,
        -0.20329209690999728,
        -0.41792532829013573,
        -0.12073762107865944,
        0.03645549424263307,
        0.5318836047737694,
        0.03256863036822146,
        0.2456848777557644,
        -0.12163926861561461,
        -0.29623594160425615
      ],
      [
        -0.24127919055809297,
        -0.04663065060921755,
        0.727382968150063,
        -0.39953907223645985,
        0.00621944813456819,
        0.06753534653170191,
        0.3872439669945431,
        0.18622753413135307,
        -0.07236110244924447,
        -0.02199951068468782,
        -0.31480623769542593,
        -0.07066230026774371,
        -0.1293976324525456,
        -0.30640144094181204,
        -0.29627218398635546,
        0.04314697943052987
      ],
      [
        0.3947728141026087,
        0.044933520887438926,
        0.00446254543298179,
        0.13732010557555546,
        0.36775464418973325,
        0.03185784286190327,
        -0.09956720132469289,
        0.3321935188114275,
        0.10793451750135687,
        0.38477835418867123,
        0.09570974125268969,
        -0.2162161315513263,
        -0.34203979981141625,
        0.4127319830578124,
        0.43410106121499764,
        -0.04487980332065016
      ],
      [
        -0.09579683028399694,
        0.3702966905546298,
        -0.24263929355041966,
        -0.15781818406403683,
        0.20208590743528815,
        -0.12163906319395819,
        0.0018841397037235876,
        0.014760616665327402,
        0.08513904508568688,
        0.35270982151810243,
        0.07254735867264954,
        0.25088582469801296,
        -0.5125430252577556,
        -0.012179600482529487,
        -0.20762293655404437,
        -0.304703265105907
      ],
      [
        -0.2195380917321877,
        -0.15349538184258382,
        -0.023208738668817,
        -0.5346664438217897,
        0.4857665586271298,
        0.12020799076715721,
        -0.06776256826771278,
        0.22170438151593364,
        0.13920016123114184,
        0.39516541825925616,
        0.4628492409375003,
        -0.2638237921886084,
        -0.05596470422012488,
        0.0606241978178054,
        0.12613723970184348,
        -0.27109701805834163
      ],
      [
        0.022622445406968554,
        0.07918335466756372,
        0.7055421900167127,
        0.5566391920218379,
        -0.16708360925242774,
        -0.07882608526077656,
        -0.34457663318052006,
        -0.04733648987517478,
        0.07665489310580362,
        0.30160338998528535,
        -0.11644709085979213,
        -0.03555033971796051,
        -0.5384558052160113,
        -0.04066648013622692,
        -0.2579736951190365,
        -0.13235985684151844
      ],
      [
        -0.21921519454189706,
        -0.005474557139336985,
        -0.3911554918573758,
        -0.3331810569007435,
        0.544810987537774,
        -0.3100418717349076,
        -0.25549980041529763,
        0.5140945545832587,
        0.7234110147285069,
        -0.2934379011271999,
        -0.0670358157724473,
        0.1398750964246639,
        0.4305408633200504,
        -0.24671426960705936,
        -0.05629319817162668,
        0.194334394015436
      ],
      [
        0.10869151861665466,
        0.013701674612251793,
        0.12275668690400712,
