{
  "layer_sizes": [
    32,
    16,
    3
  ],
  "learning_rate": 0.3,
  "seed": 42,
  "output_activation": "softmax",
  "weights": [
    [
      [
        0.07617926993860784,
        -0.2668643625828856,
        0.19558411423565994,
        0.2803558918271671,
        -0.46599224860266664,
        -0.3255448767155795,
        0.03196010079182134,
        -0.06068946853129996,
        0.026685382820415063,
        -0.20660102239115768,
        0.23664079835000576,
        0.2195089004827554,
        0.020791519779622437,
        0.2786679005247547,
        0.12857408582571164,
        -0.18724010635066346
      ],
      [
        0.09218769602062471,
        -0.24658898623001146,
        0.22758389061086376,
        0.03273323498280051,
        -0.024449042325522457,
        -0.17023238610098534,
        0.30563533466850756,
        -0.020261190962604952,
        -0.0761962833442895,
        -0.0813734281198201,
        0.1498686010226358,
        0.11642193271653788,
        0.10746699828831552,
        0.10456284953471716,
        0.5471086504803155,
        -0.07402074472600764
      ],
      [
        -0.12806068226788433,
        -0.20344318206196943,
        0.41785447212407706,
        0.5817922284578111,
        -0.37019777466613507,
        -0.210039119240632,
        -0.2061203039228099,
        -0.1030004618313753,
        0.6561465004062729,
        0.051313309531599474,
        -0.25938501574520473,
        0.09368688027531688,
        0.0581841752566989,
        0.05467214918225324,
        0.2970744734030663,
        0.046908462023188886
      ],
      [
        0.16972839076797372,
        0.01002643134946112,
        0.08025116495654169,
        0.20303676918899874,
        -0.34252240640312415,
        -0.07991780408932533,
        -0.11759316357319888,
        -0.14134828250623982,
        -0.037899890610183645,
        0.380395287310836,
        -0.19966647428901219,
        0.26713050527338855,
        -0.4164335975146329,
        -0.08686365871369724,
        0.05238501653895168,
        0.17413859220996564
      ],
      [
        0.17780664494821374,
        0.19146847277721957,
        -0.07920995277806374,
        -0.07037323543677806,
        0.23626051887508107,
        -0.04782608122040372,
        -0.31892158083448047,
        -0.26495062394627467,
        -0.19897739930391561,
        0.1309501455156783,
        0.05239773865194,
        0.19768225514246038,
        -0.10252931619481515,
        0.03649252155192504,
        0.16809434875453447,
        -0.0497536255599134
      ],
      [
        0.11419380938935286,
        -0.17234982128942455,
        -0.08279214635722229,
        -0.050219760770218544,
        -0.27719336283646745,
        0.12174312019639545,
        -0.11735058505068097,
        0.021494709236517452,
        0.15107233692296446,
        0.11829275350972332,
        0.18313758187749518,
        0.00043954549816242896,
        -0.10154073262172002,
        -0.02307195394385328,
        -0.4101368582268072,
        -0.33419510873562547
      ],
      [
        -0.3306749030886006,
        -0.2561800429231321,
        0.1079148719649048,
        -0.18115505111065158,
        -0.07277408994905474,
        0.32480707444651635,
        -0.08906599276535648,
        0.2027500716713673,
        -0.202518747805982,
        -0.04469942996467012,
        -0.22071420909334669,
        -0.05969735234962231,
        0.21436087975366733,
        -0.4349725070153407,
        0.12030266114916455,
        0.08701690995321572
      ],
      [
        -0.1485374889241986,
        -0.36838279961987536,
        0.02600369221251301,
        -0.08715846453658688,
        0.07993560139946869,
        0.00546303638086072,
        0.40044472283022886,
        -0.041467727313660475,
        -0.224988700958979,
        0.05147886824131642,
        0.07179047562723996,
        0.36485781043562754,
        0.21306165686796308,
        0.08607536357012381,
        0.37752247306759074,
        -0.2696077542105664
      ],
      [
        -0.15993788318743693,
        -0.23164398535138123,
        -0.09058904603496903,
        -0.5740178519075955,
        0.3024145707459347,
        -0.055555674274693344,
        -0.36770157362566447,
        -0.2538947703018854,
        0.07837846186254882,
        0.21040658993899236,
        0.7726593694155718,
        1.2040218435310441,
        0.1036023583189991,
        -0.26866672105268974,
        -0.5330115701828273,
        0.04386158327020529
      ],
      [
        -0.2032352738275815,
        -0.10383931504492133,
        -0.14616079501097903,
        -0.26504403662261455,
        0.4101218917392445,
        0.039262141861336156,
        -0.039658709259672076,
        -0.2589134382064529,
        -0.41867073617608924,
        -0.12070202930293564,
        0.26003100878804497,
        0.9175387054241831,
        0.03256863036822146,
        0.22440268671104066,
        -0.12482389963478802,
        -0.31930222392000984
      ],
      [
        -0.24127919055809297,
        -0.18817485215670005,
        0.5400887483928367,
        -0.16013195707673292,
        0.23138884949487884,
        -0.2257317945217566,
        0.23289325321856102,
        0.11460892108106138,
        -0.008273802218035352,
        -0.0035306720316211635,
        -0.14690561922304898,
        0.13657896699603847,
        -0.10946202469587658,
        -0.30954384215906555,
        -0.30778764331720454,
        0.07072998880067609
      ],
      [
        0.3947728141026087,
        0.03312956737059782,
        -0.02168826624342502,
        0.11667124762999945,
        0.34826698398749867,
        0.054845625340964085,
        -0.10273180770843429,
        0.2949433570695677,
        0.13807478181189062,
        0.390598957501235,
        0.06259991393977522,
        -0.28105634130460666,
        -0.33775595442209794,
        0.4095895818405589,
        0.44261318045852455,
        -0.01729679395050397
      ],
      [
        -0.09579683028399694,
        0.35849273703778883,
        -0.2687901052268264,
        -0.17846704200959299,
        0.1825982472330537,
        -0.0986512807148974,
        -0.001280466680017824,
        -0.022489545076532565,
        0.1152793093962207,
        0.3585304248306662,
        0.039437531359735066,
        0.1860456149447328,
        -0.5082591798684369,
        -0.015322001699783002,
        -0.1991108173105175,
        -0.27712025573576066
      ],
      [
        -0.2195380917321877,
        -0.09039919619796477,
        0.2369469508730489,
        -0.28638346670552733,
        0.029424421709397023,
        -0.12104235833339462,
        -0.08191827359049021,
        0.2690606358807465,
        0.16541453144746876,
        0.34100948636292294,
        -0.021835115178176417,
        -0.14892473629215744,
        -0.051680858830806434,
        0.05748179660055188,
        0.05584008987612804,
        -0.24351400868819545
      ],
      [
        0.022622445406968554,
        0.050188746511964547,
        0.6373398246675257,
        0.5144258655497815,
        -0.1915442890789124,
        -0.07184584038729402,
        -0.3658605004592508,
        -0.12930557393627595,
        0.10978692309407244,
        0.3081233647242954,
        -0.1654796548016035,
        -0.13847569339143082,
        -0.532538412045345,
        -0.04380888135348043,
        -0.2539068527021905,
        -0.10477684747137221
      ],
      [
        -0.21921519454189706,
        -0.03043397458590099,
        -0.4314607825551122,
        -0.32154659861838397,
        0.5540783265678675,
        -0.32185564531850774,
        -0.2741963946136599,
        0.477599561634924,
        0.7571524645065892,
        -0.2862316977040984,
        -0.07527093456270899,
        0.11044980436064568,
        0.4364582564907164,
        -0.24985667082431287,
        -0.04962271122282715,
        0.2219174033855821
      ],
      [
        0.10869151861665466,
        -0.10090735383028657,
        -0.02548442584496466,
