{
  "labels": [
    "General Dentistry",
    "Orthodontics",
    "Periodontics",
    "research"
  ],
  "feature_extractor": {
    "max_features": 32,
    "vocabulary": {
      "general": 8,
      "dentistry": 7,
      "health": 10,
      "broader": 3,
      "requires": 22,
      "studying": 27,
      "relationships": 20,
      "researchers": 24,
      "phenomena": 16,
      "solve": 25,
      "vocabulary": 30,
      "common": 5,
      "awareness": 1,
      "questions": 18,
      "general dentistry": 9,
      "broader domain": 4,
      "requires studying": 23,
      "studying definitions": 28,
      "relationships neighboring": 21,
      "phenomena design": 17,
      "solve practical": 26,
      "vocabulary foundational": 31,
      "common techniques": 6,
      "awareness open": 2,
      "questions contemporary": 19,
      "orthodontics": 14,
      "periodontics": 15,
      "3d": 0,
      "oral": 13,
      "using": 29,
      "intraoral": 11,
      "model": 12
    },
    "idf": [
      1.916290731874155,
      1.2231435513142097,
      1.2231435513142097,
      1.2231435513142097,
      1.2231435513142097,
      1.2231435513142097,
      1.2231435513142097,
      1.0,
      1.916290731874155,
      1.916290731874155,
      1.2231435513142097,
      1.916290731874155,
      1.916290731874155,
      1.916290731874155,
      1.916290731874155,
      1.916290731874155,
      1.2231435513142097,
      1.2231435513142097,
      1.2231435513142097,
      1.2231435513142097,
      1.2231435513142097,
      1.2231435513142097,
      1.2231435513142097,
      1.2231435513142097,
      1.2231435513142097,
      1.2231435513142097,
      1.2231435513142097,
      1.2231435513142097,
      1.2231435513142097,
      1.916290731874155,
      1.2231435513142097,
      1.2231435513142097
    ]
  },
  "scope": "dentistry",
  "grade": "preschool"
}