{
  "layer_sizes": [
    32,
    16,
    3
  ],
  "learning_rate": 0.3,
  "seed": 42,
  "output_activation": "softmax",
  "weights": [
    [
      [
        0.07617926993860784,
        -0.2629721617581283,
        0.21968849302361623,
        0.26556672988257896,
        -0.4788961177095407,
        -0.3255448767155795,
        0.03196010079182134,
        -0.057820588092272876,
        0.04123359856784008,
        -0.19953272643968561,
        0.23183568522518017,
        0.18889595540826656,
        0.01650767439030401,
        0.3184986932284371,
        0.1168773355630114,
        -0.21482311572080956
      ],
      [
        0.09218769602062471,
        -0.24269678540525444,
        0.2516882693988201,
        0.0179440730382123,
        -0.03735291143239673,
        -0.17023238610098534,
        0.30563533466850756,
        -0.01739231052357787,
        -0.061648067596864524,
        -0.07430513216834807,
        0.1450634878978102,
        0.08580898764204911,
        0.1031831528989971,
        0.1443936422383994,
        0.5354119002176153,
        -0.1016037540961539
      ],
      [
        -0.12806068226788433,
        -0.20641931725997414,
        0.18607054971587586,
        0.3126686239649985,
        -0.01962418495980035,
        -0.210039119240632,
        -0.2061203039228099,
        0.1838882569497979,
        0.23124743074477289,
        0.14951682253000814,
        -0.15439123531270055,
        0.05248830231770942,
        0.029171452285182056,
        0.09136054066868209,
        0.21785719448704746,
        0.05589888719367057
      ],
      [
        0.16972839076797372,
        0.013918632174218112,
        0.10435554374449811,
        0.1882476072444106,
        -0.3554262755099982,
        -0.07991780408932533,
        -0.11759316357319888,
        -0.13847940206721285,
        -0.023351674862758645,
        0.38746358326230834,
        -0.20447158741383778,
        0.2365175601988997,
        -0.4207174429039512,
        -0.04703286601001492,
        0.0406882662762514,
        0.14655558283981954
      ],
      [
        0.17780664494821374,
        0.1953606736019766,
        -0.05510557399010732,
        -0.08516239738136627,
        0.22335664976820696,
        -0.04782608122040372,
        -0.31892158083448047,
        -0.26208174350724744,
        -0.18442918355649052,
        0.13801844146715042,
        0.047592625527114345,
        0.16706931006797154,
        -0.10681316158413356,
        0.0763233142556074,
        0.15639759849183418,
        -0.0773366349300596
      ],
      [
        0.11419380938935286,
        -0.16845762046466753,
        -0.058687767569265886,
        -0.06500892271480675,
        -0.2900972319433415,
        0.12174312019639545,
        -0.11735058505068097,
        0.02436358967554452,
        0.16562055267038955,
        0.12536104946119536,
        0.1783324687526696,
        -0.030173399576326417,
        -0.10582457801103844,
        0.016758838759829052,
        -0.42183360848950746,
        -0.3617781181057718
      ],
      [
        -0.3306749030886006,
        -0.2522878420983749,
        0.13201925075286114,
        -0.1959442130552397,
        -0.085677959055929,
        0.32480707444651635,
        -0.08906599276535648,
        0.20561895211039424,
        -0.18797053205855696,
        -0.03763113401319816,
        -0.22551932221817228,
        -0.09031029742411109,
        0.21007703436434888,
        -0.3951417143116583,
        0.10860591088646433,
        0.05943390058306947
      ],
      [
        -0.1485374889241986,
        -0.3644905987951181,
        0.05010807100046942,
        -0.1019476264811751,
        0.06703173229259439,
        0.00546303638086072,
        0.40044472283022886,
        -0.0385988468746334,
        -0.21044048521155395,
        0.05854716419278838,
        0.06698536250241435,
        0.33424486536113857,
        0.20877781147864463,
        0.12590615627380616,
        0.36582572280489045,
        -0.2971907635807127
      ],
      [
        -0.15993788318743693,
        -0.23462012054938594,
        -0.06537675671693992,
        -0.3137459861043016,
        0.16765041615751958,
        -0.055555674274693344,
        -0.36770157362566447,
        -0.23265471030826276,
        0.1238123498064611,
        0.22325989742730468,
        0.5111689144324197,
        0.7229135880528621,
        0.1036023583189991,
        -0.2106961385215373,
        -0.5330115701828273,
        0.06692786558595895
      ],
      [
        -0.2032352738275815,
        -0.1068154502429261,
        -0.12094850569295003,
        -0.004772170819320786,
        0.2753577371508293,
        0.039262141861336156,
        -0.039658709259672076,
        -0.23767337821283038,
        -0.37323684823217707,
        -0.10784872181462339,
        -0.00145944619510711,
        0.43643044994600017,
        0.03256863036822146,
        0.28237326924219325,
        -0.12482389963478802,
        -0.29623594160425615
      ],
      [
        -0.24127919055809297,
        -0.1813065161339383,
        0.951155911367034,
        -0.557645794117845,
        0.47177375010997497,
        -0.2257317945217566,
        0.23289325321856102,
        0.5819355156936199,
        0.010511129145520973,
        0.300507757149275,
        -0.3299766680146754,
        0.06515514857688363,
        -0.113745870085195,
        -0.5026296574937575,
        -0.3194843935799048,
        0.04314697943052987
      ],
      [
        0.3947728141026087,
        0.03999790339335956,
        0.3893788967307728,
        -0.280842589411113,
        0.5886518846025949,
        0.054845625340964085,
        -0.10273180770843429,
        0.7622699516821262,
        0.1568597131754469,
        0.6946373866821315,
        -0.12047113485185114,
        -0.3524801597237615,
        -0.34203979981141625,
        0.216503766505867,
        0.43091643019582426,
        -0.04487980332065016
      ],
      [
        -0.09579683028399694,
        0.3475042618725221,
        -0.08430725607885994,
        -0.041128450030303486,
        0.21400777539577168,
        -0.0986512807148974,
        -0.001280466680017824,
        0.08657963533060788,
        0.3569969648632071,
        0.4342399980506853,
        0.09456337578227443,
        0.12767252762539139,
        -0.5125430252577556,
        0.2079507484360435,
        -0.21080756757321778,
        -0.304703265105907
      ],
      [
        -0.2195380917321877,
        -0.08650699537320779,
        0.2610513296610053,
        -0.3011726286501154,
        0.01652055260252278,
        -0.12104235833339462,
        -0.08191827359049021,
        0.27192951631977375,
        0.1799627471948938,
        0.3480777823143953,
        -0.026640228303002077,
        -0.17953768136664627,
        -0.05596470422012488,
        0.09731258930423424,
        0.04414333961342776,
        -0.27109701805834163
      ],
      [
        0.022622445406968554,
        0.05408094733672153,
        0.6614442034554817,
        0.49963670360519313,
        -0.20444815818578652,
        -0.07184584038729402,
        -0.3658605004592508,
        -0.12643669349724898,
        0.1243351388414974,
        0.31519166067576776,
        -0.1702847679264291,
        -0.16908863846591965,
        -0.5368222574346637,
        -0.003978088649798095,
        -0.2656036029648908,
        -0.13235985684151844
      ],
      [
        -0.21921519454189706,
        -0.026541773761144017,
        -0.4073564037671559,
        -0.33633576056297204,
        0.5411744574609926,
        -0.32185564531850774,
        -0.2741963946136599,
        0.48046844207395123,
        0.7717006802540137,
        -0.27916340175262605,
        -0.08007604768753464,
        0.07983685928615691,
        0.4321744111013981,
        -0.21002587812063062,
        -0.061319461485527436,
        0.194334394015436
      ],
      [
        0.10869151861665466,
        -0.09701515300552958,
        -0.0013800470570082643,
