{
  "layer_sizes": [
    32,
    16,
    3
  ],
  "learning_rate": 0.3,
  "seed": 42,
  "output_activation": "softmax",
  "weights": [
    [
      [
        0.07617926993860784,
        -0.24183854961815376,
        0.215973674871465,
        0.26702193851005673,
        -0.4666875447016002,
        -0.2959805755353529,
        0.03196010079182134,
        -0.044434162781570155,
        -0.004200289376072199,
        -0.19029431315875456,
        0.22260136962487548,
        0.2186874465652619,
        0.012757766474811446,
        0.2704512412452451,
        0.1168773355630114,
        -0.19968043023854057
      ],
      [
        0.09218769602062471,
        -0.2215631732652796,
        0.2479734512466688,
        0.019399281665690073,
        -0.025144338424456337,
        -0.14066808492075897,
        0.30563533466850756,
        -0.004005885212875136,
        -0.1070819555407768,
        -0.06506671888741701,
        0.13582917229750552,
        0.11560047879904438,
        0.09943324498350456,
        0.09634619025520753,
        0.5354119002176153,
        -0.08646106861388488
      ],
      [
        -0.12806068226788433,
        -0.1852857051199993,
        0.1823557315637246,
        0.3141238325924761,
        -0.007415611951859961,
        -0.18047481806040563,
        -0.2061203039228099,
        0.19727468226050077,
        0.18581354280086057,
        0.1587552358109392,
        -0.16362555091300524,
        0.08227979347470472,
        0.025421544369689488,
        0.04331308868549009,
        0.21785719448704746,
        0.07104157267593955
      ],
      [
        0.16972839076797372,
        0.035052244314192994,
        0.10064072559234662,
        0.18970281587188834,
        -0.3432177025020577,
        -0.05035350290909888,
        -0.11759316357319888,
        -0.12509297675651,
        -0.06878556280667093,
        0.39670199654323923,
        -0.21370590301414247,
        0.2663090513558949,
        -0.42446735081944387,
        -0.09508031799320686,
        0.0406882662762514,
        0.16169826832208853
      ],
      [
        0.17780664494821374,
        0.21649428574195143,
        -0.05882039214225881,
        -0.08370718875388854,
        0.23556522277614728,
        -0.018261780040177294,
        -0.31892158083448047,
        -0.24869531819654495,
        -0.22986307150040283,
        0.14725685474808145,
        0.038358309926809664,
        0.19686080122496688,
        -0.1105630694996261,
        0.028275862272415405,
        0.15639759849183418,
        -0.06219394944779057
      ],
      [
        0.11419380938935286,
        -0.1473240083246927,
        -0.06240258572141737,
        -0.06355371408732902,
        -0.277888658935401,
        0.15130742137662184,
        -0.11735058505068097,
        0.03775001498624726,
        0.12018666472647724,
        0.13459946274212647,
        0.1690981531523649,
        -0.00038190841933111175,
        -0.10957448592653098,
        -0.0312886132233629,
        -0.42183360848950746,
        -0.3466354326235029
      ],
      [
        -0.3306749030886006,
        -0.2311542299584003,
        0.12830443260070976,
        -0.19448900442776196,
        -0.07346938604798867,
        0.354371375626743,
        -0.08906599276535648,
        0.2190053774210971,
        -0.23340442000246925,
        -0.02839272073226712,
        -0.23475363781847697,
        -0.06051880626711584,
        0.20632712644885634,
        -0.4431891662948503,
        0.10860591088646433,
        0.07457658606533847
      ],
      [
        -0.1485374889241986,
        -0.3433569866551435,
        0.046393252848317953,
        -0.10049241785369738,
        0.07924030530053479,
        0.03502733756108716,
        0.40044472283022886,
        -0.02521242156393067,
        -0.25587437315546624,
        0.06778557747371945,
        0.057751046902109644,
        0.3640363565181339,
        0.2050279035631521,
        0.07785870429061419,
        0.36582572280489045,
        -0.2820480780984438
      ],
      [
        -0.15993788318743693,
        -0.2134865084094111,
        -0.06909157486909141,
        -0.312290777476824,
        0.1798589891654599,
        -0.02599137309446692,
        -0.36770157362566447,
        -0.2192682849975599,
        0.07837846186254882,
        0.23249831070823573,
        0.5019345988321148,
        0.7527050792098573,
        0.09985245040350656,
        -0.25874359050472917,
        -0.5330115701828273,
        0.08207055106822797
      ],
      [
        -0.2032352738275815,
        -0.08568183810295125,
        -0.12466332384510133,
        -0.003316962191843025,
        0.2875663101587698,
        0.06882644304156259,
        -0.039658709259672076,
        -0.2242869529021274,
        -0.41867073617608924,
        -0.09861030853369233,
        -0.010693761795411762,
        0.4662219411029955,
        0.028818722452728894,
        0.23432581725900126,
        -0.12482389963478802,
        -0.2810932561219872
      ],
      [
        -0.24127919055809297,
        -0.1631490391919682,
        0.5604783090286412,
        -0.1734659103938433,
        0.23069355339594505,
        -0.19616749334153022,
        0.23289325321856102,
        0.13086422683079124,
        -0.0391594744145226,
        0.012776037200781886,
        -0.16094504794817927,
        0.13575751307854503,
        -0.11749577800068754,
        -0.31776050143857515,
        -0.3194843935799048,
        0.0582896649127989
      ],
      [
        0.3947728141026087,
        0.36175000585777833,
        0.03406208329855147,
        -0.14804837805388105,
        0.6315307599518644,
        -0.24866486567754847,
        -0.10273180770843429,
        0.49917093605641566,
        0.10718910961540337,
        0.9204094533618105,
        0.1847726526458661,
        -0.30180124956551313,
        -0.34203979981141625,
        0.3358017380421949,
        0.43091643019582426,
        -0.04487980332065016
      ],
      [
        -0.09579683028399694,
        0.6871131755249698,
        -0.21303975568484992,
        -0.44318666769347337,
        0.4658620231974192,
        -0.40216177173340995,
        -0.001280466680017824,
        0.18173803391031532,
        0.08439363719973339,
        0.8883409206912417,
        0.16161027006582596,
        0.16530070668382627,
        -0.5125430252577556,
        -0.08910984549814692,
        -0.21080756757321778,
        -0.304703265105907
      ],
      [
        -0.2195380917321877,
        -0.06537338323323294,
        0.257336511508854,
        -0.2997174200226378,
        0.028729125610463157,
        -0.09147805715316816,
        -0.08191827359049021,
        0.28531594163047613,
        0.13452885925098151,
        0.3573161955953262,
        -0.035874543903306765,
        -0.14974619020965094,
        -0.059714612135617455,
        0.04926513732104225,
        0.04414333961342776,
        -0.2559543325760727
      ],
      [
        0.022622445406968554,
        0.07521455947669636,
        0.6577293853033301,
        0.5010919122326708,
        -0.19223958517784617,
        -0.04228153920706757,
        -0.3658605004592508,
        -0.11305026818654622,
        0.07890125089758512,
        0.32443007395669865,
        -0.1795190835267338,
        -0.1392971473089243,
        -0.5405721653501562,
        -0.052025540632990065,
        -0.2656036029648908,
        -0.11721717135924947
      ],
      [
        -0.21921519454189706,
        -0.005408161621169137,
        -0.41107122191930723,
        -0.33488055193549443,
        0.5533830304689336,
        -0.2922913441382811,
        -0.2741963946136599,
        0.4938548673846536,
        0.7262667923101017,
        -0.26992498847169516,
        -0.08931036328783924,
        0.10962835044315218,
        0.4284245031859054,
        -0.25807333010382244,
        -0.061319461485527436,
        0.209477079497705
      ],
      [
        0.10869151861665466,
        -0.07588154086555474,
        -0.005094865209159707,
