{
  "layer_sizes": [
    32,
    16,
    4
  ],
  "learning_rate": 0.3,
  "seed": 42,
  "output_activation": "softmax",
  "weights": [
    [
      [
        0.07004026807790423,
        -0.3302421550594569,
        0.2578806314941879,
        0.2909851934031526,
        -0.460272334342691,
        -0.3255448767155795,
        0.03196010079182134,
        -0.027468326300689204,
        0.04130989779855099,
        -0.2133470214207856,
        0.26578092861820496,
        0.1658437781665174,
        0.04405014790740167,
        0.2818103017420082,
        0.1451588464987638,
        -0.21482311572080956
      ],
      [
        0.09218769602062471,
        -0.2666179685723632,
        -0.14661675785790432,
        0.40237965977143325,
        0.0521193889664395,
        -0.17023238610098534,
        0.30563533466850756,
        -0.29632462383123387,
        0.08975158153292366,
        -0.16579153915006734,
        -0.08024991176586796,
        0.1349046319221614,
        0.247568221893133,
        0.10770525075197068,
        1.1051914748142522,
        -0.1016037540961539
      ],
      [
        -0.12806068226788433,
        -0.230340500427083,
        -0.21223447754084857,
        0.6971042106982198,
        0.06984811543903588,
        -0.210039119240632,
        -0.2061203039228099,
        -0.09504405635785802,
        0.3826470798745612,
        0.05803041554828881,
        -0.37970463497637874,
        0.10158394659782177,
        0.17355652127931792,
        0.05467214918225324,
        0.787636769083684,
        0.05589888719367057
      ],
      [
        0.1312566599364305,
        -0.22480661579091304,
        -0.1393185657787816,
        0.007310579405361092,
        -0.34612418524244576,
        -0.07991780408932533,
        -0.11759316357319888,
        -0.20776638777661086,
        -0.12699729309539817,
        0.6091470647828829,
        0.5415704211265143,
        0.2550709388358655,
        -0.4207174429039512,
        -0.08372125749644371,
        -0.08526420264101722,
        0.14655558283981954
      ],
      [
        0.1393349141166705,
        -0.043364574363154655,
        -0.29877968351338696,
        -0.26609942522041574,
        0.23265874003575943,
        -0.04782608122040372,
        -0.31892158083448047,
        -0.3313687292166454,
        -0.28807480178913014,
        0.3597019229877246,
        0.7936346340674665,
        0.18562268870493734,
        -0.10681316158413356,
        0.03963492276917856,
        0.03044512957456557,
        -0.0773366349300596
      ],
      [
        0.07572207855780962,
        -0.40718286842979884,
        -0.3023618770925455,
        -0.24594595055385626,
        -0.28079514167578906,
        0.12174312019639545,
        -0.11735058505068097,
        -0.04492339603385347,
        0.06197493443775,
        0.3470445309817696,
        0.9243744772930218,
        -0.011620020939360688,
        -0.10582457801103844,
        -0.019929552726599763,
        -0.547786077406776,
        -0.3617781181057718
      ],
      [
        -0.3368139049493042,
        -0.31955783539970345,
        0.17021138922343282,
        -0.17052574953466615,
        -0.06705417568907919,
        0.32480707444651635,
        -0.08906599276535648,
        0.23597121390197795,
        -0.1878942328278461,
        -0.05144542899429813,
        -0.19157407882514768,
        -0.11336247466586026,
        0.23761950788144645,
        -0.43183010579808717,
        0.13688742182221672,
        0.05943390058306947
      ],
      [
        -0.1485374889241986,
        -0.06296550245734248,
        0.03925503740636902,
        -0.2205557766452209,
        0.017932234403036613,
        0.00546303638086072,
        0.40044472283022886,
        -0.07809143842441124,
        -0.29876213681389807,
        0.07254735285485138,
        -0.04205743084491947,
        0.40429392590066215,
        0.20877781147864463,
        0.07405499257120329,
        0.39112180293702786,
        -0.2971907635807127
      ],
      [
        -0.16607688504814058,
        -0.30189011385071424,
        -0.02718461824636837,
        -0.288327522583728,
        0.18627419952436947,
        -0.055555674274693344,
        -0.36770157362566447,
        -0.202302448516679,
        0.12388864903717205,
        0.2094456024462047,
        0.5451141578254441,
        0.6998614108111129,
        0.1311448318360968,
        -0.24738453000796604,
        -0.5047300592470745,
        0.06692786558595895
      ],
      [
        -0.2032352738275815,
        0.3937422868546973,
        -0.11765309896844924,
        -0.1821687205695469,
        0.199433693637512,
        0.039262141861336156,
        -0.039658709259672076,
        -0.28933432413337823,
        -0.49015034227347565,
        -0.07536290374204553,
        -0.17520664076768142,
        0.5494775318792255,
        0.03256863036822146,
        0.22041359072880767,
        -0.08266376608122572,
        -0.29623594160425615
      ],
      [
        -0.24127919055809297,
        -0.3529243528809508,
        1.5502977343312476,
        -0.11973457172068612,
        0.26537397319451983,
        -0.2257317945217566,
        0.23289325321856102,
        0.725294287407069,
        0.10742072896483734,
        -0.16838340716344735,
        -0.4205560417202222,
        -0.12428297827136635,
        -0.08552851092772208,
        -0.30640144094181204,
        -0.5860776913996824,
        0.04314697943052987
      ],
      [
        0.38975377782178333,
        0.08643057914084906,
        0.03517221899149886,
        0.08643445008526536,
        0.33497425913456497,
        0.054845625340964085,
        -0.10273180770843429,
        0.3124023290675905,
        0.12947626019842542,
        0.3935152233386358,
        0.04959512622707606,
        -0.30706491907140143,
        -0.31952202298341886,
        0.4074569406842074,
        0.46283878120907324,
        -0.04487980332065016
      ],
      [
        -0.1008158665648223,
        0.35986200446223554,
        -0.2156212415405711,
        -0.19336472670251956,
        0.17630460273300685,
        -0.0986512807148974,
        -0.001280466680017824,
        -0.001855597024936607,
        0.1141409925323216,
        0.35662340652254604,
        0.04331546403726578,
        0.1488179615234706,
        -0.4900252484297578,
        -0.014817121669331985,
        -0.18328539789490939,
        -0.304703265105907
      ],
      [
        -0.2195380917321877,
        0.5135670621043393,
        0.2714209565448065,
        -0.5079633781934318,
        -0.07281576372267438,
        -0.12104235833339462,
        -0.08191827359049021,
        0.21418439321384067,
        0.04875333193411782,
        0.3898064150922307,
        -0.23273962348819663,
        -0.044991588736569825,
        -0.05596470422012488,
        0.03029865338545732,
        0.09473549987770244,
        -0.27109701805834163
      ],
      [
        0.022622445406968554,
        0.6541550048142685,
        0.6718138303392835,
        0.2928459540618769,
        -0.2937844745109837,
        -0.07184584038729402,
        -0.3658605004592508,
        -0.18418181660318197,
        -0.0068742764192785645,
        0.35692029345360315,
        -0.37638416311162376,
        -0.0345425458358432,
        -0.5368222574346637,
        -0.070992024568575,
        -0.21501144270061603,
        -0.13235985684151844
      ],
      [
        -0.22423423082272242,
        -0.04310084370259808,
        -0.5694055777167217,
        -0.11995253150272298,
        0.5990999539193839,
        -0.32185564531850774,
        -0.2741963946136599,
        0.36375900170723907,
        0.8587300528024432,
        -0.3287161452272321,
        -0.18271598884424392,
        0.09594501605941444,
        0.5300383066537316,
        -0.24935179079386185,
        0.2635373271623071,
        0.194334394015436
      ],
      [
        0.10367248233582929,
        -0.09953808640584011,
        0.027684437841290623,
        -0.31340692405605886,
