{
  "labels": [
    "Arrow Functions",
    "Async/Await",
    "Callbacks",
    "research"
  ],
  "feature_extractor": {
    "max_features": 32,
    "vocabulary": {
      "arrow": 1,
      "functions": 15,
      "javascript": 16,
      "code": 11,
      "requires": 21,
      "methods": 18,
      "researchers": 23,
      "phenomena": 19,
      "practical": 20,
      "vocabulary": 30,
      "common": 12,
      "techniques": 29,
      "academic": 0,
      "settings": 27,
      "arrow functions": 2,
      "science broader": 25,
      "broader domain": 8,
      "requires studying": 22,
      "researchers practitioners": 24,
      "solve practical": 28,
      "vocabulary foundational": 31,
      "awareness open": 6,
      "callbacks": 10,
      "async": 3,
      "await": 5,
      "async await": 4,
      "fingerprinting": 13,
      "function": 14,
      "level": 17,
      "bytecode": 9,
      "script": 26,
      "based": 7
    },
    "idf": [
      1.2231435513142097,
      1.916290731874155,
      1.916290731874155,
      1.916290731874155,
      1.916290731874155,
      1.916290731874155,
      1.2231435513142097,
      1.916290731874155,
      1.2231435513142097,
      1.916290731874155,
      1.916290731874155,
      1.0,
      1.0,
      1.916290731874155,
      1.916290731874155,
      1.0,
      1.0,
      1.916290731874155,
      1.0,
      1.2231435513142097,
      1.0,
      1.0,
      1.2231435513142097,
      1.2231435513142097,
      1.2231435513142097,
      1.2231435513142097,
      1.916290731874155,
      1.2231435513142097,
      1.2231435513142097,
      1.0,
      1.2231435513142097,
      1.2231435513142097
    ]
  },
  "scope": "javascript_functions",
  "grade": "preschool"
}