{
  "layer_sizes": [
    32,
    16,
    4
  ],
  "learning_rate": 0.3,
  "seed": 42,
  "output_activation": "softmax",
  "weights": [
    [
      [
        0.07617926993860784,
        -0.3269042272562431,
        0.19336693060960697,
        0.3102820061045854,
        -0.39834103188784376,
        -0.3255448767155795,
        0.03196010079182134,
        -0.07546567318796851,
        0.04167472616103348,
        -0.1852051735483447,
        0.2845961758757163,
        0.19098775540520904,
        0.056027814680468344,
        0.2818103017420082,
        0.10551384059871423,
        -0.21482311572080956
      ],
      [
        0.09218769602062471,
        -0.30662885090336894,
        0.2253667069848108,
        0.06265934926021886,
        0.04320217438930042,
        -0.17023238610098534,
        0.30563533466850756,
        -0.035037395619273534,
        -0.06120694000367114,
        -0.05997757927700714,
        0.19782397854834638,
        0.08790078763899145,
        0.1427032931891615,
        0.10770525075197068,
        0.5240484052533186,
        -0.1016037540961539
      ],
      [
        -0.12806068226788433,
        -0.27906852981995384,
        -0.2646173855570838,
        0.7674416472054262,
        -0.11810095109942069,
        -0.210039119240632,
        -0.2061203039228099,
        -0.22327906470038072,
        0.06812485226052768,
        0.5342755892942221,
        -0.2204626320913453,
        0.34277466493805664,
        0.029171452285182056,
        0.05467214918225324,
        0.579899872969125,
        0.05589888719367057
      ],
      [
        0.16972839076797372,
        -0.05873058038576135,
        -0.3463323915284618,
        0.6430206304848386,
        -0.4539030416496185,
        -0.07991780408932533,
        -0.11759316357319888,
        -0.5456467237173914,
        -0.18647425334700377,
        0.7722223500265225,
        -0.27054298419248235,
        0.5268039228192469,
        -0.4207174429039512,
        -0.08372125749644371,
        0.4027309447583291,
        0.14655558283981954
      ],
      [
        0.17780664494821374,
        0.22572143705431816,
        -0.07166839092646424,
        -0.09882604326914576,
        0.26296222022807275,
        -0.04782608122040372,
        -0.31892158083448047,
        -0.25411798277444864,
        -0.2063165561023632,
        0.14069243379752638,
        0.06619084634485004,
        0.18227527355231887,
        -0.09027035096474581,
        0.03963492276917856,
        0.18608976087554865,
        -0.0773366349300596
      ],
      [
        0.11419380938935286,
        -0.23238968596278192,
        -0.08500932998327522,
        -0.0202936464928002,
        -0.20954214612164437,
        0.12174312019639545,
        -0.11735058505068097,
        0.0067185045798488765,
        0.16606168026358295,
        0.1396886023525363,
        0.23109295940320576,
        -0.02808159957938401,
        -0.06630443772087417,
        -0.019929552726599763,
        -0.43319710345380474,
        -0.3617781181057718
      ],
      [
        -0.3306749030886006,
        -0.3162199075964896,
        0.10569768833885188,
        -0.15122893683323305,
        -0.005122873234231894,
        0.32480707444651635,
        -0.08906599276535648,
        0.1879738670146987,
        -0.18752940446536354,
        -0.02330358112185725,
        -0.1727588315676361,
        -0.08821849742716875,
        0.24959717465451325,
        -0.43183010579808717,
        0.09724241592216716,
        0.05943390058306947
      ],
      [
        -0.1485374889241986,
        0.11039014130587627,
        0.08016904747718767,
        -0.38917900513652326,
        -0.08346379770789984,
        0.00546303638086072,
        0.40044472283022886,
        0.0911534575135523,
        -0.3361246954895551,
        0.007248799244494364,
        -0.07348951887597192,
        0.41155948207438176,
        0.11813250572381279,
        0.08921776478737733,
        0.5899315017482014,
        -0.2971907635807127
      ],
      [
        -0.15993788318743693,
        -0.29855218604750045,
        -0.09169831913094927,
        -0.2690307098822952,
        0.24820550197921656,
        -0.055555674274693344,
        -0.36770157362566447,
        -0.2502997954039585,
        0.12425347739965448,
        0.2375874503186456,
        0.5639294050829556,
        0.725005388049804,
        0.14312249860916348,
        -0.24738453000796604,
        -0.544375065147124,
        0.06692786558595895
      ],
      [
        -0.2032352738275815,
        -0.1707475157410404,
        -0.14727006810695936,
        0.03994310540268577,
        0.35591282297252624,
        0.039262141861336156,
        -0.039658709259672076,
        -0.25531846330852603,
        -0.37279572063898364,
        -0.09352116892328245,
        0.05130104445542907,
        0.43852224994294253,
        0.07208877065838575,
        0.2456848777557644,
        -0.13618739459908524,
        -0.29623594160425615
      ],
      [
        -0.24127919055809297,
        -0.2482147168300574,
        0.5378715647667842,
        -0.13020584279931438,
        0.2990400662097016,
        -0.2257317945217566,
        0.23289325321856102,
        0.09983271642439281,
        0.00671554112258307,
        0.017865176811191756,
        -0.09895024169733847,
        0.108057821918492,
        -0.07422572979503074,
        -0.30640144094181204,
        -0.3308478885442021,
        0.04314697943052987
      ],
      [
        0.3947728141026087,
        -0.026910297302759546,
        -0.023905449869477922,
        0.14659736190741776,
        0.41591820070232155,
        0.054845625340964085,
        -0.10273180770843429,
        0.2801671524128991,
        0.15306412515250906,
        0.4119948063440484,
        0.1105552914654857,
        -0.30957748638215327,
        -0.302519659521252,
        0.4127319830578124,
        0.419552935231527,
        -0.04487980332065016
      ],
      [
        -0.09579683028399694,
        0.29845287236443135,
        -0.27100728885287917,
        -0.14854092773217445,
        0.25024946394787656,
        -0.0986512807148974,
        -0.001280466680017824,
        -0.03726574973320114,
        0.13026865273683905,
        0.3799262736734796,
        0.08739290888544554,
        0.15752446986718643,
        -0.47302288496759115,
        -0.012179600482529487,
        -0.222171062537515,
        -0.304703265105907
      ],
      [
        -0.2195380917321877,
        -0.15043906087132208,
        0.23472976724699593,
        -0.256457352428109,
        0.09707563842421991,
        -0.12104235833339462,
        -0.08191827359049021,
        0.25428443122407796,
        0.18040387478808723,
        0.3624053352057363,
        0.02612026234753405,
        -0.1774458813697038,
        -0.016444563929960552,
        0.0606241978178054,
        0.03277984464913056,
        -0.27109701805834163
      ],
      [
        0.022622445406968554,
        -0.009851118161392816,
        0.6351226410414732,
        0.5443519798271998,
        -0.12389307236408954,
        -0.07184584038729402,
        -0.3658605004592508,
        -0.14408177859294455,
        0.12477626643469078,
        0.3295192135671088,
        -0.11752427727589294,
        -0.16699683846897717,
        -0.4973021171444995,
        -0.04066648013622692,
        -0.27696709792918806,
        -0.13235985684151844
      ],
      [
        -0.21921519454189706,
        -0.35700554582464045,
        -0.6564754887123118,
        -0.7762376968839196,
        1.2727637199001114,
        -0.32185564531850774,
        -0.2741963946136599,
        0.41513315884050367,
        0.8528585265169407,
        -0.29192604498632846,
        0.5919798888984104,
        0.05637619107875128,
        0.5978131697000182,
        -0.24671426960705936,
        -0.05973408702040299,
        0.194334394015436
      ],
      [
        0.10869151861665466,
        -0.06665438955318807,
        -0.017942863993365102,
