{
  "labels": [
    "Application Security",
    "Cryptography",
    "Network Security",
    "research"
  ],
  "feature_extractor": {
    "max_features": 32,
    "vocabulary": {
      "network": 18,
      "security": 27,
      "cybersecurity": 16,
      "computer": 10,
      "science": 25,
      "understanding": 29,
      "relationships": 23,
      "problems": 21,
      "vocabulary": 30,
      "common": 8,
      "awareness": 5,
      "contemporary": 13,
      "applications": 4,
      "academic": 0,
      "settings": 28,
      "network security": 19,
      "concept cybersecurity": 12,
      "computer science": 11,
      "science broader": 26,
      "broader domain": 6,
      "principles methods": 20,
      "vocabulary foundational": 31,
      "common techniques": 9,
      "questions contemporary": 22,
      "contemporary applications": 14,
      "academic professional": 1,
      "application": 2,
      "application security": 3,
      "cryptography": 15,
      "ensemble": 17,
      "robustness": 24,
      "classifiers": 7
    },
    "idf": [
      1.2231435513142097,
      1.2231435513142097,
      1.916290731874155,
      1.916290731874155,
      1.0,
      1.2231435513142097,
      1.2231435513142097,
      1.916290731874155,
      1.2231435513142097,
      1.2231435513142097,
      1.2231435513142097,
      1.2231435513142097,
      1.2231435513142097,
      1.2231435513142097,
      1.2231435513142097,
      1.916290731874155,
      1.0,
      1.916290731874155,
      1.916290731874155,
      1.916290731874155,
      1.2231435513142097,
      1.2231435513142097,
      1.2231435513142097,
      1.2231435513142097,
      1.916290731874155,
      1.2231435513142097,
      1.2231435513142097,
      1.2231435513142097,
      1.0,
      1.2231435513142097,
      1.2231435513142097,
      1.2231435513142097
    ]
  },
  "scope": "cybersecurity",
  "grade": "preschool"
}