{
  "layer_sizes": [
    32,
    16,
    4
  ],
  "learning_rate": 0.3,
  "seed": 42,
  "output_activation": "softmax",
  "weights": [
    [
      [
        0.07318614943826948,
        -0.17767052179960058,
        0.23336496698738968,
        0.1757551432238161,
        -0.5756414087866,
        -0.3255448767155795,
        0.03196010079182134,
        0.05369276703102917,
        -0.05479064108590152,
        -0.23007241940782122,
        0.15490910347694095,
        0.24738341432748218,
        0.005634898137268851,
        0.2192975536105347,
        0.13586690487426617,
        -0.21482311572080956
      ],
      [
        0.13998437165526134,
        -0.23096987422971088,
        0.2642097240313462,
        0.06352535166408702,
        0.08506232640994132,
        -0.19715819210013039,
        0.30563533466850756,
        -0.09454514674754938,
        -0.0646411403927647,
        -0.06583766415542412,
        0.22490236663555588,
        0.08832567631031468,
        0.12913369668360078,
        0.15607219174644352,
        0.5815877771158159,
        -0.1016037540961539
      ],
      [
        -0.0802640066332476,
        -0.19469240608443059,
        0.19859200434840202,
        0.3582499025908731,
        0.10279105288253769,
        -0.23696492523977705,
        -0.2061203039228099,
        0.1067354207258264,
        0.22825435794887267,
        0.157984290542932,
        -0.07455235657495489,
        0.055004990985974986,
        0.055121996069785816,
        0.10303909017672616,
        0.264033071385248,
        0.05589888719367057
      ],
      [
        0.21752506640261038,
        0.025645543349761647,
        0.11687699837702416,
        0.2338288858702853,
        -0.23301103766766007,
        -0.1068436100884704,
        -0.11759316357319888,
        -0.21563223829118436,
        -0.026344747658658827,
        0.3959310512752323,
        -0.12463270867609211,
        0.2390342488671652,
        -0.39476689911934726,
        -0.035354316501970795,
        0.08686414317445179,
        0.14655558283981954
      ],
      [
        0.22560332058285043,
        0.20708758477752015,
        -0.042584119357581274,
        -0.03958111875549157,
        0.34577188761054495,
        -0.07475188721954878,
        -0.31892158083448047,
        -0.3392345797312191,
        -0.18742225635239074,
        0.14648590948007428,
        0.12743150426485997,
        0.16958599873623706,
        -0.08086261779952988,
        0.08800186376365148,
        0.20257347539003465,
        -0.0773366349300596
      ],
      [
        0.16199048502398955,
        -0.15673070928912397,
        -0.04616631293673984,
        -0.019427644088932078,
        -0.16768199410100337,
        0.09481731419725037,
        -0.11735058505068097,
        -0.05278924654842698,
        0.16262747987448933,
        0.13382851747411934,
        0.2581713474904153,
        -0.02765671090806085,
        -0.07987403422643476,
        0.02843738826787313,
        -0.37565773159130694,
        -0.3617781181057718
      ],
      [
        -0.2828782274539639,
        -0.2405609309228316,
        0.1445407053853873,
        -0.15036293442936502,
        0.03673727878640907,
        0.29788126844737123,
        -0.08906599276535648,
        0.12846611588642276,
        -0.19096360485445715,
        -0.029163666000274223,
        -0.1456804434804266,
        -0.08779360875584552,
        0.2360275781489526,
        -0.3834631648036144,
        0.15478178778466478,
        0.05943390058306947
      ],
      [
        -0.15153060942453692,
        -0.27918895883659034,
        0.06378454496424267,
        -0.19175921313993796,
        -0.0297135587844648,
        0.00546303638086072,
        0.40044472283022886,
        0.07291450824866863,
        -0.3064647248652956,
        0.028007471224652792,
        -0.009941219245824855,
        0.39273232428035415,
        0.19790503522560948,
        0.026705016655903885,
        0.3848152921161454,
        -0.2971907635807127
      ],
      [
        -0.16592412418811364,
        -0.06699297583033452,
        -0.005948114717391412,
        -0.4629436086370519,
        -0.016977486542680477,
        -0.055555674274693344,
        -0.36770157362566447,
        0.011612059931964047,
        -0.022802241557109807,
        0.1759087669447428,
        0.36930194244541426,
        0.8343364774423224,
        0.08185680581292878,
        -0.37241002627091296,
        -0.49503243156031757,
        0.06692786558595895
      ],
      [
        -0.1554385981929448,
        -0.09508853906738254,
        -0.10842705106042393,
        0.040809107806553904,
        0.39777297499316744,
        0.012336335862191086,
        -0.039658709259672076,
        -0.31482621443680187,
        -0.376229921028077,
        -0.09938125380169945,
        0.07837943254263852,
        0.43894713861426576,
        0.05851917415282524,
        0.29405181875023717,
        -0.07864802273658766,
        -0.29623594160425615
      ],
      [
        -0.1934825149234563,
        -0.17255574015639946,
        0.5767145818133194,
        -0.12933984039544635,
        0.3409002182303428,
        -0.25265760052090164,
        0.23289325321856102,
        0.04032496529611696,
        0.003281340733489492,
        0.012005091932774763,
        -0.07187185361012892,
        0.10848271058981523,
        -0.08779532630059132,
        -0.2580344999473393,
        -0.2733085166817043,
        0.04314697943052987
      ],
      [
        0.3486200353693598,
        0.2574552608562613,
        -0.29716672937982525,
        0.1294508456878563,
        0.4024137277439252,
        0.054845625340964085,
        -0.10273180770843429,
        0.05723184472411249,
        0.10718910961540337,
        0.5631589878310969,
        -0.09344314493590064,
        -0.3149060750750744,
        -0.34203979981141625,
        0.8588885938779104,
        0.7313731368551394,
        -0.04487980332065016
      ],
      [
        -0.14194960901724618,
        0.5828184305234523,
        -0.5442685683632262,
        -0.16568744395173596,
        0.2367449909894801,
        -0.0986512807148974,
        -0.001280466680017824,
        -0.26020105742198785,
        0.08439363719973339,
        0.5310904551605279,
        -0.1166055275159408,
        0.15219588117426514,
        -0.5125430252577556,
        0.4339770103375683,
        0.08964913908609723,
        -0.304703265105907
      ],
      [
        -0.22851745323320274,
        0.16344565410636697,
        0.36623213969632923,
        -0.5097562870568534,
        -0.2559899617208179,
        -0.12104235833339462,
        -0.08191827359049021,
        0.6489497016769252,
        -0.01724219587850641,
        0.28391521431740724,
        -0.2334475905287735,
        -0.015179361506940735,
        -0.08858303297923038,
        -0.12691404657661498,
        0.10111204754719208,
        -0.27109701805834163
      ],
      [
        0.018631618073184086,
        0.16682442221542412,
        0.6903714000978473,
        0.390029771655101,
        -0.3304876531372261,
        -0.07184584038729402,
        -0.3658605004592508,
        0.02932779999836129,
        0.01144744861781271,
        0.27904815520282333,
        -0.2688581464209237,
        -0.09295603605662242,
        -0.5513192924387106,
        -0.12401681097819157,
        -0.24028417721655126,
        -0.13235985684151844
      ],
      [
        -0.18065892513585677,
        -0.0020910179361210814,
        -0.395012546773124,
        -0.31495078030757917,
        0.6243531465834223,
        -0.3438692560432789,
        -0.2741963946136599,
        0.43660810354589,
        0.7521648915621286,
        -0.27766950072741,
        -0.02828542395405501,
        0.09211526644370278,
        0.45149939249511223,
        -0.2180450411799012,
        -0.020264474755897016,
        0.194334394015436
      ],
      [
        0.1047006912828702,
        0.01572832187317301,
        0.02754714958535677,
