{
  "labels": [
    "Dynamic Programming",
    "Searching",
    "Sorting",
    "research"
  ],
  "feature_extractor": {
    "max_features": 32,
    "vocabulary": {
      "sorting": 28,
      "python": 26,
      "algorithms": 3,
      "definitions": 9,
      "methods": 20,
      "analysis": 5,
      "includes": 15,
      "vocabulary": 30,
      "models": 22,
      "techniques": 29,
      "academic": 1,
      "algorithms code": 4,
      "definitions historical": 10,
      "analysis relationships": 6,
      "vocabulary foundational": 31,
      "academic professional": 2,
      "searching": 27,
      "dynamic": 11,
      "programming": 25,
      "dynamic programming": 12,
      "potential": 24,
      "field": 13,
      "pfss": 23,
      "model": 21,
      "approach": 7,
      "coronal": 8,
      "magnetic": 18,
      "force": 14,
      "3d": 0,
      "loops": 17,
      "loop": 16,
      "magnetic field": 19
    },
    "idf": [
      1.916290731874155,
      1.2231435513142097,
      1.2231435513142097,
      1.2231435513142097,
      1.2231435513142097,
      1.2231435513142097,
      1.2231435513142097,
      1.916290731874155,
      1.916290731874155,
      1.2231435513142097,
      1.2231435513142097,
      1.916290731874155,
      1.916290731874155,
      1.916290731874155,
      1.916290731874155,
      1.0,
      1.916290731874155,
      1.916290731874155,
      1.916290731874155,
      1.916290731874155,
      1.0,
      1.916290731874155,
      1.0,
      1.916290731874155,
      1.916290731874155,
      1.916290731874155,
      1.0,
      1.916290731874155,
      1.916290731874155,
      1.0,
      1.2231435513142097,
      1.2231435513142097
    ]
  },
  "scope": "python_algorithms",
  "grade": "preschool"
}