{
  "labels": [
    "Comedy",
    "Tragedy",
    "Tragicomedy",
    "literature"
  ],
  "feature_extractor": {
    "max_features": 32,
    "vocabulary": {
      "tragedy": 30,
      "core": 16,
      "literary": 26,
      "arts": 4,
      "broader": 8,
      "creative": 18,
      "expression": 25,
      "definitions": 20,
      "development": 24,
      "design": 22,
      "common": 12,
      "awareness": 6,
      "contemporary": 14,
      "applications": 2,
      "academic": 0,
      "core concept": 17,
      "arts broader": 5,
      "broader domain": 9,
      "creative expression": 19,
      "definitions historical": 21,
      "analysis relationships": 1,
      "design experiments": 23,
      "common techniques": 13,
      "awareness open": 7,
      "contemporary applications": 15,
      "applications academic": 3,
      "comedy": 11,
      "tragicomedy": 31,
      "robot": 27,
      "storytelling": 29,
      "children": 10,
      "robot storytelling": 28
    },
    "idf": [
      1.2231435513142097,
      1.2231435513142097,
      1.2231435513142097,
      1.2231435513142097,
      1.2231435513142097,
      1.2231435513142097,
      1.2231435513142097,
      1.2231435513142097,
      1.2231435513142097,
      1.2231435513142097,
      1.916290731874155,
      1.916290731874155,
      1.2231435513142097,
      1.2231435513142097,
      1.2231435513142097,
      1.2231435513142097,
      1.2231435513142097,
      1.2231435513142097,
      1.0,
      1.0,
      1.2231435513142097,
      1.2231435513142097,
      1.2231435513142097,
      1.2231435513142097,
      1.2231435513142097,
      1.0,
      1.2231435513142097,
      1.916290731874155,
      1.916290731874155,
      1.916290731874155,
      1.916290731874155,
      1.916290731874155
    ]
  },
  "scope": "drama",
  "grade": "preschool"
}