{
  "layer_sizes": [
    32,
    16,
    3
  ],
  "learning_rate": 0.3,
  "seed": 42,
  "output_activation": "softmax",
  "weights": [
    [
      [
        0.07617926993860784,
        -0.2599960265601239,
        0.23636474104609656,
        0.26202353048620936,
        -0.48701835780340497,
        -0.31188063210892963,
        0.03196010079182134,
        -0.04334437524451068,
        0.06796641073077005,
        -0.19619364891435734,
        0.2214797366242043,
        0.19542467601434194,
        0.023428882426741626,
        0.2977564327641288,
        0.13961963025969198,
        -0.21672790632112135
      ],
      [
        0.09218769602062471,
        -0.23972065020724972,
        0.26836451742130035,
        0.014400873641842593,
        -0.045475151526260804,
        -0.1565681414943353,
        0.30563533466850756,
        -0.0029160976758156854,
        -0.034915255433934596,
        -0.07096605464301972,
        0.13470753929683435,
        0.09233770824812447,
        0.11010436093543473,
        0.12365138177409128,
        0.5581541949142957,
        -0.1035085446964657
      ],
      [
        -0.12806068226788433,
        -0.20344318206196943,
        0.49453642921032537,
        -0.47361030457094566,
        0.3224184553442018,
        -0.4950456718862017,
        -0.2061203039228099,
        1.0354197122889037,
        0.21887230152856701,
        0.49404393988437745,
        -0.3729450933762764,
        0.11144824393251078,
        0.029171452285182056,
        -0.08032550256797938,
        0.4901119031817644,
        0.05589888719367057
      ],
      [
        0.16972839076797372,
        0.016894767372222865,
        0.12103179176697829,
        0.184704407848041,
        -0.3635485156038625,
        -0.06625355948267532,
        -0.11759316357319888,
        -0.12400318921945062,
        0.0033811373001712782,
        0.39080266078763676,
        -0.21482753601481364,
        0.24304628080497506,
        -0.4137962348675136,
        -0.06777512647432311,
        0.06343056097293204,
        0.14465079223950775
      ],
      [
        0.17780664494821374,
        0.1983368087999813,
        -0.03842932596762714,
        -0.08870559677773593,
        0.21523440967434285,
        -0.034161836613753715,
        -0.31892158083448047,
        -0.24760553065948518,
        -0.15769637139356063,
        0.14135751899247867,
        0.0372366769261385,
        0.17359803067404692,
        -0.09989195354769594,
        0.05558105379129919,
        0.17913989318851475,
        -0.0792414255303714
      ],
      [
        0.11419380938935286,
        -0.16548148526666281,
        -0.0420115195467857,
        -0.06855212211117641,
        -0.2982194720372058,
        0.1354073648030455,
        -0.11735058505068097,
        0.03883980252330671,
        0.19235336483331944,
        0.12870012698652378,
        0.16797652015169373,
        -0.02364467897025103,
        -0.09890336997460081,
        -0.003983421704479139,
        -0.399091313792827,
        -0.3636829087060836
      ],
      [
        -0.3306749030886006,
        -0.24931170690037044,
        0.14869549877534138,
        -0.19948741245160928,
        -0.093800199149793,
        0.33847131905316624,
        -0.08906599276535648,
        0.2200951649581565,
        -0.16123771989562702,
        -0.034292056487869864,
        -0.23587527081914814,
        -0.08378157681803573,
        0.21699824240078644,
        -0.4158839747759666,
        0.13134820558314492,
        0.057529109982757676
      ],
      [
        -0.1485374889241986,
        -0.36151446359711364,
        -0.10653586782161002,
        -0.1123150215425186,
        0.19247968886495095,
        0.268489814291365,
        0.40044472283022886,
        -0.02587332217433113,
        -0.29243892925425397,
        0.07888370128963502,
        0.15704250183527044,
        0.25298446056012297,
        0.2156990195150822,
        0.36855545561647135,
        0.37978677185936244,
        -0.2990955541810245
      ],
      [
        -0.15993788318743693,
        -0.23164398535138123,
        -0.048700508694459736,
        -0.31728918550067137,
        0.15952817606365546,
        -0.04189142966804334,
        -0.36770157362566447,
        -0.2181784974605005,
        0.15054516196939105,
        0.22659897495263295,
        0.5008129658314439,
        0.7294423086589371,
        0.11052356635543673,
        -0.23143839898584537,
        -0.5102692754861469,
        0.06502307498564715
      ],
      [
        -0.2032352738275815,
        -0.10383931504492133,
        -0.10427225767046974,
        -0.008315370215690494,
        0.26723549705696503,
        0.05292638646798616,
        -0.039658709259672076,
        -0.22319716536506795,
        -0.34650403606924696,
        -0.10450964428929505,
        -0.011815394796082929,
        0.4429591705520756,
        0.03948983840465908,
        0.2616310087778849,
        -0.10208160493810743,
        -0.29814073220456794
      ],
      [
        -0.24127919055809297,
        -0.1813065161339383,
        0.5808693752032734,
        -0.17846431841769061,
        0.21036274029414062,
        -0.21206754991510654,
        0.23289325321856102,
        0.1319540143678506,
        0.033007225692319626,
        0.006876701445179166,
        -0.16206668094885043,
        0.11249474252762502,
        -0.10682466204875737,
        -0.2904553099196915,
        -0.29674209888322434,
        0.041242188830218074
      ],
      [
        0.3947728141026087,
        0.03999790339335956,
        0.019092360567011628,
        0.09833888628904158,
        0.32724087478676034,
        0.06850986994761411,
        -0.10273180770843429,
        0.3122884503563572,
        0.17935580972224557,
        0.4010063309780358,
        0.047438852213973724,
        -0.3051405657730202,
        -0.33511859177497866,
        0.42867811407993295,
        0.45365872489250475,
        -0.04678459392096196
      ],
      [
        -0.09579683028399694,
        0.36536107306055055,
        -0.22800947841638983,
        -0.19679940335055068,
        0.1615721380323155,
        -0.08498703610824739,
        -0.001280466680017824,
        -0.005144451789743294,
        0.1565603373065756,
        0.368937798307467,
        0.024276469633933588,
        0.16196139047631933,
        -0.5056218172213176,
        0.00376653053959114,
        -0.1880652728765372,
        -0.3066080557062188
      ],
      [
        -0.2195380917321877,
        -0.08353086017520302,
        0.2777275776834855,
        -0.30471582804648517,
        0.00839831250865872,
        -0.1073781137267446,
        -0.08191827359049021,
        0.28640572916753604,
        0.20669555935782374,
        0.3514168598397237,
        -0.036996176903977926,
        -0.1730089607605709,
        -0.04904349618368726,
        0.076570328839926,
        0.06688563431010837,
        -0.2730018086586534
      ],
      [
        0.022622445406968554,
        0.057057082534726286,
        0.6781204514779624,
        0.49609350420882337,
        -0.21257039827965063,
        -0.058181595780644024,
        -0.3658605004592508,
        -0.11196048064948677,
        0.15106795100442738,
        0.3185307382010962,
        -0.18064071652740496,
        -0.16255991785984428,
        -0.5299010493982257,
        -0.02472034911410629,
        -0.24286130826821026,
        -0.13426464744183023
      ],
      [
        -0.21921519454189706,
        -0.023565638563139247,
        -0.3906801557446757,
        -0.3398789599593418,
        0.533052217367129,
        -0.30819140071185785,
        -0.2741963946136599,
        0.4949446549217135,
        0.7984334924169436,
        -0.27582432422729763,
        -0.09043199628851044,
        0.08636557989223227,
        0.4390956191378357,
        -0.2307681385849387,
        -0.03857716678884682,
        0.19242960341512422
      ],
      [
        0.10869151861665466,
        -0.09403901780752481,
