{
  "layer_sizes": [
    32,
    16,
    3
  ],
  "learning_rate": 0.3,
  "seed": 42,
  "output_activation": "softmax",
  "weights": [
    [
      [
        0.07526094463614484,
        -0.2498916222876215,
        0.22115244267319303,
        0.266872035497141,
        -0.46705407723676395,
        -0.3255448767155795,
        0.06056913834702635,
        -0.08305654779343255,
        0.04371683945304046,
        -0.202887920333321,
        0.22961216414754199,
        0.18957051104998165,
        0.01650767439030401,
        0.3170949573606386,
        0.1168773355630114,
        -0.18866438433796057
      ],
      [
        0.09126937071816171,
        -0.22961624593474733,
        0.25315221904839696,
        0.019249378652774266,
        -0.02551087095962009,
        -0.17023238610098534,
        0.33424437222371234,
        -0.042628270224737544,
        -0.05916482671166417,
        -0.07766032606198339,
        0.14283996682017203,
        0.08648354328376415,
        0.1031831528989971,
        0.14298990637060094,
        0.5354119002176153,
        -0.07544502271330485
      ],
      [
        -0.12897900757034733,
        -0.19333877778946704,
        0.18753449936545263,
        0.31397392957956044,
        -0.0077821444870237065,
        -0.210039119240632,
        -0.17751126636760486,
        0.15865229724863827,
        0.23373067162997316,
        0.14616162863637275,
        -0.15661475639033873,
        0.05316285795942449,
        0.029171452285182056,
        0.08995680480088346,
        0.21785719448704746,
        0.0820576185765196
      ],
      [
        0.16881006546551072,
        0.026999171644725244,
        0.10581949339407483,
        0.18955291285897266,
        -0.34358423503722146,
        -0.07991780408932533,
        -0.08898412601799381,
        -0.16371536176837248,
        -0.020868433977558287,
        0.38410838936867286,
        -0.20669510849147596,
        0.23719211584061478,
        -0.4207174429039512,
        -0.04843660187781348,
        0.0406882662762514,
        0.17271431422266853
      ],
      [
        0.17688831964575075,
        0.2084412130724837,
        -0.053641624340530596,
        -0.08385709176680431,
        0.23519869024098355,
        -0.04782608122040372,
        -0.2903125432792757,
        -0.28731770320840716,
        -0.18194594267129025,
        0.134663247573515,
        0.045369104449476214,
        0.16774386570968663,
        -0.10681316158413356,
        0.07491957838780879,
        0.15639759849183418,
        -0.051177903547210586
      ],
      [
        0.11327548408688987,
        -0.15537708099416042,
        -0.05722381791968916,
        -0.06370361710024479,
        -0.27825519147056477,
        0.12174312019639545,
        -0.0887415474954759,
        -0.0008723700256151462,
        0.16810379355558983,
        0.12200585556756002,
        0.1761089476750314,
        -0.02949884393461135,
        -0.10582457801103844,
        0.015355102892030473,
        -0.42183360848950746,
        -0.3356193867229229
      ],
      [
        -0.3315932283910636,
        -0.2392073026278681,
        0.13348320040243788,
        -0.19463890744067763,
        -0.07383591858315235,
        0.32480707444651635,
        -0.06045695521015142,
        0.18038299240923464,
        -0.18548729117335663,
        -0.04098632790683354,
        -0.22774284329581046,
        -0.08963574178239606,
        0.21007703436434888,
        -0.3965454501794568,
        0.10860591088646433,
        0.08559263196591851
      ],
      [
        -0.1494558142266616,
        -0.3514100593246112,
        0.05157202065004619,
        -0.10064232086661316,
        0.07887377276537107,
        0.00546303638086072,
        0.42905376038543364,
        -0.06383480657579307,
        -0.20795724432635362,
        0.055191970299153,
        0.0647618414247762,
        0.3349194210028536,
        0.20877781147864463,
        0.12450242040600755,
        0.36582572280489045,
        -0.27103203219786376
      ],
      [
        -0.16085620848989993,
        -0.22153958107887883,
        -0.0639128070673632,
        -0.31244068048973966,
        0.17949245663029617,
        -0.055555674274693344,
        -0.3390925360704597,
        -0.2578906700094224,
        0.12629559069166144,
        0.21990470353366928,
        0.5089453933547817,
        0.7235881436945772,
        0.1036023583189991,
        -0.21209987438933578,
        -0.5330115701828273,
        0.093086596968808
      ],
      [
        -0.2041535991300445,
        -0.09373491077241894,
        -0.11948455604337323,
        -0.003466865204758835,
        0.28719977762360605,
        0.039262141861336156,
        -0.011049671704467056,
        -0.2629093379139899,
        -0.37075360734697665,
        -0.11120391570825872,
        -0.0036829672727452245,
        0.4371050055877152,
        0.03256863036822146,
        0.2809695333743948,
        -0.12482389963478802,
        -0.2700772102214072
      ],
      [
        -0.24219751586055596,
        -0.1712021118614359,
        0.5656570768303705,
        -0.17361581340675897,
        0.23032702086078133,
        -0.2257317945217566,
        0.26150229077376574,
        0.09224184181892879,
        0.00875765441459005,
        0.0001824300262154763,
        -0.15393425342551276,
        0.1066405775632647,
        -0.113745870085195,
        -0.2711167853231817,
        -0.3194843935799048,
        0.06930571081337888
      ],
      [
        0.39385448880014573,
        0.05010230766586195,
        0.0038800621941081606,
        0.1031873912999732,
        0.34720515535340135,
        0.054845625340964085,
        -0.07412277015322923,
        0.2725762778074352,
        0.15510623844451596,
        0.3943120595590719,
        0.055571279737311435,
        -0.3109947307373806,
        -0.34203979981141625,
        0.44801663867644276,
        0.43091643019582426,
        -0.018721071937801155
      ],
      [
        -0.09671515558645993,
        0.37546547733305297,
        -0.2432217767892933,
        -0.19195089833961904,
        0.1815364185989562,
        -0.0986512807148974,
        0.027328570875187187,
        -0.04485662433866515,
        0.132310766028846,
        0.3622435268885031,
        0.03240889715727127,
        0.15610722551195905,
        -0.5125430252577556,
        0.023105055136100748,
        -0.21080756757321778,
        -0.2785445337230581
      ],
      [
        -0.2204564170346507,
        -0.07342645590270062,
        0.26251527931058216,
        -0.29986732303555347,
        0.028362593075299418,
        -0.12104235833339462,
        -0.053309236035285174,
        0.24669355661861403,
        0.18244598808009413,
        0.3447225884207598,
        -0.028863749380640225,
        -0.17886312572493118,
        -0.05596470422012488,
        0.09590885343643561,
        0.04414333961342776,
        -0.24493828667549272
      ],
      [
        0.02170412010450556,
        0.06716148680722865,
        0.6629081531050595,
        0.5009420092197551,
        -0.19260611771300992,
        -0.07184584038729402,
        -0.337251462904046,
        -0.1516726531984086,
        0.1268183797266977,
        0.3118364667821323,
        -0.17250828900406728,
        -0.16841408282420456,
        -0.5368222574346637,
        -0.005381824517596684,
        -0.2656036029648908,
        -0.10620112545866939
      ],
      [
        -0.22013351984436005,
        -0.01346123429063686,
        -0.40589245411757896,
        -0.3350304549484101,
        0.5530164979337698,
        -0.32185564531850774,
        -0.24558735705845489,
        0.4552324823727915,
        0.7741839211392145,
        -0.28251859564626153,
        -0.08229956876517276,
        0.08051141492787195,
        0.4321744111013981,
        -0.2114296139884291,
        -0.061319461485527436,
        0.220493125398285
      ],
      [
        0.10869151861665466,
        0.18570758912888052,
        0.3702799348654811,
