{
  "layer_sizes": [
    32,
    16,
    4
  ],
  "learning_rate": 0.3,
  "seed": 42,
  "output_activation": "softmax",
  "weights": [
    [
      [
        0.06977849253600443,
        -0.2599960265601239,
        0.22012680552667893,
        0.29029346896467506,
        -0.4798979102445077,
        -0.35055319685823444,
        0.030855535730898748,
        -0.07782740602682245,
        0.05133469359498469,
        -0.19216638780868095,
        0.28366487697268533,
        0.20409460356583878,
        0.040737781836725065,
        0.32919211319041275,
        0.16683294294075715,
        -0.21482311572080956
      ],
      [
        0.0857869186180213,
        -0.23972065020724972,
        0.25212658190188275,
        0.04267081212030841,
        -0.03835470396736356,
        -0.19524070624364037,
        0.30453076960758524,
        -0.037399128458127456,
        -0.05154697256971986,
        -0.06693879353734336,
        0.1968926796453153,
        0.10100763579962124,
        0.12741326034541817,
        0.15508706220037505,
        0.5853675075953613,
        -0.1016037540961539
      ],
      [
        -0.1344614596704878,
        -0.20344318206196943,
        0.18650886221893853,
        0.33739536304709455,
        -0.020625977494767175,
        -0.23504743938328704,
        -0.20722486898373255,
        0.16388143901524835,
        0.24134852577191748,
        0.1568831611610128,
        -0.10256204356519538,
        0.06768695047528163,
        0.0534015597316031,
        0.10205396063065761,
        0.26781280186479317,
        0.05589888719367057
      ],
      [
        0.16332761336537024,
        0.016894767372222865,
        0.10479385624756064,
        0.2129743463265068,
        -0.3564280680449652,
        -0.10492612423198037,
        -0.11869772863412147,
        -0.1584862200017624,
        -0.013250579835614007,
        0.39482992189331306,
        -0.1526423956663327,
        0.2517162083564718,
        -0.39648733545753034,
        -0.03633944604803931,
        0.09064387365399716,
        0.14655558283981954
      ],
      [
        0.17140586754561027,
        0.1983368087999813,
        -0.05466726148704478,
        -0.06043565829927015,
        0.22235485723324003,
        -0.07283440136305872,
        -0.3200261458954028,
        -0.282088561441797,
        -0.17432808852934592,
        0.1453847800981551,
        0.09942181727461949,
        0.18226795822554376,
        -0.08258305413771255,
        0.08701673421758292,
        0.20635320586957992,
        -0.0773366349300596
      ],
      [
        0.10779303198674946,
        -0.16548148526666281,
        -0.058249455066203326,
        -0.040282183632710654,
        -0.2910990244783085,
        0.09673480005374041,
        -0.11845515011160355,
        0.004356771740994941,
        0.17572164769753415,
        0.1327273880922001,
        0.23016166050017467,
        -0.014974751418754245,
        -0.08159447056461742,
        0.02745225872180463,
        -0.3718780011117618,
        -0.3617781181057718
      ],
      [
        -0.3370756804912041,
        -0.24931170690037044,
        0.13245756325592373,
        -0.1712174739731435,
        -0.08667975159089587,
        0.29979875430386144,
        -0.09017055782627907,
        0.1856121341758447,
        -0.17786943703141234,
        -0.030264795382193482,
        -0.1736901304706672,
        -0.07511164926653896,
        0.23430714181076998,
        -0.38444829434968264,
        0.15856151826421006,
        0.05943390058306947
      ],
      [
        -0.13807423049241946,
        -0.36151446359711364,
        0.031885564096437086,
        -0.11185565561246054,
        0.04433041217371835,
        0.06966702860751105,
        0.39954166851601075,
        -0.028958476879402662,
        -0.22980960688386343,
        0.05933621232498043,
        0.0693229527693795,
        0.33891278063243646,
        0.21766165396586404,
        0.11722604189705851,
        0.3960069101633851,
        -0.30429055503256264
      ],
      [
        -0.15732278144116693,
        -0.23164398535138123,
        -0.07723469177301337,
        -0.3113674706451499,
        0.15508181144257785,
        -0.03367664835803262,
        -0.3686046279398826,
        -0.2379504272115585,
        0.11411258875990102,
        0.22541340021306597,
        0.5324312424772824,
        0.7319669317675247,
        0.1179491298233925,
        -0.21401152367080545,
        -0.4974999853108166,
        0.06337796986003401
      ],
      [
        -0.20963605123018497,
        -0.10383931504492133,
        -0.12051019318988737,
        0.01995456826277531,
        0.2743559446158623,
        0.014253821718681175,
        -0.04076327432059466,
        -0.25768019614737975,
        -0.36313575320503255,
        -0.10048238318361868,
        0.050369745552398024,
        0.45162909810357244,
        0.05679873781464251,
        0.29306668920416884,
        -0.07486829225704227,
        -0.29623594160425615
      ],
      [
        -0.24767996796069644,
        -0.1813065161339383,
        0.5646314396838559,
        -0.15019437993922483,
        0.2174831878530378,
        -0.25074011466441154,
        0.23178868815763837,
        0.09747098358553889,
        0.016375508556534305,
        0.010903962550855522,
        -0.09988154060036938,
        0.1211646700791218,
        -0.08951576263877399,
        -0.2590196294934075,
        -0.26952878620215914,
        0.04314697943052987
      ],
      [
        0.3883720367000052,
        0.03999790339335956,
        0.0028544250475940128,
        0.12660882476750737,
        0.33436132234565763,
        0.029837305198309096,
        -0.10383637276935688,
        0.27780541957404536,
        0.16272409258646034,
        0.4050335920837121,
        0.10962399256245471,
        -0.29647063822152336,
        -0.3178096923649954,
        0.4601137945062169,
        0.48087203757356994,
        -0.04487980332065016
      ],
      [
        -0.10219760768660034,
        0.36536107306055055,
        -0.24424741393580732,
        -0.1685294648720849,
        0.16869258559121267,
        -0.12365960085755244,
        -0.0023850317409404185,
        -0.03962748257205506,
        0.13992862017079039,
        0.3729650594131433,
        0.08646160998241456,
        0.17063131802781617,
        -0.48831291781133496,
        0.035202210965874906,
        -0.16085196019547207,
        -0.304703265105907
      ],
      [
        -0.22593886913479116,
        -0.08353086017520302,
        0.261489642164068,
        -0.27644588956801935,
        0.015518760067555941,
        -0.14605067847604966,
        -0.0830228386514128,
        0.2519226983852242,
        0.19006384222203843,
        0.3554441209454,
        0.025188963444503023,
        -0.16433903320907406,
        -0.03173459677370384,
        0.10800600926620976,
        0.09409894699117351,
        -0.27109701805834163
      ],
      [
        0.016221668004365152,
        0.057057082534726286,
        0.6618825159585449,
        0.524363442687289,
        -0.20544995072075345,
        -0.09685416052994904,
        -0.3669650655201731,
        -0.14644351143179854,
        0.1344362338686421,
        0.3225579993067725,
        -0.118455576178924,
        -0.15388999030834744,
        -0.5125921499882427,
        0.006715331312177465,
        -0.2156479955871451,
        -0.13235985684151844
      ],
      [
        -0.21660009279562706,
        -0.023565638563139247,
        -0.41921433882322895,
        -0.33395724510382035,
        0.5286058527460514,
        -0.299976619401847,
        -0.275099448927878,
        0.4751727251706553,
        0.7620009192074546,
        -0.27700989896686473,
        -0.05881371964267184,
        0.0888902030008198,
        0.44652118260579166,
        -0.21334126326989877,
        -0.025807876613516637,
        0.19078449828951105
      ],
      [
        0.09298950235223787,
        -0.09403901780752481,
        0.11330910035839685,
