{
  "layer_sizes": [
    32,
    16,
    3
  ],
  "learning_rate": 0.3,
  "seed": 42,
  "output_activation": "softmax",
  "weights": [
    [
      [
        0.07325117445185503,
        -0.26236398642813813,
        0.2217265493161132,
        0.23365376488571882,
        -0.4526013555278258,
        -0.3255448767155795,
        0.03196010079182134,
        -0.043104623984313015,
        -0.004200289376072199,
        -0.19048599102379019,
        0.2396255941153924,
        0.1902905025015281,
        0.03337708955279508,
        0.2783897520371999,
        0.1168773355630114,
        -0.18738672324951344
      ],
      [
        0.08925960053387189,
        -0.24208861007526394,
        0.25372632569131687,
        -0.013968891958647818,
        -0.01105814925068194,
        -0.17023238610098534,
        0.30563533466850756,
        -0.0026763464156179975,
        -0.1070819555407768,
        -0.06525839675245255,
        0.15285339678802243,
        0.08720353473531074,
        0.12005256806148816,
        0.10428470104716236,
        0.5354119002176153,
        -0.07416736162485789
      ],
      [
        -0.13098877775463716,
        -0.20581114192998365,
        0.1881086060083728,
        0.28075565896813853,
        0.006670577221914425,
        -0.210039119240632,
        -0.2061203039228099,
        0.19860422105775777,
        0.18581354280086057,
        0.15856355794590357,
        -0.14660132642248833,
        0.053882849410971045,
        0.04604086744767312,
        0.05125159947744492,
        0.21785719448704746,
        0.08333527966496658
      ],
      [
        0.1668002952812209,
        0.014526807504208638,
        0.10639360003699483,
        0.15633464224755045,
        -0.32913151332828333,
        -0.07991780408932533,
        -0.11759316357319888,
        -0.123763437959253,
        -0.06878556280667093,
        0.39651031867820363,
        -0.19668167852362556,
        0.23791210729216122,
        -0.40384802774146,
        -0.08714180720125203,
        0.0406882662762514,
        0.17399197531111565
      ],
      [
        0.17487854946146092,
        0.1959688489319671,
        -0.053067517697610575,
        -0.11707536237822642,
        0.24965141194992158,
        -0.04782608122040372,
        -0.31892158083448047,
        -0.2473657793992875,
        -0.22986307150040283,
        0.14706517688304585,
        0.055382534417326566,
        0.16846385716123308,
        -0.0899437464216425,
        0.03621437306437024,
        0.15639759849183418,
        -0.0499002424587636
      ],
      [
        0.11126571390260004,
        -0.16784944513467703,
        -0.056649711276769106,
        -0.0969218877116669,
        -0.26380246976162663,
        0.12174312019639545,
        -0.11735058505068097,
        0.03907955378350441,
        0.12018666472647724,
        0.1344077848770908,
        0.1861223776428818,
        -0.028778852483064766,
        -0.08895516284854738,
        -0.02335010243140808,
        -0.42183360848950746,
        -0.33434172563447584
      ],
      [
        -0.3336029985753534,
        -0.25167966676838466,
        0.13405730704535804,
        -0.22785717805209985,
        -0.05938319687421425,
        0.32480707444651635,
        -0.08906599276535648,
        0.2203349162183541,
        -0.23340442000246925,
        -0.028584398597302683,
        -0.21772941332796006,
        -0.08891575033084946,
        0.22694644952683984,
        -0.4352506555028955,
        0.10860591088646433,
        0.08687029305436549
      ],
      [
        -0.16836827539542193,
        -0.36151446359711364,
        0.35060713597676935,
        0.19808442471462862,
        -0.22667690921780462,
        0.00546303638086072,
        0.40044472283022886,
        -0.2333255866034935,
        -0.25587437315546624,
        -0.0073814661647924945,
        -0.0685513658186663,
        0.5945086116384137,
        0.2061560523155199,
        0.08921776478737733,
        0.36582572280489045,
        -0.2971907635807127
      ],
      [
        -0.16286597867418975,
        -0.23401194521939545,
        -0.0633387004244432,
        -0.34565895110116157,
        0.1939451783392342,
        -0.055555674274693344,
        -0.36770157362566447,
        -0.2179387462003029,
        0.07837846186254882,
        0.2323066328432001,
        0.5189588233226321,
        0.7243081351461235,
        0.12047177348149016,
        -0.2508050797127743,
        -0.5330115701828273,
        0.09436425805725496
      ],
      [
        -0.20616336931433432,
        -0.10620727491293556,
        -0.11891044940045326,
        -0.0366851358161809,
        0.3016524993325442,
        0.039262141861336156,
        -0.039658709259672076,
        -0.2229574141048704,
        -0.41867073617608924,
        -0.09880198639872788,
        0.006330462695105135,
        0.4378249970392618,
        0.04943804553071252,
        0.24226432805095607,
        -0.12482389963478802,
        -0.26879954913296017
      ],
      [
        -0.2442072860448458,
        -0.18367447600195252,
        0.5662311834732898,
        -0.20683408401818118,
        0.24477974256971935,
        -0.2257317945217566,
        0.23289325321856102,
        0.1321937656280483,
        -0.0391594744145226,
        0.0125843593357463,
        -0.14392082345766236,
        0.1073605690148113,
        -0.09687645492270394,
        -0.30982199064662036,
        -0.3194843935799048,
        0.07058337190182587
      ],
      [
        0.3918447186158559,
        0.037629943525345336,
        0.0044541688370281635,
        0.06996912068855109,
        0.3616578770623395,
        0.054845625340964085,
        -0.10273180770843429,
        0.3125282016165549,
        0.10718910961540337,
        0.40671398886860266,
        0.06558470970516177,
        -0.310274739285834,
        -0.32517038464892506,
        0.4093114333530041,
        0.43091643019582426,
        -0.017443410849354135
      ],
      [
        -0.09872492577074976,
        0.3629931131925363,
        -0.2426476701463731,
        -0.22516916895104125,
        0.19598914030789422,
        -0.0986512807148974,
        -0.001280466680017824,
        -0.0049047005295456,
        0.08439363719973339,
        0.37464545619803385,
        0.04242232712512164,
        0.1568272169635055,
        -0.4956736100952643,
        -0.015600150187337803,
        -0.21080756757321778,
        -0.27726687263461103
      ],
      [
        -0.22246618721894051,
        -0.08589882004321725,
        0.263089385953502,
        -0.3330855936469754,
        0.04281531478423755,
        -0.12104235833339462,
        -0.08191827359049021,
        0.28664548042773375,
        0.13452885925098151,
        0.3571245177302906,
        -0.01885031941278986,
        -0.17814313427338474,
        -0.03909528905763382,
        0.05720364811299708,
        0.04414333961342776,
        -0.24366062558704538
      ],
      [
        0.019694349920215733,
        0.05468912266671206,
        0.6634822597479788,
        0.46772373860833316,
        -0.1781533960040719,
        -0.07184584038729402,
        -0.3658605004592508,
        -0.11172072938928905,
        0.07890125089758512,
        0.32423839609166305,
        -0.16249485903621688,
        -0.16769409137265812,
        -0.5199528422721728,
        -0.044087029841035234,
        -0.2656036029648908,
        -0.1049234643702224
      ],
      [
        -0.22214329002864988,
        -0.025933598431153473,
        -0.405318347474659,
        -0.368248725559832,
        0.5674692196427078,
        -0.32185564531850774,
        -0.2741963946136599,
        0.49518440618191123,
        0.7262667923101017,
        -0.27011666633673076,
        -0.07228613879732239,
        0.08123140637941854,
        0.4490438262638893,
        -0.25013481931186765,
        -0.061319461485527436,
        0.22177078648673212
      ],
      [
        0.10576342312990183,
        -0.09640697767553905,
        0.0006580092354885232,
