{
  "layer_sizes": [
    32,
    16,
    4
  ],
  "learning_rate": 0.3,
  "seed": 42,
  "output_activation": "softmax",
  "weights": [
    [
      [
        0.09535866893792988,
        -0.24109044025667178,
        0.21764482502830668,
        0.226994023602725,
        -0.4398445643671136,
        -0.3255448767155795,
        0.027828596378165347,
        -0.07238958577360137,
        0.04138171242483757,
        -0.19022404326958445,
        0.252732947582931,
        0.13964599989285373,
        0.01650767439030401,
        0.34002495433682295,
        0.13256883792072352,
        -0.21482311572080956
      ],
      [
        0.11136709501994675,
        -0.2208150639037976,
        0.2496446014035105,
        -0.020628633241641686,
        0.0016986419100305397,
        -0.17023238610098534,
        0.30150383025485156,
        -0.031961308204906336,
        -0.06149995373986704,
        -0.06499644899824679,
        0.1659607502555611,
        0.03655903212663632,
        0.1031831528989971,
        0.16591990334678547,
        0.5511034025753273,
        -0.1016037540961539
      ],
      [
        -0.17326722656108742,
        -0.1067821439166535,
        0.05512184661738723,
        0.24214203561108974,
        -0.24763264005806196,
        -0.210039119240632,
        -0.2061203039228099,
        0.16264819695617527,
        0.10431840136583628,
        0.05544763685185195,
        -0.3226222156062553,
        0.6320777645640683,
        0.029171452285182056,
        -0.12178249963423837,
        0.2101932742232486,
        0.04061023432265583
      ],
      [
        0.18890778976729575,
        0.035800353675674905,
        0.10231187574918844,
        0.14967490096455663,
        -0.3163747221675711,
        -0.07991780408932533,
        -0.12172466798685487,
        -0.15304839974854131,
        -0.02320356100576116,
        0.3967722664324096,
        -0.1835743250560869,
        0.18726760468348685,
        -0.4207174429039512,
        -0.025506604901628944,
        0.05637976863396358,
        0.14655558283981954
      ],
      [
        0.19698604394753577,
        0.21724239510343343,
        -0.05714924198541701,
        -0.12373510366122026,
        0.26240820311063395,
        -0.04782608122040372,
        -0.3230530852481365,
        -0.276650741188576,
        -0.1842810696994931,
        0.1473271246372516,
        0.06848988788486524,
        0.11781935455255872,
        -0.10681316158413356,
        0.09784957536399336,
        0.17208910084954634,
        -0.0773366349300596
      ],
      [
        0.13337320838867492,
        -0.1465758989632107,
        -0.06073143556457554,
        -0.10358162899466074,
        -0.2510456786009144,
        0.12174312019639545,
        -0.12148208946433696,
        0.00979459199421606,
        0.16576866652738698,
        0.13466973263129658,
        0.19922973111042047,
        -0.07942335509173919,
        -0.10582457801103844,
        0.03828509986821501,
        -0.40614210613179524,
        -0.3617781181057718
      ],
      [
        -0.3114955040892786,
        -0.2304061205969183,
        0.12997558275755156,
        -0.23451691933509367,
        -0.04662640571350171,
        0.32480707444651635,
        -0.09319749717901248,
        0.1910499544290658,
        -0.1878224182015595,
        -0.0283224508430969,
        -0.2046220598604214,
        -0.13956025293952395,
        0.21007703436434888,
        -0.37361545320327244,
        0.12429741324417652,
        0.05943390058306947
      ],
      [
        -0.13678884853663603,
        -0.3376509513961934,
        0.03398618647014567,
        -0.14252174155595787,
        0.07828218493313752,
        0.00546303638086072,
        0.3970669472541594,
        -0.05438487630485537,
        -0.22569602417317614,
        0.056665577184838216,
        0.06829438047568276,
        0.3449187720940933,
        0.20877781147864463,
        0.12146516517030924,
        0.377987995584355,
        -0.29852047246540986
      ],
      [
        -0.14818924279987436,
        -0.2077804731504609,
        -0.08149864124726376,
        -0.3543201011790845,
        0.17890086879806258,
        -0.055555674274693344,
        -0.3710793492017339,
        -0.24844073973848485,
        0.10855681084483892,
        0.22137831041935435,
        0.5124779324056878,
        0.7335874947858166,
        0.1036023583189991,
        -0.21513712962503395,
        -0.5208492974033627,
        0.06559815670126184
      ],
      [
        -0.19148663344001893,
        -0.07997580284400103,
        -0.13707039022327372,
        -0.045346285894103576,
        0.28660818979137254,
        0.039262141861336156,
        -0.04303648483574153,
        -0.25345940764305247,
        -0.38849238719379897,
        -0.10973030882257351,
        -0.0001504282218386631,
        0.4471043566789549,
        0.03256863036822146,
        0.27793227813869625,
        -0.1126616268553235,
        -0.2975656504889533
      ],
      [
        -0.2295305501705304,
        -0.15744300393301797,
        0.5480712426504694,
        -0.2154952340961038,
        0.22973543302854774,
        -0.2257317945217566,
        0.22951547764249156,
        0.10169177208986649,
        -0.008981125432232525,
        0.0016560369119006642,
        -0.15040171437460617,
        0.1166399286545043,
        -0.113745870085195,
        -0.2741540405588802,
        -0.3073221208004403,
        0.041817270545832765
      ],
      [
        0.48492353157554147,
        0.14114419357703936,
        0.10905997388444663,
        0.0280038033020377,
        0.5424786920393164,
        0.054845625340964085,
        -0.12299846116485103,
        0.30929636089537643,
        0.32369882482177254,
        0.4899567005766809,
        0.19352570995500773,
        -0.5250164436721133,
        -0.34203979981141625,
        0.6829508485736222,
        0.507222859811387,
        -0.04620951220534727
      ],
      [
        -0.15542086504101923,
        0.6024744779130736,
        -0.6203556749804223,
        -0.2236817547389566,
        0.09510147298293811,
        -0.0986512807148974,
        -0.001280466680017824,
        -0.368586053735781,
        -0.05241931421152626,
        0.8393285778266071,
        -0.21692010354199542,
        0.0743031531438609,
        -0.5125430252577556,
        0.47170686609178425,
        0.18349186890974642,
        -0.304703265105907
      ],
      [
        -0.2791621264892101,
        0.15358254467731977,
        -0.11461861888054703,
        -0.331598179434891,
        -0.05807235254071862,
        -0.12104235833339462,
        -0.08191827359049021,
        -0.07703587277850203,
        -0.002284092160278158,
        0.8218076393588638,
        -0.27819275007990696,
        -0.2606671980930293,
        -0.05596470422012488,
        0.5445106643921189,
        0.438442776096392,
        -0.27109701805834163
      ],
      [
        -0.12123152129300488,
        -0.29115904251395347,
        0.36316283860504067,
        0.4059135523108392,
        0.5144189298820355,
        -0.07184584038729402,
        -0.3658605004592508,
        -0.06967739602150393,
        0.3356404509253135,
        0.13092522857237038,
        0.36942096358243615,
        -0.2177559788471263,
        -0.5368222574346637,
        -0.045429928307604305,
        -0.280120568281701,
        -0.13235985684151844
      ],
      [
        -0.36306916124187044,
        -0.37178176361181897,
        -0.7056377686175973,
        -0.430058911857326,
        1.260041545528815,
        -0.32185564531850774,
        -0.2741963946136599,
        0.537227739549696,
        0.9830059923378303,
        -0.46342983385602354,
        0.45962968382133057,
        0.031169518904950216,
        0.4321744111013981,
        -0.25147771777843686,
        -0.0758364268023376,
        0.194334394015436
      ],
      [
        0.4323624590163529,
        0.1355407193341122,
        0.7645480729211848,
        -0.33148272529990813,
