{
  "labels": [
    "Mixed Methods",
    "Qualitative Methods",
    "Quantitative Methods",
    "research"
  ],
  "feature_extractor": {
    "max_features": 32,
    "vocabulary": {
      "quantitative": 16,
      "methods": 11,
      "concept": 4,
      "research": 18,
      "sociology": 24,
      "social": 22,
      "understanding": 28,
      "definitions": 7,
      "development": 9,
      "key": 10,
      "design": 8,
      "vocabulary": 29,
      "contemporary": 5,
      "academic": 0,
      "settings": 21,
      "quantitative methods": 17,
      "core concept": 6,
      "research methods": 19,
      "sociology broader": 25,
      "social sciences": 23,
      "sciences understanding": 20,
      "vocabulary foundational": 30,
      "common techniques": 3,
      "academic professional": 1,
      "qualitative": 14,
      "qualitative methods": 15,
      "mixed": 12,
      "mixed methods": 13,
      "software": 26,
      "workshop": 31,
      "accountability": 2,
      "software systems": 27
    },
    "idf": [
      1.2231435513142097,
      1.2231435513142097,
      1.916290731874155,
      1.2231435513142097,
      1.2231435513142097,
      1.2231435513142097,
      1.2231435513142097,
      1.0,
      1.0,
      1.0,
      1.0,
      1.0,
      1.916290731874155,
      1.916290731874155,
      1.916290731874155,
      1.916290731874155,
      1.916290731874155,
      1.916290731874155,
      1.0,
      1.0,
      1.2231435513142097,
      1.2231435513142097,
      1.2231435513142097,
      1.2231435513142097,
      1.2231435513142097,
      1.2231435513142097,
      1.916290731874155,
      1.916290731874155,
      1.2231435513142097,
      1.2231435513142097,
      1.2231435513142097,
      1.916290731874155
    ]
  },
  "scope": "research_methods",
  "grade": "preschool"
}