{
  "layer_sizes": [
    32,
    16,
    4
  ],
  "learning_rate": 0.3,
  "seed": 42,
  "output_activation": "softmax",
  "weights": [
    [
      [
        0.07549710648947516,
        -0.2599960265601239,
        0.2038358468064775,
        0.26482984653388386,
        -0.4976620909401992,
        -0.2691510589261213,
        0.07019022140030635,
        -0.007218920528765579,
        0.0007598290678648253,
        -0.16957579667404377,
        0.21069561970306397,
        0.20855081997855213,
        0.030487884509848743,
        0.2707900188600784,
        0.1168773355630114,
        -0.21482311572080956
      ],
      [
        0.09150553257149203,
        -0.23972065020724972,
        0.23583562318168133,
        0.017207189689517267,
        -0.05611888466305546,
        -0.11383856831152687,
        0.34386545527699247,
        0.03320935703992945,
        -0.1021218370968398,
        -0.044348202402706226,
        0.12392342237569398,
        0.10546385221233466,
        0.11716336301854187,
        0.09668496787004076,
        0.5354119002176153,
        -0.1016037540961539
      ],
      [
        -0.1288950660916332,
        -0.20344318206196943,
        0.16030367701867201,
        0.3406269266005521,
        0.024406292339691087,
        -0.2169539234170019,
        -0.15933371646055808,
        0.14442874408546785,
        0.23019140235643762,
        0.12602328236612928,
        -0.14049200527123012,
        0.11496244202881752,
        0.05647126956379028,
        0.07117722987526684,
        0.21785719448704746,
        0.05589888719367057
      ],
      [
        0.16889400694422485,
        0.016894767372222865,
        0.0785886710472942,
        0.2162059098799644,
        -0.31139579821050684,
        -0.08683260826569517,
        -0.0708065761109471,
        -0.1779389149315429,
        -0.024407703251093912,
        0.36397004309842956,
        -0.19057235737236736,
        0.2989916999100079,
        -0.3934176256253431,
        -0.06721617680343012,
        0.0406882662762514,
        0.14655558283981954
      ],
      [
        0.17257775096742878,
        0.1983368087999813,
        -0.40619550219633727,
        0.10839666811206103,
        0.22226191252600705,
        -0.2522988785410134,
        -0.39755565137821164,
        -0.6501681656012662,
        -0.2949376311155179,
        0.3037136047460728,
        -0.16928289574910427,
        0.6907672266434315,
        -0.14191397404438044,
        0.03963492276917856,
        0.15639759849183418,
        -0.0773366349300596
      ],
      [
        0.1089649154085679,
        -0.16548148526666281,
        -0.40977769577549583,
        0.12855014277862054,
        -0.29119196918554124,
        -0.08272967712421413,
        -0.19598465559441208,
        -0.3637228324184742,
        0.055112105111362344,
        0.29105621274011784,
        -0.038543052523549046,
        0.4935245169991334,
        -0.1409253904712853,
        -0.019929552726599763,
        -0.42183360848950746,
        -0.3617781181057718
      ],
      [
        -0.3313570665377332,
        -0.24931170690037044,
        0.04234355226851345,
        -0.3086014848836524,
        0.07953146448410417,
        0.4744395967212825,
        0.16477792942561587,
        0.2582786565256368,
        -0.22799725240243934,
        -0.0472642901750557,
        0.0005131980221361075,
        -0.100082483486748,
        0.304245756340889,
        -0.38887444881497146,
        0.10860591088646433,
        0.05943390058306947
      ],
      [
        -0.1485374889241986,
        -0.36151446359711364,
        -0.12343405392984641,
        -0.3468451804173886,
        0.41071940056322326,
        0.18413550163800907,
        0.8136234524669026,
        -0.05589510992342039,
        -0.2550176970009534,
        -0.03104720599788949,
        0.5286537062628454,
        0.2834061094158483,
        0.3624423135529857,
        0.19265135809496126,
        0.36582572280489045,
        -0.2971907635807127
      ],
      [
        -0.16062004663656962,
        -0.23164398535138123,
        -0.15505245520128777,
        -0.4264032579327144,
        0.33285983969755273,
        0.09407684800007274,
        -0.11385765143469205,
        -0.17999500589302012,
        0.08378562946257866,
        0.2136267412654471,
        0.737201434672728,
        0.7131414019902248,
        0.19777108029553916,
        -0.2044288730248502,
        -0.5330115701828273,
        0.06692786558595895
      ],
      [
        -0.2039174372767142,
        -0.10383931504492133,
        -0.13680115191008882,
        -0.005509054168015832,
        0.2565917639201708,
        0.09565595965079456,
        -0.0014285886511870348,
        -0.1870717106493229,
        -0.41371061773215223,
        -0.07789179204898153,
        -0.022599511717223335,
        0.45608531451628576,
        0.0465488404877662,
        0.23466459487383437,
        -0.12482389963478802,
        -0.29623594160425615
      ],
      [
        -0.24605433470202165,
        -0.1813065161339383,
        0.3921813692109672,
        0.03669171384070602,
        0.29025988461923113,
        -0.28734697581582863,
        0.3065910556401892,
        -0.05314737416194328,
        0.004405655360374257,
        0.11115761660034837,
        -0.23744449331262904,
        0.4890860174564449,
        -0.07344394113655646,
        -0.290433753891219,
        -0.3194843935799048,
        0.04314697943052987
      ],
      [
        0.3940906506534761,
        0.03999790339335956,
        -0.013436533672607453,
        0.10114520233671623,
        0.3165971416499661,
        0.11123944313042249,
        -0.06450168709994926,
        0.348413905072102,
        0.11214922805934037,
        0.42762418321834916,
        0.0366547352928333,
        -0.29201442180881004,
        -0.3280595896918713,
        0.4017117001758826,
        0.43091643019582426,
        -0.04487980332065016
      ],
      [
        -0.09647899373312961,
        0.36536107306055055,
        -0.2494731996622112,
        -0.21203704565515755,
        0.09778148963495814,
        0.019789660372551254,
        0.03692867358319923,
        0.11771832703934267,
        0.0580320660300862,
        0.4472245958905261,
        -0.016824549566753624,
        0.1426528147688412,
        -0.5069019944715851,
        -0.04771415121265086,
        -0.21080756757321778,
        -0.304703265105907
      ],
      [
        -0.2195380917321877,
        -0.08353086017520302,
        0.3137919894073972,
        -0.46990806006209235,
        -0.3997218914174647,
        0.35455895092817236,
        -0.08207909135524433,
        0.9155451775499902,
        -0.10555699480162016,
        0.7304004112047494,
        -0.27101041524219494,
        -0.4226030637088474,
        -0.11988587249205102,
        -0.1272816592868738,
        0.04414333961342776,
        -0.27109701805834163
      ],
      [
        0.022622445406968554,
        0.057057082534726286,
        1.1293851255457286,
        0.8255768933186743,
        -0.24215972332747976,
        -0.08937901612564376,
        -0.4072042385855552,
        0.101048637159075,
        0.4212251044232471,
        0.13670927910652594,
        -0.28881810523402823,
        -0.2685737663483409,
        -0.4843041904498842,
        -0.04066648013622692,
        -0.2656036029648908,
        -0.13235985684151844
      ],
      [
        -0.21921519454189706,
        -0.023565638563139247,
        0.06058451832309083,
        -0.010395570849490755,
        0.5034628923192997,
        -0.33938882105685747,
        -0.31554013273996434,
        0.7079537727302748,
        1.0685906458357635,
        -0.45764578332186795,
        -0.1986093849951338,
        -0.019648268596264406,
        0.48469247808617766,
        -0.24671426960705936,
        -0.061319461485527436,
        0.194334394015436
      ],
      [
        0.10785713479290578,
        -0.09403901780752481,
        -0.027146919754212195,
