{
  "labels": [
    "Immunization Programs",
    "Vaccine Development",
    "Vaccine Policy",
    "research"
  ],
  "feature_extractor": {
    "max_features": 32,
    "vocabulary": {
      "vaccine": 24,
      "development": 7,
      "core": 3,
      "vaccinology": 29,
      "health": 10,
      "medicine": 15,
      "sciences": 19,
      "understanding": 23,
      "studying": 22,
      "definitions": 4,
      "analysis": 2,
      "design": 5,
      "solve": 21,
      "frameworks": 9,
      "models": 16,
      "academic": 0,
      "settings": 20,
      "vaccine development": 25,
      "vaccinology preventive": 30,
      "development key": 8,
      "design experiments": 6,
      "vocabulary foundational": 31,
      "academic professional": 1,
      "policy": 17,
      "vaccine policy": 26,
      "immunization": 12,
      "programs": 18,
      "immunization programs": 13,
      "vaccines": 27,
      "immunotherapeutics": 14,
      "immune": 11,
      "vaccines immunotherapeutics": 28
    },
    "idf": [
      1.2231435513142097,
      1.2231435513142097,
      1.2231435513142097,
      1.2231435513142097,
      1.2231435513142097,
      1.0,
      1.2231435513142097,
      1.0,
      1.2231435513142097,
      1.0,
      1.2231435513142097,
      1.916290731874155,
      1.916290731874155,
      1.916290731874155,
      1.916290731874155,
      1.2231435513142097,
      1.0,
      1.916290731874155,
      1.916290731874155,
      1.2231435513142097,
      1.2231435513142097,
      1.2231435513142097,
      1.2231435513142097,
      1.0,
      1.2231435513142097,
      1.916290731874155,
      1.916290731874155,
      1.916290731874155,
      1.916290731874155,
      1.0,
      1.2231435513142097,
      1.2231435513142097
    ]
  },
  "scope": "vaccinology",
  "grade": "preschool"
}