{
  "layer_sizes": [
    32,
    16,
    4
  ],
  "learning_rate": 0.3,
  "seed": 42,
  "output_activation": "softmax",
  "weights": [
    [
      [
        0.07617926993860784,
        -0.24755100141704367,
        0.19843931818725746,
        0.2831430918685612,
        -0.4001609263055857,
        -0.33837193235586105,
        0.027632988317065416,
        -0.09381935406149189,
        0.03072724536322222,
        -0.20604552845235702,
        0.27587905396490403,
        0.21361484199624053,
        0.01650767439030401,
        0.33955301225770057,
        0.13597086345825063,
        -0.21482311572080956
      ],
      [
        0.09218769602062471,
        -0.22727562506416957,
        0.23043909456246128,
        0.03552043502419462,
        0.04138227997155824,
        -0.1830594417412668,
        0.30130822219375164,
        -0.053391076492796875,
        -0.07215442080148236,
        -0.08081793418101939,
        0.18910685663753418,
        0.11052787423002289,
        0.1031831528989971,
        0.165447961267663,
        0.5545054281128542,
        -0.1016037540961539
      ],
      [
        -0.12806068226788433,
        -0.20344318206196943,
        -0.1055963169745903,
        0.6489862765704517,
        -0.17541841985135379,
        -0.3456808218795345,
        -0.2061203039228099,
        -0.13805485520872893,
        0.16877117579216883,
        0.35135542929462005,
        -0.27125833612482086,
        0.2974164089945655,
        0.029171452285182056,
        0.4144939472855517,
        0.5658208692369977,
        0.05589888719367057
      ],
      [
        0.16972839076797372,
        0.016894767372222865,
        -0.1873113229459682,
        0.5245652598498639,
        -0.5112205104015516,
        -0.2155595067282279,
        -0.11759316357319888,
        -0.4604225142257396,
        -0.0858279298153626,
        0.5893021900269197,
        -0.3213386882259579,
        0.4814456668757558,
        -0.4207174429039512,
        0.2761005406068549,
        0.3886519410262019,
        0.14655558283981954
      ],
      [
        0.17780664494821374,
        0.21078183394306146,
        -0.07635474882646637,
        -0.067586035395384,
        0.3020918411721619,
        -0.060653136860685124,
        -0.3232486933092364,
        -0.2980805094764663,
        -0.19493553676110845,
        0.13150563945447902,
        0.0916359942668383,
        0.19178819665594551,
        -0.10681316158413356,
        0.09737763328487084,
        0.17549112638707343,
        -0.0773366349300596
      ],
      [
        0.11419380938935286,
        -0.16548148526666281,
        -0.11630605384717499,
        -0.2053241670941823,
        -0.6260496484633755,
        0.6808389259664408,
        -0.11735058505068097,
        0.4195551928550385,
        -0.1068246066439912,
        0.3401878119866231,
        -0.07056611949444962,
        -0.06286881088548776,
        -0.10582457801103844,
        -0.22355179344310191,
        -0.42183360848950746,
        -0.3617781181057718
      ],
      [
        -0.3306749030886006,
        -0.23686668175729028,
        0.11077007591650218,
        -0.17836785106925732,
        -0.00694276765197408,
        0.3119800188062348,
        -0.0933931052401124,
        0.16962018614117522,
        -0.19847688526317486,
        -0.044143936025869454,
        -0.1814759534784483,
        -0.06559141083613731,
        0.21007703436434888,
        -0.3740873952823948,
        0.12769943878170353,
        0.05943390058306947
      ],
      [
        -0.1485374889241986,
        -0.3490694384540336,
        0.028858896164110415,
        -0.08437126449519282,
        0.14576692369654928,
        -0.007364019259420672,
        0.39611761035547294,
        -0.07459761284385238,
        -0.2209468384161718,
        0.05203436218011709,
        0.11102873124213827,
        0.35896375194911245,
        0.20877781147864463,
        0.14696047530306966,
        0.38491925070012994,
        -0.2971907635807127
      ],
      [
        -0.15993788318743693,
        -0.21919896020830107,
        -0.08662593155329897,
        -0.29616962411831954,
        0.24638560756147443,
        -0.06838272991497477,
        -0.3720286861004204,
        -0.26865347627748154,
        0.11330599660184326,
        0.21674709541463327,
        0.555212283172144,
        0.7476324746408359,
        0.1036023583189991,
        -0.18964181949227377,
        -0.5139180422875884,
        0.06692786558595895
      ],
      [
        -0.2032352738275815,
        -0.09139428990184122,
        -0.14219768052930887,
        0.012804191166661517,
        0.3540929285547843,
        0.026435086221054754,
        -0.043985821734428,
        -0.27367214418204905,
        -0.3837432014367946,
        -0.11436152382729471,
        0.0425839225446169,
        0.46114933653397405,
        0.03256863036822146,
        0.30342758827145677,
        -0.10573037173954876,
        -0.29623594160425615
      ],
      [
        -0.24127919055809297,
        -0.1711318926159476,
        0.5376365259366016,
        -0.18043821098364277,
        0.2385670517558113,
        -0.16327890670725143,
        0.2293555552352731,
        0.13849936163527546,
        -0.040219900834317264,
        0.02552584690910299,
        -0.14879676619669238,
        0.12219843762838495,
        -0.113745870085195,
        -0.28575762457545745,
        -0.303874183417145,
        0.04314697943052987
      ],
      [
        0.3947728141026087,
        0.05244292853643969,
        -0.018833062291827605,
        0.1194584476713935,
        0.4140983062845796,
        0.042018569700682705,
        -0.10705892018319021,
        0.26181347153937606,
        0.14211664435469779,
        0.39115445144003624,
        0.10183816955467351,
        -0.28695039979112175,
        -0.34203979981141625,
        0.47047469357350474,
        0.45000995809106376,
        -0.04487980332065016
      ],
      [
        -0.09579683028399694,
        0.3778060982036306,
        -0.2659349012752291,
        -0.17567984196819872,
        0.24842956953013445,
        -0.11147833635517877,
        -0.00560757915477375,
        -0.05561943060672448,
        0.11932117193902783,
        0.35908591876946744,
        0.0786757869746334,
        0.18015155645821793,
        -0.5125430252577556,
        0.04556311003316284,
        -0.19171403967797854,
        -0.304703265105907
      ],
      [
        -0.2195380917321877,
        -0.08353086017520302,
        0.2034330433830962,
        -0.4414878730294909,
        -0.3194318639175113,
        0.43805344743665053,
        -0.08191827359049021,
        0.6671211194992678,
        -0.09248241211948693,
        0.5629045448398231,
        -0.2755388165501213,
        -0.2122330926758076,
        -0.05596470422012488,
        -0.14299804289869675,
        0.04414333961342776,
        -0.27109701805834163
      ],
      [
        0.022622445406968554,
        -0.1057774608512578,
        0.3444467260896737,
        0.0984585104219978,
        0.3259107301945061,
        0.30003486739134255,
        -0.3658605004592508,
        -0.14843571327029084,
        0.14675559530918036,
        0.250185504015568,
        0.29503041221291265,
        -0.22577812815541523,
        -0.5368222574346637,
        -0.013720953557993071,
        -0.2656036029648908,
        -0.13235985684151844
      ],
      [
        -0.21921519454189706,
        -0.1864001819491233,
        -0.7243538811329644,
        -0.737513953746168,
        1.0715333458412857,
        0.050025062460128916,
        -0.2741963946136599,
        0.4584694223009095,
        0.7941211367216966,
        -0.3441695584128258,
        0.38523913245180713,
        0.02314736959666138,
        0.4321744111013981,
        -0.2197687430288255,
        -0.061319461485527436,
        0.194334394015436
      ],
      [
        0.10869151861665466,
        -0.09403901780752481,
        -0.24315492158841273,
        -0.07623897224027716,
