{
  "layer_sizes": [
    32,
    16,
    4
  ],
  "learning_rate": 0.3,
  "seed": 42,
  "output_activation": "softmax",
  "weights": [
    [
      [
        0.0758108632962449,
        -0.2599960265601239,
        0.2314848039436006,
        0.313697949545345,
        -0.44087093017125023,
        -0.32878761714535387,
        0.06651448808479964,
        -0.0948391865373863,
        -0.004200289376072199,
        -0.20979008051443526,
        0.2547281997747202,
        0.18449874166199742,
        0.0571579834814544,
        0.3509929480220315,
        0.12694952894082687,
        -0.21482311572080956
      ],
      [
        0.09218769602062471,
        -0.23972065020724972,
        0.1712356296489519,
        -0.09080350095037046,
        -0.1675718063446287,
        -0.05368694044512568,
        0.30563533466850756,
        0.17990213795507365,
        -0.11197873821182633,
        -0.07738420016840716,
        0.04914894686970737,
        0.16205169039213646,
        0.07716596533818454,
        0.032802645314146985,
        0.5354119002176153,
        -0.1016037540961539
      ],
      [
        -0.1284290889102473,
        -0.20344318206196943,
        0.19786686063586023,
        0.3607998436277644,
        0.018401002578490224,
        -0.2132818596704063,
        -0.17156591662983156,
        0.14686965850468459,
        0.18581354280086057,
        0.1392594684552585,
        -0.13149872076316046,
        0.04809108857144043,
        0.06982176137633245,
        0.12385479546227668,
        0.22792938786486286,
        0.05589888719367057
      ],
      [
        0.16935998412561076,
        0.016894767372222865,
        0.11615185466448241,
        0.23637882690717643,
        -0.31740108797170774,
        -0.08316054451909959,
        -0.08303877628022058,
        -0.17549800051232617,
        -0.06878556280667093,
        0.37720622918755864,
        -0.1815790728642977,
        0.23212034645263055,
        -0.3800671338128009,
        -0.014538611216420272,
        0.05076045965406701,
        0.14655558283981954
      ],
      [
        0.1754979241653998,
        0.1983368087999813,
        -0.39865163145473054,
        0.37543145602872996,
        0.05303184647172525,
        -0.13695993706316387,
        -0.39204319952807093,
        -0.5770335077865633,
        -0.22986307150040283,
        0.1970818055554956,
        0.04475713578093869,
        0.4350887562066156,
        -0.20253534306137974,
        0.5208923185546771,
        0.15639759849183418,
        -0.0773366349300596
      ],
      [
        0.11188508860653892,
        -0.16548148526666281,
        -0.4022338250338891,
        0.3955849306952895,
        -0.46042203523982306,
        0.03260926435363531,
        -0.19047220374427146,
        -0.2905881746037716,
        0.12018666472647724,
        0.18442441354954064,
        0.17549697900649397,
        0.23784604656231764,
        -0.20154675948828463,
        0.46132784305889873,
        -0.42183360848950746,
        -0.3617781181057718
      ],
      [
        -0.3306749030886006,
        -0.24931170690037044,
        -0.07587220026123104,
        -0.6100242340544987,
        0.34496341321875085,
        0.5884780764489143,
        0.6015934082204589,
        0.09677665854938365,
        -0.23340442000246925,
        -0.0564365896562091,
        0.1797313105599913,
        -0.12903969661228315,
        0.5310352882902134,
        -0.43019488052170024,
        0.2978542230763842,
        0.05943390058306947
      ],
      [
        -0.1485374889241986,
        -0.36151446359711364,
        -0.15778338001362283,
        -0.516027647480434,
        0.49767310456727437,
        0.26913403838325883,
        1.0911041238160448,
        -0.14744114043564413,
        -0.25587437315546624,
        0.03974170854977744,
        0.4722359952805778,
        0.2955154661729666,
        0.5297360654045091,
        0.0908529900637641,
        0.5550740349948103,
        -0.2971907635807127
      ],
      [
        -0.15993788318743693,
        -0.23164398535138123,
        -0.21033199070396347,
        -0.5269229243646272,
        -0.12437676603246368,
        0.21638369892231257,
        -0.36770157362566447,
        0.25601908280008784,
        0.06695263563009993,
        0.23437974603211256,
        0.3033499073794771,
        0.8934105232044384,
        0.042895587343769755,
        -0.4221572760295547,
        -0.5330115701828273,
        0.06692786558595895
      ],
      [
        -0.20507730703939622,
        -0.10383931504492133,
        0.06633582519497985,
        0.35758613063361067,
        0.500934392657956,
        0.023048439712465008,
        0.13311322720521948,
        -0.33780613046390645,
        -0.41867073617608924,
        -0.10422247037353381,
        0.1609478925904854,
        0.3922362674187733,
        0.23582017582397338,
        0.5915981091558817,
        -0.07446293274571003,
        -0.29623594160425615
      ],
      [
        -0.24127919055809297,
        -0.1813065161339383,
        1.2943394478102737,
        0.17958584068875602,
        0.2254159898339231,
        -0.42059045870688966,
        -0.16810002930835619,
        0.3786711613418265,
        -0.0391594744145226,
        -0.05615369999536616,
        -0.37150751807117793,
        -0.16901758159419242,
        -0.08423568490773595,
        -0.35574212533856153,
        -0.4456125567118863,
        0.04314697943052987
      ],
      [
        0.3947728141026087,
        0.03999790339335956,
        0.7325624331740119,
        0.45638904539548836,
        0.34229412432654316,
        -0.140013038844169,
        -0.5037250902353514,
        0.559005597330333,
        0.10718910961540337,
        0.33797592953749034,
        -0.16200198490835382,
        -0.5866528898948375,
        -0.3125296146339572,
        0.3633912986610629,
        0.30478826706384277,
        -0.04487980332065016
      ],
      [
        -0.09579683028399694,
        0.36536107306055055,
        -0.3412640147480271,
        -0.32811111901069967,
        -0.0009765886054901782,
        0.056742646826248896,
        -0.001280466680017824,
        0.2505186199985708,
        0.07786459363833402,
        0.3660693819332959,
        -0.08925823929940338,
        0.2552389307207038,
        -0.5472326086721725,
        -0.11204974106629445,
        -0.21080756757321778,
        -0.304703265105907
      ],
      [
        -0.2195380917321877,
        -0.08353086017520302,
        0.16447304135184815,
        -0.43602754370663405,
        -0.15415041412914696,
        0.034351569207751655,
        -0.08191827359049021,
        0.5420688009558502,
        0.12799981568958213,
        0.34854844346555264,
        -0.15053088583731483,
        -0.07973142051618648,
        -0.09065428763454164,
        -0.039245942765959566,
        0.04414333961342776,
        -0.27109701805834163
      ],
      [
        0.022622445406968554,
        0.057057082534726286,
        0.5809915637056138,
        0.3908891296166104,
        -0.33466705309801836,
        0.044699605268565666,
        -0.3658605004592508,
        0.07085775498140254,
        0.0740044682265356,
        0.31211259267570873,
        -0.26619930895453187,
        -0.09284593571583205,
        -0.5628394449954762,
        -0.11556908557405064,
        -0.2656036029648908,
        -0.13235985684151844
      ],
      [
        -0.21921519454189706,
        -0.023565638563139247,
        -0.4878090435170241,
        -0.4450833345515548,
        0.41095556254876114,
        -0.20531019966264802,
        -0.2741963946136599,
        0.677762890552603,
        0.7213700096390522,
        -0.2822424697526851,
        -0.17599058871563747,
        0.1560795620362443,
        0.4061572235405855,
        -0.32161687504488295,
        -0.061319461485527436,
        0.194334394015436
      ],
      [
        0.10832311197429172,
        -0.09403901780752481,
        0.010416263862976088,
        -0.26516718164495395,
