{
  "labels": [
    "Classical Archaeology",
    "Historical Archaeology",
    "Prehistoric Archaeology",
    "engineering"
  ],
  "feature_extractor": {
    "max_features": 32,
    "vocabulary": {
      "prehistoric": 23,
      "archaeology": 9,
      "core": 17,
      "anthropology": 4,
      "broader": 10,
      "studying": 30,
      "historical": 20,
      "principles": 25,
      "analysis": 2,
      "apply": 8,
      "experiments": 19,
      "solve": 28,
      "common": 13,
      "contemporary": 15,
      "applications": 6,
      "academic": 0,
      "settings": 26,
      "prehistoric archaeology": 24,
      "core concept": 18,
      "concept archaeology": 14,
      "anthropology broader": 5,
      "analysis relationships": 3,
      "solve practical": 29,
      "contemporary applications": 16,
      "applications academic": 7,
      "academic professional": 1,
      "classical": 11,
      "classical archaeology": 12,
      "historical archaeology": 21,
      "indigenous": 22,
      "water": 31,
      "skipping": 27
    },
    "idf": [
      1.2231435513142097,
      1.2231435513142097,
      1.2231435513142097,
      1.2231435513142097,
      1.2231435513142097,
      1.2231435513142097,
      1.2231435513142097,
      1.2231435513142097,
      1.2231435513142097,
      1.2231435513142097,
      1.2231435513142097,
      1.916290731874155,
      1.916290731874155,
      1.2231435513142097,
      1.2231435513142097,
      1.2231435513142097,
      1.2231435513142097,
      1.2231435513142097,
      1.2231435513142097,
      1.0,
      1.0,
      1.916290731874155,
      1.916290731874155,
      1.916290731874155,
      1.916290731874155,
      1.0,
      1.2231435513142097,
      1.916290731874155,
      1.2231435513142097,
      1.2231435513142097,
      1.2231435513142097,
      1.916290731874155
    ]
  },
  "scope": "archaeology",
  "grade": "preschool"
}