{
  "layer_sizes": [
    32,
    16,
    4
  ],
  "learning_rate": 0.3,
  "seed": 42,
  "output_activation": "softmax",
  "weights": [
    [
      [
        0.07617926993860784,
        -0.2599960265601239,
        0.13214041337513796,
        0.22981792798404152,
        -0.5426182601428094,
        -0.3255448767155795,
        0.03196010079182134,
        0.14340445827239356,
        -0.1707167394035949,
        0.07679850409528141,
        -0.002546796284990269,
        0.13029144266715093,
        0.007330651931149607,
        0.22628494162797516,
        0.36332116743767157,
        -0.21482311572080956
      ],
      [
        0.09218769602062471,
        -0.23972065020724972,
        0.25705791037576453,
        -0.03841796964329322,
        -0.031255216911118475,
        -0.17023238610098534,
        0.30563533466850756,
        -0.028436089027008074,
        -0.027774728032207943,
        -0.10531082428204419,
        0.23793618261468905,
        0.101059375234733,
        0.14536656360575254,
        0.10770525075197068,
        0.508292409459968,
        -0.1016037540961539
      ],
      [
        -0.12806068226788433,
        -0.20344318206196943,
        0.1914401906928204,
        0.25630658128349293,
        -0.013526490438522087,
        -0.210039119240632,
        -0.2061203039228099,
        0.17284447844636774,
        0.2651207703094294,
        0.1185111304163119,
        -0.0615185405958217,
        0.06773868991039332,
        0.07135486299193754,
        0.05467214918225324,
        0.19073770372940016,
        0.05589888719367057
      ],
      [
        0.16972839076797372,
        0.016894767372222865,
        0.10972518472144249,
        0.13188556456290512,
        -0.3493285809887201,
        -0.07991780408932533,
        -0.11759316357319888,
        -0.149523180570643,
        0.010521664701897903,
        0.35645789114861215,
        -0.11159889269695893,
        0.2517679477915835,
        -0.37853403219719584,
        -0.08372125749644371,
        0.01356877551860409,
        0.14655558283981954
      ],
      [
        0.17780664494821374,
        0.1983368087999813,
        -0.04973593301316293,
        -0.14152444006287176,
        0.2294543442894851,
        -0.04782608122040372,
        -0.31892158083448047,
        -0.27312552201067763,
        -0.150555843991834,
        0.1070127493534542,
        0.14046532024399322,
        0.18231969766065542,
        -0.06462975087737811,
        0.03963492276917856,
        0.12927810773418688,
        -0.0773366349300596
      ],
      [
        0.11419380938935286,
        -0.16548148526666281,
        -0.05331812659232147,
        -0.12137096539631229,
        -0.2839995374220634,
        0.12174312019639545,
        -0.11735058505068097,
        0.013319811172114324,
        0.19949389223504607,
        0.09435535734749922,
        0.2712051634695485,
        -0.014923011983642532,
        -0.06364116730428299,
        -0.019929552726599763,
        -0.4489530992471549,
        -0.3617781181057718
      ],
      [
        -0.3306749030886006,
        -0.24931170690037044,
        0.13738889172980565,
        -0.2523062557367452,
        -0.07958026453465077,
        0.32480707444651635,
        -0.08906599276535648,
        0.1945751736069641,
        -0.15409719249390041,
        -0.06863682612689433,
        -0.13264662750129344,
        -0.0750599098314272,
        0.2522604450711044,
        -0.43183010579808717,
        0.081486420128817,
        0.05943390058306947
      ],
      [
        -0.1485374889241986,
        -0.36151446359711364,
        -0.062220136340911926,
        -0.15427243220264839,
        0.09470143488714401,
        0.00546303638086072,
        0.40044472283022886,
        -0.12576293779866474,
        -0.22235246570325096,
        0.03219675165772197,
        0.11033353171777374,
        0.6696123287531646,
        0.24132982779802056,
        0.08197390570189705,
        0.37580491585844245,
        -0.2971907635807127
      ],
      [
        -0.15993788318743693,
        -0.23164398535138123,
        -0.29603685502674626,
        -0.3441715368890772,
        0.21907095082497513,
        -0.055555674274693344,
        -0.36770157362566447,
        -0.45181510164234073,
        0.05999519781255275,
        0.13989749104342916,
        0.4965368099598015,
        1.3613326593122745,
        0.10218727676840743,
        -0.24738453000796604,
        -0.5330115701828273,
        0.06692786558595895
      ],
      [
        -0.2032352738275815,
        -0.10383931504492133,
        -0.3516086040027563,
        -0.035197721604096316,
        0.326778271818285,
        0.039262141861336156,
        -0.039658709259672076,
        -0.45683376954690824,
        -0.4370540002260855,
        -0.19121112819849886,
        -0.01609155066772529,
        1.074849521205413,
        0.031153548817629856,
        0.2456848777557644,
        -0.12482389963478802,
        -0.29623594160425615
      ],
      [
        -0.24127919055809297,
        -0.1813065161339383,
        0.6070081032066834,
        -0.25721965359955656,
        0.23954304888447955,
        -0.2257317945217566,
        0.23289325321856102,
        0.11663030450685075,
        0.11945498060261504,
        -0.0447455048538321,
        0.04602084859535628,
        0.1309147686579469,
        -0.029379048671684064,
        -0.30640144094181204,
        -0.37372337509519943,
        0.04314697943052987
      ],
      [
        0.3947728141026087,
        0.03999790339335956,
        -0.08513196710394705,
        0.06613328378687378,
        0.2716409724473561,
        0.054845625340964085,
        -0.10273180770843429,
        0.4990372838732613,
        -0.05932734041211936,
        0.6739984839876745,
        -0.1765876806952209,
        -0.37027379912021113,
        -0.35121682227057055,
        0.3572066229437793,
        0.6773602620704845,
        -0.04487980332065016
      ],
      [
        -0.09579683028399694,
        0.36536107306055055,
        -0.33223380608734837,
        -0.22900500585271855,
        0.10597223569291095,
        -0.0986512807148974,
        -0.001280466680017824,
        0.18160438172716106,
        -0.0821228128277893,
        0.6419299513171057,
        -0.19975006327526107,
        0.09682815712912833,
        -0.52172004771691,
        -0.0677049605965625,
        0.0356362643014425,
        -0.304703265105907
      ],
      [
        -0.2195380917321877,
        -0.08353086017520302,
        0.15963515361840772,
        -0.3382522433270934,
        -0.060916455575583346,
        -0.12104235833339462,
        -0.08191827359049021,
        0.5287708392740125,
        -0.07361670328342185,
        0.6969238843465313,
        -0.31662178231334687,
        -0.25418132940528343,
        -0.06743598229406789,
        -0.00878250232473588,
        0.352198129456753,
        -0.27109701805834163
      ],
      [
        0.022622445406968554,
        0.057057082534726286,
        1.033681004026793,
        0.306673046853606,
        -0.1998834768875294,
        -0.07184584038729402,
        -0.3658605004592508,
        -0.6700294803063684,
        -0.048798411204898785,
        0.36767748434816844,
        0.9158426627735815,
        -0.6028802109835334,
        -0.5368222574346637,
        -0.04066648013622692,
        -0.2656036029648908,
        -0.13235985684151844
      ],
      [
        -0.21921519454189706,
        -0.023565638563139247,
        -0.41049877526784956,
        -0.36676131134774764,
        0.5523544701584391,
        -0.32185564531850774,
        -0.2741963946136599,
        1.243399221320903,
        1.369350106951782,
        -0.397745358195348,
        -0.5304031161453575,
        -0.04735713931872835,
        0.6979433500200554,
        -0.24671426960705936,
        -0.2312711527197683,
        0.194334394015436
      ],
      [
        0.10869151861665466,
        -0.09403901780752481,
        0.003989593919936143,
