{
  "layer_sizes": [
    32,
    16,
    4
  ],
  "learning_rate": 0.3,
  "seed": 42,
  "output_activation": "softmax",
  "weights": [
    [
      [
        0.07617926993860784,
        -0.29816812565508694,
        0.1652674301312488,
        0.29046079559095,
        -0.4404447101003292,
        -0.35314440090105575,
        0.03196010079182134,
        -0.0888088182250438,
        0.05292343573259144,
        -0.2026477235620961,
        0.26774315522550957,
        0.18005964165948732,
        0.05387410800895595,
        0.3492922363645978,
        0.1109451088630284,
        -0.21482311572080956
      ],
      [
        0.09218769602062471,
        -0.0005323747788471447,
        0.22070763336338728,
        -0.07485855375833331,
        -0.14624657586545403,
        0.025540068350524976,
        0.300961275057691,
        -0.03239170159373708,
        -0.18267459058473343,
        -0.0880333876220574,
        0.05419777397337611,
        0.13846902030716035,
        0.06878682377262461,
        0.027197906365536498,
        0.5354119002176153,
        -0.1016037540961539
      ],
      [
        -0.12806068226788433,
        -0.24161528115693245,
        0.1316494868235084,
        0.33756268967336944,
        0.01882722264941123,
        -0.23763864342610813,
        -0.2061203039228099,
        0.15290002681702702,
        0.24293726790952416,
        0.14640182540759766,
        -0.1184837653123711,
        0.04365198856893019,
        0.06653788590383397,
        0.12215408380484283,
        0.21192496778706446,
        0.05589888719367057
      ],
      [
        0.16972839076797372,
        -0.021277331722740087,
        0.049934480852130536,
        0.21314167295278164,
        -0.3169748679007867,
        -0.10751732827480145,
        -0.11759316357319888,
        -0.16946763219998373,
        -0.011661837698007304,
        0.3843485861398977,
        -0.1685641174135083,
        0.22768124645012044,
        -0.3833510092852994,
        -0.0162393228738541,
        0.0347560395762684,
        0.14655558283981954
      ],
      [
        0.17780664494821374,
        0.1601647097050183,
        -0.1095266368824749,
        -0.060268331672995244,
        0.26180805737741847,
        -0.07542560540587985,
        -0.31892158083448047,
        -0.29306997364001847,
        -0.17273934639173924,
        0.13490344434473994,
        0.08350009552744385,
        0.1582329963191923,
        -0.06944672796548164,
        0.10711685739176814,
        0.15046537179185118,
        -0.0773366349300596
      ],
      [
        0.11419380938935286,
        -0.1550835559493077,
        -0.10884178260095397,
        -0.06105737749626953,
        -0.27767765084997675,
        0.13323276345178983,
        -0.11816362445245715,
        -0.0037606915134048937,
        0.15373992875696452,
        0.12030982812984664,
        0.1917816147510763,
        -0.028190480058656667,
        -0.08125821389849684,
        0.021237326566401853,
        -0.42668359252744736,
        -0.3617781181057718
      ],
      [
        -0.3306749030886006,
        -0.010123431471967861,
        0.10103861471742827,
        -0.2887468398517853,
        -0.19457162348898632,
        0.5205795288980265,
        -0.09374005237617299,
        0.19061956104023509,
        -0.3089970550464258,
        -0.051359389466907504,
        -0.31638503614260655,
        -0.037650264758999796,
        0.17568070523797633,
        -0.512337450184521,
        0.10860591088646433,
        0.05943390058306947
      ],
      [
        -0.1485374889241986,
        -0.3996865626920767,
        -0.004312991891898121,
        -0.07705356077280409,
        0.10548313990180598,
        -0.022136487804615444,
        0.40044472283022886,
        -0.06958707700740432,
        -0.19875064804680267,
        0.055432167070377854,
        0.10289283250274385,
        0.3254085516123592,
        0.24614424509729654,
        0.156699699409967,
        0.35989349610490745,
        -0.2971907635807127
      ],
      [
        -0.15993788318743693,
        -0.26981608444634425,
        -0.1197978196093075,
        -0.28885192039593066,
        0.20610182376673114,
        -0.08315519846016947,
        -0.36770157362566447,
        -0.2636429404410337,
        0.1355021869712125,
        0.2201449003048942,
        0.5470763844327492,
        0.7140772743040826,
        0.140968791937651,
        -0.17990259538537637,
        -0.5389437968828102,
        0.06692786558595895
      ],
      [
        -0.2032352738275815,
        0.3745372358118837,
        -0.15083408369181378,
        -0.1599518736276365,
        0.06643308773863314,
        0.4308070507643567,
        -0.04900682848130511,
        -0.246432100359526,
        -0.5698560062640023,
        -0.12157697726833272,
        -0.17120468253450236,
        0.5361984868272524,
        -0.036224027884523516,
        0.08467018898289602,
        -0.12482389963478802,
        -0.29623594160425615
      ],
      [
        -0.24127919055809297,
        -0.1699439105552278,
        0.43687798103784614,
        0.21072025198550712,
        0.23984422594336724,
        -0.28712320149375953,
        0.23289325321856102,
        0.047495118203728995,
        -0.34650880973302445,
        0.3225739744113262,
        -0.33809105548301066,
        0.14603025319654986,
        -0.18050965598384283,
        0.3659431432474261,
        -0.3194843935799048,
        0.04314697943052987
      ],
      [
        0.3947728141026087,
        0.05136050897207011,
        -0.1248990335984155,
        0.4875234566922393,
        0.356722360435987,
        -0.006545781631038758,
        -0.10273180770843429,
        0.22782955419223544,
        -0.20016022570309855,
        0.716703603944183,
        -0.12858552232018652,
        -0.27160505510409527,
        -0.4088035857100641,
        1.0850765672470501,
        0.43091643019582426,
        -0.04487980332065016
      ],
      [
        -0.09579683028399694,
        0.6842787736317538,
        -0.2753013431287798,
        -0.30685118942131684,
        0.027457052033409285,
        0.16237865855378297,
        -0.007512546161106496,
        -0.03253983273317688,
        -0.016396542858875388,
        0.3518704653284292,
        -0.08252646982784509,
        0.2237953706074023,
        -0.5584047974262523,
        -0.11952272633110834,
        -0.21080756757321778,
        -0.304703265105907
      ],
      [
        -0.2195380917321877,
        0.2353868403960004,
        0.23043571297109544,
        -0.41476761411725127,
        -0.12571677349024746,
        0.1399875809352857,
        -0.08815035307157892,
        0.2590103482241023,
        0.03373867919237275,
        0.3343495268606859,
        -0.1437991163657566,
        -0.111174980629488,
        -0.10182647638862154,
        -0.046718928030773495,
        0.04414333961342776,
        -0.27109701805834163
      ],
      [
        0.022622445406968554,
        -0.1991687838950144,
        0.5845746084607626,
        -0.12441699401982621,
        0.3880269399388136,
        -0.07184584038729402,
        -0.3658605004592508,
        -0.1600236991571912,
        0.33823970258341496,
        0.18484673467419066,
        0.5918153987100413,
        -0.2070965458537855,
        -0.5100866106891084,
        -0.04789220374178761,
        -0.2656036029648908,
        -0.13235985684151844
      ],
      [
        -0.21921519454189706,
        -0.27979150499287997,
        -0.48422599876187533,
        -0.9603894581879913,
        1.1336495555855934,
        -0.32185564531850774,
        -0.2741963946136599,
        0.44688143641400896,
        0.9856052439959313,
        -0.40950832775420304,
        0.6820241189489358,
        0.04182895189829102,
        0.45891005784695305,
        -0.25393999321262006,
        -0.061319461485527436,
        0.194334394015436
      ],
      [
        0.10869151861665466,
        -0.16677856483394285,
        -0.07814647876974128,
