{
  "layer_sizes": [
    32,
    16,
    4
  ],
  "learning_rate": 0.3,
  "seed": 42,
  "output_activation": "softmax",
  "weights": [
    [
      [
        0.07617926993860784,
        -0.3090745304991469,
        0.21369641659291522,
        0.35430022814698414,
        -0.42932043709940276,
        -0.41206825166209127,
        0.03196010079182134,
        -0.08333406625501345,
        0.028916224579182147,
        -0.1945683529403536,
        0.21399983912569767,
        0.22338363733657352,
        0.01650767439030401,
        0.36600559870852123,
        0.19706692391414055,
        -0.21482311572080956
      ],
      [
        0.09218769602062471,
        -0.28879915414627283,
        0.24569619296811904,
        0.10667757130261737,
        0.01222276917774121,
        -0.2567557610474971,
        0.30563533466850756,
        -0.04290578868631851,
        -0.0739654415855224,
        -0.06934075866901605,
        0.1272276417983277,
        0.12029666957035602,
        0.1031831528989971,
        0.19190054771848364,
        0.6156014885687447,
        -0.1016037540961539
      ],
      [
        -0.12806068226788433,
        0.24239978648857116,
        -0.11347837853315053,
        0.38386865476414034,
        -0.3065712549990491,
        0.0824833826808317,
        -0.2061203039228099,
        0.11762129193362653,
        -0.015362030738683032,
        0.011651907434520492,
        -0.2212880817319487,
        0.4745083831343333,
        0.029171452285182056,
        0.27123160665485846,
        0.6435038103098747,
        0.05589888719367057
      ],
      [
        0.16972839076797372,
        0.05012341331534467,
        0.0906261501087299,
        0.20210810981738625,
        -0.36252706862091666,
        -0.06765736386565184,
        -0.11759316357319888,
        -0.163213261430931,
        -0.05860751047141999,
        0.3828672826528638,
        -0.22925431876994645,
        0.26343949021962,
        -0.4207174429039512,
        -0.05874569237614145,
        0.07937022202285851,
        0.14655558283981954
      ],
      [
        0.17780664494821374,
        0.149258304860958,
        -0.06109765042080849,
        0.00357110088303882,
        0.2729323303783448,
        -0.1343494561669155,
        -0.31892158083448047,
        -0.28759522166998835,
        -0.19674655754514855,
        0.14298281496648238,
        0.029756779427631854,
        0.2015569919962785,
        -0.10681316158413356,
        0.12383021973569153,
        0.23658718684296334,
        -0.0773366349300596
      ],
      [
        0.11419380938935286,
        -0.2145599892056861,
        -0.06467984399996705,
        0.023724575549598365,
        -0.2405215513332035,
        0.035219745249883715,
        -0.11735058505068097,
        -0.0011498884871961172,
        0.15330317868173152,
        0.13032542296052743,
        0.1604966226531871,
        0.0043142823519805125,
        -0.10582457801103844,
        0.06426574423991323,
        -0.34164402013837825,
        -0.3617781181057718
      ],
      [
        -0.3306749030886006,
        -0.2983902108393935,
        0.12602717432216007,
        -0.10721071479083456,
        -0.03610227844579106,
        0.2382836995000046,
        -0.08906599276535648,
        0.18010547394765367,
        -0.20028790604721494,
        -0.032666760513866154,
        -0.24335516831765477,
        -0.055822615495804175,
        0.21007703436434888,
        -0.34763480883157416,
        0.18879549923759345,
        0.05943390058306947
      ],
      [
        -0.1485374889241986,
        -0.41059296753613667,
        0.04411599456976829,
        -0.013214128216769967,
        0.11660741290273231,
        -0.08106033856565102,
        0.40044472283022886,
        -0.06411232503737398,
        -0.22275785920021188,
        0.06351153769212038,
        0.049149516402931824,
        0.36873254728944566,
        0.20877781147864463,
        0.17341306175389026,
        0.44601531115601967,
        -0.2971907635807127
      ],
      [
        -0.15993788318743693,
        -0.2807224892904044,
        -0.0713688331476411,
        -0.22501248783989652,
        0.21722609676765747,
        -0.14207904922120512,
        -0.36770157362566447,
        -0.2581681884710036,
        0.11149497581780321,
        0.2282242709266367,
        0.4933330683329372,
        0.7574012699811684,
        0.1036023583189991,
        -0.16318923304145308,
        -0.45282198183169786,
        0.06692786558595895
      ],
      [
        -0.2032352738275815,
        -0.1529178189839446,
        -0.1269405821236511,
        0.0839613274450843,
        0.32493341776096724,
        -0.047261233085175575,
        -0.039658709259672076,
        -0.2631868563755711,
        -0.3855542222208347,
        -0.10288434831529138,
        -0.01929529229458958,
        0.47091813187430726,
        0.03256863036822146,
        0.3298801747222774,
        -0.044634311283658815,
        -0.29623594160425615
      ],
      [
        -0.24127919055809297,
        -0.2303850200729616,
        0.5582010507500919,
        -0.0861876207569159,
        0.2680606609981425,
        -0.31225516946826826,
        0.23289325321856102,
        0.09196432335734789,
        -0.006042960459268261,
        0.008501997419182861,
        -0.16954657844735707,
        0.14045370384985653,
        -0.113745870085195,
        -0.22220614397529914,
        -0.23929480522877566,
        0.04314697943052987
      ],
      [
        0.3947728141026087,
        -0.2064487523994121,
        -0.20441585009126884,
        -0.07042153188443832,
        0.8306969397052804,
        0.054845625340964085,
        -0.10273180770843429,
        0.30690255574107306,
        0.16803907073532215,
        0.5608705347255065,
        0.04580860930547653,
        -0.41901569199304345,
        -0.34203979981141625,
        0.5479198503363658,
        0.5386220567067791,
        -0.04487980332065016
      ],
      [
        -0.09579683028399694,
        0.1189144172677789,
        -0.4515176890746703,
        -0.36555982152403066,
        0.6650282029508353,
        -0.0986512807148974,
        -0.001280466680017824,
        -0.010530346405027301,
        0.1452435983196521,
        0.5288020020549377,
        0.022646226725436387,
        0.04808626425629605,
        -0.5125430252577556,
        0.12300826679602396,
        -0.10310194106226295,
        -0.304703265105907
      ],
      [
        -0.2195380917321877,
        -0.32997751596797464,
        0.05421936702520514,
        -0.473476246219965,
        0.5118543774271788,
        -0.12104235833339462,
        -0.08191827359049021,
        0.281019834552252,
        0.1953788203709003,
        0.5112810635871942,
        -0.03862641981247512,
        -0.28688408698059426,
        -0.05596470422012488,
        0.19581206509635876,
        0.15184896612438245,
        -0.27109701805834163
      ],
      [
        0.022622445406968554,
        -0.007288549617149375,
        1.2840080419997542,
        0.8216498698381152,
        -0.35128740753247967,
        -0.34889527050214614,
        -0.3658605004592508,
        -0.14767675349087162,
        0.35123342529280555,
        0.3519814025175897,
        -0.21071131915689914,
        -0.4150713151662909,
        -0.5368222574346637,
        -0.2590907837431314,
        -0.6166844967341761,
        -0.13235985684151844
      ],
      [
        -0.21921519454189706,
        0.009663007379982564,
        -0.42108579740292373,
        -0.3224752579899965,
        0.5340736643500743,
        -0.3095952050948344,
        -0.2741963946136599,
        0.45573458271023304,
        0.7364448446453523,
        -0.2837597023620706,
        -0.10485877904364327,
        0.10675878930687707,
        0.4321744111013981,
        -0.22173870448675717,
        -0.022637505738920368,
        0.194334394015436
      ],
      [
        0.10869151861665466,
        0.21881128949820658,
        0.052318228809384214,
