{
  "labels": [
    "Quantum Algorithms",
    "Quantum Error Correction",
    "Quantum Hardware",
    "mathematics"
  ],
  "feature_extractor": {
    "max_features": 32,
    "vocabulary": {
      "quantum": 16,
      "algorithms": 2,
      "core": 9,
      "computing": 6,
      "computer": 5,
      "science": 26,
      "requires": 24,
      "relationships": 22,
      "problems": 15,
      "vocabulary": 29,
      "techniques": 27,
      "questions": 20,
      "applications": 3,
      "academic": 0,
      "quantum algorithms": 17,
      "core concept": 10,
      "computing computer": 7,
      "relationships neighboring": 23,
      "researchers practitioners": 25,
      "vocabulary foundational": 30,
      "common techniques": 4,
      "questions contemporary": 21,
      "contemporary applications": 8,
      "academic professional": 1,
      "error": 12,
      "correction": 11,
      "quantum error": 18,
      "error correction": 13,
      "hardware": 14,
      "quantum hardware": 19,
      "wise": 31,
      "transforms": 28
    },
    "idf": [
      1.2231435513142097,
      1.2231435513142097,
      1.5108256237659907,
      1.0,
      1.2231435513142097,
      1.2231435513142097,
      1.2231435513142097,
      1.2231435513142097,
      1.2231435513142097,
      1.2231435513142097,
      1.2231435513142097,
      1.916290731874155,
      1.916290731874155,
      1.916290731874155,
      1.916290731874155,
      1.0,
      1.0,
      1.5108256237659907,
      1.916290731874155,
      1.916290731874155,
      1.2231435513142097,
      1.2231435513142097,
      1.2231435513142097,
      1.2231435513142097,
      1.2231435513142097,
      1.2231435513142097,
      1.2231435513142097,
      1.0,
      1.916290731874155,
      1.2231435513142097,
      1.2231435513142097,
      1.916290731874155
    ]
  },
  "scope": "quantum_computing",
  "grade": "preschool"
}