{
  "layer_sizes": [
    32,
    16,
    4
  ],
  "learning_rate": 0.3,
  "seed": 42,
  "output_activation": "softmax",
  "weights": [
    [
      [
        0.074923224655165,
        -0.22483770558080463,
        0.1747602357618169,
        0.4922964626129735,
        -0.3932396586210799,
        -0.3255448767155795,
        0.023503802542210017,
        -0.10161377071675076,
        0.1130908858142527,
        -0.23544678568002547,
        0.33814903977922717,
        0.21335735299090264,
        0.06464607466362546,
        0.2818103017420082,
        0.08503649777501343,
        -0.21482311572080956
      ],
      [
        0.09218769602062471,
        -0.23972065020724972,
        0.3082767915642506,
        -0.36056029493222813,
        -0.2818359586344466,
        -0.17023238610098534,
        0.30563533466850756,
        0.06601496912022062,
        -0.2535654959419073,
        0.22081148042234092,
        -0.11272171559962299,
        0.028412658404708534,
        0.08621132280419234,
        0.041282745641186745,
        1.1447820845576488,
        -0.1016037540961539
      ],
      [
        -0.12806068226788433,
        -0.20344318206196943,
        0.17932748885456895,
        0.18279198255574716,
        -0.09580696948461348,
        -0.210039119240632,
        -0.2061203039228099,
        0.19254743685258138,
        0.14396110268625187,
        0.22402995794612682,
        -0.23660571596159077,
        0.04005508571344823,
        0.02432235797238069,
        0.03569429057917212,
        0.39196296144134274,
        0.05589888719367057
      ],
      [
        0.16972839076797372,
        0.016894767372222865,
        0.09339037734807519,
        0.07494614760590533,
        -0.42038904252299547,
        -0.07991780408932533,
        -0.11759316357319888,
        -0.13480342881383042,
        -0.10366259623551158,
        0.4472698202001223,
        -0.27498135320615846,
        0.22708188443684377,
        -0.4247583548312857,
        -0.09953613966567798,
        0.1857764054048308,
        0.14655558283981954
      ],
      [
        0.1771786223064923,
        0.21591596928964094,
        -0.0936075496570081,
        0.012989693591443268,
        0.26175353958547826,
        -0.04782608122040372,
        -0.32314972995928615,
        -0.2945983648162976,
        -0.1712174839052403,
        0.11319728412012578,
        0.09475620704940138,
        0.18207602308377485,
        -0.08274396144747288,
        0.03963492276917856,
        0.14047717959783515,
        -0.0773366349300596
      ],
      [
        0.11025813408306587,
        -0.16964296689175273,
        -0.6008123631539056,
        0.9653617395286631,
        -0.47759835499195047,
        0.12174312019639545,
        -0.11735058505068097,
        -0.3454401894795095,
        0.33735775463568657,
        0.07068012183587909,
        0.1992471016623483,
        -0.16965069219667495,
        -0.19114936802074203,
        -0.019929552726599763,
        -0.3573683735921147,
        -0.3617781181057718
      ],
      [
        -0.331302925730322,
        -0.2317325464107108,
        0.09351727508596044,
        -0.09779212208243009,
        -0.04728106923865771,
        0.32480707444651635,
        -0.09329414189016215,
        0.17310233080134396,
        -0.17475883240730672,
        -0.06245229136022271,
        -0.17835574069588525,
        -0.07530358440830784,
        0.23414623450100966,
        -0.43183010579808717,
        0.09268549199246534,
        0.05943390058306947
      ],
      [
        -0.14916551156592003,
        -0.34393530310745407,
        0.01160609533356868,
        -0.0037955355083655567,
        0.10542862210986573,
        0.00546303638086072,
        0.3962165737054232,
        -0.07111546818368364,
        -0.1972287855603037,
        0.03372600684576383,
        0.11414894402470134,
        0.349251578376942,
        0.2328470116153054,
        0.08921776478737733,
        0.34990530391089153,
        -0.2971907635807127
      ],
      [
        -0.15993788318743693,
        -0.14150798349865157,
        0.2729250166727236,
        -0.5452395860496243,
        0.5331282178550464,
        -0.055555674274693344,
        -0.38859199497317204,
        -0.034798317013679796,
        0.19691415175258736,
        0.18701143625333103,
        0.765490283953614,
        0.8895220646545529,
        0.289794405245556,
        -0.24738453000796604,
        -0.6624962402981605,
        0.06692786558595895
      ],
      [
        -0.2032352738275815,
        -0.12279370502982469,
        -0.42553269019419304,
        -0.38524193035021354,
        0.9040223797142386,
        0.039262141861336156,
        -0.039658709259672076,
        -0.2840944545687198,
        -0.4612225533016742,
        -0.12554116200664941,
        0.46245455226418375,
        0.6140143043749369,
        0.28370119543439615,
        0.2456848777557644,
        -0.10624597189871836,
        -0.29623594160425615
      ],
      [
        -0.24127919055809297,
        -0.04802603699519433,
        1.2744027773503441,
        -0.11033178610010916,
        0.04689841308656132,
        -0.2257317945217566,
        0.20639640263339035,
        0.3993148275728921,
        0.1537398350751267,
        -0.034790472201776175,
        -0.3018197403135994,
        0.1437659070016508,
        -0.12871743267600905,
        -0.30640144094181204,
        -0.5022972067710465,
        0.04314697943052987
      ],
      [
        0.3947728141026087,
        0.03999790339335956,
        -0.008549053851891456,
        -0.011419373953094048,
        0.27040034786762734,
        0.054845625340964085,
        -0.10273180770843429,
        0.30148821076197724,
        0.07231207618656274,
        0.4574734903905213,
        -0.012714964977371134,
        -0.32110496214115153,
        -0.34608071173875077,
        0.3969171008885781,
        0.5760045693244038,
        -0.04487980332065016
      ],
      [
        -0.09579683028399694,
        0.36536107306055055,
        -0.2514287873001769,
        -0.32313284536343206,
        0.0935115936013664,
        -0.0986512807148974,
        -0.001280466680017824,
        -0.010961484734722098,
        0.042541197085124695,
        0.44011185619825743,
        -0.04758206241398081,
        0.14299945326598276,
        -0.5173921195705571,
        -0.03115745908561061,
        -0.03670180061892246,
        -0.304703265105907
      ],
      [
        -0.22005154139314256,
        -0.06915874459582427,
        0.22592499912099298,
        -0.2351271496734095,
        0.04044059713043061,
        -0.12104235833339462,
        -0.08537506255059446,
        0.24407057250599495,
        0.17883541329850464,
        0.33295502242996067,
        0.003624389670468958,
        -0.16782006992616166,
        -0.03670829906345122,
        0.058973625500548806,
        0.04626995595535954,
        -0.27109701805834163
      ],
      [
        0.022622445406968554,
        0.057057082534726286,
        0.6547011425941752,
        0.36976006219594204,
        -0.2806309427105998,
        -0.07184584038729402,
        -0.3658605004592508,
        -0.11777751359446559,
        0.037048810782976414,
        0.38970479609188663,
        -0.2524992485753193,
        -0.18152185507018084,
        -0.5416713517474652,
        -0.05964433873930804,
        -0.09149783601059551,
        -0.13235985684151844
      ],
      [
        -0.21972864420285193,
        -0.019084709988754105,
        -0.5824856996357838,
        -0.4616074885313233,
        0.8919276354419731,
        -0.32185564531850774,
        -0.2776531835737642,
        0.4420694432586474,
        0.7447279863673303,
        -0.28868016795285495,
        0.19242502605494477,
        0.17976357299185122,
        0.5820604636894339,
        -0.2500154142415726,
        -0.03435550977995976,
        0.194334394015436
      ],
      [
        0.10869151861665466,
        -0.09403901780752481,
        -0.008123107918315286,
