{
  "labels": [
    "Baroque",
    "Classical Music",
    "Classical Period",
    "engineering"
  ],
  "feature_extractor": {
    "max_features": 32,
    "vocabulary": {
      "classical": 8,
      "music": 15,
      "arts": 0,
      "broader": 6,
      "requires": 21,
      "studying": 29,
      "relationships": 19,
      "researchers": 23,
      "design": 13,
      "solve": 27,
      "awareness": 4,
      "settings": 26,
      "classical music": 9,
      "broader domain": 7,
      "requires studying": 22,
      "studying definitions": 30,
      "relationships neighboring": 20,
      "questions contemporary": 18,
      "baroque": 5,
      "period": 17,
      "classical period": 10,
      "audio": 1,
      "oscar": 16,
      "complex": 11,
      "scene": 24,
      "generation": 14,
      "text": 31,
      "speech": 28,
      "descriptions": 12,
      "audio oscar": 2,
      "audio scene": 3,
      "scene descriptions": 25
    },
    "idf": [
      1.2231435513142097,
      1.916290731874155,
      1.916290731874155,
      1.916290731874155,
      1.2231435513142097,
      1.916290731874155,
      1.2231435513142097,
      1.2231435513142097,
      1.5108256237659907,
      1.916290731874155,
      1.916290731874155,
      1.916290731874155,
      1.916290731874155,
      1.0,
      1.916290731874155,
      1.0,
      1.916290731874155,
      1.916290731874155,
      1.2231435513142097,
      1.2231435513142097,
      1.2231435513142097,
      1.2231435513142097,
      1.2231435513142097,
      1.2231435513142097,
      1.916290731874155,
      1.916290731874155,
      1.2231435513142097,
      1.2231435513142097,
      1.916290731874155,
      1.2231435513142097,
      1.2231435513142097,
      1.916290731874155
    ]
  },
  "scope": "music",
  "grade": "preschool"
}