{
  "labels": [
    "Ayurvedic Herbalism",
    "Panchakarma",
    "Yoga Therapy",
    "research"
  ],
  "feature_extractor": {
    "max_features": 32,
    "vocabulary": {
      "panchakarma": 15,
      "ayurveda": 2,
      "medicine": 13,
      "broader": 5,
      "health": 10,
      "sciences": 21,
      "requires": 18,
      "studying": 25,
      "key": 12,
      "analysis": 0,
      "relationships": 16,
      "researchers": 19,
      "common": 7,
      "broader domain": 6,
      "studying definitions": 26,
      "relationships neighboring": 17,
      "researchers practitioners": 20,
      "solve practical": 24,
      "common techniques": 8,
      "ayurvedic": 3,
      "herbalism": 11,
      "ayurvedic herbalism": 4,
      "yoga": 30,
      "therapy": 29,
      "yoga therapy": 31,
      "single": 23,
      "target": 27,
      "molecular": 14,
      "shds": 22,
      "associated": 1,
      "targets": 28,
      "disease": 9
    },
    "idf": [
      1.0,
      1.916290731874155,
      1.0,
      1.5108256237659907,
      1.916290731874155,
      1.2231435513142097,
      1.2231435513142097,
      1.2231435513142097,
      1.2231435513142097,
      1.916290731874155,
      1.0,
      1.916290731874155,
      1.0,
      1.2231435513142097,
      1.916290731874155,
      1.916290731874155,
      1.2231435513142097,
      1.2231435513142097,
      1.2231435513142097,
      1.2231435513142097,
      1.2231435513142097,
      1.2231435513142097,
      1.916290731874155,
      1.916290731874155,
      1.2231435513142097,
      1.2231435513142097,
      1.2231435513142097,
      1.916290731874155,
      1.916290731874155,
      1.916290731874155,
      1.916290731874155,
      1.916290731874155
    ]
  },
  "scope": "ayurveda",
  "grade": "preschool"
}