{
  "layer_sizes": [
    32,
    16,
    3
  ],
  "learning_rate": 0.3,
  "seed": 42,
  "output_activation": "softmax",
  "weights": [
    [
      [
        0.07617926993860784,
        -0.2624670351189948,
        0.23245219665998668,
        0.22161115337695667,
        -0.45921426157436307,
        -0.3255448767155795,
        0.03196010079182134,
        -0.00022021013146655756,
        0.010785094383108106,
        -0.21880945750416517,
        0.2257306108011231,
        0.2224674746332377,
        0.015325541816030738,
        0.2799174257746198,
        0.16356942637797212,
        -0.19253174892583785
      ],
      [
        0.09218769602062471,
        -0.2421916587661206,
        0.26445197303519036,
        -0.026011503467409793,
        -0.01767105529721926,
        -0.17023238610098534,
        0.30563533466850756,
        0.040208067437228455,
        -0.09209657178159655,
        -0.09358186323282754,
        0.13895841347375315,
        0.11938050686702024,
        0.10200102032472383,
        0.10581237478458229,
        0.5821039910325765,
        -0.07931238730118227
      ],
      [
        -0.12806068226788433,
        -0.20344318206196943,
        0.8282893895776675,
        0.02529142095475089,
        0.07354290077752744,
        -0.210039119240632,
        -0.2061203039228099,
        0.8330152718671611,
        0.3362779697591448,
        0.1762822223248577,
        -0.5224263046396173,
        0.21275856556639577,
        0.029171452285182056,
        0.05467214918225324,
        0.7488996484905027,
        -0.05410602533993846
      ],
      [
        0.16972839076797372,
        0.014423758813351993,
        0.11711924738086829,
        0.1442920307387883,
        -0.3357444193748206,
        -0.07991780408932533,
        -0.11759316357319888,
        -0.08087902410640639,
        -0.05380017904749067,
        0.3681868521978288,
        -0.2105766618378948,
        0.2700890794238707,
        -0.4218995754782245,
        -0.0856141334638321,
        0.08738035709121224,
        0.16884694963479124
      ],
      [
        0.17780664494821374,
        0.19586580024111044,
        -0.042341870353737196,
        -0.1291179738869886,
        0.2430385059033843,
        -0.04782608122040372,
        -0.31892158083448047,
        -0.20448136554644114,
        -0.2148776877412224,
        0.11874171040267087,
        0.041487551103057206,
        0.2006408292929427,
        -0.10799529415840683,
        0.03774204680179016,
        0.2030896893067949,
        -0.055045268135087984
      ],
      [
        0.11419380938935286,
        -0.16795249382553368,
        -0.04592406393289573,
        -0.10896449922042875,
        -0.2704153758081639,
        0.12174312019639545,
        -0.11735058505068097,
        0.08196396763635085,
        0.13517204848565756,
        0.10608431839671588,
        0.17222739432861256,
        0.0033981196486447293,
        -0.1070067105853117,
        -0.02182242869398816,
        -0.3751415176745465,
        -0.33948675131080025
      ],
      [
        -0.3306749030886006,
        -0.2517827154592413,
        0.14478295438923147,
        -0.239899789560862,
        -0.06599610292075157,
        0.32480707444651635,
        -0.08906599276535648,
        0.26321933007120063,
        -0.21841903624328882,
        -0.05690786507767764,
        -0.23162439664222934,
        -0.05673877819913998,
        0.2088949017900756,
        -0.4337229817654756,
        0.15529800170142502,
        0.08172526737804112
      ],
      [
        -0.1485374889241986,
        -0.36398547215598454,
        0.06287177463683957,
        -0.1459032029867974,
        0.08671358842777187,
        0.00546303638086072,
        0.40044472283022886,
        0.01900153108617292,
        -0.24088898939628586,
        0.039270433128308906,
        0.060880288078357186,
        0.36781638458610955,
        0.20759567890437136,
        0.08732488881998894,
        0.4125178136198514,
        -0.27489939678574116
      ],
      [
        -0.15993788318743693,
        -0.2341149939102521,
        -0.05261305308056975,
        -0.35770156260992386,
        0.18733227229269692,
        -0.055555674274693344,
        -0.36770157362566447,
        -0.17505433234745638,
        0.09336384562172907,
        0.20398316636282512,
        0.5050638400083626,
        0.7564851072778332,
        0.10242022574472583,
        -0.24927740597535444,
        -0.48631947936786635,
        0.08921923238093057
      ],
      [
        -0.2032352738275815,
        -0.10631032360379221,
        -0.10818480205657974,
        -0.04872774732494288,
        0.29503959328600693,
        0.039262141861336156,
        -0.039658709259672076,
        -0.18007300025202388,
        -0.403685352416909,
        -0.12712545287910287,
        -0.007564520619164204,
        0.47000196917097115,
        0.03138649779394819,
        0.24379200178837598,
        -0.07813180881982719,
        -0.2739445748092846
      ],
      [
        -0.24127919055809297,
        -0.18377752469280917,
        0.5769568308171636,
        -0.21887669552694333,
        0.23816683652318207,
        -0.2257317945217566,
        0.23289325321856102,
        0.1750781794808947,
        -0.024174090655342317,
        -0.015739107144628645,
        -0.15781580677193163,
        0.1395375411465207,
        -0.11492800265946827,
        -0.30829431690920045,
        -0.2727923027649439,
        0.06543834622550156
      ],
      [
        0.3947728141026087,
        0.03752689483448869,
        0.015179816180901591,
        0.05792650917978916,
        0.35504497101580224,
        0.054845625340964085,
        -0.10273180770843429,
        0.3554126154694011,
        0.12217449337458362,
        0.37839052238822785,
        0.05168972639089243,
        -0.27809776715412465,
        -0.34322193238568954,
        0.410839107090424,
        0.4776085210107852,
        -0.022588436525678508
      ],
      [
        -0.09579683028399694,
        0.36536107306055055,
        -0.2739337412584177,
        -0.2236817547389566,
        -0.2727458689554188,
        -0.0986512807148974,
        -0.001280466680017824,
        -0.4885906761377403,
        0.08439363719973339,
        0.27379926673274596,
        0.3523572035761858,
        0.6388409809486718,
        -0.5125430252577556,
        -0.02499927091186286,
        -0.26086685637295454,
        -0.304703265105907
      ],
      [
        -0.2195380917321877,
        -0.08353086017520302,
        0.23180331484145764,
        -0.331598179434891,
        -0.4259196944790757,
        -0.12104235833339462,
        -0.08191827359049021,
        -0.19704049518046113,
        0.13452885925098151,
        0.2562783282650027,
        0.29108455703827424,
        0.30387062971178147,
        -0.05596470422012488,
        0.047804527388472025,
        -0.005915949186309078,
        -0.27109701805834163
      ],
      [
        0.022622445406968554,
        0.054586073975855416,
        0.6742079070918526,
        0.4556811270995709,
        -0.18476630205060915,
        -0.07184584038729402,
        -0.3658605004592508,
        -0.06883631553644255,
        0.09388663465676537,
        0.29591492961128824,
        -0.17638984235048616,
        -0.1355171192409485,
        -0.5380043900089371,
        -0.04255935610361531,
        -0.21891151214993013,
        -0.11006849004654684
      ],
      [
        -0.21921519454189706,
        -0.02603664712201012,
        -0.39459270013078585,
        -0.38029133706859425,
        0.5608563135961702,
        -0.32185564531850774,
        -0.2741963946136599,
        0.5380688200347579,
        0.7412521760692818,
        -0.2984401328171056,
        -0.08618112211159172,
        0.11340837851112805,
        0.4309922785271248,
        -0.24860714557444777,
        -0.014627370670566645,
        0.2166257608104077
      ],
      [
        0.10869151861665466,
        -0.09651002636639569,
        0.011383656579361943,
