{
  "layer_sizes": [
    32,
    16,
    3
  ],
  "learning_rate": 0.3,
  "seed": 42,
  "output_activation": "softmax",
  "weights": [
    [
      [
        0.07617926993860784,
        -0.2623711939033465,
        0.2136870550960061,
        0.2192506397044381,
        -0.47202726548625634,
        -0.3255448767155795,
        0.03196010079182134,
        -0.07019933217921817,
        0.046208813882090416,
        -0.19277361777977267,
        0.2304388491126627,
        0.20006589818666512,
        0.031099013796931096,
        0.3146373536377186,
        0.1168773355630114,
        -0.1999136111205927
      ],
      [
        0.09218769602062471,
        -0.24209581755047235,
        0.24568683147120993,
        -0.02837201713992861,
        -0.030484059209112294,
        -0.17023238610098534,
        0.30563533466850756,
        -0.029771054610523148,
        -0.0566728522826142,
        -0.06754602350843505,
        0.14366665178529275,
        0.09697893042044765,
        0.11777449230562417,
        0.1405323026476811,
        0.5354119002176153,
        -0.08669424949593688
      ],
      [
        -0.12806068226788433,
        -0.20581834940519206,
        0.1800691117882657,
        0.2663525337868576,
        -0.012755332736515896,
        -0.210039119240632,
        -0.2061203039228099,
        0.1715095128628527,
        0.23622264605902327,
        0.15627593118992109,
        -0.155788071425218,
        0.06365824509610803,
        0.04376279169180914,
        0.08749920107796368,
        0.21785719448704746,
        0.07080839179388758
      ],
      [
        0.16972839076797372,
        0.014519600029000233,
        0.09835410581688776,
        0.14193151706626972,
        -0.34855742328671385,
        -0.07991780408932533,
        -0.11759316357319888,
        -0.15085814615415805,
        -0.018376459548508323,
        0.39422269192222137,
        -0.20586842352635523,
        0.24768750297729825,
        -0.406126103497324,
        -0.0508942056007333,
        0.0406882662762514,
        0.1614650874400364
      ],
      [
        0.17780664494821374,
        0.19596164145675868,
        -0.06110701191771771,
        -0.13147848755950714,
        0.23022550199149136,
        -0.04782608122040372,
        -0.31892158083448047,
        -0.2744604875941928,
        -0.17945396824224014,
        0.14477755012706334,
        0.04619578941459683,
        0.1782392528463701,
        -0.09222182217750649,
        0.07246197466488898,
        0.15639759849183418,
        -0.06242713032984258
      ],
      [
        0.11419380938935286,
        -0.16785665260988544,
        -0.06468920549687622,
        -0.11132501289294766,
        -0.28322837972005716,
        0.12174312019639545,
        -0.11735058505068097,
        0.01198484558859923,
        0.17059576798463993,
        0.13212015812110836,
        0.17693563264015214,
        -0.01900345679792784,
        -0.09123323860441136,
        0.012897499169110644,
        -0.42183360848950746,
        -0.3468686135055546
      ],
      [
        -0.3306749030886006,
        -0.2516868742435931,
        0.12601781282525082,
        -0.2422603032333806,
        -0.07880910683264455,
        0.32480707444651635,
        -0.08906599276535648,
        0.19324020802344907,
        -0.18299531674430655,
        -0.03087202535328515,
        -0.22691615833068973,
        -0.07914035464571255,
        0.2246683737709759,
        -0.3990030539023768,
        0.10860591088646433,
        0.0743434051832865
      ],
      [
        -0.1485374889241986,
        -0.3638896309403363,
        0.044106633072859114,
        -0.14826371665931598,
        0.07390058451587886,
        0.00546303638086072,
        0.40044472283022886,
        -0.05097759096157868,
        -0.20546526989730354,
        0.06530627285270137,
        0.06558852638989683,
        0.3454148081395369,
        0.22336915088527165,
        0.12204481668308775,
        0.36582572280489045,
        -0.2822812589804955
      ],
      [
        -0.15993788318743693,
        -0.23401915269460385,
        -0.07137819464455027,
        -0.3600620762824425,
        0.17451926838080398,
        -0.055555674274693344,
        -0.36770157362566447,
        -0.24503345439520804,
        0.12878756512071152,
        0.23001900608721762,
        0.509772078319902,
        0.7340835308312603,
        0.11819369772562617,
        -0.2145574781122556,
        -0.5330115701828273,
        0.08183737018617597
      ],
      [
        -0.2032352738275815,
        -0.10621448238814396,
        -0.12694994362056022,
        -0.05108826099746169,
        0.28222658937411366,
        0.039262141861336156,
        -0.039658709259672076,
        -0.2500521222997755,
        -0.36826163291792663,
        -0.10108961315471038,
        -0.002856282307624612,
        0.4476003927243985,
        0.04715996977484854,
        0.27851192965147475,
        -0.12482389963478802,
        -0.2813264370040389
      ],
      [
        -0.24127919055809297,
        -0.18368168347716093,
        0.5581916892531831,
        -0.22123720919946194,
        0.22535383261128913,
        -0.2257317945217566,
        0.23289325321856102,
        0.10509905743314317,
        0.01124962884364001,
        0.010296732579763846,
        -0.15310756846039203,
        0.1171359646999482,
        -0.09915453067856793,
        -0.27357438904610165,
        -0.3194843935799048,
        0.05805648403074688
      ],
      [
        0.3947728141026087,
        0.037622736050136926,
        -0.0035853253830788996,
        0.05556599550727034,
        0.34223196710390896,
        0.054845625340964085,
        -0.10273180770843429,
        0.2854334934216496,
        0.15759821287356607,
        0.4044263621126204,
        0.05639796470243205,
        -0.3004993436006973,
        -0.32744846040478903,
        0.4455590349535228,
        0.43091643019582426,
        -0.02997029872043318
      ],
      [
        -0.09579683028399694,
        0.3629859057173279,
        -0.25068716436648025,
        -0.239572294132322,
        0.176563230349464,
        -0.0986512807148974,
        -0.001280466680017824,
        -0.031999408724450756,
        0.13480274045789611,
        0.3723578294420516,
        0.03323558212239189,
        0.1666026126486425,
        -0.4979516858511283,
        0.020647451413180917,
        -0.21080756757321778,
        -0.2897937605056898
      ],
      [
        -0.2195380917321877,
        -0.08353086017520302,
        0.7749576047596682,
        -0.4284589016363553,
        0.10451283528387624,
        -0.12104235833339462,
        -0.08191827359049021,
        0.5893736946830028,
        -0.08090189604574625,
        0.7444040200769391,
        -0.13175245522512552,
        -0.2279523848712872,
        -0.05596470422012488,
        -0.07513655340315097,
        0.04414333961342776,
        -0.30452407487567706
      ],
      [
        0.022622445406968554,
        0.057057082534726286,
        1.175350478554145,
        0.37235043061895323,
        -0.11645587550443318,
        -0.07184584038729402,
        -0.3658605004592508,
        0.19100748486598068,
        -0.13652950439914252,
        0.7115178984383115,
        -0.27539699484855257,
        -0.21750334197056057,
        -0.5368222574346637,
        -0.1764272313571833,
        -0.2656036029648908,
        -0.1657869136588538
      ],
      [
        -0.21921519454189706,
        -0.023565638563139247,
        -0.5450472308477649,
        -0.36676131134774764,
        0.20772008675257306,
        -0.32185564531850774,
        -0.2741963946136599,
        0.18055819189724345,
        1.4346584049290216,
        -0.5311707784460407,
        -0.17872424968092718,
        0.3237212126896726,
        0.564382695296491,
        -0.3870116758773471,
        -0.061319461485527436,
        0.21070603833269336
      ],
      [
        0.10869151861665466,
        -0.09403901780752481,
        -0.13907087413761737,
