{
  "layer_sizes": [
    32,
    16,
    4
  ],
  "learning_rate": 0.3,
  "seed": 42,
  "output_activation": "softmax",
  "weights": [
    [
      [
        0.07617926993860784,
        -0.2599960265601239,
        0.1944051118954204,
        0.2818972693292077,
        -0.418186614596358,
        -0.3255448767155795,
        0.03196010079182134,
        -0.11301239389377547,
        0.024099441070501843,
        -0.22346416669446334,
        0.27518749663795244,
        0.19329381880240612,
        0.01650767439030401,
        0.3401013719018117,
        0.16034576064997316,
        -0.21482311572080956
      ],
      [
        0.09218769602062471,
        -0.23972065020724972,
        -0.06391320527683363,
        0.4721078009970405,
        -0.21198364980604908,
        -0.17023238610098534,
        0.30563533466850756,
        -0.42251239956197756,
        -0.1070819555407768,
        -0.10709770844768614,
        0.0657538770442674,
        0.17997341985218435,
        0.1031831528989971,
        0.48127170345351045,
        1.0747614706027433,
        -0.1016037540961539
      ],
      [
        -0.12806068226788433,
        -0.20344318206196943,
        -0.1295309249597778,
        0.7668323519238265,
        -0.1942549233334527,
        -0.210039119240632,
        -0.2061203039228099,
        -0.2212318320886019,
        0.18581354280086057,
        0.11672424625067002,
        -0.23370084616624326,
        0.14665273452784466,
        0.029171452285182056,
        0.42823860188379304,
        0.757206764872175,
        0.05589888719367057
      ],
      [
        0.16972839076797372,
        0.016894767372222865,
        0.077833010572137,
        0.18104786268781597,
        -0.3907617014759747,
        -0.07991780408932533,
        -0.11759316357319888,
        -0.036724879314134797,
        -0.11952214262185366,
        0.4288972066011152,
        -0.24036342489083423,
        0.31614274390136954,
        -0.4312794751841883,
        -0.08018438762449774,
        0.07622655206474852,
        0.14655558283981954
      ],
      [
        0.17780664494821374,
        0.1983368087999813,
        -0.08162810716246843,
        -0.08236190111061736,
        0.2435896001329606,
        -0.04782608122040372,
        -0.31892158083448047,
        -0.26082879384860513,
        -0.23135067544726204,
        0.13711629751679838,
        0.05779951431248621,
        0.19668331989524782,
        -0.11033383901087929,
        0.07258505898865046,
        0.19193588428033123,
        -0.0773366349300596
      ],
      [
        0.11419380938935286,
        -0.16548148526666281,
        -0.09076346164126795,
        -0.1337612111274781,
        -0.5119302404930071,
        0.12174312019639545,
        -0.11735058505068097,
        0.38830399580120173,
        -0.06856404729504717,
        0.2738880709734781,
        -0.01033084653236371,
        0.1670505268470045,
        -0.13281114410220393,
        -0.13265829211841976,
        -0.42183360848950746,
        -0.3617781181057718
      ],
      [
        -0.3306749030886006,
        -0.24931170690037044,
        0.10549671758050011,
        -0.19314371678449074,
        -0.0654450086911753,
        0.32480707444651635,
        -0.08906599276535648,
        0.2068719017690367,
        -0.23489202394932845,
        -0.03853327796355014,
        -0.2153124334328004,
        -0.060696287596834805,
        0.20655635693760316,
        -0.3988799695786153,
        0.1441441966749614,
        0.05943390058306947
      ],
      [
        -0.1485374889241986,
        -0.36151446359711364,
        0.023585537828108325,
        -0.09914713021042618,
        0.08726468265734813,
        0.00546303638086072,
        0.40044472283022886,
        -0.03734589721599096,
        -0.25736197710232533,
        0.0576450202424364,
        0.07719225128778617,
        0.363858875188415,
        0.2052571340518989,
        0.12216790100684924,
        0.4013640085933875,
        -0.2971907635807127
      ],
      [
        -0.15993788318743693,
        -0.23164398535138123,
        -0.07523980719037818,
        -0.19626698742596413,
        0.3585228204743848,
        -0.055555674274693344,
        -0.36770157362566447,
        -0.3146750913344784,
        0.1463015098775971,
        0.19733243705328654,
        0.6571031334958786,
        0.7496967812022651,
        0.10008168089225337,
        -0.07146408560878934,
        -0.39085842702883894,
        0.06692786558595895
      ],
      [
        -0.2032352738275815,
        -0.10383931504492133,
        -0.31717015993247477,
        -0.5031396922220585,
        0.927217464080428,
        0.039262141861336156,
        -0.039658709259672076,
        -0.31108967731323056,
        -0.41867073617608924,
        -0.16397171946596725,
        0.550094348599371,
        0.5333171315681933,
        0.03256863036822146,
        0.3354440438851082,
        -0.15633724181506808,
        -0.29623594160425615
      ],
      [
        -0.24127919055809297,
        -0.1813065161339383,
        0.3679714729412684,
        -0.6732886404240587,
        0.8703447073176033,
        -0.2257317945217566,
        0.23289325321856102,
        0.044061502419688,
        -0.0391594744145226,
        -0.052585373731493,
        0.39984306244660334,
        0.20285270354374277,
        -0.113745870085195,
        -0.21664227481246812,
        -0.35099773576018495,
        0.04314697943052987
      ],
      [
        0.3947728141026087,
        0.03999790339335956,
        -0.01607495563985854,
        0.16496871536344448,
        0.46564480056090846,
        0.054845625340964085,
        -0.10273180770843429,
        0.2086686858992123,
        0.1637885705085516,
        0.36353262839686135,
        0.1564846151499673,
        -0.308425588039787,
        -0.34203979981141625,
        0.5293141233774195,
        0.5178532803697475,
        -0.04487980332065016
      ],
      [
        -0.09579683028399694,
        0.36536107306055055,
        -0.271208259611231,
        -0.19045570768343215,
        0.18992732849093324,
        -0.0986512807148974,
        -0.001280466680017824,
        -0.018367714978863043,
        0.08290603325287416,
        0.36469657683178636,
        0.04483930702028128,
        0.18504667969752023,
        -0.5160637026845014,
        0.02077053573694246,
        -0.1752692817847207,
        -0.304703265105907
      ],
      [
        -0.2195380917321877,
        -0.08353086017520302,
        0.7192132594185295,
        -0.05523568581537218,
        -0.05130340218118121,
        -0.12104235833339462,
        -0.08191827359049021,
        0.4739778420727924,
        0.3118768446482428,
        0.33186754731742985,
        -0.18805228667379548,
        -0.36116560020332006,
        -0.05596470422012488,
        -0.037404519015798464,
        -0.1912861378586517,
        -0.27109701805834163
      ],
      [
        0.022622445406968554,
        0.057057082534726286,
        1.119606133213006,
        0.7455736464399364,
        -0.27227211296949066,
        -0.07184584038729402,
        -0.3658605004592508,
        0.07561163225576978,
        0.25624923629484647,
        0.2989814256788023,
        -0.33169682629722236,
        -0.35071655730259343,
        -0.5368222574346637,
        -0.13869519696983074,
        -0.5010330804369701,
        -0.13235985684151844
      ],
      [
        -0.21921519454189706,
        -0.023565638563139247,
        -0.4394320978391578,
        -0.4050880489756435,
        0.31934144891132743,
        -0.32185564531850774,
        -0.2741963946136599,
        0.8444088481996085,
        0.5375160802885774,
        -0.13063638024034332,
        -0.26873936297256784,
        0.27706078570948794,
        0.40518784501023264,
        -0.3594430089988793,
        -0.061319461485527436,
        0.194334394015436
      ],
      [
        0.10869151861665466,
        -0.09403901780752481,
        -0.033455741129010286,
        -0.3916323741273653,
