{
  "layer_sizes": [
    32,
    16,
    4
  ],
  "learning_rate": 0.3,
  "seed": 42,
  "output_activation": "softmax",
  "weights": [
    [
      [
        0.07617926993860784,
        -0.2158092428060403,
        0.40844586455634413,
        0.10558578147713915,
        -0.6160767619239194,
        -0.3255448767155795,
        0.09361920359668396,
        0.1319857863733775,
        -0.14961579183741994,
        -0.213260981893395,
        0.040958822055197616,
        0.16248704001302142,
        -0.04786146690456685,
        0.18532673403912658,
        0.43977097070068394,
        -0.21482311572080956
      ],
      [
        0.09218769602062471,
        -0.18448717051464522,
        0.49565390733273046,
        -0.1744257247723936,
        -0.20661304683689038,
        -0.17023238610098534,
        0.3827092131745859,
        0.2251756725568907,
        -0.2888513336174615,
        -0.0880333876220574,
        -0.09053604318729966,
        0.051409836285749966,
        0.022721726280408524,
        -0.012899208876631357,
        0.9390289441397058,
        -0.1016037540961539
      ],
      [
        -0.12806068226788433,
        -0.16876081633602064,
        0.43222346204798096,
        0.4606095317357628,
        -0.03480040874457509,
        -0.2787469879562988,
        -0.2841257886464981,
        0.3418665257391304,
        0.33005375956594557,
        0.09964172929843161,
        -0.25838819494356713,
        0.027139697784950165,
        0.04374581681636749,
        0.047588708347822764,
        0.15519574334628228,
        0.05589888719367057
      ],
      [
        0.16972839076797372,
        0.05157713309817155,
        0.3505084560766031,
        0.3361885150151749,
        -0.37060249929477296,
        -0.1486256728049922,
        -0.1955986482968873,
        0.019498866722119763,
        0.07545465395841401,
        0.3375884900307317,
        -0.30846854704470433,
        0.2111689556661403,
        -0.40614307837276586,
        -0.09080469833087419,
        -0.02197318486451377,
        0.14655558283981954
      ],
      [
        0.1669769099051283,
        0.3960154399350867,
        -0.2626634488693846,
        0.040536401699624795,
        0.2978049363191085,
        -0.04782608122040372,
        -0.43774595435094726,
        -0.4382369461015535,
        -0.22986307150040283,
        0.1968041767897056,
        0.09964212766445382,
        0.2708019654106017,
        -0.11219379364216076,
        0.03963492276917856,
        0.30952046177652487,
        -0.0773366349300596
      ],
      [
        0.10336407434626745,
        0.032197145868442495,
        -0.26624564244854315,
        0.06068987636618432,
        -0.21564894539243987,
        0.12174312019639545,
        -0.23617495856714782,
        -0.15179161291876145,
        0.12018666472647724,
        0.1841467847837506,
        0.23038197089000906,
        0.07355925576630372,
        -0.11120521006906563,
        -0.019929552726599763,
        -0.26871074520481686,
        -0.3617781181057718
      ],
      [
        -0.3306749030886006,
        -0.4411894127847941,
        -0.09357716686331971,
        -0.4905657808150537,
        0.3311086863337874,
        0.5804249293970513,
        0.5286987901787332,
        0.16495424674544926,
        -0.23340442000246925,
        -0.07634928682079092,
        0.14934340271988725,
        -0.13972738654847286,
        0.4424410672222645,
        -0.43183010579808717,
        0.05436710080254168,
        0.05943390058306947
      ],
      [
        -0.1485374889241986,
        -0.5533921694815374,
        -0.17548834661571164,
        -0.3965691942409892,
        0.48381837768231073,
        0.2610808913313957,
        1.0182095057743186,
        -0.07926355223957857,
        -0.25587437315546624,
        0.019829011385195626,
        0.44184808744047405,
        0.2848277762367773,
        0.44114184433656023,
        0.08921776478737733,
        0.31158691272096817,
        -0.2971907635807127
      ],
      [
        -0.16166600308595522,
        -0.20304669051296714,
        0.0656522499882706,
        -0.21910547317614115,
        0.23496610994607045,
        -0.06958546109778443,
        -0.350322136618657,
        -0.1387235552089037,
        0.19346178927852395,
        0.18827507237663696,
        0.4977195726575038,
        0.7107066109678959,
        0.1514507845516878,
        -0.2530361156687675,
        -0.5672274583347847,
        0.06692786558595895
      ],
      [
        -0.2032352738275815,
        -0.06915694931897261,
        0.125204406639155,
        0.14316873695144355,
        0.2601815133660546,
        -0.029445726854330685,
        -0.11766419398336052,
        -0.07969510942349765,
        -0.27443051941100427,
        -0.15772381504619998,
        -0.10545640582597368,
        0.411081845413241,
        0.04714299489940689,
        0.23860143692133393,
        -0.18748535077555317,
        -0.29623594160425615
      ],
      [
        -0.2426920418106393,
        -0.17026042676420244,
        0.5490849482011102,
        -0.21307783047873088,
        0.25845737271244856,
        -0.2013474483568002,
        0.2958526491340251,
        0.1244073939281978,
        -0.0393128026225959,
        -0.0087063505404694,
        -0.14021625266811524,
        0.1089544952717591,
        -0.09062977644019386,
        -0.3199128313084531,
        -0.27263395601002016,
        0.04314697943052987
      ],
      [
        0.38394307905952324,
        0.23767653452846485,
        -0.20514176233474593,
        0.22758088476640226,
        0.4098114014315263,
        0.054845625340964085,
        -0.22155618122490112,
        0.12165703491428895,
        0.10718910961540337,
        0.4564529887752625,
        0.10984430295228906,
        -0.2079366310364655,
        -0.3474204318694434,
        0.4127319830578124,
        0.5840392934805145,
        -0.04487980332065016
      ],
      [
        -0.09720968153654326,
        0.3764071624302864,
        -0.25979390541855313,
        -0.23141291541159095,
        0.20966677045062326,
        -0.07426693454994097,
        0.061678929235446225,
        -0.012691072229396121,
        0.0842403089916601,
        0.3533547463218185,
        0.04612689791466876,
        0.15842114322045342,
        -0.4894269316127542,
        -0.02569099084917056,
        -0.16395713000333292,
        -0.304703265105907
      ],
      [
        -0.22095094298473403,
        -0.07248477080546711,
        0.24594315068132216,
        -0.3393293401075253,
        0.05649294492696654,
        -0.0966580121684382,
        -0.018958877675026162,
        0.2788591087278831,
        0.13437553104290825,
        0.33583380785407524,
        -0.015145748623242758,
        -0.1765492080164368,
        -0.03284861057512375,
        0.04711280745116433,
        0.09099377718331249,
        -0.27109701805834163
      ],
      [
        0.022622445406968554,
        0.09173944826067501,
        0.9075971157875874,
        0.6475776113759572,
        -0.21962438197056128,
        -0.1405537091029609,
        -0.443865985182939,
        0.03154157529208362,
        0.22314146766267007,
        0.26531656744419113,
        -0.27428172755729563,
        -0.19443724299867904,
        -0.5222478929034783,
        -0.04774992097065739,
        -0.328265054105656,
        -0.13235985684151844
      ],
      [
        -0.21921519454189706,
        0.011116727162809472,
        -0.16120349143505072,
        -0.18839485279220766,
        0.5259982336762179,
        -0.3905635140341745,
        -0.3522018793373482,
        0.638446710863284,
        0.8705070090751873,
        -0.3290384949842027,
        -0.18407300731840107,
        0.0544882547533976,
        0.4467487756325834,
        -0.25379771044148985,
        -0.1239809126262926,
        0.194334394015436
      ],
      [
        0.10869151861665466,
        -0.059356652081576124,
        0.24477286527509673,
        -0.1653574935369555,
