{
  "labels": [
    "Classical Theory (Marx, Weber, Durkheim)",
    "Conflict Theory",
    "Contemporary Theory (Parsons, Bourdieu, Giddens, Habermas)",
    "research"
  ],
  "feature_extractor": {
    "max_features": 32,
    "vocabulary": {
      "classical": 4,
      "theory": 26,
      "marx": 17,
      "weber": 30,
      "durkheim": 11,
      "social": 25,
      "requires": 24,
      "development": 10,
      "fields": 13,
      "experiments": 12,
      "mastery": 19,
      "models": 20,
      "contemporary": 8,
      "classical theory": 5,
      "theory marx": 27,
      "marx weber": 18,
      "weber durkheim": 31,
      "vocabulary foundational": 29,
      "parsons": 22,
      "bourdieu": 2,
      "giddens": 14,
      "habermas": 16,
      "contemporary theory": 9,
      "theory parsons": 28,
      "parsons bourdieu": 23,
      "bourdieu giddens": 3,
      "giddens habermas": 15,
      "conflict": 6,
      "conflict theory": 7,
      "agentschool": 1,
      "multi": 21,
      "agent": 0
    },
    "idf": [
      1.916290731874155,
      1.916290731874155,
      1.916290731874155,
      1.916290731874155,
      1.916290731874155,
      1.916290731874155,
      1.916290731874155,
      1.916290731874155,
      1.2231435513142097,
      1.916290731874155,
      1.0,
      1.916290731874155,
      1.0,
      1.0,
      1.916290731874155,
      1.916290731874155,
      1.916290731874155,
      1.916290731874155,
      1.916290731874155,
      1.0,
      1.0,
      1.916290731874155,
      1.916290731874155,
      1.916290731874155,
      1.0,
      1.0,
      1.2231435513142097,
      1.916290731874155,
      1.916290731874155,
      1.2231435513142097,
      1.916290731874155,
      1.916290731874155
    ]
  },
  "scope": "social_theory",
  "grade": "preschool"
}