{
  "labels": [
    "Critical Care",
    "Disaster Medicine",
    "Trauma Medicine",
    "research"
  ],
  "feature_extractor": {
    "max_features": 32,
    "vocabulary": {
      "trauma": 28,
      "medicine": 13,
      "emergency": 11,
      "clinical": 6,
      "broader": 4,
      "understanding": 30,
      "requires": 22,
      "analysis": 1,
      "neighboring": 16,
      "researchers": 24,
      "vocabulary": 31,
      "models": 14,
      "awareness": 2,
      "open": 18,
      "questions": 20,
      "trauma medicine": 29,
      "emergency medicine": 12,
      "requires studying": 23,
      "relationships neighboring": 21,
      "neighboring fields": 17,
      "researchers practitioners": 25,
      "theoretical frameworks": 27,
      "models common": 15,
      "awareness open": 3,
      "open questions": 19,
      "critical": 7,
      "care": 5,
      "critical care": 8,
      "disaster": 9,
      "disaster medicine": 10,
      "residents": 26,
      "0001": 0
    },
    "idf": [
      1.916290731874155,
      1.0,
      1.2231435513142097,
      1.2231435513142097,
      1.0,
      1.5108256237659907,
      1.0,
      1.916290731874155,
      1.916290731874155,
      1.916290731874155,
      1.916290731874155,
      1.0,
      1.0,
      1.0,
      1.2231435513142097,
      1.2231435513142097,
      1.2231435513142097,
      1.2231435513142097,
      1.2231435513142097,
      1.2231435513142097,
      1.0,
      1.2231435513142097,
      1.2231435513142097,
      1.2231435513142097,
      1.2231435513142097,
      1.2231435513142097,
      1.916290731874155,
      1.2231435513142097,
      1.916290731874155,
      1.916290731874155,
      1.2231435513142097,
      1.2231435513142097
    ]
  },
  "scope": "emergency_medicine",
  "grade": "preschool"
}