{
  "layer_sizes": [
    32,
    16,
    3
  ],
  "learning_rate": 0.3,
  "seed": 42,
  "output_activation": "softmax",
  "weights": [
    [
      [
        0.07617926993860784,
        -0.2623109268743459,
        0.2570679132803745,
        0.2152946499978953,
        -0.5033545109352662,
        -0.3255448767155795,
        0.03196010079182134,
        -0.06473685550897328,
        0.0001057813791120539,
        -0.19791108711983607,
        0.23671237904361603,
        0.2417429641391043,
        0.01650767439030401,
        0.27251285719122137,
        0.1307726955409675,
        -0.1852793336330974
      ],
      [
        0.09218769602062471,
        -0.24203555052147172,
        0.28906768965557816,
        -0.032328006846471406,
        -0.0618113046581217,
        -0.17023238610098534,
        0.30563533466850756,
        -0.02430857794027821,
        -0.10277588478559258,
        -0.07268349284849852,
        0.14994018171624607,
        0.13865599637288673,
        0.1031831528989971,
        0.0984078062011839,
        0.5493072601955712,
        -0.07205997200844173
      ],
      [
        -0.12806068226788433,
        -0.20344318206196943,
        0.428600991470862,
        0.15446251595234906,
        -0.031344203324399765,
        -0.210039119240632,
        -0.2061203039228099,
        0.644539166942517,
        0.21497678903458795,
        0.5967211205310478,
        -0.41137726963240273,
        -0.0750983548810957,
        0.029171452285182056,
        0.05467214918225324,
        0.5450035763999723,
        0.16055416054507088
      ],
      [
        0.16972839076797372,
        0.016894767372222865,
        0.34688598549948413,
        0.030041499231761276,
        -0.3671462938745978,
        -0.07991780408932533,
        -0.11759316357319888,
        0.3221715079255061,
        -0.0396223165729435,
        0.8346678812633481,
        -0.46145762173354,
        0.10893090300009463,
        -0.4207174429039512,
        -0.08372125749644371,
        0.3678346481891761,
        0.2512108561912198
      ],
      [
        0.17780664494821374,
        0.19602190848575932,
        -0.017726153733349233,
        -0.13543447726604996,
        0.19889825654248175,
        -0.04782608122040372,
        -0.31892158083448047,
        -0.26899801092394776,
        -0.2255570007452185,
        0.13964008078699994,
        0.052469319345550276,
        0.21991631879880927,
        -0.10681316158413356,
        0.030337478218391774,
        0.17029295846979023,
        -0.04779285284234743
      ],
      [
        0.11419380938935286,
        -0.1677963855808848,
        -0.02130834731250778,
        -0.11528100259949045,
        -0.31455562516906616,
        0.12174312019639545,
        -0.11735058505068097,
        0.01744732225884419,
        0.12449273548166147,
        0.126982688781045,
        0.18320916257110545,
        0.022673609154511217,
        -0.10582457801103844,
        -0.029226997277386552,
        -0.40793824851155136,
        -0.33223433601805963
      ],
      [
        -0.3306749030886006,
        -0.25162660721459246,
        0.16939867100961936,
        -0.24621629293992336,
        -0.11013635228165397,
        0.32480707444651635,
        -0.08906599276535648,
        0.19870268469369398,
        -0.22909834924728492,
        -0.03600949469334862,
        -0.22064262839973642,
        -0.03746328869327352,
        0.21007703436434888,
        -0.441127550348874,
        0.12250127086442042,
        0.08897768267078164
      ],
      [
        -0.1485374889241986,
        -0.36382936391133563,
        0.08748749125722756,
        -0.15221970636585877,
        0.042573339066869414,
        0.00546303638086072,
        0.40044472283022886,
        -0.04551511429133373,
        -0.2515683024002821,
        0.060168803512637925,
        0.07186205632085027,
        0.3870918740919763,
        0.20877781147864463,
        0.07992032023659056,
        0.37972108278284655,
        -0.26764698149300054
      ],
      [
        -0.15993788318743693,
        -0.23395888566560322,
        -0.027997336460181824,
        -0.36401806598898545,
        0.14319202293179437,
        -0.055555674274693344,
        -0.36770157362566447,
        -0.23957097772496302,
        0.08268453261773305,
        0.22488153674715422,
        0.5160456082508555,
        0.7757605967836996,
        0.1036023583189991,
        -0.25668197455875286,
        -0.5191162102048714,
        0.09647164767367111
      ],
      [
        -0.2032352738275815,
        -0.10383931504492133,
        0.48597194543248223,
        -0.035197721604096316,
        -0.3014217928272851,
        0.039262141861336156,
        -0.039658709259672076,
        -0.7452832188586074,
        -0.41867073617608924,
        -0.41870625994463956,
        -0.04020096900448367,
        1.1919906338820463,
        0.03256863036822146,
        0.1827171096454561,
        -0.2972896120556025,
        -0.29623594160425615
      ],
      [
        -0.24127919055809297,
        -0.1836214164481603,
        0.6015725474375515,
        -0.2251931989060047,
        0.19402658716227952,
        -0.2257317945217566,
        0.23289325321856102,
        0.11056153410338805,
        -0.03485340365933834,
        0.005159263239700359,
        -0.14683403852943872,
        0.1588130306523873,
        -0.113745870085195,
        -0.3156988854925989,
        -0.30558903360194867,
        0.07269076151824203
      ],
      [
        0.3947728141026087,
        0.037683003079137564,
        0.039795532801289495,
        0.05161000580072753,
        0.31090472165489996,
        0.054845625340964085,
        -0.10273180770843429,
        0.29089597009189455,
        0.1114951803705876,
        0.3992888927725568,
        0.0626714946333855,
        -0.2588222776482579,
        -0.34203979981141625,
        0.40343453850702554,
        0.44481179017378036,
        -0.01533602123293801
      ],
      [
        -0.09579683028399694,
        0.36304617274632855,
        -0.2073063061821118,
        -0.24352828383886477,
        0.1452359849004544,
        -0.0986512807148974,
        -0.001280466680017824,
        -0.026536932054205816,
        0.08869970795491762,
        0.367220360101988,
        0.03950911205334534,
        0.20827967860108168,
        -0.5125430252577556,
        -0.021477045033316274,
        -0.19691220759526173,
        -0.2751594830181948
      ],
      [
        -0.2195380917321877,
        -0.08584576048942502,
        0.2984307499177633,
        -0.35144470853479925,
        -0.00793784062320221,
        -0.12104235833339462,
        -0.08191827359049021,
        0.2650132489030734,
        0.13883493000616584,
        0.3496994216342447,
        -0.021763534484566163,
        -0.12669067263580855,
        -0.05596470422012488,
        0.05132675326701861,
        0.058038699591383795,
        -0.2415532359706294
      ],
      [
        0.022622445406968554,
        0.05474218222050429,
        0.6988236237122405,
        0.4493646237205093,
        -0.22890655141151173,
        -0.07184584038729402,
        -0.3658605004592508,
        -0.13335296091394927,
        0.08320732165276935,
        0.3168132999956172,
        -0.16540807410799324,
        -0.11624162973508195,
        -0.5368222574346637,
        -0.0499639246870137,
        -0.2517082429869346,
        -0.10281607475380627
      ],
      [
        -0.21921519454189706,
        -0.025880538877361244,
        -0.3699769835103977,
        -0.3866078404476559,
        0.5167160642352673,
        -0.32185564531850774,
        -0.2741963946136599,
        0.4735521746572509,
        0.7305728630652859,
        -0.2775417624327766,
        -0.07519935386909865,
        0.13268386801699447,
        0.4321744111013981,
        -0.2560117141578462,
        -0.0474241015075714,
        0.22387817610314817
      ],
      [
        0.10869151861665466,
        -0.09635391812174682,
        0.035999373199749864,
