{
  "layer_sizes": [
    32,
    16,
    4
  ],
  "learning_rate": 0.3,
  "seed": 42,
  "output_activation": "softmax",
  "weights": [
    [
      [
        0.09395432092558705,
        -0.28896529730417087,
        0.16869951378343986,
        0.277076747002171,
        -0.4382101703040091,
        -0.30461923463506135,
        0.03196010079182134,
        -0.07828047321744251,
        0.04473895577428002,
        -0.22504604548649715,
        0.2528902681933158,
        0.17278285234566712,
        0.01650767439030401,
        0.34738332741112216,
        0.1086334587496371,
        -0.16297484400271797
      ],
      [
        0.10996274700760392,
        -0.26868992095129673,
        0.20069929015864366,
        0.029454090157804185,
        0.0033330359731346664,
        -0.1493067440204673,
        0.30563533466850756,
        -0.03785219564874748,
        -0.058142710390424596,
        -0.09981845121515945,
        0.1661180708659457,
        0.06969588457944961,
        0.1031831528989971,
        0.17327827642108481,
        0.5271680234042412,
        -0.049755482378062335
      ],
      [
        -0.1295923003624775,
        0.0980223363358991,
        0.15549958753627255,
        0.20172120713321626,
        -0.15837728789471814,
        -0.210039119240632,
        -0.208487654412952,
        0.23510754955722096,
        0.047324965672415197,
        0.23767727768368369,
        -0.2357253984040298,
        0.25206793405694916,
        0.029171452285182056,
        -0.028615684001035428,
        0.34139678522807737,
        0.018962178529016358
      ],
      [
        0.16870731203824493,
        0.21787177963746854,
        0.07328300426742847,
        0.10414081242829727,
        -0.45088257061791626,
        -0.07991780408932533,
        -0.11917139723329363,
        -0.11141322699347171,
        -0.16111128089230117,
        0.44166113488018893,
        -0.26268975997788174,
        0.3714213241747164,
        -0.4207174429039512,
        -0.13924647961863615,
        0.12304799343693801,
        0.12193111039671677
      ],
      [
        0.17678556621848496,
        0.3993138210652271,
        -0.08617811346717696,
        -0.1692691921974796,
        0.1279003546602889,
        -0.04782608122040372,
        -0.3204998144945752,
        -0.23501556843350624,
        -0.32218878958603303,
        0.19221599308503093,
        -0.01062554703692953,
        0.30197307404378815,
        -0.10681316158413356,
        -0.01589029935301389,
        0.23875732565252084,
        -0.10196110737316241
      ],
      [
        0.05229956462435808,
        -0.2667110182751666,
        -0.12678269356139452,
        0.5505286779465736,
        -0.5969216419943547,
        0.3016450033058097,
        -0.11735058505068097,
        -0.39024180837875977,
        -0.014504402407670512,
        0.18992905869962232,
        0.0889568015570549,
        -0.07524438043299618,
        -0.10582457801103844,
        0.3941177268980369,
        -0.3012002346269764,
        -0.20954463934436363
      ],
      [
        -0.3925691478535954,
        -0.35054123990887426,
        0.06392432476073258,
        0.4195933876061408,
        -0.39250236910694236,
        0.5047089575559307,
        -0.08906599276535648,
        -0.20898644594390997,
        -0.36809548713661716,
        0.02693687522522876,
        -0.3148949894137869,
        -0.1353812782807809,
        0.21007703436434888,
        -0.017782826173450277,
        0.22923928474899533,
        0.21166737934447755
      ],
      [
        -0.14981383733635958,
        -0.11029319826555654,
        0.019286320172132915,
        -0.19947473230512283,
        -0.05007296672882352,
        0.00546303638086072,
        0.39847193075511045,
        0.0005438869659487212,
        -0.3712815207625039,
        0.12972616757856642,
        -0.002790805325272275,
        0.5014865632186669,
        0.20877781147864463,
        0.019811237134636766,
        0.46877538175574884,
        -0.3279713541345913
      ],
      [
        -0.16095896191716572,
        -0.0306669730861355,
        -0.09644929619400956,
        -0.39785278092041504,
        0.07219412104960146,
        -0.055555674274693344,
        -0.3692798072857592,
        -0.2055885352345215,
        -0.013947256223081487,
        0.2774574490451854,
        0.45295074186837586,
        0.8578173520286787,
        0.1036023583189991,
        -0.30290975213015836,
        -0.450651843022141,
        0.042303393142856145
      ],
      [
        -0.3200701460734734,
        -0.33666240041191653,
        -0.2355302318275328,
        -0.4246244376681041,
        0.9640519351369483,
        0.04457775277201445,
        -0.039658709259672076,
        -0.3917318836494513,
        -0.41867073617608924,
        -0.15868071079941326,
        0.534061396657563,
        0.529040926921632,
        0.03256863036822146,
        0.436131221366699,
        -0.11911544845538649,
        -0.49601491251314656
      ],
      [
        -0.35811406280398483,
        -0.4141296015009335,
        0.44961140104621033,
        -0.5947733858701043,
        0.9071791783741237,
        -0.2204161836110783,
        0.23289325321856102,
        -0.036580703916532765,
        -0.0391594744145226,
        -0.04729436506493893,
        0.3838101105047959,
        0.19857649889718149,
        -0.113745870085195,
        -0.11595509733087736,
        -0.31377594240050316,
        -0.1566319914783604
      ],
      [
        0.4836480690375052,
        -0.1048484503268755,
        -0.12422600736834315,
        0.28113437442247285,
        0.5742435697239554,
        0.15947383574355453,
        -0.10273180770843429,
        0.2804730518572375,
        0.35188533536716454,
        0.32501368003348735,
        0.21101248169351924,
        -0.414442915487975,
        -0.34203979981141625,
        0.7405971114033825,
        0.38969704612895273,
        0.21436155526980766
      ],
      [
        -0.09732844837859013,
        0.6668265914584189,
        -0.27525668861847336,
        -0.3042036207859635,
        0.030941275191261736,
        -0.0986512807148974,
        -0.003647817170159947,
        0.031598627969917595,
        -0.054094939928712046,
        0.45375917593581433,
        -0.04670174485641988,
        0.3550123016094837,
        -0.5125430252577556,
        -0.09546743366581817,
        -0.08726797683218789,
        -0.3416399737705612
      ],
      [
        -0.22081444014434867,
        0.1676904051563542,
        0.2302295788326688,
        -0.39869973447406337,
        -0.10058414641889513,
        -0.12104235833339462,
        -0.08389106566560865,
        0.3110722501603557,
        0.019121711643943648,
        0.41925678570017344,
        -0.09641639613068867,
        -0.012295983509118015,
        -0.05596470422012488,
        -0.008782329834935154,
        0.147092998564286,
        -0.3018776086122202
      ],
      [
        0.037021503993687775,
        0.05959234108347365,
        0.6140365313812648,
        0.49649295240428126,
        -0.18409862372778782,
        -0.054737756828308295,
        -0.3660663974082162,
        -0.14073686006181516,
        0.10686744312205299,
        0.30068996951259436,
        -0.16128940269976705,
        -0.16437399922286253,
        -0.5368222574346637,
        0.005699923954892176,
        -0.26159883187360616,
        -0.09318301515329967
      ],
      [
        0.07090613126849053,
        0.12894313738659147,
        -0.4394320978391578,
        -0.36049706393293457,
        0.4432266259258612,
        -0.37593689148174847,
        -0.2741963946136599,
        0.9903013443498249,
        1.1676489973921151,
        -0.4079385061659655,
        -0.35512076596344955,
        -0.08681701170979296,
        0.4321744111013981,
        -0.4402766289998648,
        -0.23932379078612237,
        0.5668012331309598
      ],
      [
        0.3988128444270422,
        0.058469758142205834,
        -0.033455741129010286,
