{
  "layer_sizes": [
    32,
    16,
    4
  ],
  "learning_rate": 0.3,
  "seed": 42,
  "output_activation": "softmax",
  "weights": [
    [
      [
        0.07617926993860784,
        -0.32607130753896085,
        0.11273181652562049,
        0.5009874156992306,
        -0.40444434473502483,
        -0.3255448767155795,
        0.07946034771609094,
        -0.12719556003101148,
        0.031565414171569654,
        -0.15670330747967381,
        0.27003457202153947,
        0.21769022451354897,
        0.07830338644604386,
        0.2694943766990566,
        0.17603024174991824,
        -0.21482311572080956
      ],
      [
        0.09218769602062471,
        -0.41547940221849344,
        0.21961257532681813,
        -0.31844931325171877,
        0.42680305631266174,
        -0.17023238610098534,
        0.451130663799927,
        -0.06471000896407951,
        0.0049858163142346475,
        -0.0825421545026287,
        0.44094676944808797,
        0.10820110299308099,
        0.3149140580056629,
        0.10770525075197068,
        0.7446017958076522,
        -0.1016037540961539
      ],
      [
        -0.12806068226788433,
        0.18125328294082915,
        0.19181874669410462,
        0.053848924745677776,
        -0.11285585701067774,
        -0.210039119240632,
        -0.17960417281513297,
        0.3926169347245376,
        0.0827929579682544,
        0.1618578312793898,
        -0.31341008559690964,
        0.032480393271358245,
        0.004138848041211353,
        0.05467214918225324,
        0.3875088290703935,
        0.05589888719367057
      ],
      [
        0.16972839076797372,
        0.09025961863600783,
        0.051538832533001136,
        0.2069026447725953,
        -0.35224506309884135,
        -0.07991780408932533,
        -0.09125727280141077,
        -0.11939257060721195,
        -0.08104536715774324,
        0.4036571419674495,
        -0.23430685442334057,
        0.24490149813163856,
        -0.40198794668920507,
        -0.08875579535985259,
        0.10913458509309622,
        0.14655558283981954
      ],
      [
        0.17780664494821374,
        0.16529916831056282,
        -0.12462175927510635,
        0.01733517013457186,
        0.2561511965285057,
        -0.04782608122040372,
        -0.29517145737234585,
        -0.3073892594734281,
        -0.2119802197265819,
        0.15256902322030153,
        0.06069897317055758,
        0.1842424588450979,
        -0.07591530555626365,
        0.033476960247702754,
        0.1859740515852876,
        -0.0773366349300596
      ],
      [
        0.11419380938935286,
        -0.1985191257560813,
        -0.1282039528542649,
        0.03748864480113135,
        -0.2573026851830425,
        0.12174312019639545,
        -0.09360046158854615,
        -0.02094392629063612,
        0.13806951650029822,
        0.13991163121434652,
        0.1914388163961127,
        -0.013000250799199909,
        -0.07492672198316852,
        -0.026087515248075552,
        -0.39225715539605405,
        -0.3617781181057718
      ],
      [
        -0.3306749030886006,
        -0.28234934738978884,
        0.06250306546786219,
        -0.09344664553930165,
        -0.05288341229563017,
        0.32480707444651635,
        -0.06531586930322167,
        0.16031143614421373,
        -0.21552156822864832,
        -0.02308055226004696,
        -0.21241297457472916,
        -0.07313714864698467,
        0.24097489039221887,
        -0.43798806831956294,
        0.13818236397991776,
        0.05943390058306947
      ],
      [
        -0.1485374889241986,
        -0.39455210408653213,
        -0.019408114284529536,
        0.0005499410347630476,
        0.09982627905289325,
        0.00546303638086072,
        0.4241948462923635,
        -0.08390636284081401,
        -0.23799152138164525,
        0.07309774594593961,
        0.08009171014585754,
        0.3514180141382652,
        0.23967566750651462,
        0.08305980226590155,
        0.39540217589834387,
        -0.2971907635807127
      ],
      [
        -0.15993788318743693,
        -0.26468162584079963,
        -0.1348929420019389,
        -0.21124841858836343,
        0.20044496291781821,
        -0.055555674274693344,
        -0.34395145016352985,
        -0.27796222627444334,
        0.09626131363636974,
        0.23781047918045575,
        0.5242752620758632,
        0.7400867368299883,
        0.13450021434686904,
        -0.25354249252944183,
        -0.5034351170893737,
        0.06692786558595895
      ],
      [
        -0.2032352738275815,
        -0.13687695553433976,
        -0.1904646909779489,
        0.09772539669661731,
        0.3081522839111283,
        0.039262141861336156,
        -0.01590858579753729,
        -0.28298089417901084,
        -0.4007878844022681,
        -0.09329814006147212,
        0.011646901448336123,
        0.4536035987231268,
        0.06346648639609137,
        0.2395269152342886,
        -0.09524744654133462,
        -0.29623594160425615
      ],
      [
        -0.24127919055809297,
        -0.2143441566233568,
        0.494676941895794,
        -0.07242355150538296,
        0.2512795271483035,
        -0.2257317945217566,
        0.2566433766806957,
        0.07217028555390784,
        -0.021276622640701674,
        0.01808820567300204,
        -0.13860438470443145,
        0.12313917069867608,
        -0.08284801405732509,
        -0.3125594034632878,
        -0.2899079404864514,
        0.04314697943052987
      ],
      [
        0.3947728141026087,
        0.00696026290394112,
        -0.06710007274046759,
        0.2043796532013493,
        0.3681576616409236,
        0.054845625340964085,
        -0.07898168424629948,
        0.25250472154241427,
        0.1250719613892243,
        0.4122178352058584,
        0.07090114845839278,
        -0.294496137601969,
        -0.3111419437835464,
        0.4065740205363366,
        0.4604928832892777,
        -0.04487980332065016
      ],
      [
        -0.09579683028399694,
        0.3885382807423826,
        -0.30243695651291436,
        -0.14480478106603958,
        0.18388240062017353,
        -0.0986512807148974,
        0.021596119787545023,
        -0.03053564004626844,
        0.08557393657601287,
        0.3783912736052552,
        0.023979086451766524,
        0.16715116673370464,
        -0.49054776620394785,
        -0.017214138345938365,
        -0.1644940639604397,
        -0.304703265105907
      ],
      [
        -0.2195380917321877,
        0.49351383732899495,
        0.28571147216434933,
        -0.6741894020867089,
        -0.11889561574683409,
        -0.12104235833339462,
        -0.042144076928974886,
        0.5956425629786946,
        -0.02000201799792776,
        0.3734534231653225,
        -0.2591754079745791,
        -0.21232555916065843,
        -0.09351361058608092,
        0.0606241978178054,
        0.2986207914884468,
        -0.27109701805834163
      ],
      [
        0.022622445406968554,
        -0.20681882832045956,
        0.3947374516267903,
        1.3460825730984092,
        -0.24625395837388517,
        -0.07184584038729402,
        -0.3625191981995135,
        -0.43866426602488195,
        0.07890125089758512,
        0.6368543077789598,
        -0.7264669425918228,
        -0.10480131520837502,
        -0.5368222574346637,
        -0.04066648013622692,
        -0.03330369945705018,
        -0.13235985684151844
      ],
      [
        -0.21921519454189706,
        -0.19932439057438292,
        -0.4394320978391578,
        -0.6727291468529033,
        1.005330425206052,
        -0.32185564531850774,
        -0.12870106548224056,
        0.43315074363344974,
        0.8383345641651134,
        -0.28740042408690675,
        0.21580723386274298,
        0.10222897463718879,
        0.6439053162080637,
        -0.24671426960705936,
        0.1478704341045094,
        0.194334394015436
      ],
      [
        0.10869151861665466,
        -0.2697977698187686,
        -0.033455741129010286,
