{
  "labels": [
    "Glazing",
    "Hand Building",
    "Wheel Throwing",
    "research"
  ],
  "feature_extractor": {
    "max_features": 32,
    "vocabulary": {
      "wheel": 30,
      "throwing": 24,
      "core": 10,
      "concept": 7,
      "ceramics": 3,
      "visual": 26,
      "arts": 0,
      "understanding": 25,
      "requires": 21,
      "development": 12,
      "relationships": 19,
      "solve": 23,
      "vocabulary": 28,
      "common": 5,
      "questions": 18,
      "contemporary": 9,
      "settings": 22,
      "wheel throwing": 31,
      "core concept": 11,
      "concept ceramics": 8,
      "ceramics visual": 4,
      "visual arts": 27,
      "relationships neighboring": 20,
      "vocabulary foundational": 29,
      "common techniques": 6,
      "hand": 15,
      "building": 1,
      "hand building": 16,
      "glazing": 14,
      "bulk": 2,
      "phase": 17,
      "films": 13
    },
    "idf": [
      1.2231435513142097,
      1.916290731874155,
      1.916290731874155,
      1.0,
      1.2231435513142097,
      1.2231435513142097,
      1.2231435513142097,
      1.2231435513142097,
      1.2231435513142097,
      1.2231435513142097,
      1.2231435513142097,
      1.2231435513142097,
      1.0,
      1.916290731874155,
      1.916290731874155,
      1.916290731874155,
      1.916290731874155,
      1.916290731874155,
      1.2231435513142097,
      1.2231435513142097,
      1.2231435513142097,
      1.2231435513142097,
      1.2231435513142097,
      1.2231435513142097,
      1.916290731874155,
      1.2231435513142097,
      1.2231435513142097,
      1.2231435513142097,
      1.2231435513142097,
      1.2231435513142097,
      1.916290731874155,
      1.916290731874155
    ]
  },
  "scope": "ceramics",
  "grade": "preschool"
}