{
  "layer_sizes": [
    32,
    16,
    4
  ],
  "learning_rate": 0.3,
  "seed": 42,
  "output_activation": "softmax",
  "weights": [
    [
      [
        0.07254456412474891,
        -0.26308957376468217,
        0.23350331743170744,
        0.27222149941868756,
        -0.4550365931883394,
        -0.3255448767155795,
        0.03196010079182134,
        -0.13177570654857979,
        -0.008001354101384129,
        -0.19401146237937353,
        0.2913193839042415,
        0.203564596447644,
        0.01650767439030401,
        0.3200758174012313,
        0.1526525949709593,
        -0.21482311572080956
      ],
      [
        0.06940981992683912,
        -0.23972065020724972,
        0.07364506798667088,
        0.41779326135069234,
        -0.03395389464791831,
        -0.17023238610098534,
        0.30563533466850756,
        -0.40654684882967024,
        -0.1070819555407768,
        -0.1021568617710717,
        -0.02940981766349628,
        0.11009735719197129,
        0.1031831528989971,
        0.4788677261246842,
        1.1148609679494124,
        -0.1016037540961539
      ],
      [
        -0.13169538808174333,
        -0.20653672926652772,
        0.19988537412396704,
        0.319323393501107,
        0.004235339561400961,
        -0.210039119240632,
        -0.2061203039228099,
        0.10993313849349103,
        0.18201247807554863,
        0.15503808659032023,
        -0.09490753663363917,
        0.06715694335708682,
        0.029171452285182056,
        0.09293766484147636,
        0.2536324538949956,
        0.05589888719367057
      ],
      [
        0.16609368495411472,
        0.013801220167664574,
        0.11817036815258908,
        0.19490237678051936,
        -0.3315667509887969,
        -0.07991780408932533,
        -0.11759316357319888,
        -0.21243452052351974,
        -0.07258662753198285,
        0.39298484732262057,
        -0.14498788873477644,
        0.25118620123827695,
        -0.4207174429039512,
        -0.04545574183722058,
        0.07646352568419919,
        0.14655558283981954
      ],
      [
        0.17417193913435475,
        0.19524326159542302,
        -0.04129074958201632,
        -0.07850762784525755,
        0.24721617428940823,
        -0.04782608122040372,
        -0.31892158083448047,
        -0.3360368619635545,
        -0.23366413622571477,
        0.1435397055274625,
        0.10707632420617573,
        0.18173795110734897,
        -0.10681316158413356,
        0.07790043842840166,
        0.19217285789978206,
        -0.0773366349300596
      ],
      [
        0.11419380938935286,
        -0.18486804322330086,
        -0.5415956936249454,
        -0.30017006845815053,
        0.15450392992309744,
        0.12174312019639545,
        -0.11735058505068097,
        -0.18484215028908957,
        0.10890632346076777,
        0.20640785050103475,
        1.0009577515006067,
        0.09795346128901775,
        -0.10582457801103844,
        -0.0066188055067445805,
        -0.4750411196157734,
        -0.3617781181057718
      ],
      [
        -0.33430960890245964,
        -0.25240525410492876,
        0.14583407516095226,
        -0.18928944351913093,
        -0.06181843453472775,
        0.32480707444651635,
        -0.08906599276535648,
        0.13166383365408738,
        -0.2372054847277812,
        -0.03210986995288595,
        -0.16603562353911094,
        -0.07564165638473377,
        0.21007703436434888,
        -0.3935645901388641,
        0.14438117029441222,
        0.05943390058306947
      ],
      [
        -0.1521721947380576,
        -0.36460801080167193,
        0.06392289540856043,
        -0.09529285694506638,
        0.0908912568137957,
        0.00546303638086072,
        0.40044472283022886,
        -0.11255396533094031,
        -0.2596754378807782,
        0.0640684282531006,
        0.1264690611814757,
        0.34891350640051594,
        0.20877781147864463,
        0.1274832804466004,
        0.4016009822128385,
        -0.2971907635807127
      ],
      [
        -0.16357258900129593,
        -0.23473753255593952,
        -0.051561932308848944,
        -0.3070912165681931,
        0.19150994067872085,
        -0.055555674274693344,
        -0.36770157362566447,
        -0.3066098287645697,
        0.0745773971372369,
        0.22878116148761676,
        0.5706526131114811,
        0.7375822290922394,
        0.1036023583189991,
        -0.20911901434874283,
        -0.4972363107748794,
        0.06692786558595895
      ],
      [
        -0.2068699796414405,
        -0.10693286224947962,
        -0.10713368128485898,
        0.00188259871678787,
        0.2992172616720306,
        0.039262141861336156,
        -0.039658709259672076,
        -0.3116284966691372,
        -0.4224718009014012,
        -0.1023274577543112,
        0.058024252483954285,
        0.45109909098537754,
        0.03256863036822146,
        0.2839503934149875,
        -0.08904864022684021,
        -0.29623594160425615
      ],
      [
        -0.2531656312296024,
        -0.19142322631479786,
        0.6746419616212894,
        -0.09741257416698824,
        0.29758732299972596,
        -0.2257317945217566,
        0.23289325321856102,
        0.0010129771305135422,
        -0.04124852558654573,
        0.05197603292472199,
        0.040174160016452506,
        0.13580578553921763,
        -0.11967619365193143,
        -0.18321453212415256,
        -0.19691013570855992,
        0.026059439618761296
      ],
      [
        0.37199493800882305,
        0.03999790339335956,
        -0.17562708886761774,
        0.5017312739978913,
        0.3387621316651031,
        0.054845625340964085,
        -0.10273180770843429,
        -0.09134230079749742,
        0.10718910961540337,
        0.3698155238499839,
        -0.11667850474635695,
        -0.28738091682917316,
        -0.34203979981141625,
        0.7838944584305262,
        1.0103654979276218,
        -0.04487980332065016
      ],
      [
        -0.09579683028399694,
        0.34597451510391247,
        -0.7275936524945498,
        -0.42841734969752493,
        0.6142955399926184,
        -0.0986512807148974,
        -0.001280466680017824,
        -0.22882640460213957,
        0.07311329593402392,
        0.4466455218219781,
        0.8572577009828468,
        0.28355953073558815,
        -0.5125430252577556,
        0.0011311467373256875,
        -0.26401507869948376,
        -0.304703265105907
      ],
      [
        -0.2195380917321877,
        -0.08353086017520302,
        1.113360835016231,
        -0.3247633750227703,
        -0.2530050415098573,
        -0.12104235833339462,
        -0.08191827359049021,
        0.47621631191279745,
        0.1219887908957833,
        0.3743303128039657,
        -0.2628652050854993,
        -0.25816508521194304,
        -0.05596470422012488,
        -0.08404772613122374,
        -0.25790278887515294,
        -0.27109701805834163
      ],
      [
        0.01965083523909119,
        0.0545279049895114,
        0.651788025488687,
        0.47287020317866413,
        -0.22464861467277597,
        -0.07184584038729402,
        -0.3658605004592508,
        -0.03644018105425638,
        0.09647648490444803,
        0.315632529411678,
        -0.18354801987472688,
        -0.16713513680710373,
        -0.5486829045681364,
        -0.01328462736616075,
        -0.22519541846669233,
        -0.1665349364650556
      ],
      [
        -0.21921519454189706,
        -0.023565638563139247,
        -0.5262342601401765,
        -0.5200063598939467,
        0.3133353796862664,
        -0.32185564531850774,
        -0.2741963946136599,
        1.3464781975201567,
        0.8451698736393948,
        -0.3019094493321708,
        -0.4353180776453105,
        0.02185261120871119,
        0.36398906657368724,
        -0.2691504715352528,
        0.002835455764034686,
        -0.002133771015500571
      ],
      [
        0.10869151861665466,
        -0.09403901780752481,
        0.8509294582982175,
