{
  "labels": [
    "Cultural Capital",
    "Cultural Consumption",
    "Cultural Production",
    "research"
  ],
  "feature_extractor": {
    "max_features": 32,
    "vocabulary": {
      "cultural": 10,
      "production": 16,
      "core": 8,
      "concept": 3,
      "sociology": 24,
      "social": 22,
      "sciences": 19,
      "understanding": 31,
      "key": 14,
      "researchers": 18,
      "solve": 27,
      "techniques": 30,
      "contemporary": 6,
      "professional": 17,
      "settings": 21,
      "cultural production": 13,
      "core concept": 9,
      "concept sociology": 4,
      "sociology culture": 26,
      "sociology broader": 25,
      "social sciences": 23,
      "sciences understanding": 20,
      "solve practical": 28,
      "common techniques": 2,
      "contemporary applications": 7,
      "academic professional": 0,
      "consumption": 5,
      "cultural consumption": 12,
      "capital": 1,
      "cultural capital": 11,
      "news": 15,
      "statements": 29
    },
    "idf": [
      1.2231435513142097,
      1.916290731874155,
      1.2231435513142097,
      1.2231435513142097,
      1.2231435513142097,
      1.916290731874155,
      1.2231435513142097,
      1.2231435513142097,
      1.2231435513142097,
      1.2231435513142097,
      1.0,
      1.916290731874155,
      1.916290731874155,
      1.916290731874155,
      1.0,
      1.916290731874155,
      1.916290731874155,
      1.2231435513142097,
      1.0,
      1.2231435513142097,
      1.2231435513142097,
      1.2231435513142097,
      1.2231435513142097,
      1.2231435513142097,
      1.2231435513142097,
      1.2231435513142097,
      1.2231435513142097,
      1.2231435513142097,
      1.2231435513142097,
      1.916290731874155,
      1.0,
      1.0
    ]
  },
  "scope": "sociology_of_culture",
  "grade": "preschool"
}