{
  "layer_sizes": [
    32,
    16,
    4
  ],
  "learning_rate": 0.3,
  "seed": 42,
  "output_activation": "softmax",
  "weights": [
    [
      [
        -0.005810338626437938,
        -0.2599960265601239,
        0.14294331499841206,
        0.20485898087559065,
        -0.6900086154377696,
        -0.3255448767155795,
        0.20456182061797154,
        -0.07906064808589555,
        -0.15438675615891576,
        -0.1222723433497043,
        0.04102010487895124,
        0.41260864876225317,
        0.01650767439030401,
        0.2818103017420082,
        0.1168773355630114,
        -0.21482311572080956
      ],
      [
        0.10519011473059864,
        -0.24889818254123997,
        0.23412245129718953,
        -0.02038273138165138,
        -0.037061951875962985,
        -0.17023238610098534,
        0.36864861257598996,
        -0.04531032642976601,
        -0.08798231624036389,
        -0.05907141630923156,
        0.12845670995140537,
        0.1368964034304562,
        0.1031831528989971,
        0.10770525075197068,
        0.5458191911176997,
        -0.1016037540961539
      ],
      [
        -0.08599040512757228,
        -0.21466862155326727,
        0.18599849335601656,
        0.2822430731802229,
        0.047256069684665426,
        -0.210039119240632,
        -0.1841307403798155,
        0.15448009824576023,
        0.25710618159050846,
        0.14217478084438837,
        -0.114956826119679,
        0.044112082924780915,
        0.029171452285182056,
        0.05467214918225324,
        0.23058680523813646,
        0.05589888719367057
      ],
      [
        0.11506865172460991,
        0.016894767372222865,
        0.04250019370369457,
        0.13763392431149318,
        -0.4991221671467902,
        -0.07991780408932533,
        -0.0025253503557654783,
        -0.15971946206083548,
        -0.16890987399523327,
        0.43439442017105967,
        -0.3356773714811482,
        0.387510031917881,
        -0.4207174429039512,
        -0.08372125749644371,
        0.0406882662762514,
        0.14655558283981954
      ],
      [
        0.2198769220885258,
        0.18711136930868347,
        -0.05517763034996685,
        -0.11558794816614179,
        0.2902369044126727,
        -0.04782608122040372,
        -0.29693201729148605,
        -0.2914899022112852,
        -0.15857043271075486,
        0.13067639978153062,
        0.08702703472013594,
        0.1586930906750431,
        -0.10681316158413356,
        0.03963492276917856,
        0.16912720924292318,
        -0.0773366349300596
      ],
      [
        0.07319900510682995,
        -0.16548148526666281,
        -0.11309820361786907,
        -0.11057557261068868,
        -0.40008482053441513,
        0.12174312019639545,
        -0.031049725137605882,
        0.0031235296819218574,
        0.045093431335055466,
        0.1571271132793314,
        0.0769315828248186,
        0.08445896132515211,
        -0.10582457801103844,
        -0.019929552726599763,
        -0.42183360848950746,
        -0.3617781181057718
      ],
      [
        -0.3716697073711235,
        -0.24931170690037044,
        0.07760881470425803,
        -0.24151086295112162,
        -0.1956655476470026,
        0.32480707444651635,
        -0.0027651328522813956,
        0.18437889211677164,
        -0.30849765339389107,
        -0.005865070195062154,
        -0.3269202081460233,
        0.024322063477367418,
        0.21007703436434888,
        -0.43183010579808717,
        0.10860591088646433,
        0.05943390058306947
      ],
      [
        -0.10646721178388656,
        -0.37273990308841143,
        0.050036014640609944,
        -0.1323731772659506,
        0.13391198693706013,
        0.00546303638086072,
        0.4224342863732233,
        -0.06800700557867113,
        -0.18458173436581823,
        0.051205122507168695,
        0.10641977169543591,
        0.32586864596821,
        0.20877781147864463,
        0.08921776478737733,
        0.37855533355597976,
        -0.2971907635807127
      ],
      [
        -0.11786760604712489,
        -0.24286942484267907,
        -0.06544881307679949,
        -0.3441715368890772,
        0.23453067080198534,
        -0.055555674274693344,
        -0.34571201008267005,
        -0.2620628690123004,
        0.14967110065219683,
        0.2159178557416849,
        0.5506033236254412,
        0.714537368659933,
        0.1036023583189991,
        -0.24738453000796604,
        -0.5202819594317386,
        0.06692786558595895
      ],
      [
        -0.2715599476317863,
        -0.10383931504492133,
        -0.19024876972595384,
        -0.06043288678927366,
        0.0979535424683189,
        0.039262141861336156,
        0.10417605726211973,
        -0.2589134382064529,
        -0.5438261251617922,
        -0.045753111815257125,
        -0.16247012840187675,
        0.6237830324824843,
        0.03256863036822146,
        0.2456848777557644,
        -0.12482389963478802,
        -0.29623594160425615
      ],
      [
        -0.24253863152687097,
        -0.19048404846792855,
        0.5388571791418132,
        -0.21851542586457678,
        0.18359515815069533,
        -0.2257317945217566,
        0.32593011035217045,
        0.08955978561390032,
        -0.04618434470004285,
        0.03459855517835904,
        -0.1994243748672868,
        0.19500186611146764,
        -0.113745870085195,
        -0.30640144094181204,
        -0.3090771026798205,
        0.04314697943052987
      ],
      [
        0.42203709249133436,
        0.030820371059369307,
        -0.007379575619749741,
        0.06882278368893965,
        0.3708348562308012,
        0.054845625340964085,
        -0.06974210902707892,
        0.2698942216024067,
        0.15241325850174936,
        0.3970737539124324,
        0.07229488744155212,
        -0.29853029899219913,
        -0.34203979981141625,
        0.4127319830578124,
        0.44132372109590856,
        -0.04487980332065016
      ],
      [
        -0.011656276003372741,
        0.34291019407795487,
        -0.21275414508658685,
        -0.2236817547389566,
        0.3123175668690295,
        -0.0986512807148974,
        0.04269866040597093,
        -0.05719692205195825,
        0.2269789147790295,
        0.36464289286460844,
        0.12548742813042568,
        0.13312820263541633,
        -0.5125430252577556,
        -0.012179600482529487,
        -0.18534834607103964,
        -0.304703265105907
      ],
      [
        -0.2741978307755515,
        -0.08353086017520302,
        0.19919597962020186,
        -0.35178631158303286,
        -0.12717533903426922,
        -0.12104235833339462,
        0.033149539626943225,
        0.25068945632615103,
        0.03440454806241914,
        0.3950086192231466,
        -0.15784601237031243,
        -0.028545209647665094,
        -0.05596470422012488,
        0.0606241978178054,
        0.04414333961342776,
        -0.27109701805834163
      ],
      [
        -0.11133376269897464,
        0.057057082534726286,
        0.16792296583983066,
        0.46921115282041753,
        0.006425239137978012,
        -0.07184584038729402,
        -0.5951837088986371,
        -0.1954590184141207,
        0.6257906859773711,
        0.4935231902853646,
        -0.4820776248372663,
        -0.30145193196949904,
        -0.5368222574346637,
        -0.04066648013622692,
        -0.2656036029648908,
        -0.13235985684151844
      ],
      [
        -0.35317140264784036,
        -0.023565638563139247,
        -0.9008776413828073,
        -0.36676131134774764,
        0.7520478547847574,
        -0.32185564531850774,
        -0.5035196030530461,
        0.41144611715707946,
        1.2731562273898873,
        -0.10083187214302902,
        -0.39186890459837187,
        -0.05252643421742255,
        0.4321744111013981,
        -0.24671426960705936,
        -0.061319461485527436,
        0.194334394015436
      ],
      [
        0.30793183814588904,
        -0.14910421181146633,
        0.11964961916068878,
