{
  "labels": [
    "Magnetic Materials",
    "Optical Materials",
    "Semiconductor Materials",
    "research"
  ],
  "feature_extractor": {
    "max_features": 32,
    "vocabulary": {
      "semiconductor": 26,
      "materials": 16,
      "electronic": 10,
      "engineering": 12,
      "analysis": 1,
      "relationships": 23,
      "researchers": 25,
      "practical": 19,
      "theoretical": 31,
      "common": 7,
      "awareness": 2,
      "questions": 21,
      "semiconductor materials": 27,
      "electronic materials": 11,
      "broader domain": 4,
      "requires studying": 24,
      "common techniques": 8,
      "questions contemporary": 22,
      "professional settings": 20,
      "magnetic": 14,
      "magnetic materials": 15,
      "optical": 17,
      "optical materials": 18,
      "excitonic": 13,
      "charge": 5,
      "absorption": 0,
      "spectra": 28,
      "ct": 9,
      "broadening": 3,
      "states": 30,
      "spectral": 29,
      "charge transfer": 6
    },
    "idf": [
      1.916290731874155,
      1.0,
      1.2231435513142097,
      1.916290731874155,
      1.2231435513142097,
      1.916290731874155,
      1.916290731874155,
      1.2231435513142097,
      1.2231435513142097,
      1.916290731874155,
      1.0,
      1.0,
      1.2231435513142097,
      1.916290731874155,
      1.916290731874155,
      1.916290731874155,
      1.0,
      1.916290731874155,
      1.916290731874155,
      1.0,
      1.2231435513142097,
      1.2231435513142097,
      1.2231435513142097,
      1.2231435513142097,
      1.2231435513142097,
      1.2231435513142097,
      1.916290731874155,
      1.916290731874155,
      1.916290731874155,
      1.916290731874155,
      1.916290731874155,
      1.0
    ]
  },
  "scope": "electronic_materials",
  "grade": "preschool"
}