{
  "labels": [
    "Fatigue Analysis",
    "Fracture Mechanics",
    "Stress & Strain",
    "research"
  ],
  "feature_extractor": {
    "max_features": 32,
    "vocabulary": {
      "stress": 28,
      "strain": 26,
      "core": 9,
      "concept": 5,
      "mechanics": 20,
      "engineering": 13,
      "domain": 12,
      "requires": 22,
      "analysis": 1,
      "researchers": 23,
      "extend": 14,
      "vocabulary": 30,
      "common": 3,
      "contemporary": 7,
      "academic": 0,
      "stress strain": 29,
      "core concept": 10,
      "concept mechanics": 6,
      "relationships neighboring": 21,
      "solve practical": 25,
      "vocabulary foundational": 31,
      "common techniques": 4,
      "contemporary applications": 8,
      "fracture": 17,
      "fracture mechanics": 18,
      "fatigue": 15,
      "fatigue analysis": 16,
      "material": 19,
      "strength": 27,
      "solids": 24,
      "based": 2,
      "criteria": 11
    },
    "idf": [
      1.2231435513142097,
      1.2231435513142097,
      1.916290731874155,
      1.2231435513142097,
      1.2231435513142097,
      1.0,
      1.2231435513142097,
      1.2231435513142097,
      1.2231435513142097,
      1.2231435513142097,
      1.2231435513142097,
      1.916290731874155,
      1.0,
      1.2231435513142097,
      1.0,
      1.916290731874155,
      1.916290731874155,
      1.5108256237659907,
      1.5108256237659907,
      1.916290731874155,
      1.0,
      1.2231435513142097,
      1.0,
      1.2231435513142097,
      1.916290731874155,
      1.2231435513142097,
      1.5108256237659907,
      1.916290731874155,
      1.5108256237659907,
      1.5108256237659907,
      1.2231435513142097,
      1.2231435513142097
    ]
  },
  "scope": "mechanics_of_materials",
  "grade": "preschool"
}