{
  "layer_sizes": [
    32,
    16,
    3
  ],
  "learning_rate": 0.3,
  "seed": 42,
  "output_activation": "softmax",
  "weights": [
    [
      [
        0.07617926993860784,
        -0.24945736739875563,
        0.220362674220179,
        0.22356259459669836,
        -0.4597270861546652,
        -0.29542388037736494,
        0.055617025559808034,
        -0.07386529326299258,
        0.040869017839264575,
        -0.2214621640626318,
        0.22303667424841847,
        0.19285377705175136,
        0.01650767439030401,
        0.3201619940152799,
        0.1168773355630114,
        -0.21482311572080956
      ],
      [
        0.09218769602062471,
        -0.22918199104588152,
        0.2523624505953829,
        -0.024060062247668327,
        -0.01818387987752124,
        -0.14011138976277082,
        0.32929225943649426,
        -0.03343701569429753,
        -0.06201264832544004,
        -0.09623456979129422,
        0.1362644769210485,
        0.08976680928553399,
        0.1031831528989971,
        0.14605694302524247,
        0.5354119002176153,
        -0.1016037540961539
      ],
      [
        -0.12806068226788433,
        -0.19290452290060123,
        0.1867447309124386,
        0.2706644886791178,
        -0.0004551534049248682,
        -0.1799181229024175,
        -0.18246337915482327,
        0.16784355177907823,
        0.23088285001619727,
        0.12758738490706195,
        -0.16319024628946224,
        0.0564461239611943,
        0.029171452285182056,
        0.09302384145552497,
        0.21785719448704746,
        0.05589888719367057
      ],
      [
        0.16972839076797372,
        0.027433426533591133,
        0.10502972494106083,
        0.14624347195853,
        -0.3362572439551227,
        -0.04979680775111074,
        -0.09393623880521208,
        -0.15452410723793253,
        -0.023716255591334206,
        0.36553414563936215,
        -0.21327059839059948,
        0.24047538184238448,
        -0.4207174429039512,
        -0.045369565223172,
        0.0406882662762514,
        0.14655558283981954
      ],
      [
        0.17780664494821374,
        0.2088754679613495,
        -0.05443139279354461,
        -0.1271665326672469,
        0.24252568132308241,
        -0.01770508488218914,
        -0.29526465606649377,
        -0.27812644867796726,
        -0.18479376428506614,
        0.11608900384420419,
        0.03879361455035257,
        0.17102713171145634,
        -0.10681316158413356,
        0.07798661504245029,
        0.15639759849183418,
        -0.0773366349300596
      ],
      [
        0.11419380938935286,
        -0.1549428261052946,
        -0.058013586372703145,
        -0.10701305800068737,
        -0.270928200388466,
        0.15186411653460996,
        -0.09369366028269417,
        0.008318884504824858,
        0.16525597194181393,
        0.1034316118382492,
        0.1695334577759079,
        -0.02621557793284153,
        -0.10582457801103844,
        0.018422139546671944,
        -0.42183360848950746,
        -0.3617781181057718
      ],
      [
        -0.3306749030886006,
        -0.23877304773900224,
        0.13269343194942385,
        -0.2379483483411203,
        -0.06650892750105353,
        0.35492807078473093,
        -0.06540906799736969,
        0.1895742469396746,
        -0.18833511278713255,
        -0.05956057163614432,
        -0.23431833319493398,
        -0.08635247578062621,
        0.21007703436434888,
        -0.3934784135248155,
        0.10860591088646433,
        0.05943390058306947
      ],
      [
        -0.1485374889241986,
        -0.35097580443574544,
        0.05078225219703214,
        -0.1439517617670557,
        0.08620076384746991,
        0.035584032719075294,
        0.42410164759821556,
        -0.05464355204535306,
        -0.21080506594012952,
        0.036617726569842225,
        0.058186351525652553,
        0.3382026870046237,
        0.20877781147864463,
        0.12756945706064907,
        0.36582572280489045,
        -0.2971907635807127
      ],
      [
        -0.15993788318743693,
        -0.22110532619001302,
        -0.0647025755203772,
        -0.3557501213901823,
        0.18681944771239503,
        -0.025434677936478765,
        -0.34404464885767777,
        -0.2486994154789825,
        0.1234477690778856,
        0.20133045980435849,
        0.502369903455658,
        0.7268714096963463,
        0.1036023583189991,
        -0.20903283773469422,
        -0.5330115701828273,
        0.06692786558595895
      ],
      [
        -0.2032352738275815,
        -0.09330065588355303,
        -0.12027432449638728,
        -0.04677630610520142,
        0.2945267687057048,
        0.06938313819955075,
        -0.016001784491685357,
        -0.25371808338355,
        -0.37360142896075255,
        -0.12977815943756954,
        -0.010258457171868867,
        0.4403882715894853,
        0.03256863036822146,
        0.2840365700290361,
        -0.12482389963478802,
        -0.29623594160425615
      ],
      [
        -0.24127919055809297,
        -0.1813065161339383,
        0.8241367710535236,
        -0.2802744618987591,
        0.829586981609073,
        -0.48906457929176567,
        0.47450717997384256,
        0.4651832418162309,
        -0.1597486382409442,
        -0.010190631533858506,
        -0.2678329907653531,
        0.054640451964006874,
        -0.113745870085195,
        -0.47390311225851695,
        -0.3194843935799048,
        0.04314697943052987
      ],
      [
        0.3947728141026087,
        0.050536562554727826,
        0.0030902937410941097,
        0.059877950399530616,
        0.35453214643550013,
        0.08496662167917872,
        -0.0790748829404475,
        0.2817675323378751,
        0.15225841683074007,
        0.3757378158297612,
        0.048995789838187795,
        -0.3077114647356105,
        -0.34203979981141625,
        0.45108367533108407,
        0.43091643019582426,
        -0.04487980332065016
      ],
      [
        -0.09579683028399694,
        0.37589973222191875,
        -0.24401154524230736,
        -0.2352603392400617,
        0.18886340968105506,
        -0.06853028437668275,
        0.022376458087968898,
        -0.035665369808225135,
        0.12946294441507017,
        0.3436692831591924,
        0.025833407258147652,
        0.15939049151372875,
        -0.5125430252577556,
        0.026172091790742216,
        -0.21080756757321778,
        -0.304703265105907
      ],
      [
        -0.2195380917321877,
        0.15449997177548852,
        0.5212849903762002,
        -0.331598179434891,
        -0.6110511093193772,
        -0.1076295729374529,
        -0.14234888879676633,
        -0.08307004248198699,
        0.8411337897257414,
        0.27880629299227866,
        -0.06261884704186965,
        -0.052053770771325975,
        -0.05596470422012488,
        0.0039121680899528635,
        0.04414333961342776,
        -0.27109701805834163
      ],
      [
        0.022622445406968554,
        0.06759574169609456,
        0.6621183846520448,
        0.4576325683193124,
        -0.18527912663091106,
        -0.04172484404907944,
        -0.3422035756912641,
        -0.14248139866796866,
        0.1239705581129219,
        0.29326222305282157,
        -0.1790837789031908,
        -0.16513081682243486,
        -0.5368222574346637,
        -0.0023147878629552086,
        -0.2656036029648908,
        -0.13235985684151844
      ],
      [
        -0.21921519454189706,
        -0.01302697940177098,
        -0.40668222257059294,
        -0.37833989584885275,
        0.5603434890158682,
        -0.29173464898029317,
        -0.2505394698456732,
        0.4644237369032314,
        0.7713360995254386,
        -0.30109283937557224,
        -0.08887505866429637,
        0.08379468092964179,
        0.4321744111013981,
        -0.20836257733378755,
        -0.061319461485527436,
        0.194334394015436
      ],
      [
        0.10869151861665466,
        -0.08350035864615651,
        -0.0007058658604455416,
