{
  "layer_sizes": [
    32,
    16,
    3
  ],
  "learning_rate": 0.3,
  "seed": 42,
  "output_activation": "softmax",
  "weights": [
    [
      [
        0.07617926993860784,
        -0.26440375134206273,
        0.21193470351830485,
        0.2501502953070789,
        -0.45884316276959647,
        -0.3255448767155795,
        0.03196010079182134,
        -0.041730324220663875,
        0.021233176035275976,
        -0.20206302733866327,
        0.23732735384638984,
        0.20699969057379736,
        0.01650767439030401,
        0.31511964385539726,
        0.1168773355630114,
        -0.21482311572080956
      ],
      [
        0.09218769602062471,
        -0.24412837498918863,
        0.24393447989350867,
        0.002527638462712204,
        -0.0172999564924525,
        -0.17023238610098534,
        0.30563533466850756,
        -0.001302046651968802,
        -0.08164849012942858,
        -0.07683543306732554,
        0.15055515651901988,
        0.10391272280757985,
        0.1031831528989971,
        0.14101459286535978,
        0.5354119002176153,
        -0.1016037540961539
      ],
      [
        -0.12806068226788433,
        -0.20344318206196943,
        0.2665197662130463,
        0.6997840069568372,
        -0.2940503900267757,
        -0.210039119240632,
        -0.2061203039228099,
        -0.13010359284666365,
        0.5828835459799532,
        0.015440117509424284,
        -0.2813585126222002,
        0.01738424359051899,
        0.029171452285182056,
        0.00013609560380855747,
        0.21785719448704746,
        0.05589888719367057
      ],
      [
        0.16972839076797372,
        0.016894767372222865,
        0.18480476024166823,
        0.5753629902362493,
        -0.6298524805769735,
        -0.07991780408932533,
        -0.11759316357319888,
        -0.4524712518636745,
        0.3282844403724211,
        0.2533868782417245,
        -0.3314388647233375,
        0.2014135014717092,
        -0.4207174429039512,
        -0.13825731107488842,
        0.0406882662762514,
        0.14655558283981954
      ],
      [
        0.17780664494821374,
        0.1939290840180424,
        -0.06285936349541893,
        -0.10057883195686633,
        0.243409604708151,
        -0.04782608122040372,
        -0.31892158083448047,
        -0.24599147963563855,
        -0.20442960608905464,
        0.13548814056817274,
        0.053084294148324,
        0.18517304523350234,
        -0.10681316158413356,
        0.07294426488256762,
        0.15639759849183418,
        -0.0773366349300596
      ],
      [
        0.11419380938935286,
        -0.16988921004860172,
        -0.0664415570745775,
        -0.08042535729030682,
        -0.2700442770033973,
        0.12174312019639545,
        -0.11735058505068097,
        0.04045385354715357,
        0.14562013013782543,
        0.12283074856221787,
        0.18382413737387926,
        -0.012069664410795633,
        -0.10582457801103844,
        0.01337978938678934,
        -0.42183360848950746,
        -0.3617781181057718
      ],
      [
        -0.3306749030886006,
        -0.2537194316823093,
        0.12426546124754961,
        -0.21136064763073978,
        -0.06562500411598474,
        0.32480707444651635,
        -0.08906599276535648,
        0.22170921598200338,
        -0.20797095459112105,
        -0.040161434912175754,
        -0.2200276535969626,
        -0.07220656225858035,
        0.21007703436434888,
        -0.39852076368469813,
        0.10860591088646433,
        0.05943390058306947
      ],
      [
        -0.1485374889241986,
        -0.3659221883790525,
        0.04235428149515789,
        -0.11736406105667509,
        0.08708468723253866,
        0.00546303638086072,
        0.40044472283022886,
        -0.022508583003024326,
        -0.23044090774411805,
        0.05601686329381079,
        0.07247703112362394,
        0.35234860052666944,
        0.20877781147864463,
        0.12252710690076644,
        0.36582572280489045,
        -0.2971907635807127
      ],
      [
        -0.15993788318743693,
        -0.23605171013332013,
        -0.07313054622225154,
        -0.32916242067980195,
        0.18770337109746363,
        -0.055555674274693344,
        -0.36770157362566447,
        -0.21656444643665368,
        0.10381192727389704,
        0.22072959652832702,
        0.5166605830536293,
        0.7410173232183931,
        0.1036023583189991,
        -0.21407518789457697,
        -0.5330115701828273,
        0.06692786558595895
      ],
      [
        -0.2032352738275815,
        -0.10824703982686021,
        -0.12870229519826148,
        -0.02018860539482088,
        0.29541069209077353,
        0.039262141861336156,
        -0.039658709259672076,
        -0.22158311434122116,
        -0.3932372707647412,
        -0.11037902271360087,
        0.004032222426102554,
        0.45453418511153104,
        0.03256863036822146,
        0.2789942198691534,
        -0.12482389963478802,
        -0.29623594160425615
      ],
      [
        -0.24127919055809297,
        -0.1857142409158772,
        0.5564393376754813,
        -0.1903375535968211,
        0.23853793532794879,
        -0.2257317945217566,
        0.23289325321856102,
        0.13356806539169744,
        -0.013726009003174425,
        0.0010073230208732776,
        -0.1462190637266649,
        0.1240697570870804,
        -0.113745870085195,
        -0.273092098828423,
        -0.3194843935799048,
        0.04314697943052987
      ],
      [
        0.3947728141026087,
        0.03559017861142067,
        -0.005337676960780139,
        0.08646565110991118,
        0.35541606982056884,
        0.054845625340964085,
        -0.10273180770843429,
        0.31390250138020376,
        0.13262257502675154,
        0.39513695255372966,
        0.06328646943615923,
        -0.29356555121356476,
        -0.34203979981141625,
        0.44604132517120143,
        0.43091643019582426,
        -0.04487980332065016
      ],
      [
        -0.09579683028399694,
        0.3609533482786117,
        -0.25243951594418146,
        -0.20867263852968118,
        0.18974733306612365,
        -0.0986512807148974,
        -0.001280466680017824,
        -0.003530400765896408,
        0.10982710261108161,
        0.36306841988316085,
        0.04012408685611907,
        0.17353640503577475,
        -0.5125430252577556,
        0.0211297416308596,
        -0.21080756757321778,
        -0.304703265105907
      ],
      [
        -0.2195380917321877,
        -0.10556948408489744,
        0.35058515842245574,
        -0.2565525983885139,
        0.15223604511791747,
        -0.12104235833339462,
        -0.08191827359049021,
        0.43734107565230973,
        0.2616961863077223,
        0.3903392996343448,
        0.04876288084093828,
        -0.11122711933487439,
        -0.05596470422012488,
        0.22717090838475096,
        0.04414333961342776,
        -0.27109701805834163
      ],
      [
        0.022622445406968554,
        0.052649357752787396,
        0.6536904139501702,
        0.4842202690296928,
        -0.18439520324584247,
        -0.07184584038729402,
        -0.3658605004592508,
        -0.11034642962563981,
        0.10433471630893335,
        0.31266135977679005,
        -0.16479309930521943,
        -0.15098490330038886,
        -0.5368222574346637,
        -0.007357138022837815,
        -0.2656036029648908,
        -0.13235985684151844
      ],
      [
        -0.21921519454189706,
        -0.02797336334507813,
        -0.4151101932724673,
        -0.3517521951384724,
        0.5612274124009371,
        -0.32185564531850774,
        -0.2741963946136599,
        0.49655870594556006,
        0.7517002577214498,
        -0.28169370265160376,
        -0.074584379066325,
        0.09794059445168765,
        0.4321744111013981,
        -0.2134049274936703,
        -0.061319461485527436,
        0.194334394015436
      ],
      [
        0.10869151861665466,
        -0.09844674258946369,
        -0.009133836562319787,
