{
  "layer_sizes": [
    32,
    16,
    3
  ],
  "learning_rate": 0.3,
  "seed": 42,
  "output_activation": "softmax",
  "weights": [
    [
      [
        0.07617926993860784,
        -0.2599960265601239,
        0.20316244976869607,
        0.22071556799453956,
        -0.42031125821574367,
        -0.3255448767155795,
        0.03196010079182134,
        -0.005646712540189449,
        0.027438189038702394,
        -0.20889781384572595,
        0.25026545037514636,
        0.18006240898343198,
        0.01650767439030401,
        0.2818103017420082,
        0.1168773355630114,
        -0.21482311572080956
      ],
      [
        0.09218769602062471,
        -0.23972065020724972,
        0.23516222614389987,
        -0.026907088849827118,
        0.021231948061400132,
        -0.17023238610098534,
        0.30563533466850756,
        0.034781565028505546,
        -0.07544347712600227,
        -0.08367021957438833,
        0.16349325304777643,
        0.07697544121721446,
        0.1031831528989971,
        0.10770525075197068,
        0.5354119002176153,
        -0.1016037540961539
      ],
      [
        -0.12806068226788433,
        -0.20344318206196943,
        0.542124419123842,
        0.18454434211084086,
        0.3245591945612517,
        -0.210039119240632,
        -0.2061203039228099,
        1.2706351401490859,
        0.3545653077663328,
        0.3070804204506196,
        -0.3599983562964368,
        -0.1412853481465475,
        0.029171452285182056,
        0.05467214918225324,
        0.21785719448704746,
        0.05589888719367057
      ],
      [
        0.16972839076797372,
        0.016894767372222865,
        0.5706696229664069,
        0.1578220564596351,
        -0.8888111947728853,
        -0.07991780408932533,
        -0.11759316357319888,
        -0.5907144965425828,
        -0.023262925671414154,
        0.23199341714715843,
        -0.34993227102173696,
        0.667570840302536,
        -0.4207174429039512,
        -0.08372125749644371,
        0.0406882662762514,
        0.14655558283981954
      ],
      [
        0.17780664494821374,
        0.1983368087999813,
        0.411208505231801,
        -0.11558794816614179,
        -0.3100282694946803,
        -0.04782608122040372,
        -0.31892158083448047,
        -0.7143168379826175,
        -0.18434043436514616,
        -0.01745172464799956,
        -0.09786805808078487,
        0.5981225901716077,
        -0.10681316158413356,
        0.03963492276917856,
        0.15639759849183418,
        -0.0773366349300596
      ],
      [
        0.11419380938935286,
        -0.16548148526666281,
        -0.07521381082418627,
        -0.10986008460284616,
        -0.23151237244954473,
        0.12174312019639545,
        -0.11735058505068097,
        0.07653746522762794,
        0.1518251431412519,
        0.11599596205515508,
        0.19676223390263584,
        -0.039006946001161,
        -0.10582457801103844,
        -0.019929552726599763,
        -0.42183360848950746,
        -0.3617781181057718
      ],
      [
        -0.3306749030886006,
        -0.24931170690037044,
        0.11549320749794081,
        -0.2407953749432791,
        -0.027093099562132156,
        0.32480707444651635,
        -0.08906599276535648,
        0.25779282766247763,
        -0.20176594158769456,
        -0.04699622141923841,
        -0.20708955706820606,
        -0.09914384384894574,
        0.21007703436434888,
        -0.43183010579808717,
        0.10860591088646433,
        0.05943390058306947
      ],
      [
        -0.1485374889241986,
        -0.36151446359711364,
        0.03358202774554909,
        -0.1467987883692145,
        0.1256165917863913,
        0.00546303638086072,
        0.40044472283022886,
        0.013575028677450031,
        -0.2242358947406916,
        0.04918207678674813,
        0.08541512765238037,
        0.3254113189363041,
        0.20877781147864463,
        0.08921776478737733,
        0.36582572280489045,
        -0.2971907635807127
      ],
      [
        -0.15993788318743693,
        -0.23164398535138123,
        -0.08190279997186031,
        -0.3585971479923411,
        0.22623527565131632,
        -0.055555674274693344,
        -0.36770157362566447,
        -0.1804808347561793,
        0.11001694027732337,
        0.21389481002126434,
        0.5295986795823856,
        0.7140800416280275,
        0.1036023583189991,
        -0.24738453000796604,
        -0.5330115701828273,
        0.06692786558595895
      ],
      [
        -0.2032352738275815,
        -0.10383931504492133,
        -0.13747454894787026,
        -0.049623332707360204,
        0.33394259664462633,
        0.039262141861336156,
        -0.039658709259672076,
        -0.18549950266074686,
        -0.3870322577613147,
        -0.11721380922066366,
        0.01697031895485896,
        0.4275969035211657,
        0.03256863036822146,
        0.2456848777557644,
        -0.12482389963478802,
        -0.29623594160425615
      ],
      [
        -0.24127919055809297,
        -0.1813065161339383,
        0.8731234143028572,
        -0.24862350311588824,
        0.10217363333880376,
        -0.2257317945217566,
        0.23289325321856102,
        0.06192693783515911,
        0.0826423636528575,
        -0.08081618316914735,
        -0.15128123907292737,
        0.3196692194396858,
        -0.113745870085195,
        -0.30640144094181204,
        -0.3194843935799048,
        0.04314697943052987
      ],
      [
        0.3947728141026087,
        0.03999790339335956,
        -0.014109930710388944,
        0.05703092379737184,
        0.39394797437442164,
        0.054845625340964085,
        -0.10273180770843429,
        0.34998611306067823,
        0.13882758803017797,
        0.38830216604666706,
        0.0762245659649156,
        -0.3205028328039301,
        -0.34203979981141625,
        0.4127319830578124,
        0.43091643019582426,
        -0.04487980332065016
      ],
      [
        -0.09579683028399694,
        0.36536107306055055,
        -0.26121176969379034,
        -0.2381073658422205,
        0.22827923761997634,
        -0.0986512807148974,
        -0.001280466680017824,
        0.03255321091457795,
        0.11603211561450794,
        0.35623363337609826,
        0.05306218338487546,
        0.14659912344540937,
        -0.5125430252577556,
        -0.012179600482529487,
        -0.21080756757321778,
        -0.304703265105907
      ],
      [
        -0.2195380917321877,
        -0.08353086017520302,
        0.244525286406085,
        -0.3460237905381549,
        0.07510541209631966,
        -0.12104235833339462,
        -0.08191827359049021,
        0.32410339187185705,
        0.1661673376657562,
        0.338712694908355,
        -0.008210463153036043,
        -0.18837122779148086,
        -0.05596470422012488,
        0.0606241978178054,
        0.04414333961342776,
        -0.27109701805834163
      ],
      [
        0.022622445406968554,
        0.057057082534726286,
        0.6449181602005621,
        0.45478554171715363,
        -0.14586329869198977,
        -0.07184584038729402,
        -0.3658605004592508,
        -0.07426281794516551,
        0.11053972931235967,
        0.30582657326972745,
        -0.15185500277646288,
        -0.17792218489075423,
        -0.5368222574346637,
        -0.04066648013622692,
        -0.2656036029648908,
        -0.13235985684151844
      ],
      [
        -0.21921519454189706,
        -0.023565638563139247,
        -0.42388244702207617,
        -0.38118692245101155,
        0.5997593169547896,
        -0.32185564531850774,
        -0.2741963946136599,
        0.5326423176260341,
        0.7579052707248761,
        -0.28852848915866636,
        -0.06164628253756855,
        0.07100331286132226,
        0.4321744111013981,
        -0.24671426960705936,
        -0.061319461485527436,
        0.194334394015436
      ],
      [
        0.10869151861665466,
        -0.09403901780752481,
        -0.01790609031192858,
