{
  "labels": [
    "Coordination Chemistry",
    "Main Group Chemistry",
    "Transition Metal Chemistry"
  ],
  "feature_extractor": {
    "max_features": 32,
    "vocabulary": {
      "main": 26,
      "group": 24,
      "chemistry": 9,
      "core": 22,
      "concept": 16,
      "broader": 7,
      "definitions": 23,
      "analysis": 2,
      "common": 14,
      "awareness": 5,
      "contemporary": 18,
      "applications": 3,
      "academic": 0,
      "main group": 27,
      "group chemistry": 25,
      "chemistry core": 11,
      "concept inorganic": 17,
      "chemistry broader": 10,
      "broader domain": 8,
      "chemistry requires": 13,
      "chemistry explain": 12,
      "common techniques": 15,
      "awareness open": 6,
      "contemporary applications": 19,
      "applications academic": 4,
      "academic professional": 1,
      "transition": 30,
      "metal": 28,
      "transition metal": 31,
      "metal chemistry": 29,
      "coordination": 20,
      "coordination chemistry": 21
    },
    "idf": [
      1.0,
      1.0,
      1.0,
      1.0,
      1.0,
      1.0,
      1.0,
      1.0,
      1.0,
      1.0,
      1.0,
      1.0,
      1.0,
      1.0,
      1.0,
      1.0,
      1.0,
      1.0,
      1.0,
      1.0,
      1.6931471805599454,
      1.6931471805599454,
      1.0,
      1.0,
      1.6931471805599454,
      1.6931471805599454,
      1.6931471805599454,
      1.6931471805599454,
      1.6931471805599454,
      1.6931471805599454,
      1.6931471805599454,
      1.6931471805599454
    ]
  },
  "scope": "inorganic_chemistry",
  "grade": "preschool"
}