{
  "layer_sizes": [
    32,
    16,
    4
  ],
  "learning_rate": 0.3,
  "seed": 42,
  "output_activation": "softmax",
  "weights": [
    [
      [
        0.07617926993860784,
        -0.2599960265601239,
        0.1474006607592886,
        0.17317038697608034,
        -0.5841218425682259,
        -0.3255448767155795,
        0.007435994555547894,
        0.13981297182447505,
        -0.06279048287845763,
        -0.15554675669682724,
        0.13999167527166773,
        0.1457586461200128,
        0.01650767439030401,
        0.2693473864251828,
        0.23471159478734138,
        -0.21482311572080956
      ],
      [
        0.08653292572634261,
        -0.24458250708508408,
        0.24633963104257917,
        0.05572319904749594,
        -0.020615672042178027,
        -0.1733655721992214,
        0.3581667804933657,
        -0.07664912666275114,
        -0.05650871924321575,
        -0.08277534635804591,
        0.17393019716999583,
        0.14890825011423994,
        0.1031831528989971,
        0.11403071641628496,
        0.5158334697720589,
        -0.10260245151598361
      ],
      [
        -0.13371545256216646,
        -0.20830503893980382,
        0.18072191135963495,
        0.3504477499742824,
        -0.002886945569581633,
        -0.21317230533886808,
        -0.1535888580979519,
        0.12463144081062456,
        0.23638677909842148,
        0.1410466083403102,
        -0.12552452604051492,
        0.11558756478990025,
        0.029171452285182056,
        0.06099761484656744,
        0.19827876404149117,
        0.05490018977384085
      ],
      [
        0.1640736204736916,
        0.012032910494388495,
        0.09900690538825707,
        0.22602673325369424,
        -0.3386890361197794,
        -0.08305099018756142,
        -0.06506171774834078,
        -0.1977362182063862,
        -0.01821232650910993,
        0.37899336907261044,
        -0.17560487814165213,
        0.29961682267109035,
        -0.4207174429039512,
        -0.07739579183212944,
        0.021109835830695086,
        0.14555688541998982
      ],
      [
        0.17780664494821374,
        0.1983368087999813,
        -0.11734037170635368,
        -0.16206604225743415,
        0.14222168626071333,
        -0.04782608122040372,
        -0.33731466051168546,
        -0.11916658856809215,
        -0.2738057166271919,
        0.16757585491086674,
        -0.02428692981538826,
        0.1361043352140239,
        -0.10681316158413356,
        0.030287736281559497,
        0.24477329291008168,
        -0.0773366349300596
      ],
      [
        0.10853903909507076,
        -0.1703433421444972,
        -0.06403640592550691,
        -0.027229796705523116,
        -0.2733599925531227,
        0.11860993409815937,
        -0.06481913922582287,
        -0.03489322646362874,
        0.17075990102403815,
        0.1168908352714975,
        0.20719917802485524,
        0.032925862895864424,
        -0.10582457801103844,
        -0.013604087062285563,
        -0.4414120389350638,
        -0.36277681552560154
      ],
      [
        -0.33632967338288267,
        -0.25417356377820477,
        0.12667061239662017,
        -0.15816508704595605,
        -0.06894071966571033,
        0.32167388834828026,
        -0.03653454694049838,
        0.14636213597122094,
        -0.18283118370490833,
        -0.04610134820289606,
        -0.19665261294598665,
        -0.027211034951920295,
        0.21007703436434888,
        -0.42550464013377304,
        0.08902748044090805,
        0.05843520316323975
      ],
      [
        -0.15419225921848073,
        -0.36637632047494795,
        0.04475943264422841,
        -0.06416850047189145,
        0.08376897168281308,
        0.0023298502826246408,
        0.452976168655087,
        -0.09785566301380669,
        -0.20530113685790533,
        0.05007695000309048,
        0.09585207177459995,
        0.39734412783332934,
        0.20877781147864463,
        0.09554323045169161,
        0.3462472923593341,
        -0.29818946100054244
      ],
      [
        -0.16559265348171906,
        -0.2365058422292156,
        -0.07072539507318096,
        -0.2759668600950177,
        0.1843876555477383,
        -0.058688860372929426,
        -0.31517012780080633,
        -0.29191152644743584,
        0.12895169816010976,
        0.21478968323760672,
        0.5400356237046049,
        0.7860128505250529,
        0.1036023583189991,
        -0.24105906434365199,
        -0.5525900006283837,
        0.06592916816612923
      ],
      [
        -0.2032352738275815,
        -0.10383931504492133,
        -0.4134951138006666,
        0.22948039633174494,
        0.37398559569801065,
        0.039262141861336156,
        -0.04401722952373317,
        -0.6247527071880223,
        -0.47338443113345724,
        0.0370750231872354,
        -0.2425605333781897,
        0.9417947509518579,
        0.03256863036822146,
        0.24322840135916482,
        -0.10159842877689146,
        -0.29623594160425615
      ],
      [
        -0.24127919055809297,
        -0.1813065161339383,
        0.211796140773772,
        0.14585665978356355,
        0.3700511799975169,
        -0.2257317945217566,
        0.23349604948068312,
        -0.42250138793255354,
        -0.09390931042538117,
        0.17661075775692756,
        -0.4343356627632993,
        0.7576388766170568,
        -0.113745870085195,
        -0.30640144094181204,
        -0.3194843935799048,
        0.04314697943052987
      ],
      [
        0.3947728141026087,
        0.03999790339335956,
        -0.07992475426787776,
        -0.0060069552515182425,
        0.20604662867074755,
        0.054845625340964085,
        -0.1333869405037761,
        0.5501642024029357,
        0.03395136773742157,
        0.4560817794947074,
        -0.05401366374957277,
        -0.3669789301016553,
        -0.34203979981141625,
        0.3971533389117806,
        0.5782092542262369,
        -0.04487980332065016
      ],
      [
        -0.10041997552987288,
        0.36138618648847937,
        -0.2601563916368952,
        -0.1760046948676043,
        0.16918975110567328,
        -0.10121286565304274,
        0.03846800841823237,
        -0.04338758016228709,
        0.11809687331084637,
        0.3636986778327031,
        0.045627869382647436,
        0.20168130386132507,
        -0.5125430252577556,
        -0.008634034381281228,
        -0.21144151615849952,
        -0.30551976568652706
      ],
      [
        -0.2195380917321877,
        -0.08353086017520302,
        0.13849832465627043,
        -0.47103246170876806,
        -0.20915897901212122,
        -0.12104235833339462,
        -0.13709751262210548,
        0.743155101124485,
        0.0027009238706142773,
        0.4642065335529633,
        -0.21830651131156376,
        -0.2835366628264303,
        -0.05596470422012488,
        0.032582638354948214,
        0.3092704228681703,
        -0.27109701805834163
      ],
      [
        0.022622445406968554,
        0.057057082534726286,
        0.5891563711911543,
        0.40724036069869424,
        -0.30967388304447185,
        -0.07184584038729402,
        -0.3903846066955241,
        0.07119686641949907,
        0.0203110573951997,
        0.35917763041862616,
        -0.26212877787994165,
        -0.21222594775417344,
        -0.5368222574346637,
        -0.05312939545305232,
        -0.14776934374056078,
        -0.13235985684151844
      ],
      [
        -0.21921519454189706,
        -0.023565638563139247,
        -0.489697270579565,
        -0.4442248014999017,
        0.4118579712511159,
        -0.32185564531850774,
        -0.30485152740900184,
        0.732820406968292,
        0.6530290504321201,
        -0.22074887571062599,
        -0.1918845122520569,
        0.024527215563597046,
        0.4321744111013981,
        -0.26229291375309116,
        0.08597336254488515,
        0.194334394015436
      ],
      [
        0.07325435706953418,
        -0.21671852478147308,
        -0.217000532636886,
