{
  "labels": [
    "Consumer Theory",
    "Market Structures",
    "Producer Theory",
    "research"
  ],
  "feature_extractor": {
    "max_features": 32,
    "vocabulary": {
      "consumer": 9,
      "theory": 30,
      "economics": 12,
      "broader": 5,
      "relationships": 23,
      "apply": 1,
      "common": 7,
      "techniques": 28,
      "awareness": 2,
      "consumer theory": 10,
      "broader domain": 6,
      "studying definitions": 27,
      "relationships neighboring": 24,
      "common techniques": 8,
      "techniques awareness": 29,
      "awareness open": 3,
      "producer": 21,
      "producer theory": 22,
      "market": 16,
      "structures": 26,
      "market structures": 17,
      "ai": 0,
      "inference": 13,
      "welfare": 31,
      "monetary": 18,
      "policy": 20,
      "cost": 11,
      "bar": 4,
      "kappa": 15,
      "standard": 25,
      "monetary policy": 19,
      "inference cost": 14
    },
    "idf": [
      1.916290731874155,
      1.2231435513142097,
      1.2231435513142097,
      1.2231435513142097,
      1.916290731874155,
      1.2231435513142097,
      1.2231435513142097,
      1.2231435513142097,
      1.2231435513142097,
      1.5108256237659907,
      1.916290731874155,
      1.916290731874155,
      1.0,
      1.916290731874155,
      1.916290731874155,
      1.916290731874155,
      1.916290731874155,
      1.916290731874155,
      1.916290731874155,
      1.916290731874155,
      1.916290731874155,
      1.916290731874155,
      1.916290731874155,
      1.2231435513142097,
      1.2231435513142097,
      1.916290731874155,
      1.916290731874155,
      1.2231435513142097,
      1.2231435513142097,
      1.2231435513142097,
      1.2231435513142097,
      1.916290731874155
    ]
  },
  "scope": "microeconomics",
  "grade": "preschool"
}