{
  "layer_sizes": [
    32,
    16,
    4
  ],
  "learning_rate": 0.3,
  "seed": 42,
  "output_activation": "softmax",
  "weights": [
    [
      [
        0.07617926993860784,
        -0.26470931371643935,
        0.5703097080887797,
        0.49883699496899064,
        -0.6072672216092488,
        -0.422394649577458,
        0.03196010079182134,
        0.11884527050396407,
        0.1575096856199697,
        -0.213260981893395,
        0.10109705849815505,
        0.09116750839123826,
        0.01650767439030401,
        0.2799414345699865,
        0.049400838215504866,
        -0.21482311572080956
      ],
      [
        0.09218769602062471,
        -0.23107502124009918,
        0.1953859210620641,
        0.016458526944209084,
        -0.011618756737135714,
        -0.17069693449111445,
        0.30563533466850756,
        -0.03284263156612278,
        -0.05168042734069314,
        -0.03549919435927949,
        0.1499141102204788,
        0.2331336296086473,
        0.1031831528989971,
        0.12318977023595983,
        0.5178058824497598,
        -0.10380465584217803
      ],
      [
        -0.12806068226788433,
        -0.15459445949101366,
        0.14188152851149693,
        0.29215671441541724,
        -0.03534777433957177,
        -0.17078401207075009,
        -0.2061203039228099,
        0.17034739467142407,
        0.21351430690090223,
        0.15372548275721382,
        -0.1712979640751777,
        0.12321635650504534,
        0.029171452285182056,
        0.0493065559070979,
        0.2090541856031197,
        0.053697985447646424
      ],
      [
        0.16972839076797372,
        -0.032279387312152984,
        0.05746351170556964,
        0.1810940302252861,
        -0.3135801826465057,
        -0.12850064464797437,
        -0.11759316357319888,
        -0.16205500423473174,
        -0.03490355183122859,
        0.4160527647758822,
        -0.18984541524983542,
        0.33575821104274783,
        -0.4207174429039512,
        -0.05821857653092204,
        0.029920922727713448,
        0.14655558283981954
      ],
      [
        0.17780664494821374,
        0.14916265411560528,
        -0.10199760602903575,
        -0.09231597440049086,
        0.26520274263169924,
        -0.09640892177905273,
        -0.31892158083448047,
        -0.28565734567476636,
        -0.19598106052496042,
        0.16660762298072418,
        0.06221879769111662,
        0.2663099609118195,
        -0.10681316158413356,
        0.06513760373470025,
        0.14563025494329623,
        -0.0773366349300596
      ],
      [
        0.11419380938935286,
        -0.21465563995103884,
        -0.1055797996081943,
        -0.07216249973393135,
        -0.24825113907984908,
        0.07316027963774643,
        -0.11735058505068097,
        0.0007879875080255407,
        0.15406867570191965,
        0.15395023097476918,
        0.19295864091667195,
        0.06906725126752164,
        -0.10582457801103844,
        0.005573128238921928,
        -0.43260095203804544,
        -0.3617781181057718
      ],
      [
        -0.3306749030886006,
        -0.20046298432941467,
        0.08783022954848213,
        -0.21645612260482122,
        -0.10140154843570043,
        0.3640621816163983,
        -0.08906599276535648,
        0.19207808983202043,
        -0.2057036559024276,
        -0.03342247378599242,
        -0.24242605098064943,
        -0.019582243236775237,
        0.21007703436434888,
        -0.4371956990732425,
        0.09980290200253658,
        0.05723299883704533
      ],
      [
        -0.1485374889241986,
        -0.31266574102615796,
        0.005919049796090373,
        -0.12245953603075661,
        0.05130814291282299,
        0.04471814355074271,
        0.40044472283022886,
        -0.05213970915300717,
        -0.22817360905542455,
        0.06275582441999411,
        0.05007863373993717,
        0.4049729195484746,
        0.20877781147864463,
        0.08385217151222196,
        0.3570227139209627,
        -0.2993916653267369
      ],
      [
        -0.15993788318743693,
        -0.3218614434142852,
        -0.43157916272545266,
        -0.32409572545071663,
        0.09320368209179224,
        -0.28363926013954954,
        -0.36770157362566447,
        -0.579381775946849,
        0.13801385917617007,
        0.39628832519108026,
        0.46680831006482,
        1.641171078743465,
        0.1036023583189991,
        -0.24738453000796604,
        -0.5330115701828273,
        0.06692786558595895
      ],
      [
        -0.2032352738275815,
        0.03406122370079543,
        -0.165137526897329,
        -0.03439680258928666,
        0.21131549377017267,
        0.157492011761111,
        -0.039658709259672076,
        -0.24160558401178397,
        -0.3909699720760472,
        -0.12030042348836542,
        -0.045044063295734176,
        0.49573794209243915,
        0.03256863036822146,
        0.21410357844630923,
        -0.13362690851871578,
        -0.3006377450963044
      ],
      [
        -0.24127919055809297,
        -0.39453903357728265,
        0.39069660984440147,
        -0.34327812131086866,
        0.7124951429332659,
        -0.20525606708655297,
        0.23289325321856102,
        0.20918251605086188,
        -0.04817397668121562,
        0.06824645476146143,
        0.15420356515671904,
        -0.1107816113867713,
        -0.113745870085195,
        -0.14471306241427165,
        -0.3194843935799048,
        0.04314697943052987
      ],
      [
        0.3947728141026087,
        -0.17323461404998503,
        -0.1710804047918605,
        -0.06647491660413647,
        0.8293732774258861,
        0.07532135277616776,
        -0.10273180770843429,
        0.38951695203936815,
        0.09817460734871038,
        0.462376084294318,
        0.36370909831954334,
        -0.5284169196874163,
        -0.34203979981141625,
        0.5744203615853527,
        0.43091643019582426,
        -0.04487980332065016
      ],
      [
        -0.09579683028399694,
        0.15212855561720606,
        -0.4181822437752617,
        -0.3616132062437287,
        0.6637045406714408,
        -0.07817555327969374,
        -0.001280466680017824,
        0.0720840498932679,
        0.0753791349330404,
        0.4303075516237492,
        0.3405467157395031,
        -0.061314963438076985,
        -0.5125430252577556,
        0.14950877804501092,
        -0.21080756757321778,
        -0.304703265105907
      ],
      [
        -0.2195380917321877,
        -0.1327050148595789,
        0.21415929762207686,
        -0.3083262056692402,
        0.058366645466015145,
        -0.16962519889204355,
        -0.08191827359049021,
        0.2483539141522548,
        0.1684108702264239,
        0.37666696382796916,
        -0.012014056138999786,
        -0.08029703052279823,
        -0.05596470422012488,
        0.08612687878332709,
        0.03337599606488981,
        -0.27109701805834163
      ],
      [
        0.022622445406968554,
        0.007882927850350437,
        0.614552171416554,
        0.49248312658606835,
        -0.16260206532229432,
        -0.12042868094594304,
        -0.3658605004592508,
        -0.15001229566476787,
        0.11278326187302748,
        0.34378084218934163,
        -0.15565859576242677,
        -0.0698479876220716,
        -0.5368222574346637,
        -0.015163799170705218,
        -0.27637094651342875,
        -0.13235985684151844
      ],
      [
        -0.21921519454189706,
        -0.07273979324751509,
        -0.45424843580608415,
        -0.3434893375820968,
        0.5830205503244851,
        -0.3704384858771568,
        -0.2741963946136599,
        0.4568928399064323,
        0.7601488032855445,
        -0.2505742202390522,
        -0.06544987552353236,
        0.17907751013000486,
        0.4321744111013981,
        -0.22121158864153773,
        -0.0720868050340654,
        0.194334394015436
      ],
      [
        0.10869151861665466,
        -0.14321317249190071,
        -0.048272079095936685,
