{
  "labels": [
    "Cognitive-Behavioral Therapy",
    "Humanistic Therapy",
    "Psychoanalysis",
    "research"
  ],
  "feature_extractor": {
    "max_features": 32,
    "vocabulary": {
      "psychoanalysis": 18,
      "concept": 7,
      "psychotherapy": 19,
      "understanding": 30,
      "requires": 20,
      "researchers": 21,
      "vocabulary": 31,
      "models": 17,
      "contemporary": 9,
      "core concept": 10,
      "concept psychotherapy": 8,
      "social sciences": 25,
      "sciences understanding": 23,
      "researchers practitioners": 22,
      "common techniques": 6,
      "cognitive": 4,
      "behavioral": 0,
      "therapy": 29,
      "cognitive behavioral": 5,
      "behavioral therapy": 1,
      "humanistic": 14,
      "humanistic therapy": 15,
      "dmt": 12,
      "cbt": 2,
      "longitudinal": 16,
      "therapeutic": 27,
      "counseling": 11,
      "session": 24,
      "states": 26,
      "dmt cbt": 13,
      "cbt counseling": 3,
      "therapeutic states": 28
    },
    "idf": [
      1.5108256237659907,
      1.5108256237659907,
      1.916290731874155,
      1.916290731874155,
      1.5108256237659907,
      1.5108256237659907,
      1.2231435513142097,
      1.2231435513142097,
      1.2231435513142097,
      1.2231435513142097,
      1.2231435513142097,
      1.916290731874155,
      1.916290731874155,
      1.916290731874155,
      1.916290731874155,
      1.916290731874155,
      1.916290731874155,
      1.0,
      1.916290731874155,
      1.0,
      1.2231435513142097,
      1.2231435513142097,
      1.2231435513142097,
      1.2231435513142097,
      1.916290731874155,
      1.2231435513142097,
      1.916290731874155,
      1.916290731874155,
      1.916290731874155,
      1.2231435513142097,
      1.2231435513142097,
      1.2231435513142097
    ]
  },
  "scope": "psychotherapy",
  "grade": "preschool"
}