{
  "layer_sizes": [
    32,
    16,
    3
  ],
  "learning_rate": 0.3,
  "seed": 42,
  "output_activation": "softmax",
  "weights": [
    [
      [
        0.07486309598839938,
        -0.24777192098352122,
        0.2230092442180653,
        0.22079819561980485,
        -0.4303084334998611,
        -0.3255448767155795,
        0.03196010079182134,
        -0.019439768087388072,
        -0.004200289376072199,
        -0.2144890476717656,
        0.24358362323101473,
        0.19122399276403787,
        0.01650767439030401,
        0.3432976385273977,
        0.1168773355630114,
        -0.2152070015817249
      ],
      [
        0.09087152207041624,
        -0.22749654463064703,
        0.255009020593269,
        -0.02682446122456191,
        0.011234772777282565,
        -0.17023238610098534,
        0.30563533466850756,
        0.02098850948130694,
        -0.1070819555407768,
        -0.08926145340042797,
        0.15681142590364477,
        0.0881370249978205,
        0.1031831528989971,
        0.16919258753736022,
        0.5354119002176153,
        -0.10198763995706923
      ],
      [
        -0.1293768562180928,
        -0.19121907648536673,
        0.18939130091032494,
        0.2679000897022243,
        0.028963499249878934,
        -0.210039119240632,
        -0.2061203039228099,
        0.22226907695468273,
        0.18581354280086057,
        0.13456050129792815,
        -0.14264329730686598,
        0.05481633967348079,
        0.029171452285182056,
        0.11615948596764294,
        0.21785719448704746,
        0.055515001332755234
      ],
      [
        0.16841221681776525,
        0.02911887294882551,
        0.10767629493894702,
        0.14347907298163648,
        -0.3068385913003186,
        -0.07991780408932533,
        -0.11759316357319888,
        -0.100098582062328,
        -0.06878556280667093,
        0.3725072620302284,
        -0.1927236494080032,
        0.238845597554671,
        -0.4207174429039512,
        -0.022233920711054088,
        0.0406882662762514,
        0.1461716969789042
      ],
      [
        0.17649047099800527,
        0.210560914376584,
        -0.051784822795658415,
        -0.12993093164414043,
        0.2719443339778864,
        -0.04782608122040372,
        -0.31892158083448047,
        -0.22370092350236262,
        -0.22986307150040283,
        0.12306212023507043,
        0.05934056353294887,
        0.16939734742374285,
        -0.10681316158413356,
        0.10112225955456827,
        0.15639759849183418,
        -0.07772052079097494
      ],
      [
        0.11287763543914439,
        -0.15325737969006012,
        -0.05536701637481697,
        -0.109777456977581,
        -0.2415095477336621,
        0.12174312019639545,
        -0.11735058505068097,
        0.06274440968042937,
        0.12018666472647724,
        0.11040472822911544,
        0.19008040675850416,
        -0.027845362220555052,
        -0.10582457801103844,
        0.041557784058789876,
        -0.42183360848950746,
        -0.36216200396668713
      ],
      [
        -0.33199107703880903,
        -0.23708760132376774,
        0.13534000194731013,
        -0.24071274731801381,
        -0.03709027484624969,
        0.32480707444651635,
        -0.08906599276535648,
        0.2439997721152791,
        -0.23340442000246925,
        -0.05258745524527809,
        -0.2137713842123377,
        -0.0879822600683397,
        0.21007703436434888,
        -0.3703427690126977,
        0.10860591088646433,
        0.05905001472215414
      ],
      [
        -0.14985366287440707,
        -0.34929035802051106,
        0.05342882219491836,
        -0.14671616074394922,
        0.11561941650227371,
        0.00546303638086072,
        0.40044472283022886,
        -0.0002180268697485654,
        -0.25587437315546624,
        0.043590842960708455,
        0.07873330050824882,
        0.33657290271691,
        0.20877781147864463,
        0.15070510157276695,
        0.36582572280489045,
        -0.29757464944162804
      ],
      [
        -0.1612540571376454,
        -0.21941987977477853,
        -0.06205600552249101,
        -0.3585145203670758,
        0.2162381003671988,
        -0.055555674274693344,
        -0.36770157362566447,
        -0.1942738903033779,
        0.07837846186254882,
        0.2083035761952247,
        0.5229168524382534,
        0.7252416254086331,
        0.1036023583189991,
        -0.18589719322257647,
        -0.5330115701828273,
        0.06654397972504361
      ],
      [
        -0.20455144777778997,
        -0.09161520946831872,
        -0.11762775449850105,
        -0.049540705082094974,
        0.3239454213605089,
        0.039262141861336156,
        -0.039658709259672076,
        -0.19929255820794545,
        -0.41867073617608924,
        -0.1228050430467033,
        0.010288491810727432,
        0.4387584873017716,
        0.03256863036822146,
        0.30717221454115384,
        -0.12482389963478802,
        -0.29661982746517146
      ],
      [
        -0.24259536450830144,
        -0.1690824105573356,
        0.5675138783752424,
        -0.21968965328409515,
        0.2670726645976842,
        -0.2257317945217566,
        0.23289325321856102,
        0.15585862152497326,
        -0.0391594744145226,
        -0.011418697312229088,
        -0.13996279434204,
        0.10829405927732105,
        -0.113745870085195,
        -0.24491410415642248,
        -0.3194843935799048,
        0.04276309356961454
      ],
      [
        0.3934566401524003,
        0.05222200896996221,
        0.005736863738980329,
        0.05711355142263705,
        0.3839507990903042,
        0.054845625340964085,
        -0.10273180770843429,
        0.3361930575134797,
        0.10718910961540337,
        0.3827109322206274,
        0.06954273882078406,
        -0.3093412490233242,
        -0.34203979981141625,
        0.47421931984320187,
        0.43091643019582426,
        -0.045263689181565495
      ],
      [
        -0.09711300423420541,
        0.37758517863715313,
        -0.2413649752444211,
        -0.23802473821695522,
        0.2182820623358588,
        -0.0986512807148974,
        -0.001280466680017824,
        0.01876015536737935,
        0.08439363719973339,
        0.3506423995500586,
        0.04638035624074395,
        0.15776070722601526,
        -0.5125430252577556,
        0.04930773630286013,
        -0.21080756757321778,
        -0.3050871509668223
      ],
      [
        -0.22085426568239616,
        -0.0713067545986004,
        0.26437208085545405,
        -0.3459411629128896,
        0.06510823681220206,
        -0.12104235833339462,
        -0.08191827359049021,
        0.31031033632465854,
        0.13452885925098151,
        0.33312146108231533,
        -0.014892290297167569,
        -0.17720964401087497,
        -0.05596470422012488,
        0.12211153460319513,
        0.04414333961342776,
        -0.27148090391925694
      ],
      [
        0.021306271456760083,
        0.0692811881113289,
        0.6647649546499313,
        0.4548681693424189,
        -0.1558604739761073,
        -0.07184584038729402,
        -0.3658605004592508,
        -0.08805587349236414,
        0.07890125089758512,
        0.3002353394436878,
        -0.15853682992059454,
        -0.16676060111014834,
        -0.5368222574346637,
        0.0208208566491627,
        -0.2656036029648908,
        -0.13274374270243378
      ],
      [
        -0.22053136849210553,
        -0.0113415329865366,
        -0.4040356525727071,
        -0.38110429482574626,
        0.5897621416706723,
        -0.32185564531850774,
        -0.2741963946136599,
        0.5188492620788362,
        0.7262667923101017,
        -0.294119722984706,
        -0.06832810968170011,
        0.0821648966419283,
        0.4321744111013981,
        -0.1852269328216698,
        -0.061319461485527436,
        0.19395050815452067
      ],
      [
        0.10737534466644619,
        -0.0818149122309222,
        0.0019407041374406848,
