{
  "layer_sizes": [
    32,
    16,
    4
  ],
  "learning_rate": 0.3,
  "seed": 42,
  "output_activation": "softmax",
  "weights": [
    [
      [
        0.07617926993860784,
        -0.26198535067218526,
        0.2048124654447276,
        0.2848428826930252,
        -0.4485149774714777,
        -0.33445375173431824,
        0.03196010079182134,
        -0.1178313416723209,
        0.04222327866816204,
        -0.19045420454256196,
        0.267848133848428,
        0.1786702177851227,
        0.01650767439030401,
        0.36482222163594474,
        0.07673438531433882,
        -0.21482311572080956
      ],
      [
        0.09218769602062471,
        -0.24170997431931096,
        0.2368122418199314,
        0.0372202258486587,
        -0.006971771194333846,
        -0.1791412611197241,
        0.30563533466850756,
        -0.07740306410362587,
        -0.060658387496542544,
        -0.06522661027122433,
        0.18107593652105802,
        0.07558325001890515,
        0.1031831528989971,
        0.1907171706459073,
        0.49526894996894294,
        -0.1016037540961539
      ],
      [
        -0.12806068226788433,
        -0.20543250617403064,
        0.1711945221369872,
        0.3319447767754447,
        0.010756955278262535,
        -0.21894799425937075,
        -0.2061203039228099,
        0.12387750336974994,
        0.2322371108450949,
        0.1585953444271318,
        -0.11837878668945274,
        0.04226256469456553,
        0.029171452285182056,
        0.13768406907618982,
        0.1777142442383749,
        0.05589888719367057
      ],
      [
        0.16972839076797372,
        0.014905443260161601,
        0.08947951616560934,
        0.20752376005485693,
        -0.32504513527193524,
        -0.08882667910806408,
        -0.11759316357319888,
        -0.1984901556472608,
        -0.02236199476243667,
        0.396542105159432,
        -0.16845913879058996,
        0.22629182257575584,
        -0.4207174429039512,
        -0.0007093376025071665,
        0.0005453160275788404,
        0.14655558283981954
      ],
      [
        0.17780664494821374,
        0.19634748468792007,
        -0.06998160156899609,
        -0.06588624457091988,
        0.2537377900062698,
        -0.05673495623914246,
        -0.31892158083448047,
        -0.3220924970872955,
        -0.1834395034561685,
        0.14709696336427405,
        0.0836050741503621,
        0.1568435724448277,
        -0.10681316158413356,
        0.12264684266311507,
        0.11625464824316163,
        -0.0773366349300596
      ],
      [
        0.11419380938935286,
        -0.16747080937872405,
        -0.07356379514815464,
        -0.045732769904360364,
        -0.25971609170527854,
        0.11283424517765672,
        -0.11735058505068097,
        -0.03564716390450343,
        0.16661023277071157,
        0.13443957135831908,
        0.2143449173759174,
        -0.04039913719947031,
        -0.10582457801103844,
        0.06308236716733678,
        -0.46197655873818,
        -0.3617781181057718
      ],
      [
        -0.3306749030886006,
        -0.25130103101243184,
        0.11714322317397245,
        -0.17666806024479337,
        -0.05529681881786611,
        0.31589819942777764,
        -0.08906599276535648,
        0.14560819853034632,
        -0.18698085195823488,
        -0.028552612116074533,
        -0.18950687359492446,
        -0.10053603504725506,
        0.21007703436434888,
        -0.34881818590415065,
        0.06846296063779175,
        0.05943390058306947
      ],
      [
        -0.1485374889241986,
        -0.36151446359711364,
        -0.040797312568796276,
        -0.3372287118789927,
        -0.17763486985971985,
        0.00546303638086072,
        0.3568964738125821,
        0.28769366204773655,
        -0.3955776182996642,
        -0.02057239488164113,
        -0.036371168171866475,
        0.557449942451535,
        0.18034024359223508,
        -0.16213723813562975,
        0.8271872455305737,
        -0.2971907635807127
      ],
      [
        -0.15993788318743693,
        -0.23363330946344246,
        -0.08025278429582869,
        -0.2944698332938554,
        0.19803155639558245,
        -0.06446454929343208,
        -0.36770157362566447,
        -0.2926654638883107,
        0.12480202990678309,
        0.23233841932442834,
        0.5471813630556676,
        0.7126878504297182,
        0.1036023583189991,
        -0.1643726101140294,
        -0.5731545204314995,
        0.06692786558595895
      ],
      [
        -0.2032352738275815,
        -0.10582863915698261,
        -0.13582453327183874,
        0.014503981991125611,
        0.30573887738889227,
        0.03035326684259742,
        -0.039658709259672076,
        -0.2976841317928782,
        -0.372247168131855,
        -0.09877019991749965,
        0.03455300242814069,
        0.42620471232285634,
        0.03256863036822146,
        0.328696797649701,
        -0.16496684988346058,
        -0.29623594160425615
      ],
      [
        -0.24127919055809297,
        -0.18293291894653044,
        0.5359460299821819,
        -0.2003463091543187,
        0.20068927198031494,
        -0.23301538360593774,
        0.22531815891557636,
        0.12499246293607737,
        -0.025506148560921076,
        -0.0029192282782211244,
        -0.1403485015643794,
        0.1364788227576748,
        -0.11869250429773903,
        -0.2822562463269293,
        -0.27205135850249124,
        0.04314697943052987
      ],
      [
        0.3947728141026087,
        0.03837150058076753,
        -0.02583098465407965,
        0.07645689555241365,
        0.31756740647293474,
        0.047562036256782944,
        -0.11030690201141896,
        0.30532689892458353,
        0.1208424354690049,
        0.39121040125463546,
        0.06915703159844487,
        -0.28115648554297035,
        -0.3469864340239604,
        0.4368771776726951,
        0.47834946527323785,
        -0.04487980332065016
      ],
      [
        -0.09579683028399694,
        0.4691753234640906,
        -0.4798577162587227,
        -0.2236817547389566,
        0.07085639387305583,
        -0.0986512807148974,
        -0.001280466680017824,
        -0.23221155662757656,
        -0.029022798502636477,
        0.5380344464795399,
        -0.2643450349075146,
        0.08884267327048917,
        -0.5125430252577556,
        0.634258482841287,
        -0.22590073743031716,
        -0.304703265105907
      ],
      [
        -0.2195380917321877,
        0.020283390228337125,
        0.025879339841152593,
        -0.331598179434891,
        -0.08231743165060093,
        -0.12104235833339462,
        -0.08191827359049021,
        0.05933862432970268,
        0.021112423548611654,
        0.5205135080117966,
        -0.3256176814454263,
        -0.24612767796640106,
        -0.05596470422012488,
        0.707062281141622,
        0.029050169756328317,
        -0.27109701805834163
      ],
      [
        0.022622445406968554,
        -0.05922381041307074,
        0.33574946699708225,
        0.15479746467146213,
        0.2801822633445618,
        -0.07184584038729402,
        -0.3658605004592508,
        -0.22405270314922016,
        0.4597859756978558,
        0.3014634052220584,
        0.4561945050814554,
        -0.12303389915197734,
        -0.5368222574346637,
        0.018768218197618952,
        -0.26479901044971577,
        -0.13235985684151844
      ],
      [
        -0.21921519454189706,
        -0.13984653151093626,
        -0.7330511402255558,
        -0.6811749994967029,
        1.025804878991341,
        -0.32185564531850774,
        -0.2741963946136599,
        0.3828524324219802,
        1.1071515171103716,
        -0.2928916572063354,
        0.5464032253203499,
        0.12589159860009913,
        0.4321744111013981,
        -0.18727957127321343,
        -0.060514868970352326,
        0.194334394015436
      ],
      [
        0.10869151861665466,
        -0.09566542062011685,
        -0.029627144255619294,
