{
  "labels": [
    "Bioprocess Optimization",
    "Bioreactor Design",
    "Downstream Processing",
    "research"
  ],
  "feature_extractor": {
    "max_features": 32,
    "vocabulary": {
      "bioreactor": 14,
      "design": 17,
      "biochemical": 10,
      "engineering": 21,
      "chemical": 16,
      "methods": 22,
      "analysis": 2,
      "apply": 6,
      "practical": 26,
      "vocabulary": 30,
      "models": 23,
      "awareness": 8,
      "open": 24,
      "applications": 4,
      "academic": 0,
      "bioreactor design": 15,
      "biochemical engineering": 11,
      "analysis relationships": 3,
      "practitioners apply": 28,
      "practical problems": 27,
      "vocabulary foundational": 31,
      "awareness open": 9,
      "applications academic": 5,
      "academic professional": 1,
      "bioprocess": 12,
      "optimization": 25,
      "bioprocess optimization": 13,
      "downstream": 19,
      "processing": 29,
      "downstream processing": 20,
      "dispersion": 18,
      "atomic": 7
    },
    "idf": [
      1.2231435513142097,
      1.2231435513142097,
      1.2231435513142097,
      1.2231435513142097,
      1.2231435513142097,
      1.2231435513142097,
      1.2231435513142097,
      1.916290731874155,
      1.2231435513142097,
      1.2231435513142097,
      1.0,
      1.0,
      1.916290731874155,
      1.916290731874155,
      1.916290731874155,
      1.916290731874155,
      1.0,
      1.2231435513142097,
      1.916290731874155,
      1.916290731874155,
      1.916290731874155,
      1.0,
      1.0,
      1.0,
      1.0,
      1.916290731874155,
      1.2231435513142097,
      1.2231435513142097,
      1.2231435513142097,
      1.5108256237659907,
      1.2231435513142097,
      1.2231435513142097
    ]
  },
  "scope": "biochemical_engineering",
  "grade": "preschool"
}