{
  "layer_sizes": [
    32,
    16,
    4
  ],
  "learning_rate": 0.3,
  "seed": 42,
  "output_activation": "softmax",
  "weights": [
    [
      [
        0.37072366835156806,
        0.3316095656444463,
        0.15049690346726063,
        0.09683633910930456,
        -0.6916916815680129,
        -0.3255448767155795,
        0.03196010079182134,
        -0.07906064808589555,
        -0.10149050645748424,
        -0.31266571234466906,
        0.12277189451632571,
        0.28167264905099765,
        0.01650767439030401,
        0.08872118258077345,
        0.1168773355630114,
        -0.21482311572080956
      ],
      [
        0.13113026584644144,
        -0.17297979656441992,
        0.23101757779964688,
        0.002468430622494901,
        -0.02202688817567116,
        -0.17023238610098534,
        0.30563533466850756,
        -0.022294473003224492,
        -0.08813837100971002,
        -0.08022709649527518,
        0.11851293257240447,
        0.12618410990700057,
        0.11370182477703232,
        0.10656801412969008,
        0.5354119002176153,
        -0.1016037540961539
      ],
      [
        -0.14309628714721348,
        -0.24768093268251778,
        0.1758416759724492,
        0.3299550198014786,
        0.04448863080573403,
        -0.210039119240632,
        -0.2061203039228099,
        0.1826317909424275,
        0.2296839611606954,
        0.1664863656607378,
        -0.16353727648071922,
        0.0820758487642464,
        0.042037297961191045,
        0.09436324006261743,
        0.21785719448704746,
        0.05589888719367057
      ],
      [
        0.15469278588864457,
        -0.027342983248325417,
        0.09412667000107126,
        0.20553400308089093,
        -0.29131345974446377,
        -0.07991780408932533,
        -0.11759316357319888,
        -0.13973586807458324,
        -0.02491514444683611,
        0.4044331263930379,
        -0.21361762858185646,
        0.2661051066454368,
        -0.40785159722794223,
        -0.044030166616079426,
        0.0406882662762514,
        0.14655558283981954
      ],
      [
        0.21674921477403056,
        0.2650776624428111,
        -0.07577626558928059,
        -0.10063803979708362,
        0.23868267302493246,
        -0.04782608122040372,
        -0.31892158083448047,
        -0.26698390598689403,
        -0.21091948696933613,
        0.13209647714022324,
        0.021042070201708684,
        0.20744443233292306,
        -0.09629448970609834,
        0.03849768614689794,
        0.15639759849183418,
        -0.0773366349300596
      ],
      [
        0.10941362733323358,
        -0.11149825322704474,
        -0.2972420032961431,
        -0.1117521476459103,
        -0.5253822335228052,
        0.12174312019639545,
        -0.11735058505068097,
        -0.16120338752172886,
        0.19746781288064025,
        0.35050547156016704,
        0.18064243842161634,
        0.41858400462479856,
        -0.09334340503553505,
        -0.056424115276274986,
        -0.42183360848950746,
        -0.3617781181057718
      ],
      [
        -0.24049717123617906,
        -0.07966273979225012,
        0.10489235448929904,
        -0.23547758980253833,
        -0.10582548216884448,
        0.32480707444651635,
        -0.08906599276535648,
        0.20071678963074768,
        -0.2313841925701209,
        -0.06084426903739125,
        -0.26895625036524234,
        -0.0347626922397831,
        0.22059570624238414,
        -0.4665546466064415,
        0.10860591088646433,
        0.05943390058306947
      ],
      [
        -0.2527820098755367,
        -0.4902454428677112,
        -0.23148750663174056,
        -0.10696846451880049,
        -0.16104132441458577,
        0.00546303638086072,
        0.40044472283022886,
        -0.2682667647767487,
        -0.12542296356928131,
        0.38093352143859577,
        0.10549123843537882,
        0.8728718263515545,
        0.2246085967920793,
        0.10729207940434428,
        0.36582572280489045,
        -0.2971907635807127
      ],
      [
        -0.2641824041387749,
        -0.36037496462197877,
        -0.34697233434915004,
        -0.318766824141927,
        -0.06042264054966064,
        -0.055555674274693344,
        -0.36770157362566447,
        -0.462322628210378,
        0.2088298714487337,
        0.5456462546731118,
        0.5496747903653844,
        1.2615405490432772,
        0.11943314363243371,
        -0.2293102153909991,
        -0.5330115701828273,
        0.06692786558595895
      ],
      [
        -0.2032352738275815,
        -0.39338073307186916,
        -0.28798538656733497,
        -0.2467986583944985,
        1.104248104497697,
        0.039262141861336156,
        -0.039658709259672076,
        -0.3303416884638126,
        -0.6152115578633728,
        -0.1753124445550151,
        -0.013445637704580123,
        0.3360666423938108,
        0.03256863036822146,
        0.49063490047481717,
        -0.12482389963478802,
        -0.29623594160425615
      ],
      [
        -0.24127919055809297,
        -0.47084793416088616,
        0.39715624630640806,
        -0.41694760659649877,
        1.0473753477348724,
        -0.2257317945217566,
        0.23289325321856102,
        0.02480949126910625,
        -0.23570029610180632,
        -0.06392609882054089,
        -0.1636969238573476,
        0.005602214369360294,
        -0.113745870085195,
        -0.06145141822275901,
        -0.3194843935799048,
        0.04314697943052987
      ],
      [
        0.48495054595503023,
        0.2096468705014798,
        -0.02471078371903082,
        0.06234870893811269,
        0.31521559176770897,
        0.054845625340964085,
        -0.10273180770843429,
        0.29291007502894834,
        0.10920933704775176,
        0.3744541184285141,
        0.014357872667879499,
        -0.25612168119476764,
        -0.3315211279333809,
        0.37800744224945804,
        0.43091643019582426,
        -0.04487980332065016
      ],
      [
        -0.056854260458180185,
        0.43210192670338027,
        -0.265356418038043,
        -0.20873184636989842,
        0.1850204013829051,
        -0.0986512807148974,
        -0.001280466680017824,
        -0.024522827117152098,
        0.10333722173080016,
        0.35967675645521124,
        0.00808186290950375,
        0.19580779213519547,
        -0.5020243533797206,
        -0.013316837104810091,
        -0.21080756757321778,
        -0.304703265105907
      ],
      [
        -0.19995195956072243,
        -0.1666164001605467,
        0.477757707301287,
        -0.09585964787188822,
        0.5042131389954586,
        -0.12104235833339462,
        -0.08191827359049021,
        0.4738210416783925,
        0.30059913634453206,
        0.3173420405231903,
        -0.06560758501693915,
        -0.2994395077983522,
        0.009404838419463405,
        0.24475543940965025,
        0.04414333961342776,
        -0.27109701805834163
      ],
      [
        0.007586840527639318,
        0.012819331914178014,
        0.6512153297120556,
        0.5169230994416733,
        -0.14033534242025225,
        -0.07184584038729402,
        -0.3658605004592508,
        -0.12769315950461937,
        0.12277166925741995,
        0.33216120380649733,
        -0.17943080909444778,
        -0.13950109201938266,
        -0.5239564117586545,
        -0.0009753892558626495,
        -0.2656036029648908,
        -0.13235985684151844
      ],
      [
        -0.2342507994212262,
        -0.06780338918368753,
        -0.41758527751058255,
        -0.3190493647264919,
        0.6052872732265272,
        -0.32185564531850774,
        -0.2741963946136599,
        0.47921197606658056,
        0.7701372106699362,
        -0.2621938586218965,
        -0.08922208885555329,
        0.10942440573269382,
        0.44504025677740705,
        -0.20702317872669504,
        -0.061319461485527436,
        0.194334394015436
      ],
      [
        0.09365591373732542,
        -0.13827676842807313,
        -0.011608920800435055,
