{
  "labels": [
    "Epileptology",
    "Movement Disorders",
    "Stroke Neurology",
    "research"
  ],
  "feature_extractor": {
    "max_features": 32,
    "vocabulary": {
      "stroke": 27,
      "neurology": 19,
      "core": 10,
      "concept": 8,
      "medicine": 16,
      "broader": 3,
      "understanding": 29,
      "definitions": 12,
      "relationships": 23,
      "researchers": 25,
      "vocabulary": 30,
      "common": 6,
      "questions": 21,
      "academic": 0,
      "stroke neurology": 28,
      "core concept": 11,
      "concept neurology": 9,
      "clinical medicine": 5,
      "broader domain": 4,
      "definitions historical": 13,
      "relationships neighboring": 24,
      "vocabulary foundational": 31,
      "common techniques": 7,
      "questions contemporary": 22,
      "academic professional": 1,
      "epileptology": 15,
      "movement": 17,
      "disorders": 14,
      "movement disorders": 18,
      "pathological": 20,
      "speech": 26,
      "asr": 2
    },
    "idf": [
      1.2231435513142097,
      1.2231435513142097,
      1.916290731874155,
      1.2231435513142097,
      1.2231435513142097,
      1.2231435513142097,
      1.2231435513142097,
      1.2231435513142097,
      1.2231435513142097,
      1.2231435513142097,
      1.2231435513142097,
      1.2231435513142097,
      1.2231435513142097,
      1.2231435513142097,
      1.916290731874155,
      1.916290731874155,
      1.2231435513142097,
      1.916290731874155,
      1.916290731874155,
      1.2231435513142097,
      1.916290731874155,
      1.0,
      1.2231435513142097,
      1.2231435513142097,
      1.2231435513142097,
      1.2231435513142097,
      1.916290731874155,
      1.916290731874155,
      1.916290731874155,
      1.2231435513142097,
      1.2231435513142097,
      1.2231435513142097
    ]
  },
  "scope": "neurology",
  "grade": "preschool"
}