{
  "layer_sizes": [
    32,
    16,
    4
  ],
  "learning_rate": 0.3,
  "seed": 42,
  "output_activation": "softmax",
  "weights": [
    [
      [
        0.07617926993860784,
        -0.12768534222575953,
        0.6779202966885568,
        0.23514117909780347,
        -0.5603183467369066,
        -0.3792776713600723,
        0.03196010079182134,
        0.1564622043531352,
        0.14239501769202495,
        -0.213260981893395,
        0.11630747818149614,
        0.14251008691629255,
        -0.03527675329722207,
        0.2818103017420082,
        0.09046677715482723,
        -0.21482311572080956
      ],
      [
        0.09218769602062471,
        -0.23134473760332364,
        0.2337453516297385,
        -0.014201395413963355,
        -0.02157607828305306,
        -0.15020386855365667,
        0.30563533466850756,
        -0.0451000029913455,
        -0.05435967812451506,
        -0.0880333876220574,
        0.14302883674585562,
        0.09186980935018577,
        0.14973947836340343,
        0.10664789871911665,
        0.531966368966943,
        -0.1016037540961539
      ],
      [
        -0.12806068226788433,
        -0.2145171447701471,
        0.1721168776870854,
        0.28013936697655106,
        0.04357611672943107,
        -0.2344959144205077,
        -0.2061203039228099,
        0.1547373540031545,
        0.2703225301786922,
        0.13578856707629874,
        -0.15055418169543236,
        0.06398485254917283,
        0.10409444731331652,
        0.05467214918225324,
        0.2136428151569361,
        0.05589888719367057
      ],
      [
        0.16972839076797372,
        0.15049551215242038,
        0.06704328502136747,
        0.1578220564596351,
        -0.6270254176926162,
        0.22686922870715598,
        -0.11759316357319888,
        -0.15971946206083548,
        -0.19425935305881106,
        0.37373532780859897,
        -0.23933828532446516,
        0.20871660353867083,
        -0.5333810218659606,
        -0.09182603309998968,
        0.0406882662762514,
        0.14655558283981954
      ],
      [
        0.17780664494821374,
        0.18726284609180363,
        -0.06905924601889786,
        -0.11769165436981364,
        0.28655695145743815,
        -0.07228287640027953,
        -0.31892158083448047,
        -0.2912326464538908,
        -0.14535408412257134,
        0.12429018601344101,
        0.05142967914438258,
        0.17856586029943503,
        -0.03189016655599903,
        0.03963492276917856,
        0.1521832191617228,
        -0.0773366349300596
      ],
      [
        0.11419380938935286,
        -0.23472685631187323,
        -0.3771481154498554,
        -0.09543447349958227,
        -0.543452761711437,
        0.05566197455705182,
        -0.11735058505068097,
        -0.2543630050619959,
        0.5269705030078927,
        0.11163279400748602,
        -0.08861807509541728,
        -0.06252776717923124,
        0.3148198903193661,
        -0.019929552726599763,
        -0.42183360848950746,
        -0.3617781181057718
      ],
      [
        -0.3306749030886006,
        -0.3185570779455809,
        -0.18644109712772824,
        -0.2263697638400152,
        -0.3390334888240245,
        0.25872592880717304,
        -0.08906599276535648,
        -0.07310764262714603,
        0.1733794182789466,
        -0.051359389466907504,
        -0.4924698660662591,
        -0.12266466502701594,
        0.6307215026947538,
        -0.43183010579808717,
        0.10860591088646433,
        0.05943390058306947
      ],
      [
        -0.1485374889241986,
        -0.35313855099318775,
        0.032165153231387654,
        -0.13409309493335073,
        0.08280856544193804,
        0.02549155392818946,
        0.40044472283022886,
        -0.06630653934240097,
        -0.2031520957392047,
        0.04481890873907904,
        0.06495071135045957,
        0.3403056870692751,
        0.25533413694305096,
        0.0881604127545233,
        0.36238019155421813,
        -0.2971907635807127
      ],
      [
        -0.15993788318743693,
        -0.22326807274745514,
        -0.08331967448602169,
        -0.34589145455647735,
        0.18342724930686322,
        -0.03552715672736458,
        -0.36770157362566447,
        -0.26036240277603045,
        0.13110073927881052,
        0.20953164197359528,
        0.5091342632804653,
        0.7289744097609987,
        0.15015868378340544,
        -0.24844188204082007,
        -0.5364571014334996,
        0.06692786558595895
      ],
      [
        -0.2032352738275815,
        -0.23630263833870713,
        -0.24338044606243112,
        -0.048381170746598263,
        1.0351497988713454,
        0.005810899545191325,
        -0.039658709259672076,
        -0.2865252125710552,
        -0.4424512449691408,
        -0.12157697726833272,
        0.4442214147893351,
        0.5690797397249105,
        0.13323398867758787,
        0.2456848777557644,
        -0.12482389963478802,
        -0.29623594160425615
      ],
      [
        -0.24127919055809297,
        -0.3137698394277242,
        0.44176118681131193,
        -0.21853011894859847,
        0.9782770421085205,
        -0.25918303683790145,
        0.23289325321856102,
        0.06862596716186373,
        -0.06293998320757396,
        -0.010190631533858506,
        0.2939701286365676,
        0.2386153117004602,
        -0.013080511775828639,
        -0.30640144094181204,
        -0.3194843935799048,
        0.04314697943052987
      ],
      [
        0.3947728141026087,
        0.06580341873944551,
        -0.0162099693921826,
        0.06973661723323558,
        0.3168632516030462,
        0.1148976930330613,
        -0.10273180770843429,
        0.27010454504082715,
        0.14354202979308128,
        0.383938997998998,
        0.0527751503071329,
        -0.30995970748532314,
        -0.3101816066669193,
        0.4106172789921043,
        0.42747089894515194,
        -0.04487980332065016
      ],
      [
        -0.09579683028399694,
        0.4976717573949153,
        0.21354607722607033,
        -0.2236817547389566,
        0.08827214909881356,
        -0.15238407535939022,
        -0.001280466680017824,
        0.19466212780790262,
        0.2309889442678305,
        0.3518704653284292,
        -0.08089578880877468,
        0.10904680137826991,
        -0.5643274529452819,
        -0.012179600482529487,
        -0.23721812598140193,
        -0.304703265105907
      ],
      [
        -0.2195380917321877,
        0.048779824159161385,
        0.7192831333259458,
        -0.331598179434891,
        -0.06490167642484318,
        -0.17477515297788745,
        -0.08191827359049021,
        0.48621230876518173,
        0.28112416631907866,
        0.3343495268606859,
        -0.14216843534668622,
        -0.2259235498586203,
        -0.10774913190765097,
        0.0606241978178054,
        0.017732781205243592,
        -0.27109701805834163
      ],
      [
        0.022622445406968554,
        0.08286259788081227,
        0.642818121518768,
        0.4674912351530174,
        -0.2229480214633651,
        -0.011793772695196788,
        -0.3658605004592508,
        -0.1541443859650165,
        0.11525417107526319,
        0.3014634052220584,
        -0.17530441843424577,
        -0.167379059572147,
        -0.5049640642901664,
        -0.042781184201934996,
        -0.2690491342155631,
        -0.13235985684151844
      ],
      [
        -0.21921519454189706,
        -0.024925764108085984,
        -0.6111813966046012,
        -0.37708081735214843,
        0.6837367402541362,
        -0.1336209885732955,
        -0.2741963946136599,
        0.2975169923163171,
        0.9497315869274315,
        -0.2928916572063354,
        0.018694522672967635,
        0.11119375371032489,
        0.7238374941794833,
        -0.2541157338370376,
        -0.06821052398687198,
        0.194334394015436
      ],
      [
        0.10869151861665466,
        -0.08566310520359871,
        -0.019322964826090014,
        -0.3454438697598956,
