{
  "layer_sizes": [
    32,
    16,
    3
  ],
  "learning_rate": 0.3,
  "seed": 42,
  "output_activation": "softmax",
  "weights": [
    [
      [
        0.07617926993860784,
        -0.2715752493115048,
        0.22674131388852095,
        0.2375902289541236,
        -0.48085222046598036,
        -0.33283030113164697,
        0.03196010079182134,
        -0.05097217431273767,
        -0.004200289376072199,
        -0.19483312377248202,
        0.22612346466026004,
        0.21767534669546287,
        0.01650767439030401,
        0.3120730800063701,
        0.1168773355630114,
        -0.17931678401200268
      ],
      [
        0.09218769602062471,
        -0.25129987295863065,
        0.2587410902637249,
        -0.010032427890243152,
        -0.039309014188836366,
        -0.17751781051705282,
        0.30563533466850756,
        -0.01054389674404267,
        -0.1070819555407768,
        -0.06960552950114436,
        0.13935126733289008,
        0.1145883789292454,
        0.1031831528989971,
        0.1379680290163326,
        0.5354119002176153,
        -0.06609742238734703
      ],
      [
        -0.12806068226788433,
        -0.21502240481335033,
        0.19312337058078055,
        0.2846921230365429,
        -0.02158028771624,
        -0.21732454365669948,
        -0.2061203039228099,
        0.19073667072933317,
        0.18581354280086057,
        0.15421642519721174,
        -0.16010345587762068,
        0.08126769360490575,
        0.029171452285182056,
        0.08493492744661521,
        0.21785719448704746,
        0.09140521890247741
      ],
      [
        0.16972839076797372,
        0.00531554462084199,
        0.11140836460940275,
        0.16027110631595523,
        -0.3573823782664379,
        -0.08720322850539274,
        -0.11759316357319888,
        -0.13163098828767758,
        -0.06878556280667093,
        0.3921631859295121,
        -0.2101838079787579,
        0.26529695148609617,
        -0.4207174429039512,
        -0.05345847923208176,
        0.0406882662762514,
        0.1820619145486264
      ],
      [
        0.17780664494821374,
        0.1867575860486004,
        -0.048052753125202685,
        -0.11313889830982175,
        0.22140054701176715,
        -0.055111505636471145,
        -0.31892158083448047,
        -0.25523332972771234,
        -0.22986307150040283,
        0.14271804413435402,
        0.04188040496219411,
        0.19584870135516785,
        -0.10681316158413356,
        0.06989770103354055,
        0.15639759849183418,
        -0.041830303221252724
      ],
      [
        0.11419380938935286,
        -0.17706070801804372,
        -0.051634946704361244,
        -0.09298542364326219,
        -0.2920533346997812,
        0.11445769578032805,
        -0.11735058505068097,
        0.03121200345507974,
        0.12018666472647724,
        0.13006065212839898,
        0.17262024818774946,
        -0.0013940082891300747,
        -0.10582457801103844,
        0.010333225537762206,
        -0.42183360848950746,
        -0.3262717863969648
      ],
      [
        -0.3306749030886006,
        -0.26089092965175137,
        0.1390720716177658,
        -0.2239207139836951,
        -0.08763406181236863,
        0.3175216500304489,
        -0.08906599276535648,
        0.21246736588992954,
        -0.23340442000246925,
        -0.03293153134599447,
        -0.2312315427830924,
        -0.061530906136914795,
        0.21007703436434888,
        -0.4015673275337253,
        0.10860591088646433,
        0.09494023229187631
      ],
      [
        -0.1485374889241986,
        -0.37309368634849455,
        0.057160891865374104,
        -0.12992412740963047,
        0.06507562953615477,
        -0.001822388035206707,
        0.40044472283022886,
        -0.03175043309509819,
        -0.25587437315546624,
        0.06324676685999207,
        0.0612731419374941,
        0.36302425664833504,
        0.20877781147864463,
        0.11948054305173933,
        0.36582572280489045,
        -0.2616844318719057
      ],
      [
        -0.15993788318743693,
        -0.24322320810276213,
        -0.05832393585203529,
        -0.3417224870327572,
        0.16569431340107976,
        -0.06284109869076075,
        -0.36770157362566447,
        -0.2258062965287274,
        0.07837846186254882,
        0.22795950009450827,
        0.5054566938674994,
        0.7516929793400584,
        0.1036023583189991,
        -0.21712175174360415,
        -0.5330115701828273,
        0.10243419729476581
      ],
      [
        -0.2032352738275815,
        -0.1154185377963022,
        -0.11389568482804534,
        -0.032748671747776244,
        0.27340163439438964,
        0.03197671744526873,
        -0.039658709259672076,
        -0.230824964433295,
        -0.41867073617608924,
        -0.10314911914741969,
        -0.007171666760027304,
        0.46520984123319664,
        0.03256863036822146,
        0.27594765602012633,
        -0.12482389963478802,
        -0.26072960989544913
      ],
      [
        -0.24127919055809297,
        -0.1928857388853192,
        0.571245948045698,
        -0.20289761994977643,
        0.21652887763156492,
        -0.23301721893782407,
        0.23289325321856102,
        0.12432621529962368,
        -0.0391594744145226,
        0.00823722658705452,
        -0.1574229529127947,
        0.13474541320874592,
        -0.113745870085195,
        -0.2761386626774502,
        -0.3194843935799048,
        0.07865331113933671
      ],
      [
        0.3947728141026087,
        0.028418680641978687,
        0.009468933409436067,
        0.07390558475695579,
        0.33340701212418494,
        0.04756020092489666,
        -0.10273180770843429,
        0.30466065128813,
        0.10718910961540337,
        0.40236685611991113,
        0.052082580250029334,
        -0.28288989509189916,
        -0.34203979981141625,
        0.44299476132217425,
        0.43091643019582426,
        -0.00937347161184331
      ],
      [
        -0.09579683028399694,
        0.35378185030916964,
        -0.23763290557396533,
        -0.2212327048826365,
        0.1677382753697398,
        -0.1059367051309648,
        -0.001280466680017824,
        -0.012772250857970268,
        0.08439363719973339,
        0.3702983234493423,
        0.02892019766998921,
        0.18421206115744027,
        -0.5125430252577556,
        0.018083177781832476,
        -0.21080756757321778,
        -0.2691969333971
      ],
      [
        -0.2195380917321877,
        -0.09511008292658389,
        0.2681041505259101,
        -0.329149129578571,
        0.014564449846083129,
        -0.12832778274946208,
        -0.08191827359049021,
        0.27877793009930885,
        0.13452885925098151,
        0.35277738498159905,
        -0.03235244886792231,
        -0.15075829007944996,
        -0.05596470422012488,
        0.09088697608216739,
        0.04414333961342776,
        -0.23559068634953476
      ],
      [
        0.022622445406968554,
        0.04547785978334541,
        0.6684970243203869,
        0.4716602026767375,
        -0.20640426094222633,
        -0.07913126480336143,
        -0.3658605004592508,
        -0.11958827971771369,
        0.07890125089758512,
        0.3198912633429715,
        -0.17599698849134923,
        -0.14030924717872334,
        -0.5368222574346637,
        -0.010403701871864946,
        -0.2656036029648908,
        -0.09685352513271162
      ],
      [
        -0.21921519454189706,
        -0.03514486131452012,
        -0.400303582902251,
        -0.36431226149142765,
        0.5392183547045535,
        -0.3291410697345752,
        -0.2741963946136599,
        0.48731685585348633,
        0.7262667923101017,
        -0.2744637990854223,
        -0.08578826825245486,
        0.1086162505733532,
        0.4321744111013981,
        -0.21645149134269748,
        -0.061319461485527436,
        0.22984072572424288
      ],
      [
        0.10869151861665466,
        -0.10561824055890569,
        0.00567277380789643,
