{
  "layer_sizes": [
    32,
    16,
    4
  ],
  "learning_rate": 0.3,
  "seed": 42,
  "output_activation": "softmax",
  "weights": [
    [
      [
        0.07617926993860784,
        -0.24916294029655278,
        0.19459918803696213,
        0.3268979202459698,
        -0.4335757397127711,
        -0.3313829698023125,
        0.03196010079182134,
        -0.09024105688487342,
        0.021799984430658052,
        -0.17264348732261878,
        0.28565524188724084,
        0.14333909963696126,
        0.049632194825414234,
        0.3471354313539598,
        0.1168773355630114,
        -0.21482311572080956
      ],
      [
        0.09218769602062471,
        -0.22888756394367854,
        0.22659896441216595,
        0.07927526340160321,
        0.007967466564372793,
        -0.17607047918771834,
        0.30563533466850756,
        -0.04981277931617842,
        -0.0810816817340466,
        -0.0474158930512812,
        0.19888304455987077,
        0.04025213187074376,
        0.13630767333410734,
        0.17303038036392224,
        0.5354119002176153,
        -0.1016037540961539
      ],
      [
        -0.12806068226788433,
        -0.24796175503265802,
        -0.2876782571855413,
        0.6333201165942831,
        -0.06131045360349371,
        -0.210039119240632,
        -0.19562454049743516,
        -0.11563311613937824,
        0.17444006789265326,
        0.4276419067375232,
        -0.35939893543850693,
        0.1671230776367487,
        0.020049988321823475,
        0.38727242937103856,
        0.21785719448704746,
        0.05589888719367057
      ],
      [
        0.16972839076797372,
        -0.03957139751009016,
        -0.49779450235557277,
        0.6363553368041182,
        -0.37164106019494664,
        -0.07991780408932533,
        -0.11759316357319888,
        -0.5465311600631646,
        -0.06878556280667093,
        0.7463993541019374,
        -0.4278548298849279,
        0.3194464060581525,
        -0.4207174429039512,
        0.3563262467360683,
        0.0406882662762514,
        0.14655558283981954
      ],
      [
        0.17780664494821374,
        0.2091698950635525,
        -0.08019487897676177,
        -0.023831207017975364,
        0.26867702776497643,
        -0.053664174307136714,
        -0.31892158083448047,
        -0.29450221229984797,
        -0.20386279769367258,
        0.16490768058421723,
        0.10141218218917494,
        0.12151245429666623,
        -0.07368864114902333,
        0.1049600523811301,
        0.15639759849183418,
        -0.0773366349300596
      ],
      [
        0.11419380938935286,
        -0.17031450029234038,
        -0.19371800420790286,
        -0.28644414964313136,
        0.208392048536386,
        0.12174312019639545,
        -0.11735058505068097,
        -0.024424269196259372,
        0.2831244774418987,
        0.11551810559147448,
        0.7837465842742002,
        -0.14278813642431507,
        0.1017592708000864,
        0.042084763322972694,
        -0.42183360848950746,
        -0.3617781181057718
      ],
      [
        -0.3306749030886006,
        -0.2404549490390944,
        0.11080492573787967,
        -0.16869683510546038,
        -0.0681314025423479,
        0.320034050805538,
        -0.08211895449682875,
        0.19290101619599462,
        -0.2196754789964566,
        -0.0194487397292165,
        -0.20114821059106536,
        -0.09472081154229597,
        0.23112109677680143,
        -0.38791285715972196,
        0.10860591088646433,
        0.05943390058306947
      ],
      [
        -0.1485374889241986,
        -0.36151446359711364,
        0.05750442619281854,
        -0.26531944587880774,
        -0.07895276973260523,
        0.00546303638086072,
        0.45369490302204785,
        0.07554964617495707,
        -0.3135776162378108,
        0.03487862162349386,
        -0.07870585978774634,
        0.5837201552541843,
        0.16250012971537714,
        0.01647287539174514,
        0.36582572280489045,
        -0.2971907635807127
      ],
      [
        -0.15993788318743693,
        -0.23164398535138123,
        -0.04811238920850297,
        -0.5103543726551486,
        -0.012614541510500434,
        -0.055555674274693344,
        -0.30113884838589067,
        -0.08465907899786894,
        0.006249408009618238,
        0.19710628307911382,
        0.3320514344470869,
        1.033369693306927,
        0.04575525611491472,
        -0.33831564175250634,
        -0.5330115701828273,
        0.06692786558595895
      ],
      [
        -0.2032352738275815,
        -0.10383931504492133,
        -0.11355215050060075,
        -0.1681439902169534,
        0.12937323512562965,
        0.039262141861336156,
        0.013591470932147074,
        -0.12352488516323964,
        -0.4763739792584338,
        -0.13151726438391784,
        -0.14715066848526775,
        0.6859057398390461,
        -0.013709051395046027,
        0.17293998836013222,
        -0.12482389963478802,
        -0.29623594160425615
      ],
      [
        -0.24127919055809297,
        -0.1813065161339383,
        0.6011935193214055,
        -0.43800263987859633,
        -0.030340888565655817,
        -0.2257317945217566,
        0.3260810685542444,
        0.3331677093520888,
        -0.14014014980862538,
        -0.027586133986132518,
        -0.3976807277235509,
        0.5383837578976522,
        -0.19473181317091315,
        -0.43370499738416834,
        -0.3194843935799048,
        0.04314697943052987
      ],
      [
        0.3947728141026087,
        0.03999790339335956,
        0.009812467736880557,
        -0.06148973371222137,
        0.18937861285542487,
        0.054845625340964085,
        -0.04948162751661513,
        0.4119607305581853,
        0.04948586653305889,
        0.3739987108834129,
        -0.08789642147521111,
        -0.06219399648604952,
        -0.38831748157468365,
        0.3399870936621803,
        0.43091643019582426,
        -0.04487980332065016
      ],
      [
        -0.09579683028399694,
        0.3742178309218266,
        -0.26590005145385176,
        -0.16600882600440178,
        0.18724093463976058,
        -0.10342430435587578,
        0.005666571588509916,
        -0.03233860055190514,
        0.09812257820574614,
        0.38378111506612034,
        0.05900352986201625,
        0.15102215575205905,
        -0.49149896284530287,
        0.03173764815583582,
        -0.21080756757321778,
        -0.304703265105907
      ],
      [
        -0.2195380917321877,
        -0.07467410231392696,
        0.23983700464602375,
        -0.27392525070033624,
        0.034067109116103916,
        -0.125815381974373,
        -0.07497123532196248,
        0.25921158040537406,
        0.14825780025699417,
        0.36626017659837706,
        -0.002269116675895256,
        -0.18394819548483118,
        -0.03492064180767218,
        0.10454144645617063,
        0.04414333961342776,
        -0.27109701805834163
      ],
      [
        0.022622445406968554,
        0.06591384039600234,
        0.6402298784405005,
        0.5268840815549725,
        -0.18690160167220554,
        -0.07661886402827241,
        -0.3589134621907231,
        -0.13915462941164863,
        0.09263019190359788,
        0.3333740549597495,
        -0.14591365629932218,
        -0.17349915258410456,
        -0.5157781950222109,
        0.003250768502138362,
        -0.2656036029648908,
        -0.13235985684151844
      ],
      [
        -0.21921519454189706,
        -0.02737604312200201,
        -0.5128225874922856,
        -0.5435596252834758,
        0.9052867857487695,
        -0.32185564531850774,
        -0.26370063118828513,
        0.46419485360459245,
        0.8433553604709463,
        -0.2917876920606703,
        0.368349608898754,
        0.04030282796061738,
        0.5867144378749308,
        -0.21215969711845786,
        -0.061319461485527436,
        0.194334394015436
      ],
      [
        0.10869151861665466,
        -0.09887203283320241,
        -0.13641028369564517,
