{
  "labels": [
    "Cognitive Psychology",
    "Learning & Conditioning",
    "Perceptual Psychology",
    "research"
  ],
  "feature_extractor": {
    "max_features": 32,
    "vocabulary": {
      "cognitive": 2,
      "psychology": 22,
      "experimental": 12,
      "relationships": 25,
      "researchers": 28,
      "design": 6,
      "experiments": 14,
      "common": 4,
      "questions": 23,
      "academic": 0,
      "settings": 30,
      "cognitive psychology": 3,
      "experimental psychology": 13,
      "requires studying": 27,
      "relationships neighboring": 26,
      "researchers practitioners": 29,
      "vocabulary foundational": 31,
      "questions contemporary": 24,
      "academic professional": 1,
      "perceptual": 20,
      "perceptual psychology": 21,
      "learning": 15,
      "conditioning": 5,
      "learning conditioning": 16,
      "differential": 8,
      "mental": 17,
      "disorder": 10,
      "detection": 7,
      "multimodal": 19,
      "differential mental": 9,
      "mental disorder": 18,
      "disorder detection": 11
    },
    "idf": [
      1.2231435513142097,
      1.2231435513142097,
      1.5108256237659907,
      1.916290731874155,
      1.2231435513142097,
      1.916290731874155,
      1.0,
      1.916290731874155,
      1.916290731874155,
      1.916290731874155,
      1.916290731874155,
      1.916290731874155,
      1.0,
      1.0,
      1.0,
      1.5108256237659907,
      1.916290731874155,
      1.916290731874155,
      1.916290731874155,
      1.916290731874155,
      1.916290731874155,
      1.916290731874155,
      1.0,
      1.2231435513142097,
      1.2231435513142097,
      1.2231435513142097,
      1.2231435513142097,
      1.2231435513142097,
      1.2231435513142097,
      1.2231435513142097,
      1.0,
      1.2231435513142097
    ]
  },
  "scope": "experimental_psychology",
  "grade": "preschool"
}