{
  "layer_sizes": [
    32,
    16,
    4
  ],
  "learning_rate": 0.3,
  "seed": 42,
  "output_activation": "softmax",
  "weights": [
    [
      [
        0.10186372526851928,
        -0.30129445107542707,
        0.22377304938391043,
        0.3008860811533678,
        -0.48332390071790793,
        -0.3255448767155795,
        0.03196010079182134,
        -0.07559107969881346,
        -0.004200289376072199,
        -0.18872904745585442,
        0.2099289027921323,
        0.16058330526872522,
        0.01650767439030401,
        0.35172818280064794,
        0.16857677958804598,
        -0.21482311572080956
      ],
      [
        0.11787215135053616,
        -0.2810190747225528,
        0.25577282575911425,
        0.05326342430900107,
        -0.041780694440764043,
        -0.17023238610098534,
        0.30563533466850756,
        -0.03516280213011848,
        -0.1070819555407768,
        -0.06350145318451679,
        0.12315670546476236,
        0.05749633750250773,
        0.1031831528989971,
        0.17762313181061049,
        0.5871113442426498,
        -0.1016037540961539
      ],
      [
        -0.10887359088760908,
        -0.1411607153314388,
        0.17436056642939868,
        0.2958378211251145,
        -0.038233747347785646,
        -0.210039119240632,
        -0.2061203039228099,
        0.1654847964569895,
        0.18581354280086057,
        0.1486683494927544,
        -0.19723788783491444,
        0.11712856720086602,
        0.029171452285182056,
        0.0679683488460457,
        0.2474357736633157,
        0.05589888719367057
      ],
      [
        0.16613311141270737,
        -0.058803074781065105,
        -0.23743793589077647,
        0.45908951669735637,
        -0.39360280981961665,
        -0.07991780408932533,
        -0.11759316357319888,
        -0.15971946206083548,
        -0.06878556280667093,
        0.6811156501892082,
        -0.22557453683186285,
        0.3015992665865229,
        -0.4207174429039512,
        -0.023253096984194782,
        0.537323644763772,
        0.14655558283981954
      ],
      [
        0.1742113655929474,
        0.12263896664669327,
        -0.3968990536253819,
        0.18567951207157965,
        0.18518011545858848,
        -0.04782608122040372,
        -0.31892158083448047,
        -0.28332180350087016,
        -0.22986307150040283,
        0.43167050839405074,
        0.02648967610908927,
        0.23215101645559486,
        -0.10681316158413356,
        0.10010308328142749,
        0.653032976979355,
        -0.0773366349300596
      ],
      [
        0.13428671768591344,
        -0.15122233596705362,
        -0.06579891917937791,
        -0.061761716835986094,
        -0.30202044364330044,
        0.12174312019639545,
        -0.11735058505068097,
        0.005960129182736108,
        0.12018666472647724,
        0.12810091714776398,
        0.1468606801721594,
        -0.008920549779271342,
        -0.10582457801103844,
        0.015299771681723442,
        -0.38591047734635475,
        -0.3617781181057718
      ],
      [
        -0.30499044775868905,
        -0.2906101314156736,
        0.13610380711315526,
        -0.16062486178445098,
        -0.09010574206429639,
        0.32480707444651635,
        -0.08906599276535648,
        0.18784846050385356,
        -0.23340442000246925,
        -0.026827455029366915,
        -0.24742610465122014,
        -0.11862294756365248,
        0.21007703436434888,
        -0.36191222473944745,
        0.1603053549114989,
        0.05943390058306947
      ],
      [
        -0.12285303359428713,
        -0.40281288811241683,
        0.05419262736076357,
        -0.06662827521038633,
        0.06260394928422708,
        0.00546303638086072,
        0.40044472283022886,
        -0.056369338481174015,
        -0.25587437315546624,
        0.06935084317661962,
        0.04507858006936647,
        0.3059322152215974,
        0.20877781147864463,
        0.15913564584601714,
        0.41752516682992463,
        -0.2971907635807127
      ],
      [
        -0.170352734556151,
        0.32051584328896926,
        -0.1503286419021503,
        -0.5750233490219306,
        0.08190978558244942,
        -0.055555674274693344,
        -0.36770157362566447,
        -0.2538947703018854,
        0.07837846186254882,
        0.16827381754239296,
        0.36839744483604914,
        1.227323024958672,
        0.1036023583189991,
        -0.4995659920218706,
        -0.6059596069750349,
        0.06692786558595895
      ],
      [
        -0.2101785080733909,
        0.26426723738197916,
        -0.18827499384042437,
        -0.1890989296926653,
        0.21524309028280986,
        0.039262141861336156,
        -0.039658709259672076,
        -0.2589134382064529,
        -0.41867073617608924,
        -0.1490821935558009,
        -0.1006358230958451,
        0.7745540840328637,
        0.03256863036822146,
        0.07756390307982809,
        -0.17345592416292638,
        -0.29623594160425615
      ],
      [
        -0.2155947352281815,
        -0.22260494064924147,
        0.5682776835410875,
        -0.13960176775053232,
        0.2140571973796374,
        -0.2257317945217566,
        0.23289325321856102,
        0.0997073099135479,
        -0.0391594744145226,
        0.014341302903682093,
        -0.17361751478092244,
        0.07765337178200828,
        -0.113745870085195,
        -0.2364835598831724,
        -0.26778494955487064,
        0.04314697943052987
      ],
      [
        0.42045726943252026,
        -0.001300521121943567,
        0.0065006689048255515,
        0.13720143695620005,
        0.3309353318722574,
        0.054845625340964085,
        -0.10273180770843429,
        0.2800417459020544,
        0.10718910961540337,
        0.4084709324365388,
        0.035888018381901705,
        -0.3399819365186368,
        -0.34203979981141625,
        0.4826498641164521,
        0.48261587422085844,
        -0.04487980332065016
      ],
      [
        -0.07011237495408548,
        0.32406264854524736,
        -0.24060117007857593,
        -0.1579368526833924,
        0.16526659511781228,
        -0.0986512807148974,
        -0.001280466680017824,
        -0.037391156244046084,
        0.08439363719973339,
        0.37640239976597,
        0.01272563580186157,
        0.1271200197307026,
        -0.5125430252577556,
        0.057738280576110315,
        -0.15910812354818318,
        -0.304703265105907
      ],
      [
        -0.19385363640227624,
        -0.12482928469050612,
        0.26513588602129956,
        -0.2658532773793266,
        0.012092769594155466,
        -0.12104235833339462,
        -0.08191827359049021,
        0.25415902471323304,
        0.13452885925098151,
        0.35888146129822673,
        -0.04854701073604994,
        -0.20785033150618762,
        -0.05596470422012488,
        0.13054207887644523,
        0.09584278363846212,
        -0.27109701805834163
      ],
      [
        0.04830690073688004,
        0.015758658019423166,
        0.6655287598157765,
        0.5349560548759821,
        -0.2088759411941538,
        -0.07184584038729402,
        -0.3658605004592508,
        -0.1442071851037897,
        0.07890125089758512,
        0.3259953396595992,
        -0.19219155035947696,
        -0.197401288605461,
        -0.5368222574346637,
        0.029251400922412883,
        -0.21390415893985623,
        -0.13235985684151844
      ],
      [
        -0.1935307392119856,
        -0.06486406307844238,
        -0.4032718474068616,
        -0.30101640929218326,
        0.5367466744526259,
        -0.32185564531850774,
        -0.2741963946136599,
        0.4626979504674107,
        0.7262667923101017,
        -0.2683597227687946,
        -0.10198283012058247,
        0.05152420914661555,
        0.4321744111013981,
        -0.1767963885484196,
        -0.009620017460493027,
        0.194334394015436
      ],
      [
        0.1343759739465661,
        -0.13533744232282802,
        0.002704509303285916,
