{
  "labels": [
    "Athlete Identity",
    "Mental Performance",
    "Team Psychology",
    "research"
  ],
  "feature_extractor": {
    "max_features": 32,
    "vocabulary": {
      "mental": 21,
      "performance": 25,
      "concept": 12,
      "psychology": 26,
      "broader": 6,
      "definitions": 15,
      "methods": 23,
      "fields": 18,
      "mastery": 20,
      "vocabulary": 30,
      "models": 24,
      "common": 10,
      "awareness": 5,
      "applications": 2,
      "academic": 0,
      "mental performance": 22,
      "concept sports": 13,
      "broader domain": 7,
      "requires studying": 27,
      "definitions historical": 16,
      "vocabulary foundational": 31,
      "common techniques": 11,
      "contemporary applications": 14,
      "academic professional": 1,
      "team": 28,
      "team psychology": 29,
      "athlete": 3,
      "identity": 19,
      "athlete identity": 4,
      "cognitive": 8,
      "diagnosis": 17,
      "cognitive diagnosis": 9
    },
    "idf": [
      1.2231435513142097,
      1.2231435513142097,
      1.0,
      1.916290731874155,
      1.916290731874155,
      1.0,
      1.2231435513142097,
      1.2231435513142097,
      1.916290731874155,
      1.916290731874155,
      1.2231435513142097,
      1.2231435513142097,
      1.2231435513142097,
      1.2231435513142097,
      1.2231435513142097,
      1.2231435513142097,
      1.2231435513142097,
      1.916290731874155,
      1.0,
      1.916290731874155,
      1.0,
      1.916290731874155,
      1.916290731874155,
      1.0,
      1.0,
      1.916290731874155,
      1.2231435513142097,
      1.2231435513142097,
      1.916290731874155,
      1.916290731874155,
      1.2231435513142097,
      1.2231435513142097
    ]
  },
  "scope": "sports_psychology",
  "grade": "preschool"
}