{
  "layer_sizes": [
    32,
    16,
    4
  ],
  "learning_rate": 0.3,
  "seed": 42,
  "output_activation": "softmax",
  "weights": [
    [
      [
        0.07617926993860784,
        -0.25818836647543936,
        -0.3851484932655693,
        0.7916822958190601,
        -0.6557936638137221,
        -0.34548924981755,
        0.03196010079182134,
        -0.34938081532085974,
        -0.004200289376072199,
        -0.3689915498923163,
        0.21271550949281143,
        0.795677228259266,
        0.01650767439030401,
        0.7128215135302369,
        0.46467951012471126,
        -0.21482311572080956
      ],
      [
        0.09018450549213995,
        -0.22634261878151402,
        0.2376819997979905,
        0.02748654334527896,
        -0.022469937392148667,
        -0.14152880356429606,
        0.30563533466850756,
        -0.020473056433757842,
        -0.11070256877613231,
        -0.06907409663751671,
        0.1623274652594395,
        0.10755588310931785,
        0.1031831528989971,
        0.13991493555388493,
        0.5718675587138592,
        -0.1016037540961539
      ],
      [
        -0.13654080298892596,
        -0.2435665151337891,
        0.1842622238214453,
        0.3472359078954888,
        0.0369490309882544,
        -0.24144532218503087,
        -0.2061203039228099,
        0.15237427285465224,
        0.18581354280086057,
        0.16203357249957298,
        -0.11527031457298748,
        0.07784897792450267,
        0.029171452285182056,
        0.11073590780346441,
        0.2643005097278548,
        0.05589888719367057
      ],
      [
        0.1612482700469321,
        -0.023228565699596873,
        0.10254721785006748,
        0.22281489117490108,
        -0.29885305956194325,
        -0.11132400703372418,
        -0.11759316357319888,
        -0.1699933861623585,
        -0.06878556280667093,
        0.3999803332318733,
        -0.16535066667412468,
        0.2618782358056929,
        -0.4207174429039512,
        -0.027657498875232528,
        0.08713158151705865,
        0.14655558283981954
      ],
      [
        0.16932652422717212,
        0.15821347572816163,
        -0.05691389988453799,
        -0.05059511345087594,
        0.2799298657162618,
        -0.0792322841648026,
        -0.31892158083448047,
        -0.2935957276023931,
        -0.22986307150040283,
        0.15053519143671526,
        0.08671354626682741,
        0.1924299856747647,
        -0.10681316158413356,
        0.09569868139038974,
        0.2028409137326416,
        -0.0773366349300596
      ],
      [
        0.10571368866831127,
        -0.2056048183384825,
        -0.060496093463696506,
        -0.030441638784316445,
        -0.23352401599528677,
        0.0903369172519966,
        -0.11735058505068097,
        -0.007150394419601132,
        0.12018666472647724,
        0.1378777994307603,
        0.2174533894923827,
        -0.004812723969533208,
        -0.10582457801103844,
        0.036134205894611415,
        -0.37539029324870016,
        -0.3617781181057718
      ],
      [
        -0.3391550238096422,
        -0.2894350399721902,
        0.1302109248584306,
        -0.1613769291247492,
        -0.029104743107874257,
        0.2934008715021177,
        -0.08906599276535648,
        0.1741049680152486,
        -0.23340442000246925,
        -0.025114384043633264,
        -0.18639840147845918,
        -0.0649496218173179,
        0.21007703436434888,
        -0.3757663471768759,
        0.15504922612727173,
        0.05943390058306947
      ],
      [
        -0.15701760964524022,
        -0.4016377966689334,
        0.04829974510603878,
        -0.06738034255068474,
        0.12360494824064915,
        -0.025943166563538136,
        0.40044472283022886,
        -0.07011283096977909,
        -0.25587437315546624,
        0.07106391416235326,
        0.10610628324212737,
        0.35960554096793185,
        0.20877781147864463,
        0.14528152340858846,
        0.41226903804569776,
        -0.2971907635807127
      ],
      [
        -0.16841800390847855,
        -0.27176731842320095,
        -0.06718508261137054,
        -0.2791787021738113,
        0.22422363210557422,
        -0.08696187721909221,
        -0.36770157362566447,
        -0.26416869440340834,
        0.07837846186254882,
        0.23577664739686952,
        0.5502898351721328,
        0.7482742636596558,
        0.1036023583189991,
        -0.19132077138675485,
        -0.48656825494202,
        0.06692786558595895
      ],
      [
        -0.21171539454862312,
        -0.14396264811674106,
        -0.12275683158738063,
        0.02979511311116955,
        0.33193095309888426,
        0.007855938916937302,
        -0.039658709259672076,
        -0.26918736230797585,
        -0.41867073617608924,
        -0.09533197184505851,
        0.03766147454460601,
        0.46179112555279345,
        0.03256863036822146,
        0.30174863637697563,
        -0.07838058439398078,
        -0.29623594160425615
      ],
      [
        -0.2497593112791346,
        -0.22142984920575798,
        0.5623848012863628,
        -0.14035383509083055,
        0.27505819633605966,
        -0.25713799746615534,
        0.23289325321856102,
        0.08596381742494279,
        -0.0391594744145226,
        0.016054373889415732,
        -0.1125898116081615,
        0.13132669752834283,
        -0.113745870085195,
        -0.2503376823206008,
        -0.2730410783390975,
        0.04314697943052987
      ],
      [
        0.34162982291258603,
        -0.2697591090854368,
        -0.294694852618158,
        -0.542806379339728,
        1.126290572650049,
        0.16222710466371168,
        -0.10273180770843429,
        0.3736307111459506,
        0.10718910961540337,
        0.6081224561153503,
        0.6553663917326348,
        -0.5722353132318194,
        -0.34203979981141625,
        0.5973448180608808,
        0.6188369452586677,
        -0.04487980332065016
      ],
      [
        -0.11275707172608014,
        0.2851144069169112,
        -0.21622668415572913,
        -0.09369608530842494,
        0.29170348947620733,
        -0.16146368660369514,
        -0.001280466680017824,
        -0.06140857283417413,
        0.08439363719973339,
        0.40436047617497767,
        0.12486045122380866,
        0.2006019926348599,
        -0.5125430252577556,
        0.09994791675989288,
        -0.1179209370916032,
        -0.304703265105907
      ],
      [
        -0.18174988231781897,
        0.2704577489124174,
        0.17780199385146048,
        -0.4325321247407357,
        -0.2203997235920615,
        0.2957908216453526,
        -0.08191827359049021,
        0.45426790712878984,
        0.10677626890453093,
        0.31520409105578834,
        -0.1346957786116253,
        -0.17398565291767576,
        -0.05596470422012488,
        -0.04382216661701002,
        0.03253218972323817,
        -0.27109701805834163
      ],
      [
        0.022622445406968554,
        0.11356261636865217,
        1.6568437970065255,
        0.9342282892039606,
        -0.43499420861945387,
        -0.3560984898402488,
        -0.3658605004592508,
        -0.038799469588352536,
        0.07890125089758512,
        0.39748200529584743,
        -0.46441808878722474,
        -0.37451150483288614,
        -0.5368222574346637,
        -0.30495168064272443,
        -0.5102765806963576,
        -0.13235985684151844
      ],
      [
        -0.22121838507038186,
        -0.010187607137403513,
        -0.4213626733679851,
        -0.32679329025590553,
        0.5560574315012408,
        -0.2931520627818185,
        -0.2741963946136599,
        0.47738769616377114,
        0.7226461790747463,
        -0.2739323662217947,
        -0.06281207032590522,
        0.10158375475342565,
        0.4321744111013981,
        -0.21450458480514512,
        -0.024863802989283413,
        0.194334394015436
      ],
      [
        0.10021139789561306,
        -0.13416235087934456,
        -0.003188372951438884,
