{
  "layer_sizes": [
    32,
    16,
    4
  ],
  "learning_rate": 0.3,
  "seed": 42,
  "output_activation": "softmax",
  "weights": [
    [
      [
        0.07289375993407606,
        -0.2650733075876032,
        0.21104897686940796,
        0.33771890791174625,
        -0.44364909193448765,
        -0.3255448767155795,
        0.03196010079182134,
        -0.09901045496959136,
        0.004539945850687111,
        -0.2289176654128927,
        0.24287268884477967,
        0.18503525728286307,
        0.018402672357968154,
        0.2982704087083439,
        0.13478714493394914,
        -0.21482311572080956
      ],
      [
        0.08950157630801892,
        -0.24387166013737938,
        0.24232906990614056,
        0.04590901976039135,
        -0.05390110096411115,
        -0.17023238610098534,
        0.3028779856842392,
        0.002181881257379574,
        -0.10528746085630794,
        -0.07030412921829318,
        0.12038764354146154,
        0.11586480800116812,
        0.09676302736152376,
        0.10406251833162002,
        0.5932778458298807,
        -0.1016037540961539
      ],
      [
        -0.13074680198049016,
        -0.20759419199209908,
        0.17671135022319634,
        0.3406335706871775,
        -0.03617237449151479,
        -0.210039119240632,
        -0.20887765290707822,
        0.2034624487307553,
        0.18760803748532948,
        0.15351782548006296,
        -0.1790670796690491,
        0.08254412267682847,
        0.022751326747708737,
        0.0510294167619026,
        0.2757231400993127,
        0.05589888719367057
      ],
      [
        0.1670422710553679,
        0.012743757442093212,
        0.09499634425181848,
        0.21621255396658973,
        -0.3719744650417125,
        -0.07991780408932533,
        -0.12035051255746716,
        -0.11890521028625543,
        -0.06699106812220207,
        0.3914645862123632,
        -0.22914743177018632,
        0.2665733805580187,
        -0.4271375684414245,
        -0.08736398991679438,
        0.09855421188851661,
        0.14655558283981954
      ],
      [
        0.17512052523560792,
        0.19418579886985166,
        -0.06446477348278697,
        -0.05719745065918723,
        0.20680846023649244,
        -0.04782608122040372,
        -0.32167892981874885,
        -0.24250755172628996,
        -0.22806857681593393,
        0.14201944441720524,
        0.022916781170765756,
        0.19712513042709062,
        -0.11323328712160691,
        0.03599219034882792,
        0.21426354410409934,
        -0.0773366349300596
      ],
      [
        0.11150768967674707,
        -0.16963249519679247,
        -0.0680469670619455,
        -0.037043975992627695,
        -0.3066454214750558,
        0.12174312019639545,
        -0.12010793403494925,
        0.043937781456501984,
        0.1219811594109461,
        0.12936205241125023,
        0.15365662439632105,
        -0.00011757921720737323,
        -0.11224470354851178,
        -0.02357228514695043,
        -0.36396766287724225,
        -0.3617781181057718
      ],
      [
        -0.33336102280120644,
        -0.25346271683050003,
        0.12266005126018158,
        -0.16797926633306057,
        -0.10222614858764345,
        0.32480707444651635,
        -0.09182334174962477,
        0.22519314389135167,
        -0.23160992531800034,
        -0.03363013106314332,
        -0.25019516657452084,
        -0.06025447706499207,
        0.20365690882687545,
        -0.43547283821843813,
        0.1664718564987295,
        0.05943390058306947
      ],
      [
        -0.1485374889241986,
        -0.36151446359711364,
        0.04528880307604087,
        -0.32763183717729355,
        -0.2771671418718611,
        0.00546303638086072,
        0.379309193617845,
        0.3780298929846074,
        -0.2968923487661514,
        0.2788334438330902,
        -0.18655022214500747,
        0.5866098714722615,
        0.14769098120533322,
        -0.04185612588943617,
        0.697140914881006,
        -0.2971907635807127
      ],
      [
        -0.16262400290004275,
        -0.23579499528151088,
        -0.07473595620961955,
        -0.2857810393821226,
        0.15110222662580505,
        -0.055555674274693344,
        -0.37045892260993285,
        -0.21308051852730525,
        0.08017295654701768,
        0.2272609003773595,
        0.48649307007607095,
        0.7529694084119807,
        0.09718223278152575,
        -0.2510272624283168,
        -0.47514562457056214,
        0.06692786558595895
      ],
      [
        -0.20592139354018732,
        -0.107990324975051,
        -0.1303077051856296,
        0.02319277590285828,
        0.258809547619115,
        0.039262141861336156,
        -0.04241605824394036,
        -0.2180991864318727,
        -0.4168762414916204,
        -0.1038477188645685,
        -0.026135290551455675,
        0.4664862703051191,
        0.026148504830748143,
        0.2420421453354138,
        -0.06695795402252279,
        -0.29623594160425615
      ],
      [
        -0.2439653102706988,
        -0.18545752606406796,
        0.5548339276881135,
        -0.1469561722991419,
        0.2019367908562902,
        -0.2257317945217566,
        0.2301359042342927,
        0.13705199330104592,
        -0.03736497973005375,
        0.0075386268699056715,
        -0.17638657670422314,
        0.13602184228066866,
        -0.12016599562266835,
        -0.310044173362163,
        -0.2616184479676396,
        0.04314697943052987
      ],
      [
        0.37418326886272485,
        0.008179735965259406,
        -0.14664618576558525,
        -0.13185194949307438,
        0.5899548949652885,
        0.054845625340964085,
        -0.10273180770843429,
        0.2536821433847595,
        0.13532105226499033,
        0.3784507696822977,
        0.3939651253370393,
        -0.3821197982653665,
        -0.34203979981141625,
        0.5947415740203,
        0.34563828471153585,
        -0.04487980332065016
      ],
      [
        -0.11638637552388087,
        0.33354290563245037,
        -0.3937480247489867,
        -0.42699023913266665,
        0.42428615821084326,
        -0.0986512807148974,
        -0.001280466680017824,
        -0.06375075876134105,
        0.11252557984932045,
        0.3463822370117289,
        0.3708027427569992,
        0.08498215798397299,
        -0.5125430252577556,
        0.16982999047995792,
        -0.29608571305750625,
        -0.304703265105907
      ],
      [
        -0.2195380917321877,
        -0.08353086017520302,
        0.25623206173657675,
        -0.5268568393462342,
        -0.3276783215619326,
        -0.12104235833339462,
        -0.10305380280287399,
        0.6885582561790147,
        0.09351088364029639,
        0.5683640619546971,
        -0.2801758129504239,
        0.07282732474447658,
        -0.11705153449343633,
        -0.07044969285900811,
        0.3754585316895432,
        -0.27109701805834163
      ],
      [
        0.022622445406968554,
        0.057057082534726286,
        1.1409927127583548,
        0.7945884643150097,
        -0.3959981163900256,
        -0.07184584038729402,
        -0.3658605004592508,
        0.12458385183833982,
        0.07890125089758512,
        0.24743566409483247,
        -0.26397543396245654,
        -0.30288439923015603,
        -0.5368222574346637,
        -0.11952431792516274,
        -0.46545077601290324,
        -0.13235985684151844
      ],
      [
        -0.22190131425450288,
        -0.0277166484932689,
        -0.4131597197899879,
        -0.3338443310717064,
        0.48087818352684336,
        -0.32185564531850774,
        -0.27971109258219656,
        0.5571671599732163,
        0.7227100666749676,
        -0.24463277571334133,
        -0.13626451550964908,
        0.14209199230134223,
        0.41778487501764927,
        -0.26745695044554774,
        0.039769987033325044,
        0.194334394015436
      ],
      [
        0.08810197337677073,
        -0.12585718523562497,
        -0.1504423453671249,
