{
  "labels": [
    "Platonic Philosophy",
    "Pre-Socratics (Thales, Heraclitus, Parmenides)",
    "Socratic Method",
    "research"
  ],
  "feature_extractor": {
    "max_features": 32,
    "vocabulary": {
      "pre": 21,
      "socratics": 25,
      "thales": 27,
      "heraclitus": 11,
      "parmenides": 16,
      "core": 4,
      "ancient": 1,
      "greek": 9,
      "philosophy": 18,
      "philosophical": 17,
      "broader": 3,
      "understanding": 30,
      "development": 5,
      "analysis": 0,
      "extend": 6,
      "frameworks": 8,
      "vocabulary": 31,
      "models": 15,
      "pre socratics": 22,
      "socratics thales": 26,
      "thales heraclitus": 28,
      "heraclitus parmenides": 12,
      "ancient greek": 2,
      "greek philosophy": 10,
      "traditions broader": 29,
      "socratic": 23,
      "method": 14,
      "socratic method": 24,
      "platonic": 19,
      "platonic philosophy": 20,
      "logic": 13,
      "framework": 7
    },
    "idf": [
      1.2231435513142097,
      1.0,
      1.0,
      1.0,
      1.0,
      1.0,
      1.0,
      1.916290731874155,
      1.0,
      1.0,
      1.0,
      1.916290731874155,
      1.916290731874155,
      1.916290731874155,
      1.916290731874155,
      1.0,
      1.916290731874155,
      1.0,
      1.0,
      1.916290731874155,
      1.916290731874155,
      1.916290731874155,
      1.916290731874155,
      1.916290731874155,
      1.916290731874155,
      1.916290731874155,
      1.916290731874155,
      1.916290731874155,
      1.916290731874155,
      1.2231435513142097,
      1.0,
      1.2231435513142097
    ]
  },
  "scope": "ancient_greek_philosophy",
  "grade": "preschool"
}