{
  "layer_sizes": [
    32,
    16,
    4
  ],
  "learning_rate": 0.3,
  "seed": 42,
  "output_activation": "softmax",
  "weights": [
    [
      [
        0.07017859874732246,
        -0.34533807451478904,
        0.23076458369185424,
        0.27904898786625754,
        -0.43001025813210025,
        -0.28770347471178503,
        0.03196010079182134,
        -0.08699940783624825,
        0.012582155671902236,
        -0.19538484191661484,
        0.2968556347505474,
        0.21878556257429782,
        0.01650767439030401,
        0.2818103017420082,
        0.15086426150015603,
        -0.12342803643617649
      ],
      [
        0.08618702482933932,
        -0.3250626981619149,
        0.26276436006705794,
        0.03142633102189069,
        0.011532948145043881,
        -0.13239098409719094,
        0.30563533466850756,
        -0.04657113026755325,
        -0.0902995104928023,
        -0.07015724764527738,
        0.2100834374231773,
        0.11569859480808035,
        0.1031831528989971,
        0.10770525075197068,
        0.5693988261547598,
        -0.01020867481152091
      ],
      [
        -0.13296662416230706,
        -0.12434990191590169,
        0.1708026534363377,
        0.2848355555077009,
        -0.03456354617576229,
        -0.17910129353478113,
        -0.2061203039228099,
        0.15615774067095603,
        0.19740150208443222,
        0.14319413269501802,
        -0.13456389614085934,
        0.05992830518935621,
        0.01258701145804913,
        0.05467214918225324,
        0.2605507510582373,
        0.07804994269613452
      ],
      [
        0.16372771957668836,
        -0.06844728058244236,
        0.11543163441273595,
        0.201729865228089,
        -0.30654041593255776,
        -0.0420764020855309,
        -0.11759316357319888,
        -0.1676582218111882,
        -0.05200311775869648,
        0.39161146778537903,
        -0.13945163788847068,
        0.26640716736493103,
        -0.4207174429039512,
        -0.08372125749644371,
        0.07467519221339604,
        0.2379506621244526
      ],
      [
        0.17180597375692838,
        0.11299476084531608,
        -0.04402948332186953,
        -0.07168013939768783,
        0.27224250934564725,
        -0.009984679216609322,
        -0.31892158083448047,
        -0.2912605632512229,
        -0.21308062645242837,
        0.14216632599022114,
        0.11261257505248144,
        0.1969589172340028,
        -0.10681316158413356,
        0.03963492276917856,
        0.1903845244289788,
        0.014058444354573395
      ],
      [
        0.10819313819806747,
        -0.25082353322132805,
        -0.04761167690102806,
        -0.051526664731128304,
        -0.24121137236590104,
        0.15958452220018987,
        -0.11735058505068097,
        -0.004815230068430856,
        0.1369691097744517,
        0.12950893398426605,
        0.2433524182780367,
        -0.00028379241029514887,
        -0.10582457801103844,
        -0.019929552726599763,
        -0.38784668255236276,
        -0.27038303882113895
      ],
      [
        -0.33667557427988604,
        -0.33465375485503557,
        0.14309534142109906,
        -0.18246195507156127,
        -0.036792099478488424,
        0.36264847645031084,
        -0.08906599276535648,
        0.17644013236641892,
        -0.21662197495449478,
        -0.033483249490127466,
        -0.16049937269280518,
        -0.06042069025807984,
        0.21007703436434888,
        -0.43183010579808717,
        0.14259283682360893,
        0.15082897986770255
      ],
      [
        -0.15453816011548396,
        -0.44685651155177886,
        0.06118416166870724,
        -0.0884653684974966,
        0.11591759187003507,
        0.04330443838465514,
        0.40044472283022886,
        -0.06777766661860878,
        -0.23909192810749175,
        0.06269504871585908,
        0.13200531202778137,
        0.36413447252717,
        0.20877781147864463,
        0.08921776478737733,
        0.39981264874203515,
        -0.2057956842960797
      ],
      [
        -0.1659385543787223,
        -0.31698603330604636,
        -0.05430066604870211,
        -0.3002637281206233,
        0.21653627573496004,
        -0.01771427227089896,
        -0.36770157362566447,
        -0.26183353005223814,
        0.09516090691052333,
        0.22740778195037545,
        0.5761888639577863,
        0.7528031952188932,
        0.1036023583189991,
        -0.24738453000796604,
        -0.4990246442456828,
        0.158322944870592
      ],
      [
        -0.20923594501886686,
        -0.18918136299958663,
        -0.10987241502471212,
        0.008710087164357613,
        0.32424359672826975,
        0.07710354386513055,
        -0.039658709259672076,
        -0.26685219795680565,
        -0.4018882911281148,
        -0.1037008372915527,
        0.06356050333026002,
        0.4663200571120316,
        0.03256863036822146,
        0.2456848777557644,
        -0.0908369736976434,
        -0.20484086231962312
      ],
      [
        -0.24727986174937833,
        -0.26664856408860355,
        0.5752692178490313,
        -0.1614388610376426,
        0.2673708399654451,
        -0.1878903925179622,
        0.23289325321856102,
        0.08829898177611308,
        -0.022377029366548194,
        0.007685508442921544,
        -0.08669078282250746,
        0.13585562908758092,
        -0.113745870085195,
        -0.30640144094181204,
        -0.2854974676427601,
        0.1345420587151629
      ],
      [
        0.3887721429113233,
        -0.045344144561305706,
        0.01349220321276925,
        0.11536434366908968,
        0.38424897445806505,
        0.09268702734475848,
        -0.10273180770843429,
        0.26863341776461946,
        0.12397155466337788,
        0.40181513797577806,
        0.12281475034031665,
        -0.2817796792130642,
        -0.34203979981141625,
        0.4127319830578124,
        0.46490335613296896,
        0.04651527596398282
      ],
      [
        -0.10179750147528233,
        0.2800190251058854,
        -0.23360963577063204,
        -0.17977394597050267,
        0.21858023770362006,
        -0.06080987871110297,
        -0.001280466680017824,
        -0.04879948438148086,
        0.1011760822477079,
        0.36974660530520925,
        0.0996523677602765,
        0.1853222770362752,
        -0.5125430252577556,
        -0.012179600482529487,
        -0.17682064163607317,
        -0.21330818582127403
      ],
      [
        -0.22553876292347305,
        -0.1688729081298683,
        0.2721274203292432,
        -0.2876903706664371,
        0.06540641217996342,
        -0.08320095632960023,
        -0.08191827359049021,
        0.2427506965757983,
        0.15131130429895598,
        0.352225666837466,
        0.03837972122236501,
        -0.14964807420061502,
        -0.05596470422012488,
        0.0606241978178054,
        0.0781302655505724,
        -0.1797019387737086
      ],
      [
        0.016621774215683168,
        -0.028284965419938954,
        0.6725202941237203,
        0.5131189615888712,
        -0.15556229860834608,
        -0.0340044383834996,
        -0.3658605004592508,
        -0.15561551324122433,
        0.09568369594555963,
        0.31933954519883845,
        -0.105264818401062,
        -0.1391990312998884,
        -0.5368222574346637,
        -0.04066648013622692,
        -0.2316166770277462,
        -0.04096477755688545
      ],
      [
        -0.22521586573318242,
        -0.10890768651780451,
        -0.3962803130989179,
        -0.32285350257929374,
        0.5900603170384338,
        -0.28401424331471326,
        -0.2741963946136599,
        0.45128962232997577,
        0.7430492373580759,
        -0.27501551722955536,
        -0.015056098162167533,
        0.10972646645218816,
        0.4321744111013981,
        -0.24671426960705936,
        -0.027332535548382796,
        0.285729473300069
      ],
      [
        0.10269084742536927,
        -0.17938106576219012,
        0.009696043611229598,
