{
  "labels": [
    "Morphology",
    "Phonetics",
    "Phonology",
    "research"
  ],
  "feature_extractor": {
    "max_features": 32,
    "vocabulary": {
      "phonetics": 28,
      "core": 16,
      "concept": 12,
      "theoretical": 30,
      "linguistics": 26,
      "broader": 8,
      "definitions": 19,
      "analysis": 2,
      "apply": 5,
      "experiments": 22,
      "foundational": 25,
      "common": 10,
      "awareness": 6,
      "contemporary": 14,
      "applications": 4,
      "academic": 0,
      "core concept": 17,
      "concept theoretical": 13,
      "theoretical linguistics": 31,
      "broader domain": 9,
      "definitions historical": 20,
      "development key": 21,
      "analysis relationships": 3,
      "fields researchers": 24,
      "experiments solve": 23,
      "common techniques": 11,
      "awareness open": 7,
      "contemporary applications": 15,
      "academic professional": 1,
      "phonology": 29,
      "morphology": 27,
      "criteria": 18
    },
    "idf": [
      1.2231435513142097,
      1.2231435513142097,
      1.0,
      1.2231435513142097,
      1.2231435513142097,
      1.2231435513142097,
      1.2231435513142097,
      1.2231435513142097,
      1.2231435513142097,
      1.2231435513142097,
      1.2231435513142097,
      1.2231435513142097,
      1.2231435513142097,
      1.2231435513142097,
      1.2231435513142097,
      1.2231435513142097,
      1.2231435513142097,
      1.2231435513142097,
      1.916290731874155,
      1.2231435513142097,
      1.2231435513142097,
      1.2231435513142097,
      1.2231435513142097,
      1.2231435513142097,
      1.2231435513142097,
      1.2231435513142097,
      1.0,
      1.916290731874155,
      1.916290731874155,
      1.916290731874155,
      1.0,
      1.0
    ]
  },
  "scope": "theoretical_linguistics",
  "grade": "preschool"
}