{
  "layer_sizes": [
    32,
    16,
    4
  ],
  "learning_rate": 0.3,
  "seed": 42,
  "output_activation": "softmax",
  "weights": [
    [
      [
        0.07617926993860784,
        -0.3224024600797908,
        0.18956364917196075,
        0.231745430292037,
        -0.4174678020379364,
        -0.3255448767155795,
        0.027245724568924535,
        -0.0750389170236083,
        -0.003853231514891734,
        -0.2383114822949357,
        0.19825029271865036,
        0.22946251681122326,
        0.06822429110495207,
        0.3596216980810427,
        0.17832883537552205,
        -0.21482311572080956
      ],
      [
        0.09218769602062471,
        -0.23460562296296542,
        -0.12941493424485467,
        -0.012481477746563224,
        -0.39145203813595336,
        -0.17023238610098534,
        0.2760914092550162,
        -0.5392147760986473,
        -0.1070819555407768,
        -0.10175251852536685,
        0.053670751836778316,
        0.2185912403578022,
        -0.06467495976873523,
        0.8822548424938793,
        1.4045368083784602,
        -0.1016037540961539
      ],
      [
        -0.12806068226788433,
        -0.21211154614149388,
        0.1544085842923841,
        0.27886616457197255,
        0.018051715694554025,
        -0.210039119240632,
        -0.20997461539576123,
        0.16984575883490094,
        0.184605001100229,
        0.13489549697032485,
        -0.1847499697844112,
        0.07660297599843266,
        0.07145317519422328,
        0.10857920329189732,
        0.2686463770679329,
        0.05589888719367057
      ],
      [
        0.16972839076797372,
        0.0082264032926984,
        0.07269357832100626,
        0.15444514785138472,
        -0.317750374855644,
        -0.07991780408932533,
        -0.12144747504615024,
        -0.15252190018210982,
        -0.06999410450730252,
        0.37284225770262497,
        -0.23483032188554842,
        0.26063223387962303,
        -0.3784357199949099,
        -0.029814203386799604,
        0.09147744885713664,
        0.14655558283981954
      ],
      [
        0.17780664494821374,
        0.18966844472045688,
        -0.08676753941359917,
        -0.11896485677439216,
        0.2610325504225611,
        -0.04782608122040372,
        -0.32277589230743176,
        -0.27612424162214444,
        -0.2310716132010344,
        0.12339711590746716,
        0.017233891055403648,
        0.1911839837486947,
        -0.06453143867509238,
        0.09354197687882265,
        0.20718678107271934,
        -0.0773366349300596
      ],
      [
        0.11419380938935286,
        -0.17414984934618724,
        -0.09034973299275773,
        -0.09881138210783263,
        -0.2524213312889873,
        0.12174312019639545,
        -0.12120489652363232,
        0.010321091560647573,
        0.11897812302584565,
        0.11073972390151214,
        0.14797373428095895,
        -0.00605872589560318,
        -0.06354285510199724,
        0.03397750138304434,
        -0.3710444259086221,
        -0.3617781181057718
      ],
      [
        -0.3306749030886006,
        -0.33133199035051225,
        0.5164217147365809,
        -0.22974667244826558,
        -0.20309470408136995,
        0.32480707444651635,
        -0.09292030423830784,
        0.4250490923439334,
        -0.2346129617031008,
        -0.13214080992955388,
        -0.2850754760461604,
        0.06934796352702641,
        0.2573442792508276,
        -0.4330103113565678,
        -0.04620845964451793,
        0.05943390058306947
      ],
      [
        -0.1485374889241986,
        -0.4239208971167806,
        0.019983227148813867,
        -0.13576892607171706,
        0.12846004796419885,
        0.00546303638086072,
        0.3957303466073321,
        -0.05581717580596884,
        -0.2555273152942858,
        0.019768408337538387,
        0.0333999699958846,
        0.3748114267640953,
        0.2604944281932926,
        0.16702916112641178,
        0.42727722261740136,
        -0.2971907635807127
      ],
      [
        -0.15993788318743693,
        -0.294050418871048,
        -0.09550160056859552,
        -0.3475672856948437,
        0.229078731829124,
        -0.055555674274693344,
        -0.37241594984856125,
        -0.24987303923959805,
        0.07872551972372928,
        0.18448114157205459,
        0.4775835219258899,
        0.7634801494558188,
        0.15531897503364722,
        -0.1695731336689315,
        -0.4715600703703162,
        0.06692786558595895
      ],
      [
        -0.2032352738275815,
        -0.1662457485645883,
        -0.15107334954460558,
        -0.03859347040986278,
        0.3367860528224336,
        0.039262141861336156,
        -0.04437308548256887,
        -0.2548917071441656,
        -0.4183236783149088,
        -0.1466274776698734,
        -0.03504483870163683,
        0.4769970113489569,
        0.08428524708286948,
        0.32349627409479886,
        -0.06337239982227727,
        -0.29623594160425615
      ],
      [
        -0.24127919055809297,
        0.46797853749922563,
        0.5140089573056307,
        -0.2145550055969934,
        0.042078484352912005,
        -0.2257317945217566,
        0.23289325321856102,
        0.15617215958170794,
        -0.06203667813110582,
        0.29008990958295117,
        -0.17463941693604093,
        -0.042766805794247784,
        -0.113745870085195,
        -0.4552414438995555,
        -0.3110748688484735,
        0.04314697943052987
      ],
      [
        0.3947728141026087,
        0.3646404302099417,
        -0.03871381942905085,
        0.06685236700518729,
        0.24272852713611898,
        0.054845625340964085,
        -0.10273180770843429,
        0.3065393865425934,
        0.09575050775711177,
        0.5340792685574027,
        0.04033736276612987,
        -0.38325968601250904,
        -0.34203979981141625,
        0.33831198157894077,
        0.43512119256153986,
        -0.04487980332065016
      ],
      [
        -0.09579683028399694,
        0.6900035998771327,
        -0.2858156584124522,
        -0.22828592263440503,
        0.07705979038167404,
        -0.0986512807148974,
        -0.001280466680017824,
        -0.010893515603507086,
        0.07295503534144179,
        0.502010735886834,
        0.017174980186089723,
        0.08384227023683043,
        -0.5125430252577556,
        -0.08659960196140118,
        -0.20660280520750213,
        -0.304703265105907
      ],
      [
        -0.2195380917321877,
        -0.19424192145509134,
        0.23257926000772028,
        -0.3405275823552242,
        0.16913144195873225,
        -0.12104235833339462,
        -0.09348120800934426,
        0.2644630755416728,
        0.133887802635494,
        0.29249560571703104,
        -0.09231648699147277,
        -0.09816965763332332,
        0.07088046450699874,
        0.24176308216590336,
        0.19541377763891557,
        -0.27109701805834163
      ],
      [
        0.022622445406968554,
        0.4628602410554538,
        0.618050712006505,
        0.463455942951107,
        -0.31802572300293885,
        -0.07184584038729402,
        -0.3658605004592508,
        -0.11021774220634535,
        0.06460299857472061,
        0.4891387434200644,
        -0.18911001761008547,
        -0.2599646451199291,
        -0.5368222574346637,
        -0.13369148198481653,
        -0.26034765000774596,
        -0.13235985684151844
      ],
      [
        -0.21921519454189706,
        -0.032234002642663705,
        -0.43901836919064763,
        -0.370138219955998,
        0.5788503581153474,
        -0.32185564531850774,
        -0.2780507060866112,
        0.46642594395905423,
        0.7250582506094702,
        -0.2937847273123094,
        -0.11043478215924529,
        0.10395153296688008,
        0.4744561340104394,
        -0.19280721549741528,
        -0.010530278904642223,
        0.194334394015436
      ],
      [
        0.10869151861665466,
        0.23060350900905716,
        -0.042509979030590485,
        -0.3483281199879439,
