{
  "labels": [
    "Aerodynamics",
    "Propulsion",
    "Structural Analysis",
    "research"
  ],
  "feature_extractor": {
    "max_features": 32,
    "vocabulary": {
      "aerodynamics": 1,
      "aerospace": 4,
      "aeronautical": 2,
      "engineering": 13,
      "broader": 7,
      "requires": 21,
      "studying": 28,
      "methods": 15,
      "analysis": 6,
      "relationships": 19,
      "researchers": 23,
      "solve": 25,
      "vocabulary": 31,
      "common": 9,
      "academic": 0,
      "aerospace aeronautical": 5,
      "aeronautical engineering": 3,
      "broader domain": 8,
      "requires studying": 22,
      "studying definitions": 29,
      "relationships neighboring": 20,
      "propulsion": 18,
      "structural": 26,
      "structural analysis": 27,
      "damage": 10,
      "detection": 12,
      "identification": 14,
      "systems": 30,
      "modal": 16,
      "mtmac": 17,
      "shm": 24,
      "damage detection": 11
    },
    "idf": [
      1.2231435513142097,
      1.916290731874155,
      1.0,
      1.0,
      1.0,
      1.0,
      1.0,
      1.2231435513142097,
      1.2231435513142097,
      1.2231435513142097,
      1.916290731874155,
      1.916290731874155,
      1.916290731874155,
      1.0,
      1.916290731874155,
      1.0,
      1.916290731874155,
      1.916290731874155,
      1.916290731874155,
      1.2231435513142097,
      1.2231435513142097,
      1.2231435513142097,
      1.2231435513142097,
      1.2231435513142097,
      1.916290731874155,
      1.2231435513142097,
      1.5108256237659907,
      1.916290731874155,
      1.2231435513142097,
      1.2231435513142097,
      1.916290731874155,
      1.2231435513142097
    ]
  },
  "scope": "aerospace_and_aeronautical_engineering",
  "grade": "preschool"
}