{
  "labels": [
    "Coral Reef Biology",
    "Deep Sea Biology",
    "Oceanography (Biological)"
  ],
  "feature_extractor": {
    "max_features": 32,
    "vocabulary": {
      "oceanography": 26,
      "biological": 8,
      "concept": 14,
      "biology": 9,
      "broader": 10,
      "definitions": 21,
      "development": 25,
      "analysis": 2,
      "apply": 5,
      "design": 23,
      "common": 12,
      "awareness": 6,
      "contemporary": 15,
      "applications": 3,
      "academic": 0,
      "oceanography biological": 27,
      "core concept": 18,
      "broader domain": 11,
      "definitions historical": 22,
      "design experiments": 24,
      "common techniques": 13,
      "awareness open": 7,
      "applications academic": 4,
      "academic professional": 1,
      "coral": 16,
      "reef": 28,
      "coral reef": 17,
      "reef biology": 29,
      "deep": 19,
      "sea": 30,
      "deep sea": 20,
      "sea biology": 31
    },
    "idf": [
      1.0,
      1.0,
      1.0,
      1.0,
      1.0,
      1.0,
      1.0,
      1.0,
      1.6931471805599454,
      1.0,
      1.0,
      1.0,
      1.0,
      1.0,
      1.0,
      1.0,
      1.6931471805599454,
      1.6931471805599454,
      1.0,
      1.6931471805599454,
      1.6931471805599454,
      1.0,
      1.0,
      1.0,
      1.0,
      1.0,
      1.6931471805599454,
      1.6931471805599454,
      1.6931471805599454,
      1.6931471805599454,
      1.6931471805599454,
      1.6931471805599454
    ]
  },
  "scope": "marine_biology",
  "grade": "preschool"
}