{
  "layer_sizes": [
    32,
    16,
    4
  ],
  "learning_rate": 0.3,
  "seed": 42,
  "output_activation": "softmax",
  "weights": [
    [
      [
        0.07617926993860784,
        -0.30271906729810066,
        0.224275760187038,
        0.2991471800280859,
        -0.4427978959463296,
        -0.3255448767155795,
        0.03196010079182134,
        -0.051676893626745594,
        0.04089994297730959,
        -0.22186677365020055,
        0.2710155297407613,
        0.2198840612861349,
        0.01650767439030401,
        0.34224124377592235,
        0.10925724119567778,
        -0.21592940720296777
      ],
      [
        0.09218769602062471,
        -0.28244369094522653,
        0.25627553656224167,
        0.05152452318371917,
        -0.001254689669185668,
        -0.17023238610098534,
        0.30563533466850756,
        -0.01124861605805058,
        -0.06198172318739501,
        -0.09663917937886296,
        0.18424333241339128,
        0.1167970935199174,
        0.1031831528989971,
        0.1681361927858847,
        0.5277918058502816,
        -0.10271004557831209
      ],
      [
        -0.10414135981916336,
        -0.10696493836955161,
        0.1429605519097582,
        0.26964675918202136,
        -0.038109935910156156,
        -0.210039119240632,
        -0.2061203039228099,
        0.18503621055419284,
        0.19874899731407164,
        0.20197587598457362,
        -0.16883856273236955,
        0.05280416030220236,
        0.029171452285182056,
        0.057750347671905705,
        0.21162726803307877,
        0.05499442141696795
      ],
      [
        0.19364771321669472,
        0.11337301106464075,
        0.06124554593838032,
        0.1452257424614332,
        -0.37391202646035415,
        -0.07991780408932533,
        -0.11759316357319888,
        -0.13733144846281792,
        -0.05585010829345982,
        0.4399226367168736,
        -0.21891891483350678,
        0.23683341818339262,
        -0.4207174429039512,
        -0.08064305900679117,
        0.034458339822282705,
        0.14565111706311692
      ],
      [
        0.3153157727117939,
        0.9537795986358952,
        -0.32293491043835043,
        -0.4888358541699276,
        -0.052147657684067455,
        -0.04782608122040372,
        -0.31892158083448047,
        -0.28332180350087016,
        -0.3674734839950091,
        0.5452404731779311,
        -0.21902676986960107,
        0.022967672137046292,
        -0.10681316158413356,
        -0.22669915240994082,
        0.15639759849183418,
        -0.0773366349300596
      ],
      [
        0.11419380938935286,
        -0.20820452600463957,
        -0.05410050040584443,
        -0.03142847256929986,
        -0.25399901018013044,
        0.12174312019639545,
        -0.11735058505068097,
        0.030507284141071813,
        0.16528689707985905,
        0.10302700225068046,
        0.21751231326825068,
        0.0008147063015418995,
        -0.10582457801103844,
        0.040501389307314235,
        -0.4294537028568411,
        -0.36288440958793
      ],
      [
        -0.3306749030886006,
        -0.29203474763834725,
        0.13660651791628278,
        -0.1623637629097328,
        -0.04957973729271792,
        0.32480707444651635,
        -0.08906599276535648,
        0.21176264657592148,
        -0.18830418764908743,
        -0.05996518122371307,
        -0.1863394777025912,
        -0.05932219154624282,
        0.21007703436434888,
        -0.37139916376417303,
        0.10098581651913072,
        0.05832760910091127
      ],
      [
        -0.1485374889241986,
        -0.40061889853577803,
        -0.1991057420068198,
        0.02380022073096434,
        -0.09716298157677704,
        0.00546303638086072,
        0.40044472283022886,
        -0.34974324398580253,
        -0.49524564255714504,
        0.06795671143029229,
        0.14046773225098175,
        0.9222033202174263,
        0.20877781147864463,
        0.46269627938396957,
        0.36582572280489045,
        -0.2971907635807127
      ],
      [
        -0.15993788318743693,
        -0.27074842029004564,
        -0.314590569724229,
        -0.18799813889216224,
        0.0034557022881480538,
        -0.055555674274693344,
        -0.36770157362566447,
        -0.5437991074194317,
        -0.16099280753913017,
        0.2326694446648085,
        0.5846512841809871,
        1.3108720429091492,
        0.1036023583189991,
        0.12609398458862603,
        -0.5330115701828273,
        0.06692786558595895
      ],
      [
        -0.2032352738275815,
        -0.14656235578289808,
        -0.11636123852952847,
        0.02880827932618607,
        0.3114559589140404,
        0.039262141861336156,
        -0.039658709259672076,
        -0.23152968374730304,
        -0.37357050382270757,
        -0.13018276902513828,
        0.037720398320474025,
        0.46741855582386843,
        0.03256863036822146,
        0.3061158197896785,
        -0.13244399400212162,
        -0.29734223308641433
      ],
      [
        -0.24127919055809297,
        -0.22402955687191506,
        0.5687803943442146,
        -0.14134066887581415,
        0.2545832021512156,
        -0.2257317945217566,
        0.23289325321856102,
        0.1236214959856158,
        0.005940757938859181,
        -0.01879642329066408,
        -0.1125308878322935,
        0.13695412779941793,
        -0.113745870085195,
        -0.24597049890789782,
        -0.32710448794723845,
        0.042040687948371666
      ],
      [
        0.3947728141026087,
        -0.0027251373446172274,
        0.007003379707952885,
        0.13546253583091813,
        0.3714613366438357,
        0.054845625340964085,
        -0.10273180770843429,
        0.3039559319741224,
        0.15228934196878516,
        0.3753332062421923,
        0.09697464533053066,
        -0.28068118050122737,
        -0.34203979981141625,
        0.4731629250917265,
        0.42329633582849063,
        -0.04598609480280837
      ],
      [
        -0.07187750783527597,
        0.46183931675296847,
        -0.2877957242449877,
        -0.2362780687371585,
        0.15120862717582373,
        -0.0986512807148974,
        -0.001280466680017824,
        -0.01847271103311065,
        0.0973290917129445,
        0.41805777423670376,
        0.020185090815240326,
        0.1557485278547369,
        -0.5125430252577556,
        -0.009101401992877,
        -0.21703749402718647,
        -0.3056077308826096
      ],
      [
        -0.2195380917321877,
        -0.16897694165115668,
        0.30230155805985065,
        -0.2035861775743264,
        0.09757967558286335,
        -0.12104235833339462,
        -0.08191827359049021,
        0.3054569652444507,
        0.2247293239577451,
        0.31713794334707485,
        0.06370565223763315,
        -0.1231134980598801,
        -0.05596470422012488,
        0.18148608188563334,
        0.02890315087876054,
        -0.27330960102265806
      ],
      [
        0.11829973520185243,
        0.5477567130294916,
        0.4953081749668116,
        0.26183859751631283,
        -0.36207857208484723,
        -0.07184584038729402,
        -0.3658605004592508,
        -0.12528873989285405,
        0.020025883490250976,
        0.5873200368289798,
        -0.3176102644317504,
        -0.24686827188608051,
        -0.5368222574346637,
        -0.1765724507755675,
        -0.27183352941885947,
        -0.13326432261822105
      ],
      [
        -0.21921519454189706,
        -0.30168961087960183,
        -0.6454989173531425,
        -0.4977685608360649,
        1.12397988877526,
        -0.32185564531850774,
        -0.2741963946136599,
        0.5807371496909567,
        1.0330639778751642,
        -0.3197335402064554,
        0.3555374994241267,
        -0.171471723762775,
        0.4321744111013981,
        -0.13671867852460387,
        -0.061319461485527436,
        0.18740151647466569
      ],
      [
        0.10869151861665466,
        -0.37216299012398746,
        -0.23952256064299485,
