{
  "layer_sizes": [
    32,
    16,
    4
  ],
  "learning_rate": 0.3,
  "seed": 42,
  "output_activation": "softmax",
  "weights": [
    [
      [
        0.07373325926608633,
        -0.250449518358689,
        0.19671481205384725,
        0.27512206408471596,
        -0.4231938610485438,
        -0.37240777341580367,
        0.03196010079182134,
        -0.0504495242799605,
        0.01880442829657325,
        -0.1763556900381083,
        0.21550525748429922,
        0.1990448527130381,
        0.049838905579629195,
        0.2756754495277218,
        0.1765552417645297,
        -0.21482311572080956
      ],
      [
        0.0897416853481032,
        -0.2301741420058149,
        0.22871458842905107,
        0.02749940724034913,
        0.01834934522860001,
        -0.21709528280120927,
        0.30563533466850756,
        -0.010021246711265476,
        -0.08407723786813139,
        -0.051128095766770625,
        0.12873306015692926,
        0.0959578849468206,
        0.13651438408832228,
        0.10157039853768432,
        0.5950898064191339,
        -0.1016037540961539
      ],
      [
        -0.14029073563049183,
        -0.18672730037313515,
        0.021523703478699314,
        0.6156599620243568,
        -0.046692378012673695,
        -0.33975330781392216,
        -0.2061203039228099,
        0.06184495232132431,
        0.1744574396606537,
        0.37942339040548284,
        -0.1707216630535815,
        0.21003766103792096,
        0.02555992387666202,
        0.04853729696796692,
        0.5021472221977875,
        0.05589888719367057
      ],
      [
        0.15439979723769848,
        0.028126976341060955,
        -0.1495218711414896,
        0.6175462597108468,
        -0.49396485889957803,
        -0.209720362889206,
        -0.11759316357319888,
        -0.36247207809512344,
        -0.12261842845233449,
        0.6976170870203178,
        -0.2164577789233108,
        0.47300089493721753,
        -0.4785954145869494,
        -0.08372125749644371,
        0.3925865583877911,
        0.14655558283981954
      ],
      [
        0.1624780514179385,
        0.20956901776881942,
        -0.30898298887609515,
        0.3441362550850695,
        0.08481806637862711,
        -0.1776286400202844,
        -0.31892158083448047,
        -0.4860744195351581,
        -0.2836959371460664,
        0.44817194522515985,
        0.03560643401764131,
        0.4035526448062894,
        -0.1646911332671319,
        0.03963492276917856,
        0.5082958906033738,
        -0.0773366349300596
      ],
      [
        0.11174779871683135,
        -0.155934977065228,
        -0.08166144853903494,
        -0.05545358851266993,
        -0.2343949752823446,
        0.0748802234961716,
        -0.11735058505068097,
        0.03173465348785692,
        0.14319138239912269,
        0.1485380858627727,
        0.16200204101178864,
        -0.02002450227155487,
        -0.0724933468217133,
        -0.026064404940886087,
        -0.3621557022879894,
        -0.3617781181057718
      ],
      [
        -0.33312091376112213,
        -0.23976519869893562,
        0.10904556978309216,
        -0.1863888788531029,
        -0.029975702394932257,
        0.2779441777462922,
        -0.08906599276535648,
        0.21299001592270667,
        -0.2103997023298238,
        -0.014454097611620684,
        -0.24184974995905323,
        -0.0801614001193396,
        0.24340826555367406,
        -0.43796495801237356,
        0.16828381708798262,
        0.05943390058306947
      ],
      [
        -0.15098349959672008,
        -0.35196795539567877,
        0.027134390030700364,
        -0.09239229227903821,
        0.12273398895359115,
        -0.04139986031936315,
        0.40044472283022886,
        -0.031227783062321015,
        -0.2328696554828208,
        0.08172420059436587,
        0.050654934761533404,
        0.34439376266591015,
        0.24210904266796981,
        0.08308291257309097,
        0.42550362900640853,
        -0.2971907635807127
      ],
      [
        -0.1623838938599584,
        -0.2220974771499464,
        -0.08835043768670899,
        -0.30419065190216465,
        0.22335267281851626,
        -0.10241857097491722,
        -0.36770157362566447,
        -0.22528364649595034,
        0.10138317953519425,
        0.246436933828882,
        0.4948384866915389,
        0.7330624853576337,
        0.13693358950832427,
        -0.25351938222225234,
        -0.47333366398130916,
        0.06692786558595895
      ],
      [
        -0.20568128450010298,
        -0.09429280684348657,
        -0.14392218666271908,
        0.004783163382816027,
        0.3310599938118262,
        -0.007600754838887706,
        -0.039658709259672076,
        -0.23030231440051788,
        -0.3956660185034437,
        -0.08467168541304593,
        -0.017789873935988017,
        0.44657934725077175,
        0.06589986155754662,
        0.23955002554147806,
        -0.06514599343326981,
        -0.29623594160425615
      ],
      [
        -0.24372520123061445,
        -0.17176000793250348,
        0.5412194462110244,
        -0.16536578481918424,
        0.27418723704900144,
        -0.2725946912219806,
        0.23289325321856102,
        0.12484886533240083,
        -0.016154756741877167,
        0.026714660321428316,
        -0.16804116008875553,
        0.11611491922632115,
        -0.08041463889586986,
        -0.31253629315609843,
        -0.25980648737838674,
        0.04314697943052987
      ],
      [
        0.3923268034300872,
        0.04954441159479433,
        -0.020557568425237663,
        0.11143741988754811,
        0.3910653715416215,
        0.007982728640740221,
        -0.10273180770843429,
        0.3051833013209072,
        0.1301938272880488,
        0.42084428985428485,
        0.041464373074068646,
        -0.30152038907432405,
        -0.308708568622091,
        0.406597130843526,
        0.49059433639734235,
        -0.04487980332065016
      ],
      [
        -0.09824284095651845,
        0.3749075812619854,
        -0.26765940740863897,
        -0.1837008697520443,
        0.22539663478717628,
        -0.14551417741512127,
        -0.001280466680017824,
        -0.012249600825193083,
        0.10739835487237882,
        0.38877575718371604,
        0.018301990494028492,
        0.1655815671750155,
        -0.47921179406843056,
        -0.018314452696815805,
        -0.15112966137169948,
        -0.304703265105907
      ],
      [
        -0.22198410240470917,
        -0.07398435197376826,
        0.2380776486912362,
        -0.29161729444797846,
        0.0722228092635195,
        -0.16790525503361853,
        -0.08191827359049021,
        0.27930058013208603,
        0.15753357692362696,
        0.37125481871597277,
        -0.042970656043883004,
        -0.16938878406187474,
        -0.022633473030799697,
        0.05448934560351908,
        0.10382124581494598,
        -0.27109701805834163
      ],
      [
        0.020176434734447052,
        0.06660359073616104,
        0.6384705224857133,
        0.50919203780733,
        -0.14874590152478986,
        -0.11870873708751788,
        -0.3658605004592508,
        -0.1190656296849366,
        0.10190596857023056,
        0.33836869707734524,
        -0.18661519566731005,
        -0.15893974116114812,
        -0.5034910262453384,
        -0.04680133235051323,
        -0.2059256967633725,
        -0.13235985684151844
      ],
      [
        -0.22166120521441854,
        -0.014019130361704485,
        -0.4303300847369248,
        -0.3267804263608351,
        0.5968767141219895,
        -0.3687185420187319,
        -0.2741963946136599,
        0.48783950588626346,
        0.749271509982747,
        -0.2559863653510486,
        -0.09640647542841556,
        0.0899857565909284,
        0.4655056422907233,
        -0.25284912182134567,
        -0.0016415552840092298,
        0.194334394015436
      ],
      [
        0.10869151861665466,
        0.11622853738460617,
        -0.0680500050490349,
