{
  "labels": [
    "Class Analysis",
    "Gender Stratification",
    "Race & Ethnicity",
    "research"
  ],
  "feature_extractor": {
    "max_features": 32,
    "vocabulary": {
      "class": 3,
      "analysis": 2,
      "concept": 5,
      "social": 25,
      "stratification": 27,
      "domain": 15,
      "understanding": 28,
      "definitions": 9,
      "development": 13,
      "design": 11,
      "vocabulary": 29,
      "models": 20,
      "contemporary": 7,
      "academic": 0,
      "class analysis": 4,
      "concept social": 6,
      "social stratification": 26,
      "definitions historical": 10,
      "development key": 14,
      "relationships neighboring": 24,
      "design experiments": 12,
      "vocabulary foundational": 30,
      "contemporary applications": 8,
      "academic professional": 1,
      "race": 22,
      "ethnicity": 17,
      "race ethnicity": 23,
      "gender": 18,
      "gender stratification": 19,
      "nonlinear": 21,
      "wealth": 31,
      "energy": 16
    },
    "idf": [
      1.2231435513142097,
      1.2231435513142097,
      1.2231435513142097,
      1.916290731874155,
      1.916290731874155,
      1.2231435513142097,
      1.2231435513142097,
      1.2231435513142097,
      1.2231435513142097,
      1.2231435513142097,
      1.2231435513142097,
      1.2231435513142097,
      1.2231435513142097,
      1.2231435513142097,
      1.2231435513142097,
      1.2231435513142097,
      1.916290731874155,
      1.916290731874155,
      1.916290731874155,
      1.916290731874155,
      1.0,
      1.916290731874155,
      1.916290731874155,
      1.916290731874155,
      1.2231435513142097,
      1.0,
      1.0,
      1.0,
      1.2231435513142097,
      1.2231435513142097,
      1.2231435513142097,
      1.916290731874155
    ]
  },
  "scope": "social_stratification",
  "grade": "preschool"
}