{
  "layer_sizes": [
    32,
    16,
    3
  ],
  "learning_rate": 0.3,
  "seed": 42,
  "output_activation": "softmax",
  "weights": [
    [
      [
        0.07617926993860784,
        -0.2621689914388997,
        0.20895901178354676,
        0.25859995775622757,
        -0.4589437523496669,
        -0.3255448767155795,
        0.03196010079182134,
        -0.03372702466309352,
        -0.004200289376072199,
        -0.1972667830452681,
        0.23369604115776435,
        0.24222342220875542,
        0.01650767439030401,
        0.280048425475638,
        0.1168773355630114,
        -0.21482311572080956
      ],
      [
        0.09218769602062471,
        -0.24189361508602553,
        0.24095878815875058,
        0.010977300911860886,
        -0.017400546072522935,
        -0.17023238610098534,
        0.30563533466850756,
        0.006701252905601492,
        -0.1070819555407768,
        -0.07203918877393044,
        0.1469238438303944,
        0.13913645444253797,
        0.1031831528989971,
        0.10594337448560048,
        0.5354119002176153,
        -0.1016037540961539
      ],
      [
        -0.12806068226788433,
        -0.20561614694074523,
        0.17534106847580636,
        0.30570185183864695,
        0.00032818040007343084,
        -0.210039119240632,
        -0.2061203039228099,
        0.20798182037897736,
        0.18581354280086057,
        0.15178276592442566,
        -0.15253087938011636,
        0.10581576911819833,
        0.029171452285182056,
        0.05291027291588304,
        0.21785719448704746,
        0.05589888719367057
      ],
      [
        0.16972839076797372,
        0.014721802493447064,
        0.09362606250442845,
        0.18128083511805917,
        -0.3354739101501244,
        -0.07991780408932533,
        -0.11759316357319888,
        -0.11438583863803346,
        -0.06878556280667093,
        0.389729526656726,
        -0.2026112314812536,
        0.28984502699938874,
        -0.4207174429039512,
        -0.08548313376281391,
        0.0406882662762514,
        0.14655558283981954
      ],
      [
        0.17780664494821374,
        0.1961638439212055,
        -0.06583505523017698,
        -0.0921291695077177,
        0.24330901512808073,
        -0.04782608122040372,
        -0.31892158083448047,
        -0.23798818007806824,
        -0.22986307150040283,
        0.14028438486156794,
        0.049452981459698564,
        0.2203967768684604,
        -0.10681316158413356,
        0.03787304650280836,
        0.15639759849183418,
        -0.0773366349300596
      ],
      [
        0.11419380938935286,
        -0.16765445014543862,
        -0.06941724880933553,
        -0.07197569484115818,
        -0.2701448665834677,
        0.12174312019639545,
        -0.11735058505068097,
        0.04845715310472388,
        0.12018666472647724,
        0.12762699285561302,
        0.18019282468525377,
        0.023154067224162495,
        -0.10582457801103844,
        -0.021691428992969965,
        -0.42183360848950746,
        -0.3617781181057718
      ],
      [
        -0.3306749030886006,
        -0.25148467177914624,
        0.12128976951279156,
        -0.20291098518159112,
        -0.06572559369605527,
        0.32480707444651635,
        -0.08906599276535648,
        0.22971251553957375,
        -0.23340442000246925,
        -0.03536519061878053,
        -0.2236589662855881,
        -0.03698283062362226,
        0.21007703436434888,
        -0.43359198206445737,
        0.10860591088646433,
        0.05943390058306947
      ],
      [
        -0.1485374889241986,
        -0.3636874284758895,
        0.03937858976039979,
        -0.1089143986075265,
        0.08698409765246815,
        0.00546303638086072,
        0.40044472283022886,
        -0.014505283445454016,
        -0.25587437315546624,
        0.06081310758720601,
        0.06884571843499855,
        0.38757233216162773,
        0.20877781147864463,
        0.08745588852100714,
        0.36582572280489045,
        -0.2971907635807127
      ],
      [
        -0.15993788318743693,
        -0.23381695023015703,
        -0.07610623795700958,
        -0.32071275823065315,
        0.18760278151739335,
        -0.055555674274693344,
        -0.36770157362566447,
        -0.2085611468790833,
        0.07837846186254882,
        0.2255258408217222,
        0.513029270365004,
        0.7762410548533508,
        0.1036023583189991,
        -0.24914640627433624,
        -0.5330115701828273,
        0.06692786558595895
      ],
      [
        -0.2032352738275815,
        -0.10383931504492133,
        0.3812411300722696,
        -0.29146562974145146,
        0.5803908659562551,
        0.039262141861336156,
        -0.039658709259672076,
        0.08936678541158312,
        -0.41867073617608924,
        0.17468831843188184,
        -0.1309018892177688,
        0.6829910221207534,
        0.03256863036822146,
        0.23375241442416364,
        -0.12482389963478802,
        -0.29623594160425615
      ],
      [
        -0.24127919055809297,
        -0.1813065161339383,
        1.0663827629460119,
        -0.46161457794345173,
        0.5235181091934302,
        -0.2257317945217566,
        0.23289325321856102,
        0.44451796514450187,
        -0.0391594744145226,
        0.28607466416635596,
        -0.28115317537053625,
        0.3525265940963029,
        -0.113745870085195,
        -0.3183339042734128,
        -0.3194843935799048,
        0.04314697943052987
      ],
      [
        0.3947728141026087,
        0.03782493851458376,
        -0.008313368695538222,
        0.09491531355905981,
        0.3553154802404984,
        0.054845625340964085,
        -0.10273180770843429,
        0.3219058009377742,
        0.10718910961540337,
        0.399933196847125,
        0.059655156747533786,
        -0.25834181957860647,
        -0.34203979981141625,
        0.4109701067914422,
        0.43091643019582426,
        -0.04487980332065016
      ],
      [
        -0.09579683028399694,
        0.3631881081817747,
        -0.25541520767893955,
        -0.20022297608053252,
        0.18964674348605337,
        -0.0986512807148974,
        -0.001280466680017824,
        0.0044728987916738865,
        0.08439363719973339,
        0.3678646641765562,
        0.036492774167493656,
        0.20876013667073282,
        -0.5125430252577556,
        -0.013941476748899688,
        -0.21080756757321778,
        -0.304703265105907
      ],
      [
        -0.2195380917321877,
        -0.08570382505397882,
        0.25032184842093574,
        -0.30813940077646695,
        0.03647291796239655,
        -0.12104235833339462,
        -0.08191827359049021,
        0.29602307974895303,
        0.13452885925098151,
        0.35034372570881295,
        -0.024779872370417858,
        -0.1262102145661574,
        -0.05596470422012488,
        0.0588623215514352,
        0.04414333961342776,
        -0.27109701805834163
      ],
      [
        0.022622445406968554,
        0.054884117655950485,
        0.6507147222154124,
        0.4926699314788416,
        -0.18449579282591275,
        -0.07184584038729402,
        -0.3658605004592508,
        -0.10234313006806958,
        0.07890125089758512,
        0.3174576040701854,
        -0.16842441199384492,
        -0.11576117166543076,
        -0.5368222574346637,
        -0.042428356402597116,
        -0.2656036029648908,
        -0.13235985684151844
      ],
      [
        -0.21921519454189706,
        -0.02573860344191505,
        -0.4180858850072254,
        -0.3433025326893236,
        0.5611268228208669,
        -0.32185564531850774,
        -0.2741963946136599,
        0.5045620055031302,
        0.7262667923101017,
        -0.2768974583582084,
        -0.07821569175495034,
        0.13316432608664575,
        0.4321744111013981,
        -0.24847614587342956,
        -0.061319461485527436,
        0.194334394015436
      ],
      [
        0.10869151861665466,
        -0.09621198268630062,
        -0.012109528297077867,
