{
  "layer_sizes": [
    32,
    16,
    4
  ],
  "learning_rate": 0.3,
  "seed": 42,
  "output_activation": "softmax",
  "weights": [
    [
      [
        0.07617926993860784,
        0.21017271432246562,
        0.1431560128271662,
        0.06096350630196319,
        -0.6871285100017769,
        -0.3255448767155795,
        0.03196010079182134,
        -0.07906064808589555,
        -0.032252626110389856,
        -0.2413640109162961,
        0.239539305910744,
        0.2567024809646463,
        0.01650767439030401,
        0.14880765371164897,
        0.1168773355630114,
        -0.21482311572080956
      ],
      [
        0.09379894139522092,
        -0.2732707386511803,
        0.2855061831056568,
        0.19115421852043582,
        -0.03952422816465188,
        -0.17023238610098534,
        0.30563533466850756,
        -0.03136799735692995,
        -0.04286596246707952,
        -0.06510662533752243,
        0.11565537783526034,
        0.0630913071907625,
        0.1469355978938531,
        0.18498783614698097,
        0.5526747784686586,
        -0.1016037540961539
      ],
      [
        -0.126449436893288,
        -0.23699327050590005,
        0.21988846342271245,
        0.485878769447222,
        -0.02179550169205551,
        -0.210039119240632,
        -0.2061203039228099,
        0.16991257011644573,
        0.2500295358745579,
        0.1587153293608337,
        -0.18379934537525044,
        0.029770621866422795,
        0.07292389728003805,
        0.13195473457726364,
        0.23512007273809085,
        0.05589888719367057
      ],
      [
        0.17133963614257006,
        -0.016655321071707713,
        0.1381734574513346,
        0.36145775272663416,
        -0.3575975922422533,
        -0.07991780408932533,
        -0.11759316357319888,
        -0.15245508890056503,
        -0.004569569732973635,
        0.3966620900931341,
        -0.23387969747638768,
        0.213799879747613,
        -0.3769649979090952,
        -0.006438672101433418,
        0.05795114452729479,
        0.14655558283981954
      ],
      [
        0.17941789032281008,
        0.1647867203560507,
        -0.021287660283270858,
        0.08804774810085732,
        0.22118533303595178,
        -0.04782608122040372,
        -0.31892158083448047,
        -0.2760574303405995,
        -0.1656470784267055,
        0.14721694829797596,
        0.018184515464564423,
        0.14435162961668485,
        -0.06306071658927753,
        0.11691750816418894,
        0.17366047674287757,
        -0.0773366349300596
      ],
      [
        0.11580505476394908,
        -0.19903157371059343,
        -0.024869853862429403,
        0.10820122276741684,
        -0.2922685486755966,
        0.12174312019639545,
        -0.11735058505068097,
        0.010387902842192443,
        0.18440265780017456,
        0.13455955629202093,
        0.1489243586901197,
        -0.05289108002761301,
        -0.062072133016182404,
        0.057353032668410554,
        -0.404570730238464,
        -0.3617781181057718
      ],
      [
        -0.3290636577140045,
        -0.282861795344301,
        0.1658371644596977,
        -0.022734067573016128,
        -0.08784927578818412,
        0.32480707444651635,
        -0.08906599276535648,
        0.19164326527704212,
        -0.16918842692877192,
        -0.028432627182372543,
        -0.2549274322807221,
        -0.1130279778753977,
        0.25382947935920497,
        -0.35454752040307697,
        0.1258687891375077,
        0.05943390058306947
      ],
      [
        -0.14692624354960226,
        -0.39506455204104424,
        0.0839259847073059,
        0.07126251900104849,
        0.0648604155603393,
        0.00546303638086072,
        0.40044472283022886,
        -0.052574533707985475,
        -0.19165838008176891,
        0.06774567102361402,
        0.037577252439864386,
        0.311527184909852,
        0.2525302564735007,
        0.16650035018238765,
        0.3830886010559339,
        -0.2971907635807127
      ],
      [
        -0.1583266378128406,
        -0.26519407379531174,
        -0.03155884301010347,
        -0.14053584062207808,
        0.1654790994252644,
        -0.055555674274693344,
        -0.36770157362566447,
        -0.2466303971416149,
        0.14259445493624606,
        0.23245840425813025,
        0.4817608043698698,
        0.7001959076015755,
        0.14735480331385511,
        -0.17010194461295572,
        -0.515748691931784,
        0.06692786558595895
      ],
      [
        -0.2032352738275815,
        -0.33888682724473085,
        -0.35081356768452693,
        -0.40231549019365737,
        0.8797551631086237,
        0.039262141861336156,
        -0.039658709259672076,
        -0.2903403380957223,
        -0.31759168392140913,
        -0.14071192030101662,
        -0.013445637704580123,
        0.5203927314841027,
        0.04423726834750005,
        0.23296604573374005,
        -0.12482389963478802,
        -0.29623594160425615
      ],
      [
        -0.24127919055809297,
        -0.41635402833374785,
        0.33432806518921604,
        -0.5724644383956573,
        0.822882406345799,
        -0.2257317945217566,
        0.23289325321856102,
        0.06481084163719628,
        0.06191957784015751,
        -0.029325574566542337,
        -0.1636969238573476,
        0.18992830345965234,
        -0.10207723210591638,
        -0.3191202729638363,
        -0.3194843935799048,
        0.04314697943052987
      ],
      [
        0.4013593074576406,
        0.04201232898009191,
        -0.48501293638280246,
        0.6276286292363963,
        0.3129871168589487,
        0.054845625340964085,
        -0.10273180770843429,
        -0.13939765973765192,
        0.10463004623913015,
        0.7233145844985931,
        -0.0233541984944873,
        -0.4210962525707884,
        -0.42193044862003654,
        1.0890033823810772,
        1.0600729534841276,
        -0.04487980332065016
      ],
      [
        -0.09447953161299054,
        0.6814266524825403,
        -0.25536823182173085,
        -0.18444661920003358,
        0.020647184510982672,
        -0.0986512807148974,
        -0.001280466680017824,
        -0.03492162357265844,
        0.11639999704923724,
        0.3500831388453938,
        0.022787611884405604,
        0.1833541297638709,
        -0.47677253458407615,
        -0.04616484194259001,
        -0.19669403344838418,
        -0.304703265105907
      ],
      [
        -0.2195380917321877,
        0.29260413253086853,
        0.19341020668944472,
        -0.47094031767156325,
        -0.15183789712204981,
        -0.12104235833339462,
        -0.08191827359049021,
        0.25068945632615103,
        0.11208698986352739,
        0.311867103642365,
        -0.022874570056445626,
        -0.12418205523174829,
        -0.05596470422012488,
        -0.04577792060648194,
        0.04414333961342776,
        -0.27109701805834163
      ],
      [
        0.022622445406968554,
        -0.17799042966508336,
        0.4315791414639054,
        0.10209338423085655,
        0.3999492677720081,
        -0.07184584038729402,
        -0.3658605004592508,
        -0.1791036533801412,
        0.17998030315226524,
        0.28232846218937446,
        -0.18227095943590213,
        -0.08512635692781689,
        -0.5251536194553853,
        -0.05338531215825116,
        -0.2656036029648908,
        -0.13235985684151844
      ],
      [
        -0.21921519454189706,
        -0.2586131507629489,
        -0.6372214657587324,
        -0.7338790799373085,
        1.1455718834187878,
        -0.32185564531850774,
        -0.2741963946136599,
        0.4278014821910591,
        0.8273458445647818,
        -0.31202660023901935,
        -0.09206223919700764,
        0.16379914082425961,
        0.4438430490806766,
        -0.2594331016290837,
        -0.061319461485527436,
        0.194334394015436
      ],
      [
        0.11132611595866745,
        -0.22248464110406285,
        -0.033565633418335024,
