{
  "layer_sizes": [
    32,
    16,
    4
  ],
  "learning_rate": 0.3,
  "seed": 42,
  "output_activation": "softmax",
  "weights": [
    [
      [
        0.0734711061568604,
        -0.2957123862705028,
        0.15078138273741556,
        0.2532296403708969,
        -0.42243757894952255,
        -0.3255448767155795,
        0.04200687975289885,
        -0.043042948633836293,
        0.038606322460158035,
        -0.20472971336841178,
        0.26503204023670923,
        0.20827449384338964,
        0.018316372953424868,
        0.32213977876400146,
        0.12901735703472822,
        -0.21482311572080956
      ],
      [
        0.09218769602062471,
        -0.2688203834834228,
        0.15463821381001658,
        0.3099221231582651,
        -0.13020708918809643,
        -0.17023238610098534,
        0.29037421297133387,
        -0.234274364182499,
        -0.12233063056796678,
        -0.11213502466275457,
        0.09691186615867176,
        0.5055338958733552,
        0.11451785613816663,
        0.33654347267689816,
        0.6498234364131441,
        -0.1016037540961539
      ],
      [
        -0.12806068226788433,
        -0.23254291533814256,
        0.08902049412707237,
        0.604646674085051,
        -0.11247836271550007,
        -0.210039119240632,
        -0.22138142561998367,
        -0.032993796709123155,
        0.17056486777367055,
        0.11168693003560154,
        -0.202542857051839,
        0.47221321054901577,
        0.04050615552435161,
        0.28351037110718086,
        0.33226873068257673,
        0.05589888719367057
      ],
      [
        0.16702022698622623,
        -0.01882159233815628,
        0.035448433458297186,
        0.17591051773272856,
        -0.29896773674998006,
        -0.07991780408932533,
        -0.10754638461212133,
        -0.12370176260877624,
        -0.025978950970440694,
        0.38226659633358206,
        -0.1712752324023087,
        0.2558960986340228,
        -0.41890874434083036,
        -0.04339178047445033,
        0.05282828774796821,
        0.14655558283981954
      ],
      [
        0.17509848116646626,
        0.1626204490896021,
        -0.1240126842763083,
        -0.09749948689304831,
        0.27981518852822507,
        -0.04782608122040372,
        -0.308874801873403,
        -0.24730410404881092,
        -0.1870564596641726,
        0.1328214545384242,
        0.08078898053864336,
        0.18644784850309462,
        -0.10500446302101266,
        0.07996439979117193,
        0.16853761996355104,
        -0.0773366349300596
      ],
      [
        0.11148564560760542,
        -0.20119784497704202,
        -0.12759487785546686,
        -0.07734601222648879,
        -0.23363869318332353,
        0.12174312019639545,
        -0.10730380608960342,
        0.03914122913398111,
        0.1629932765627075,
        0.12016406253246929,
        0.21152882376419865,
        -0.010794861141203366,
        -0.10401587944791753,
        0.02039992429539361,
        -0.4096935870177906,
        -0.3617781181057718
      ],
      [
        -0.3333830668703481,
        -0.28502806661074936,
        0.06311214046666025,
        -0.20828130256692173,
        -0.029219420295910972,
        0.32480707444651635,
        -0.07901921380427894,
        0.22039659156883087,
        -0.190597808166239,
        -0.042828120941924216,
        -0.1923229672066432,
        -0.0709317589889881,
        0.21188573292746973,
        -0.39150062877609393,
        0.12074593235818115,
        0.05943390058306947
      ],
      [
        -0.1485374889241986,
        0.11844809545258142,
        0.30717243590016485,
        -0.2933748353321988,
        -0.06097178409215206,
        0.00546303638086072,
        0.5533655200436203,
        -0.09997799312452242,
        -0.43292876845821027,
        0.011284233745642889,
        -0.03801818927724524,
        0.3080685049110797,
        0.20877781147864463,
        -0.029076226097384555,
        0.5785774782716276,
        -0.2971907635807127
      ],
      [
        -0.15993788318743693,
        -0.2607437186275544,
        -0.16242681230574352,
        -0.02176793598424895,
        0.07479623840181976,
        -0.055555674274693344,
        -0.38296269532283816,
        -0.4495367639671839,
        0.06312978683535884,
        0.18543000493289807,
        0.4630172926932811,
        1.1426384962841685,
        0.11493706155816863,
        -0.01854630808303844,
        -0.41860003398729806,
        0.06692786558595895
      ],
      [
        -0.2032352738275815,
        -0.1329390483210944,
        -0.21799856128175354,
        0.28720587930073194,
        0.18250355939512966,
        0.039262141861336156,
        -0.05491983095684583,
        -0.4545554318717514,
        -0.4339194112032793,
        -0.14567861430902992,
        -0.04961106793424553,
        0.8561553581773059,
        0.043903333607391036,
        0.4745230996806919,
        -0.010412363439258995,
        -0.29623594160425615
      ],
      [
        -0.2582506381033427,
        -0.5219671823280648,
        0.36627767159895624,
        -0.4143939908065747,
        0.8188831941366908,
        -0.2257317945217566,
        0.3409901301915686,
        0.11773171782150445,
        -0.1551196191456213,
        0.04397744956216748,
        0.3920865611909915,
        -0.12242358757659645,
        -0.113745870085195,
        -0.1348490482248311,
        -0.2185876825430424,
        0.04314697943052987
      ],
      [
        0.377801366557359,
        -0.30066276280076687,
        -0.19549934303730535,
        -0.13759078609984254,
        0.9357613286293108,
        0.054845625340964085,
        0.0053650692645734405,
        0.298066153810011,
        -0.008771035115695287,
        0.43810707909502394,
        0.6015920943538154,
        -0.5400588958772415,
        -0.34203979981141625,
        0.5842843757747929,
        0.531813141232687,
        -0.04487980332065016
      ],
      [
        -0.09579683028399694,
        0.5112951554456825,
        -0.276761420510872,
        -0.2236817547389566,
        0.044915547464221994,
        -0.0986512807148974,
        -0.0311553392773955,
        0.359002037567736,
        0.48386177430982513,
        0.3752675441375739,
        -0.21382306751598554,
        0.06740105532768406,
        -0.5125430252577556,
        -0.1598345392324606,
        -0.35003705657315703,
        -0.304703265105907
      ],
      [
        -0.2195380917321877,
        0.062403222209929,
        0.22897563558900327,
        -0.331598179434891,
        -0.1082582780594348,
        -0.12104235833339462,
        -0.11179314618786787,
        0.6505522185250152,
        0.5339969963610731,
        0.35774660566983063,
        -0.2750957140538971,
        -0.2675692959092062,
        -0.05596470422012488,
        -0.0870307409321257,
        -0.09508614938651153,
        -0.27109701805834163
      ],
      [
        0.022622445406968554,
        0.6330121533943602,
        0.9763365801495171,
        0.27600916314091944,
        -0.3562798419566986,
        -0.07184584038729402,
        -0.18235554380318092,
        -0.19584365699839132,
        -0.13356402346570778,
        0.26122179522993505,
        -0.2938917917601259,
        -0.20161067669578453,
        -0.5368222574346637,
        -0.1826192691979412,
        -0.01030149640480595,
        -0.13235985684151844
      ],
      [
        -0.21921519454189706,
        0.12236844382199272,
        -0.4394320978391578,
        -0.36676131134774764,
        0.41639562679903547,
        -0.32185564531850774,
        -0.3040712672110376,
        0.8590911442791926,
        1.1257349294201933,
        -0.2694945783971907,
        -0.3285315334384295,
        -0.008194755256402972,
        0.4321744111013981,
        -0.39436920835699046,
        -0.20054895048546673,
        0.194334394015436
      ],
      [
        0.10869151861665466,
        0.0518950645776072,
        -0.033455741129010286,
        -0.34372395209249546,
