{
  "labels": [
    "Business Cycle Theory",
    "Growth Theory",
    "National Income Theory",
    "research"
  ],
  "feature_extractor": {
    "max_features": 32,
    "vocabulary": {
      "national": 15,
      "income": 12,
      "theory": 30,
      "concept": 5,
      "relationships": 19,
      "researchers": 22,
      "solve": 25,
      "theoretical": 28,
      "common": 3,
      "open": 18,
      "national income": 16,
      "income theory": 13,
      "theory core": 31,
      "concept macroeconomics": 6,
      "broader domain": 0,
      "social sciences": 24,
      "requires studying": 21,
      "studying definitions": 26,
      "relationships neighboring": 20,
      "researchers practitioners": 23,
      "theoretical frameworks": 29,
      "common techniques": 4,
      "techniques awareness": 27,
      "business": 1,
      "cycle": 8,
      "business cycle": 2,
      "cycle theory": 9,
      "growth": 10,
      "growth theory": 11,
      "institutional": 14,
      "consumer": 7,
      "network": 17
    },
    "idf": [
      1.2231435513142097,
      1.916290731874155,
      1.916290731874155,
      1.2231435513142097,
      1.2231435513142097,
      1.2231435513142097,
      1.2231435513142097,
      1.916290731874155,
      1.916290731874155,
      1.916290731874155,
      1.916290731874155,
      1.916290731874155,
      1.916290731874155,
      1.916290731874155,
      1.916290731874155,
      1.916290731874155,
      1.916290731874155,
      1.916290731874155,
      1.0,
      1.2231435513142097,
      1.2231435513142097,
      1.2231435513142097,
      1.2231435513142097,
      1.2231435513142097,
      1.2231435513142097,
      1.2231435513142097,
      1.2231435513142097,
      1.2231435513142097,
      1.2231435513142097,
      1.2231435513142097,
      1.2231435513142097,
      1.2231435513142097
    ]
  },
  "scope": "macroeconomics",
  "grade": "preschool"
}