{
  "layer_sizes": [
    32,
    16,
    3
  ],
  "learning_rate": 0.3,
  "seed": 42,
  "output_activation": "softmax",
  "weights": [
    [
      [
        0.07617926993860784,
        -0.2366613676750595,
        0.2177099996691891,
        0.26383551466098276,
        -0.47451218079486696,
        -0.3255448767155795,
        0.03196010079182134,
        -0.03463999904465773,
        -0.013880213976663652,
        -0.20453326085252813,
        0.23596054127788785,
        0.20624118289749932,
        0.027652720618545415,
        0.2727038636425593,
        0.1168773355630114,
        -0.21482311572080956
      ],
      [
        0.09218769602062471,
        -0.2163859913221853,
        0.24970977604439293,
        0.016212857816616175,
        -0.0329689745177231,
        -0.17023238610098534,
        0.30563533466850756,
        0.005788278524037262,
        -0.11676188014136825,
        -0.07930566658119062,
        0.1491883439505179,
        0.10315421513128178,
        0.11432819912723849,
        0.09859881265252178,
        0.5354119002176153,
        -0.1016037540961539
      ],
      [
        -0.12806068226788433,
        -0.180108523176905,
        0.1840920563614487,
        0.31093740874340214,
        -0.015240248045126697,
        -0.210039119240632,
        -0.2061203039228099,
        0.207068845997413,
        0.17613361820026913,
        0.14451628811716563,
        -0.15026637925999287,
        0.06983352980694216,
        0.04031649851342345,
        0.04556571108280433,
        0.21785719448704746,
        0.05589888719367057
      ],
      [
        0.16972839076797372,
        0.040229426257287315,
        0.10237705039007079,
        0.18651639202281448,
        -0.35104233859532447,
        -0.07991780408932533,
        -0.11759316357319888,
        -0.11529881301959777,
        -0.07846548740726238,
        0.3824630488494654,
        -0.2003467313611301,
        0.25386278768813236,
        -0.4095723966757097,
        -0.09282769559589261,
        0.0406882662762514,
        0.14655558283981954
      ],
      [
        0.17780664494821374,
        0.22167146768504573,
        -0.057084067344534625,
        -0.08689361260296234,
        0.2277405866828806,
        -0.04782608122040372,
        -0.31892158083448047,
        -0.2389011544596324,
        -0.23954299610099428,
        0.13301790705430788,
        0.05171748157982205,
        0.1844145375572043,
        -0.09566811535589217,
        0.03052848466972966,
        0.15639759849183418,
        -0.0773366349300596
      ],
      [
        0.11419380938935286,
        -0.1421468263815984,
        -0.060666260923693184,
        -0.06674013793640282,
        -0.28571329502866777,
        0.12174312019639545,
        -0.11735058505068097,
        0.047544178723159664,
        0.1105067401258858,
        0.1203605150483528,
        0.18245732480537727,
        -0.01282817208709366,
        -0.09467953178279705,
        -0.029035990826048668,
        -0.42183360848950746,
        -0.3617781181057718
      ],
      [
        -0.3306749030886006,
        -0.22597704801530602,
        0.13004075739843393,
        -0.19767542827683582,
        -0.08129402214125535,
        0.32480707444651635,
        -0.08906599276535648,
        0.22879954115800935,
        -0.2430843446030607,
        -0.04263166842604067,
        -0.2213944661654646,
        -0.07296506993487842,
        0.2212220805925903,
        -0.4409365438975361,
        0.10860591088646433,
        0.05943390058306947
      ],
      [
        -0.1485374889241986,
        -0.3381798047120491,
        0.04812957764604216,
        -0.10367884170277118,
        0.07141566920726802,
        0.00546303638086072,
        0.40044472283022886,
        -0.015418257827018255,
        -0.2655542977560577,
        0.05354662977994587,
        0.07111021855512202,
        0.3515900928503714,
        0.21992285770688605,
        0.08011132668792843,
        0.36582572280489045,
        -0.2971907635807127
      ],
      [
        -0.15993788318743693,
        -0.2083093264663168,
        -0.06735525007136724,
        -0.31547720132589796,
        0.17203435307219322,
        -0.055555674274693344,
        -0.36770157362566447,
        -0.20947412126064768,
        0.06869853726195738,
        0.21825936301446217,
        0.515293770485127,
        0.7402588155420946,
        0.11474740454724049,
        -0.25649096810741495,
        -0.5330115701828273,
        0.06692786558595895
      ],
      [
        -0.2032352738275815,
        -0.08050465615985686,
        -0.12292699904737725,
        -0.006503386040916932,
        0.27974167406550304,
        0.039262141861336156,
        -0.039658709259672076,
        -0.21449278916521525,
        -0.4283506607766807,
        -0.11284925622746594,
        0.0026654098576006126,
        0.453775677435233,
        0.043713676596462865,
        0.23657843965631548,
        -0.12482389963478802,
        -0.29623594160425615
      ],
      [
        -0.24127919055809297,
        -0.1579718572488739,
        0.5622146338263654,
        -0.17665233424291715,
        0.22286891730267838,
        -0.2257317945217566,
        0.23289325321856102,
        0.14065839056770352,
        -0.048839399015114054,
        -0.0014629104929916978,
        -0.1475858762951669,
        0.12331124941078234,
        -0.10260082385695361,
        -0.315507879041261,
        -0.3194843935799048,
        0.04314697943052987
      ],
      [
        0.3947728141026087,
        0.06333256227842403,
        0.0004376191901041398,
        0.10015087046381517,
        0.33974705179529835,
        0.054845625340964085,
        -0.10273180770843429,
        0.3209928265562101,
        0.09750918501481193,
        0.39266671903986444,
        0.06191965686765727,
        -0.2943240588898628,
        -0.33089475358317477,
        0.40362554495836345,
        0.43091643019582426,
        -0.04487980332065016
      ],
      [
        -0.09579683028399694,
        0.3886957319456151,
        -0.24666421979329722,
        -0.19498741917577722,
        0.17407831504085325,
        -0.0986512807148974,
        -0.001280466680017824,
        0.0035599244101096558,
        0.07471371259914195,
        0.36059818636929564,
        0.03875727428761712,
        0.1727778973594767,
        -0.5013979790295144,
        -0.021286038581978396,
        -0.21080756757321778,
        -0.304703265105907
      ],
      [
        -0.2195380917321877,
        -0.06019620129013858,
        0.2590728363065782,
        -0.30290384387171176,
        0.020904489517196433,
        -0.12104235833339462,
        -0.08191827359049021,
        0.2951101053673889,
        0.12484893465039007,
        0.34307724790155236,
        -0.022515372250294388,
        -0.16219245387741352,
        -0.044819657991883484,
        0.051517759718356496,
        0.04414333961342776,
        -0.27109701805834163
      ],
      [
        0.022622445406968554,
        0.08039174141979073,
        0.6594657101010544,
        0.4979054883835968,
        -0.20006422127111287,
        -0.07184584038729402,
        -0.3658605004592508,
        -0.10325610444963383,
        0.06922132629699368,
        0.31019112626292483,
        -0.16615991187372142,
        -0.1517434109766869,
        -0.5256772112064225,
        -0.049772918235675825,
        -0.2656036029648908,
        -0.13235985684151844
      ],
      [
        -0.21921519454189706,
        -0.0002309796780747969,
        -0.409334897121583,
        -0.3380669757845684,
        0.5455583943756663,
        -0.32185564531850774,
        -0.2741963946136599,
        0.5036490311215663,
        0.7165868677095102,
        -0.284163936165469,
        -0.07595119163482687,
        0.09718208677538959,
        0.44331945732963957,
        -0.2558207077065083,
        -0.061319461485527436,
        0.194334394015436
      ],
      [
        0.10869151861665466,
        -0.07070435892246034,
