{
  "layer_sizes": [
    32,
    16,
    4
  ],
  "learning_rate": 0.3,
  "seed": 42,
  "output_activation": "softmax",
  "weights": [
    [
      [
        0.07617926993860784,
        -0.2720297121062707,
        0.16504362315938867,
        0.24983985421306248,
        -0.42584601464868704,
        -0.33035334122897936,
        0.03196010079182134,
        -0.15406541063518012,
        -0.007526888008915077,
        -0.1804276962118208,
        0.3555357807797425,
        0.1867102334719344,
        0.01650767439030401,
        0.3328538620010498,
        0.1168773355630114,
        -0.21482311572080956
      ],
      [
        0.09218769602062471,
        -0.25175433575339656,
        0.1970433995345925,
        0.0022171973686958227,
        0.015697191628456633,
        -0.17504085061438518,
        0.30563533466850756,
        -0.11363713306648507,
        -0.11040855417361972,
        -0.0552001019404832,
        0.2687635834523727,
        0.08362326570571678,
        0.1031831528989971,
        0.1587488110110123,
        0.5354119002176153,
        -0.1016037540961539
      ],
      [
        -0.12806068226788433,
        -0.20344318206196943,
        0.08717237439570759,
        0.9049870675683479,
        -0.08589782997953002,
        -0.210039119240632,
        -0.2061203039228099,
        -0.15591083794912686,
        0.16496650445631716,
        0.19913985050887487,
        -0.48026221131592833,
        0.17459252120774474,
        0.029171452285182056,
        0.46657671066201034,
        0.21785719448704746,
        0.05589888719367057
      ],
      [
        0.16972839076797372,
        0.016894767372222865,
        0.005457368424329697,
        0.78056605084776,
        -0.42169992052972793,
        -0.07991780408932533,
        -0.11759316357319888,
        -0.47827849696613756,
        -0.0896326011512142,
        0.43708661124117504,
        -0.5303425634170656,
        0.358621779088935,
        -0.4207174429039512,
        0.3281833039833134,
        0.0406882662762514,
        0.14655558283981954
      ],
      [
        0.17780664494821374,
        0.18630312325383447,
        -0.10975044385433505,
        -0.10088927305088272,
        0.27640675282906046,
        -0.052634545733803564,
        -0.31892158083448047,
        -0.3583265660501547,
        -0.23318967013324565,
        0.15712347169501523,
        0.17129272108167667,
        0.1648835881316394,
        -0.10681316158413356,
        0.09067848302822021,
        0.15639759849183418,
        -0.0773366349300596
      ],
      [
        0.11419380938935286,
        -0.17751517081280965,
        -0.1133326374334936,
        -0.0807357983843232,
        -0.23704712888248802,
        0.1169346556829956,
        -0.11735058505068097,
        -0.07188123286736268,
        0.11686006609363432,
        0.14446607968906022,
        0.3020325643072321,
        -0.03235912151265866,
        -0.10582457801103844,
        0.031114007532441895,
        -0.42183360848950746,
        -0.3617781181057718
      ],
      [
        -0.3306749030886006,
        -0.2613453924465173,
        0.07737438088863349,
        -0.21167108872475618,
        -0.03262785599507568,
        0.3199986099331165,
        -0.08906599276535648,
        0.10937412956748709,
        -0.23673101863531207,
        -0.01852610378533335,
        -0.10181922666360986,
        -0.09249601936044342,
        0.21007703436434888,
        -0.38078654553904556,
        0.10860591088646433,
        0.05943390058306947
      ],
      [
        -0.1485374889241986,
        -0.37354814914326046,
        -0.004536798863758278,
        -0.11767450215069156,
        0.12008183535344773,
        0.0006545718674608771,
        0.40044472283022886,
        -0.13484366941754064,
        -0.25920097178830903,
        0.07765219442065323,
        0.1906854580569767,
        0.3320591434248062,
        0.20877781147864463,
        0.14026132504641897,
        0.36582572280489045,
        -0.2971907635807127
      ],
      [
        -0.15993788318743693,
        -0.24367767089752806,
        -0.12002162658116765,
        -0.32947286177381835,
        0.22070051921837286,
        -0.060364138788093186,
        -0.36770157362566447,
        -0.32889953285116996,
        0.0750518632297059,
        0.24236492765516948,
        0.6348690099869821,
        0.7207278661165294,
        0.1036023583189991,
        -0.1963409697489244,
        -0.5330115701828273,
        0.06692786558595895
      ],
      [
        -0.2032352738275815,
        -0.11587300059106817,
        -0.17559337555717766,
        -0.020499046488837235,
        0.32840784021168296,
        0.034453677347936314,
        -0.039658709259672076,
        -0.33391820075573747,
        -0.42199733480893203,
        -0.0887436915867585,
        0.12224064935945529,
        0.4342447280096678,
        0.03256863036822146,
        0.29672843801480603,
        -0.12482389963478802,
        -0.29623594160425615
      ],
      [
        -0.24127919055809297,
        -0.19334020168008514,
        0.5095482573165655,
        -0.1906479946908375,
        0.2715350834488582,
        -0.23054025903515643,
        0.23289325321856102,
        0.021232978977181242,
        -0.04248607304736549,
        0.02264265414771567,
        -0.028010636793312248,
        0.10378029998521733,
        -0.113745870085195,
        -0.25535788068277043,
        -0.3194843935799048,
        0.04314697943052987
      ],
      [
        0.3947728141026087,
        0.02796421784721273,
        -0.0522287573196963,
        0.0861552100158948,
        0.38841321794147826,
        0.050037160827564243,
        -0.10273180770843429,
        0.20156741496568756,
        0.10386251098256045,
        0.41677228368057206,
        0.18149489636951188,
        -0.313855008315428,
        -0.34203979981141625,
        0.463775543316854,
        0.43091643019582426,
        -0.04487980332065016
      ],
      [
        -0.09579683028399694,
        0.35332738751440373,
        -0.29933059630309766,
        -0.20898307962369758,
        0.22274448118703288,
        -0.10345974522829725,
        -0.001280466680017824,
        -0.11586548718041267,
        0.08106703856689047,
        0.38470375101000326,
        0.1583325137894717,
        0.1532469479339118,
        -0.5125430252577556,
        0.038863959776512164,
        -0.21080756757321778,
        -0.304703265105907
      ],
      [
        -0.2195380917321877,
        -0.09556454572134986,
        0.20640645979677763,
        -0.31689950431963215,
        0.0695706556633761,
        -0.12585082284679447,
        -0.08191827359049021,
        0.17568469377686646,
        0.1312022606181387,
        0.36718281254226,
        0.09705986725156031,
        -0.18172340330297843,
        -0.05596470422012488,
        0.111667758076847,
        0.04414333961342776,
        -0.27109701805834163
      ],
      [
        0.022622445406968554,
        0.04502339698857945,
        0.6067993335912545,
        0.4839098279356764,
        -0.15139805512493326,
        -0.07665430490069387,
        -0.3658605004592508,
        -0.22268151604015618,
        0.0755746522647422,
        0.33429669090363245,
        -0.046584672371866795,
        -0.1712743604022518,
        -0.5368222574346637,
        0.010377080122814748,
        -0.2656036029648908,
        -0.13235985684151844
      ],
      [
        -0.21921519454189706,
        -0.023565638563139247,
        -0.4394320978391578,
        -0.5160600302489067,
        0.15674942589374127,
        -0.32185564531850774,
        -0.2741963946136599,
        1.3395479852940229,
        0.8943845519984357,
        -0.2928916572063354,
        -0.5372980789606557,
        0.057511021653127124,
        0.3351030947274408,
        -0.4733936199156311,
        -0.061319461485527436,
        0.13162104996785717
      ],
      [
        0.10869151861665466,
        -0.10607270335367165,
        -0.05602491692123594,
