{
  "layer_sizes": [
    32,
    16,
    4
  ],
  "learning_rate": 0.3,
  "seed": 42,
  "output_activation": "softmax",
  "weights": [
    [
      [
        0.1112119777239291,
        -0.23878258742244587,
        0.16504953006978582,
        0.30923541324680964,
        -0.4093302256081472,
        -0.3330892401450948,
        0.04306653263368737,
        -0.08653492691544046,
        0.033692628866731876,
        -0.20508208764794578,
        0.2195405982414095,
        0.21354682930360408,
        0.05621566441653527,
        0.3165997396674751,
        0.13340258739601732,
        -0.21482311572080956
      ],
      [
        0.127220403805946,
        -0.2185072110695718,
        0.19704930644498964,
        0.06161275640244292,
        0.032212980668996645,
        -0.17777674953050052,
        0.3167417665103736,
        -0.04610664934674545,
        -0.06918903729797274,
        -0.07985449337660815,
        0.1327684009140395,
        0.11045986153738656,
        0.14289114292522834,
        0.14249468867743767,
        0.5519371520506213,
        -0.1016037540961539
      ],
      [
        -0.16873993608551938,
        -0.41460255455568873,
        -0.1582404518838532,
        -0.20507520875243782,
        0.6691153005686383,
        -0.210039119240632,
        -0.2061203039228099,
        0.08404491121287022,
        0.13706040973701875,
        0.18704384033573979,
        -0.16637742682217357,
        0.056833689081511735,
        0.35310786771783315,
        0.0340610187970969,
        0.4181803357810477,
        0.05589888719367057
      ],
      [
        0.20476109855329488,
        0.038108206509900745,
        0.04971658079066744,
        0.23191629060864113,
        -0.2858603834086047,
        -0.08746216751884053,
        -0.10648673173133287,
        -0.16719374089038033,
        -0.030892644563866867,
        0.38191422205404824,
        -0.21676667439760844,
        0.2611684340942372,
        -0.38100945287772,
        -0.048931819570976795,
        0.05721351810925739,
        0.14655558283981954
      ],
      [
        0.2128393527335349,
        0.21955024793765923,
        -0.109744536943938,
        -0.04149371401713563,
        0.2929225418696005,
        -0.05537044464991893,
        -0.3078151489926144,
        -0.29079608233041504,
        -0.19197015325759878,
        0.1324690802588902,
        0.03529753854334372,
        0.19172018396330906,
        -0.06710517155790227,
        0.07442436069464545,
        0.17292285032484012,
        -0.0773366349300596
      ],
      [
        0.14922651717467403,
        -0.1442680461289849,
        -0.11332673052309655,
        -0.021340239350576135,
        -0.22053133984194823,
        0.11419875676688024,
        -0.10624415320881496,
        -0.004350749147623044,
        0.15807958296928135,
        0.11981168825293527,
        0.16603738176889893,
        -0.005522525680988906,
        -0.06611658798480714,
        0.014859885198867167,
        -0.40530835665650167,
        -0.3617781181057718
      ],
      [
        -0.2956421953032795,
        -0.2280982677626925,
        0.07738028779903054,
        -0.15227552969100916,
        -0.01611206695453565,
        0.3172627110170011,
        -0.07795956092349048,
        0.1769046132872268,
        -0.19551150175966517,
        -0.04318049522145826,
        -0.23781440920194294,
        -0.06565942352877364,
        0.24978502439058012,
        -0.39704066787262027,
        0.1251311627194703,
        0.05943390058306947
      ],
      [
        -0.11350478113887737,
        -0.34030102445943555,
        -0.004530891953361226,
        -0.05827894311694447,
        0.1365976243939877,
        -0.002081327048654487,
        0.4115511546720949,
        -0.06731318569780097,
        -0.2179814549126621,
        0.05299780298452828,
        0.05469027551864371,
        0.3588957392564761,
        0.24848580150487587,
        0.12400720271284424,
        0.38235097463789625,
        -0.2971907635807127
      ],
      [
        -0.12490517540211578,
        -0.2104305462137033,
        -0.1200157196707706,
        -0.27007730274007097,
        0.23721630825891282,
        -0.06310003770420855,
        -0.3565951417837984,
        -0.2613690491314303,
        0.1162713801053529,
        0.21771053621904451,
        0.49887382744864917,
        0.7475644619481993,
        0.14331034834523032,
        -0.21259509208249902,
        -0.5164863183498213,
        0.06692786558595895
      ],
      [
        -0.16820256604226033,
        -0.08262587590724353,
        -0.17558746864678051,
        0.038896512544909834,
        0.3449236292522228,
        0.03171777843182095,
        -0.028552277417806058,
        -0.2663877170359978,
        -0.38077781793328525,
        -0.11339808302288347,
        -0.013754533178877728,
        0.4610813238413377,
        0.07227662039445276,
        0.2804743156812313,
        -0.10829864780178203,
        -0.29623594160425615
      ],
      [
        -0.2062464827727718,
        -0.16009307699626038,
        0.5095541642269623,
        -0.1312524356570905,
        0.28805087248939826,
        -0.23327615795127177,
        0.24399968506042705,
        0.08876346269692088,
        -0.0012665561717185292,
        -0.002011737288409267,
        -0.16400581933164524,
        0.13061689581688712,
        -0.07403788005896371,
        -0.27161200301634514,
        -0.30295914174689903,
        0.04314697943052987
      ],
      [
        0.4298055218879298,
        0.061211342531037445,
        -0.05222285040929924,
        0.14555076904964184,
        0.4049290069820181,
        0.04730126191144888,
        -0.09162537586656828,
        0.26909789868542733,
        0.14508202785820748,
        0.39211789224444726,
        0.04549971383117894,
        -0.2870184124837581,
        -0.30233180978518504,
        0.4475214209832793,
        0.44744168202883006,
        -0.04487980332065016
      ],
      [
        -0.06076412249867567,
        0.38657451219822864,
        -0.2993246893927007,
        -0.14958752058995056,
        0.23926027022757285,
        -0.1061956441444126,
        0.009825965161848192,
        -0.04833500346067306,
        0.12228655544253747,
        0.36004935957387846,
        0.02233733125113878,
        0.18008354376558147,
        -0.4728350352315246,
        0.02260983744293744,
        -0.19428231574021185,
        -0.304703265105907
      ],
      [
        -0.18450538394686652,
        -0.06231742103752521,
        0.20641236670717478,
        -0.25750394528588477,
        0.08608644470391615,
        -0.1285867217629098,
        -0.0708118417486242,
        0.24321517749660618,
        0.1724217774937856,
        0.3425284211061352,
        -0.0389353152867727,
        -0.15488680747130876,
        -0.016256714193893605,
        0.0954136357432723,
        0.060668591446433745,
        -0.27109701805834163
      ],
      [
        -0.045713451733430915,
        0.07732749793795968,
        0.8795747131550757,
        0.263479970219638,
        -0.39060839910715606,
        -0.07184584038729402,
        -0.3658605004592508,
        0.05362650353088527,
        0.0510023582938579,
        0.30314691004760147,
        -0.18227095943590213,
        -0.16353661001694914,
        -0.5439702515338207,
        -0.12060516682886675,
        -0.0738322509687661,
        -0.13235985684151844
      ],
      [
        -0.1841824867565759,
        -0.0023521994254613837,
        -0.4619953667209865,
        -0.29266707719874147,
        0.6107403495623867,
        -0.329400008748023,
        -0.26308996277179386,
        0.45175410325078363,
        0.7641597105529057,
        -0.28471276296088616,
        -0.09237113467130527,
        0.10448773318149436,
        0.4718824011276293,
        -0.21192483168159235,
        -0.04479420965252145,
        0.194334394015436
      ],
      [
        0.1254462174253818,
        -0.07316966007541369,
        -0.00838003297932112,
