{
  "labels": [
    "Language & Memory",
    "Language Acquisition",
    "Language Processing",
    "research"
  ],
  "feature_extractor": {
    "max_features": 32,
    "vocabulary": {
      "language": 17,
      "acquisition": 2,
      "concept": 4,
      "psycholinguistics": 24,
      "domain": 12,
      "understanding": 28,
      "development": 10,
      "fields": 16,
      "design": 8,
      "experiments": 15,
      "vocabulary": 30,
      "open": 22,
      "contemporary": 6,
      "academic": 0,
      "language acquisition": 18,
      "concept psycholinguistics": 5,
      "domain humanities": 13,
      "understanding language": 29,
      "requires studying": 26,
      "development key": 11,
      "design experiments": 9,
      "vocabulary foundational": 31,
      "common techniques": 3,
      "contemporary applications": 7,
      "academic professional": 1,
      "processing": 23,
      "language processing": 20,
      "memory": 21,
      "language memory": 19,
      "reading": 25,
      "speed": 27,
      "english": 14
    },
    "idf": [
      1.2231435513142097,
      1.2231435513142097,
      1.916290731874155,
      1.2231435513142097,
      1.2231435513142097,
      1.2231435513142097,
      1.2231435513142097,
      1.2231435513142097,
      1.2231435513142097,
      1.2231435513142097,
      1.2231435513142097,
      1.2231435513142097,
      1.2231435513142097,
      1.2231435513142097,
      1.916290731874155,
      1.2231435513142097,
      1.0,
      1.0,
      1.916290731874155,
      1.916290731874155,
      1.916290731874155,
      1.916290731874155,
      1.0,
      1.5108256237659907,
      1.0,
      1.916290731874155,
      1.2231435513142097,
      1.916290731874155,
      1.2231435513142097,
      1.2231435513142097,
      1.2231435513142097,
      1.2231435513142097
    ]
  },
  "scope": "psycholinguistics",
  "grade": "preschool"
}