{
  "layer_sizes": [
    32,
    16,
    4
  ],
  "learning_rate": 0.3,
  "seed": 42,
  "output_activation": "softmax",
  "weights": [
    [
      [
        0.07947093957811935,
        -0.26246004805031825,
        0.1975199356150544,
        0.2521536513622652,
        -0.4379966430783805,
        -0.37481037250969235,
        0.03196010079182134,
        -0.09329268735812576,
        0.02781464487383358,
        -0.16502789817955163,
        0.27287485191818744,
        0.20972786208235053,
        0.05396152826077214,
        0.3393341175444001,
        0.11509770133930289,
        -0.21482311572080956
      ],
      [
        0.09547936566013622,
        -0.2421846716974441,
        0.22951971199025822,
        0.004530994517898563,
        0.0035465631987636114,
        -0.21949788189509808,
        0.30563533466850756,
        -0.0528644097894307,
        -0.07506702129087098,
        -0.03980030390821404,
        0.18610265459081735,
        0.10664089431613298,
        0.14063700676946525,
        0.1652290665543627,
        0.5336322659939065,
        -0.1016037540961539
      ],
      [
        -0.12476901262837281,
        -0.2059072035521638,
        0.163901992307314,
        0.2992555454446845,
        0.021275289671359988,
        -0.2593046150347448,
        -0.2061203039228099,
        0.14841615768394514,
        0.21782847705076638,
        0.18402165079014213,
        -0.11335206861969345,
        0.07332020899179335,
        0.06662530615565018,
        0.11219596498464525,
        0.21607756026333902,
        0.05589888719367057
      ],
      [
        0.17302006040748527,
        0.014430745882028494,
        0.0821869863359362,
        0.17483452872409688,
        -0.314526800878838,
        -0.12918329988343805,
        -0.11759316357319888,
        -0.1739515013330656,
        -0.03677062855676516,
        0.4219684115224422,
        -0.16343242072083064,
        0.25734946687298366,
        -0.383263589033483,
        -0.026197441694051686,
        0.0389086320525429,
        0.14655558283981954
      ],
      [
        0.1810983145877253,
        0.19587278730978694,
        -0.07727413139866923,
        -0.09857547590168003,
        0.2642561243993673,
        -0.09709157701451643,
        -0.31892158083448047,
        -0.2975538427731003,
        -0.19784813725049702,
        0.17252326972728438,
        0.08863179222012144,
        0.1879012167420555,
        -0.06935930771366547,
        0.09715873857157058,
        0.15461796426812574,
        -0.0773366349300596
      ],
      [
        0.11748547902886437,
        -0.16794550675685718,
        -0.08085632497782778,
        -0.07842200123512051,
        -0.2491977573121813,
        0.07247762440228274,
        -0.11735058505068097,
        -0.011108509590308315,
        0.15220159897638305,
        0.15986587772132935,
        0.21937163544567673,
        -0.009341492902242529,
        -0.06837072414057034,
        0.03759426307579226,
        -0.42361324271321593,
        -0.3617781181057718
      ],
      [
        -0.32738323344908904,
        -0.25177572839056483,
        0.10985069334429931,
        -0.2093572915755534,
        -0.04477848442476867,
        0.27554157865240353,
        -0.08906599276535648,
        0.17014685284454148,
        -0.20138948575256344,
        -0.0031263057530641764,
        -0.18448015552516514,
        -0.06947839075002722,
        0.24753088823481706,
        -0.37430628999569526,
        0.10682627666275582,
        0.05943390058306947
      ],
      [
        -0.14524581928468705,
        -0.363978485087308,
        0.027939513591907484,
        -0.11536070500148887,
        0.10793120692375474,
        -0.043802459413252004,
        0.40044472283022886,
        -0.07407094614048626,
        -0.22385943890556048,
        0.09305199245292241,
        0.10802452919542142,
        0.35507677203522264,
        0.24623166534911284,
        0.14674158058976944,
        0.364046088581182,
        -0.2971907635807127
      ],
      [
        -0.1798831341316026,
        -0.24986832459180444,
        -0.2060908163922172,
        -0.45727058883470867,
        0.6563820764990779,
        -0.055555674274693344,
        -0.36770157362566447,
        -0.4079723933054248,
        0.08121347536152226,
        -0.00752069197811315,
        1.0913354641875994,
        0.9691361937269158,
        0.336915082561832,
        -0.24738453000796604,
        -0.5226031350359894,
        0.06692786558595895
      ],
      [
        -0.12755743694498736,
        -0.10383931504492133,
        -0.18095224005843386,
        -0.13894776203311202,
        0.00803135165464097,
        0.5939658907937285,
        -0.0723590763665441,
        -0.029504184891261935,
        -0.5540667188096046,
        -0.14988591058132442,
        -0.21572382568905007,
        0.3945681216856363,
        -0.03674324003990464,
        0.018033631683791226,
        0.044228351083726865,
        -0.29623594160425615
      ],
      [
        -0.22871507625715462,
        -0.18332101515782384,
        0.5365736639983177,
        -0.20497312775836532,
        0.21658685157275456,
        -0.1936427085362121,
        0.22862715119096177,
        0.11453093318271056,
        -0.030648978016998625,
        0.025549880942390496,
        -0.1467345064945983,
        0.11782465746618472,
        -0.09216734270703912,
        -0.2890714183023539,
        -0.2988847418061494,
        0.04314697943052987
      ],
      [
        0.47045065098520294,
        0.03999790339335956,
        -0.05758762182095249,
        -0.03229350552838005,
        0.06803672938443633,
        0.6095493742733564,
        -0.1354321748153063,
        0.5059814308301632,
        -0.028206873018111735,
        0.3556300646860062,
        -0.15646957867899347,
        -0.3535316146394595,
        -0.4113516702195423,
        0.18508073698583927,
        0.5999686809143386,
        -0.04487980332065016
      ],
      [
        -0.09579683028399694,
        0.36814394906560816,
        -0.47693925153794614,
        -0.2236817547389566,
        0.11000077798501967,
        -0.26527429164609023,
        -0.001280466680017824,
        -0.26486660001168594,
        0.08439363719973339,
        0.8909882570393046,
        -0.09916512890796945,
        0.10709336583848318,
        -0.5125430252577556,
        0.3952254621757713,
        -0.21267054790314935,
        -0.304703265105907
      ],
      [
        -0.2195380917321877,
        -0.08074798417014538,
        0.0287978045619291,
        -0.331598179434891,
        -0.04317304753863695,
        -0.2876653692645874,
        -0.08191827359049021,
        0.026683580945593255,
        0.13452885925098151,
        0.8734673185715615,
        -0.16043777544588098,
        -0.2278769853984071,
        -0.05596470422012488,
        0.4680292604761061,
        0.04228035928349619,
        -0.27109701805834163
      ],
      [
        0.029205784685991616,
        0.05212903955433754,
        0.6491827827103603,
        0.503236097349341,
        -0.11378652946954745,
        -0.17037683197551945,
        -0.3658605004592508,
        -0.17614083203533204,
        0.14293111939739675,
        0.39792957264974516,
        -0.07622024303094177,
        -0.13297685356672234,
        -0.46191454969372747,
        0.07438115146855713,
        -0.26916287141230766,
        -0.13235985684151844
      ],
      [
        -0.17864179732394345,
        -0.023565638563139247,
        -0.0685301251045647,
        -0.14704895831696999,
        0.3973964803033028,
        -0.46396831104606046,
        -0.2741963946136599,
        0.748122921658273,
        0.9240621029255375,
        -0.3126913304098364,
        -0.2301057441141136,
        -0.005634829391914899,
        0.43357648535570303,
        -0.29363063912473736,
        -0.08101747992541815,
        0.194334394015436
      ],
      [
        0.1492649158346083,
        -0.09403901780752481,
        0.3374462316055825,
