{
  "layer_sizes": [
    32,
    16,
    4
  ],
  "learning_rate": 0.3,
  "seed": 42,
  "output_activation": "softmax",
  "weights": [
    [
      [
        0.07617926993860784,
        -0.2599960265601239,
        0.20553375792093667,
        0.2240681216384897,
        -0.439063794868551,
        -0.31112418683787196,
        0.03196010079182134,
        -0.09714748553430963,
        -0.004200289376072199,
        -0.23610994023846119,
        0.23817207716296773,
        0.23138378309588095,
        0.037721161204119856,
        0.323586428810143,
        0.13684876217767286,
        -0.21482311572080956
      ],
      [
        0.09218769602062471,
        -0.23972065020724972,
        0.2375335342961405,
        -0.023554535205876997,
        0.0024794114085927876,
        -0.15581169622327806,
        0.30563533466850756,
        -0.056719207965614596,
        -0.1070819555407768,
        -0.11088234596712364,
        0.15139987983559777,
        0.12829681532966353,
        0.12439663971281295,
        0.14948137782010573,
        0.5553833268322766,
        -0.1016037540961539
      ],
      [
        -0.12806068226788433,
        -0.20344318206196943,
        0.17191581461319627,
        0.27117001572090926,
        0.02020813788118916,
        -0.19561842936292473,
        -0.2061203039228099,
        0.1445613595077612,
        0.18581354280086057,
        0.11293960873123256,
        -0.14805484337491298,
        0.0949761300053238,
        0.0503849390989979,
        0.09644827625038815,
        0.23782862110170894,
        0.05589888719367057
      ],
      [
        0.16972839076797372,
        0.016894767372222865,
        0.1395107134573042,
        0.1578220564596351,
        -0.44437878014739174,
        -0.06523657901935277,
        -0.11759316357319888,
        -0.01791965480792184,
        -0.09630193975230467,
        0.6798346044133301,
        -0.22911357843251864,
        0.1702434360518493,
        -0.4207174429039512,
        -0.1761603799690657,
        0.08513571337313632,
        0.14655558283981954
      ],
      [
        0.17780664494821374,
        0.1983368087999813,
        -0.06926030909278705,
        -0.12666100562545557,
        0.2631889726091965,
        -0.03340539134269631,
        -0.31892158083448047,
        -0.30140864094928427,
        -0.22986307150040283,
        0.10144122766837482,
        0.05392901746490179,
        0.20955713775558593,
        -0.08559967477031771,
        0.08141104983731345,
        0.17636902510649566,
        -0.0773366349300596
      ],
      [
        0.11419380938935286,
        -0.16548148526666281,
        -0.0728425026719456,
        -0.10650753095889606,
        -0.25026490910235183,
        0.1361638100741028,
        -0.11735058505068097,
        -0.014963307766492209,
        0.12018666472647724,
        0.08878383566241978,
        0.18466886069045715,
        0.012314428111288002,
        -0.08461109119722258,
        0.02184657434153519,
        -0.4018621818748459,
        -0.3617781181057718
      ],
      [
        -0.3306749030886006,
        -0.24931170690037044,
        0.1178645156501815,
        -0.23744282129932898,
        -0.04584563621493948,
        0.3392277643242239,
        -0.08906599276535648,
        0.16629205466835756,
        -0.23340442000246925,
        -0.07420834781197369,
        -0.2191829302803847,
        -0.047822469736496724,
        0.23129052117816473,
        -0.3900539787299524,
        0.12857733750112582,
        0.05943390058306947
      ],
      [
        -0.1485374889241986,
        -0.36151446359711364,
        0.03595333589778972,
        -0.14344623472526438,
        0.10686405513358388,
        0.019883726258568112,
        0.40044472283022886,
        -0.07792574431667015,
        -0.25587437315546624,
        0.02196995039401287,
        0.07332175444020178,
        0.3767326930487531,
        0.22999129829246048,
        0.13099389185551227,
        0.385797149419552,
        -0.2971907635807127
      ],
      [
        -0.15993788318743693,
        -0.23164398535138123,
        -0.07402992911781878,
        -0.3532244869270481,
        0.1881505435183204,
        -0.041850497309486985,
        -0.36770157362566447,
        -0.2501826895857561,
        0.07478866511512072,
        0.23078494655931303,
        0.5125115551827136,
        0.7492925860855448,
        0.12094577380855713,
        -0.22528945095930417,
        -0.5108849898500556,
        0.06692786558595895
      ],
      [
        -0.2032352738275815,
        -0.10383931504492133,
        -0.027577486979695528,
        -0.11270912381929273,
        0.6073600737612663,
        0.14020697100528792,
        -0.039658709259672076,
        -0.38552130034535137,
        -0.41867073617608924,
        -0.28151968568379615,
        0.11481244642624332,
        0.7005330730654781,
        0.1810630380649324,
        0.538117767232709,
        0.014976086667842062,
        -0.29623594160425615
      ],
      [
        -0.24127919055809297,
        -0.1813065161339383,
        0.19078473610198413,
        -0.20534666980609653,
        0.3052112238103428,
        -0.28141991786160503,
        0.23289325321856102,
        -0.018952675888888593,
        -0.0391594744145226,
        0.07694783933930803,
        -0.5306321176959773,
        0.14592344268054303,
        -0.17271710516680358,
        0.42101209894519465,
        -0.026284663705964176,
        0.04314697943052987
      ],
      [
        0.3947728141026087,
        0.03999790339335956,
        -0.3709922785342778,
        0.07145653490063572,
        0.42208935830296285,
        -0.0008424979988843704,
        -0.10273180770843429,
        0.16138176009961788,
        0.10718910961540337,
        0.4710774688721646,
        -0.32112658453315296,
        -0.2717118656201021,
        -0.40101103489302475,
        1.140145522944819,
        0.7241161600697653,
        -0.04487980332065016
      ],
      [
        -0.09579683028399694,
        0.36536107306055055,
        -0.24456793540156316,
        -0.23273470477692743,
        0.17974595717287029,
        -0.08303078567898078,
        -0.001280466680017824,
        -0.018649388440044042,
        0.07721404370487722,
        0.41305759513091894,
        0.034323978684768996,
        0.17244120138115673,
        -0.4951996097681979,
        -0.0021441636550424336,
        -0.18288235679810547,
        -0.304703265105907
      ],
      [
        -0.2195380917321877,
        -0.08353086017520302,
        0.38024507910482164,
        -0.331598179434891,
        -0.17254423351421472,
        -0.08800960192595635,
        -0.08191827359049021,
        0.5697390226452066,
        0.0726170111233056,
        1.0230728992213314,
        -0.06710196870819277,
        -0.3355944962587228,
        -0.05596470422012488,
        -0.14736382774559398,
        0.14415009558141884,
        -0.27109701805834163
      ],
      [
        0.022622445406968554,
        0.057057082534726286,
        0.6965993731682882,
        0.46921115282041753,
        -0.2934006628231801,
        -0.05716461531732147,
        -0.3658605004592508,
        -0.005876946237957996,
        0.05138487395195139,
        0.6075626818267894,
        -0.19492675894510997,
        -0.23536276261297004,
        -0.5368222574346637,
        -0.13310560260884888,
        -0.22115615586800583,
        -0.13235985684151844
      ],
      [
        -0.21921519454189706,
        -0.023565638563139247,
        -0.42151113886983543,
        -0.3778343688070613,
        0.5810067803019823,
        -0.3074349554408002,
        -0.2741963946136599,
        0.4411415446319144,
        0.7262667923101017,
        -0.3157406155514018,
        -0.07373965574974715,
        0.12232468697377126,
        0.45338789791521383,
        -0.20493814253892437,
        -0.041348034870865996,
        0.194334394015436
      ],
      [
        0.10869151861665466,
        -0.09403901780752481,
        -0.015534782159687927,
