{
  "labels": [
    "Highway Engineering",
    "Railway Engineering",
    "Traffic Engineering",
    "research"
  ],
  "feature_extractor": {
    "max_features": 32,
    "vocabulary": {
      "highway": 10,
      "engineering": 9,
      "core": 6,
      "transportation": 29,
      "civil": 0,
      "requires": 23,
      "relationships": 21,
      "researchers": 25,
      "phenomena": 15,
      "design": 8,
      "vocabulary": 30,
      "models": 12,
      "questions": 17,
      "contemporary": 4,
      "highway engineering": 11,
      "core concept": 7,
      "concept transportation": 2,
      "requires studying": 24,
      "relationships neighboring": 22,
      "researchers practitioners": 26,
      "phenomena design": 16,
      "vocabulary foundational": 31,
      "common techniques": 1,
      "questions contemporary": 18,
      "contemporary applications": 5,
      "traffic": 27,
      "traffic engineering": 28,
      "railway": 19,
      "railway engineering": 20,
      "pavement": 13,
      "condition": 3,
      "pavement condition": 14
    },
    "idf": [
      1.2231435513142097,
      1.2231435513142097,
      1.2231435513142097,
      1.916290731874155,
      1.2231435513142097,
      1.2231435513142097,
      1.2231435513142097,
      1.2231435513142097,
      1.0,
      1.2231435513142097,
      1.916290731874155,
      1.916290731874155,
      1.0,
      1.916290731874155,
      1.916290731874155,
      1.2231435513142097,
      1.2231435513142097,
      1.2231435513142097,
      1.2231435513142097,
      1.916290731874155,
      1.916290731874155,
      1.2231435513142097,
      1.2231435513142097,
      1.2231435513142097,
      1.2231435513142097,
      1.2231435513142097,
      1.2231435513142097,
      1.916290731874155,
      1.916290731874155,
      1.0,
      1.2231435513142097,
      1.2231435513142097
    ]
  },
  "scope": "transportation_engineering",
  "grade": "preschool"
}