{
  "layer_sizes": [
    32,
    16,
    4
  ],
  "learning_rate": 0.3,
  "seed": 42,
  "output_activation": "softmax",
  "weights": [
    [
      [
        0.07003512003867228,
        -0.2599960265601239,
        0.14887437805385406,
        0.1496673438794718,
        -0.5972533739471151,
        -0.3255448767155795,
        0.006108750674198868,
        0.16772207201576197,
        -0.004200289376072199,
        -0.2379316482050246,
        0.1710684223130459,
        0.25610156714752974,
        -0.002456248234159586,
        0.2818103017420082,
        0.1168773355630114,
        -0.21482311572080956
      ],
      [
        0.12253756891571038,
        -0.24408503349267993,
        0.265269780870701,
        0.04697828369175923,
        -0.02311315773313805,
        -0.18102495526381077,
        0.3317239262182531,
        0.013398366149012346,
        -0.09205859026150331,
        -0.07824486784151084,
        0.1606994441410994,
        0.09294422405026587,
        0.09988443238840654,
        0.10770525075197068,
        0.5338833739150504,
        -0.1016037540961539
      ],
      [
        -0.08963118718894067,
        -0.2087814493330069,
        0.21808224959506423,
        0.37315651088852025,
        0.02306705105503976,
        -0.22323998061425457,
        -0.16871001743509043,
        0.17378318580653127,
        0.20418927516124177,
        0.1530103208338059,
        -0.12221279959613195,
        0.04685926017940033,
        0.029171452285182056,
        0.05467214918225324,
        0.21598758739705107,
        0.05589888719367057
      ],
      [
        0.20815788584691738,
        0.011556500101185379,
        0.13636724362368632,
        0.24873549416793236,
        -0.31273503949515813,
        -0.09311866546294788,
        -0.08018287708547953,
        -0.1485844732104795,
        -0.0504098304462897,
        0.3909570815661061,
        -0.1722931516972692,
        0.23088851806059058,
        -0.4207174429039512,
        -0.08372125749644371,
        0.038818659186255,
        0.14655558283981954
      ],
      [
        0.2162361400271574,
        0.19299854152894383,
        -0.023093874110919135,
        -0.024674510457844537,
        0.26604788578304706,
        -0.061026942594026266,
        -0.2815112943467609,
        -0.27218681465051403,
        -0.21148733914002163,
        0.14151193977094817,
        0.07977106124368294,
        0.16144026792966243,
        -0.10681316158413356,
        0.03963492276917856,
        0.1545279914018378,
        -0.0773366349300596
      ],
      [
        0.1080496594894173,
        -0.16548148526666281,
        -0.12950188253902822,
        -0.18090830871791394,
        -0.40845448818091623,
        0.12174312019639545,
        -0.14320193516830343,
        0.24990624978357937,
        0.12018666472647724,
        0.0869621276958564,
        0.11756520584053533,
        0.037032212162936805,
        -0.12478850063550204,
        -0.019929552726599763,
        -0.42183360848950746,
        -0.3617781181057718
      ],
      [
        -0.33681905298853626,
        -0.24931170690037044,
        0.061205135783098864,
        -0.3118435990583468,
        -0.20403521529350382,
        0.32480707444651635,
        -0.11491734288297897,
        0.4311616122184292,
        -0.23340442000246925,
        -0.07603005577853714,
        -0.28628658513030647,
        -0.023104685684847935,
        0.19111311173988527,
        -0.43183010579808717,
        0.10860591088646433,
        0.05943390058306947
      ],
      [
        -0.16745888566131176,
        -0.36151446359711364,
        -0.2703168432226828,
        0.23770997055019977,
        0.02535454944507066,
        0.00546303638086072,
        0.35152075296185215,
        -0.4353872279231907,
        -0.3096421428101003,
        0.3884752370138121,
        0.024556780286604657,
        0.7541616854758618,
        0.20877781147864463,
        0.08921776478737733,
        0.36582572280489045,
        -0.2971907635807127
      ],
      [
        -0.1788592799245501,
        -0.23164398535138123,
        -0.38580167094009216,
        0.025911610927073177,
        0.12597323330999582,
        -0.055555674274693344,
        -0.4166255434940412,
        -0.6294430913568202,
        0.02461069220791474,
        0.5531879702483283,
        0.46874033221661005,
        1.1428304081675844,
        0.1036023583189991,
        -0.24738453000796604,
        -0.5330115701828273,
        0.06692786558595895
      ],
      [
        -0.21347552366080744,
        -0.10383931504492133,
        -0.21758823459455248,
        -0.17765411363464906,
        0.08400409639081705,
        0.039262141861336156,
        -0.08274429278904287,
        0.1523910952963096,
        -0.41867073617608924,
        -0.1626947544543821,
        -0.09474742337568211,
        0.5447384505454584,
        0.0009620926607821299,
        0.2456848777557644,
        -0.12482389963478802,
        -0.29623594160425615
      ],
      [
        -0.2109293176630072,
        -0.1856708994193685,
        0.5777746386526736,
        -0.1458869083677741,
        0.2327247340872633,
        -0.23652436368458202,
        0.25898184476830655,
        0.14826847819267863,
        -0.024136109135249082,
        -0.0004021117533119919,
        -0.13607477610458538,
        0.11310125832976642,
        -0.11704459059578556,
        -0.30640144094181204,
        -0.3210129198824699,
        0.04314697943052987
      ],
      [
        0.42512268699769423,
        0.03563352010792935,
        0.015997624016412228,
        0.13091629633895807,
        0.3496028685798834,
        0.044053056178138636,
        -0.07664321615868898,
        0.3286029141811849,
        0.12221247489467686,
        0.39372751777954434,
        0.07343075705823876,
        -0.30453404997087874,
        -0.3453385203220068,
        0.4127319830578124,
        0.42938790389325926,
        -0.04487980332065016
      ],
      [
        -0.06544695738891126,
        0.36099668977512034,
        -0.231104214966989,
        -0.16422199330063417,
        0.18393413182543816,
        -0.10944384987772285,
        0.02480812486972751,
        0.01117001203508475,
        0.09941700247900688,
        0.36165898510897554,
        0.05026837447819867,
        0.16256790627846088,
        -0.5158417457683463,
        -0.012179600482529487,
        -0.21233609387578262,
        -0.304703265105907
      ],
      [
        -0.22773029159876845,
        -0.08353086017520302,
        0.1773244077253229,
        -0.44556329305933323,
        -0.13833489589627074,
        -0.12104235833339462,
        -0.11638674041398692,
        0.579733083128361,
        0.13452885925098151,
        0.3014553051118464,
        -0.10366784834935672,
        -0.09178087519728549,
        -0.08124993438607635,
        0.0606241978178054,
        0.04414333961342776,
        -0.27109701805834163
      ],
      [
        0.003701048669855383,
        0.057057082534726286,
        0.34101928923232994,
        0.839294300636568,
        -0.24612534103331027,
        -0.07184584038729402,
        -0.4147844703276275,
        -0.523225074545806,
        0.02513348124295104,
        0.6451197334967912,
        -0.21271335014223874,
        0.2508281816488036,
        -0.5368222574346637,
        -0.04066648013622692,
        -0.2656036029648908,
        -0.13235985684151844
      ],
      [
        -0.19100283651611522,
        -0.027930021848569457,
        -0.4072517690041563,
        -0.3370374119393435,
        0.5173216695076359,
        -0.3326482144813332,
        -0.25710134100942933,
        0.5971134260625304,
        0.7412901575893749,
        -0.29168592217804545,
        -0.08141074925076473,
        0.10842102730820899,
        0.4222782495696264,
        -0.24671426960705936,
        -0.0628479877880923,
        0.194334394015436
      ],
      [
        0.028558469142389038,
        -0.12749272676839038,
        -0.2359434027138081,
