{
  "labels": [
    "Behavioral Medicine",
    "Pain Psychology",
    "Psychoneuroimmunology",
    "research"
  ],
  "feature_extractor": {
    "max_features": 32,
    "vocabulary": {
      "behavioral": 7,
      "medicine": 14,
      "health": 11,
      "psychology": 19,
      "domain": 10,
      "social": 25,
      "requires": 21,
      "studying": 30,
      "historical": 12,
      "analysis": 1,
      "researchers": 22,
      "apply": 2,
      "solve": 28,
      "models": 15,
      "awareness": 3,
      "settings": 24,
      "behavioral medicine": 8,
      "social sciences": 27,
      "studying definitions": 31,
      "researchers practitioners": 23,
      "solve practical": 29,
      "awareness open": 4,
      "psychoneuroimmunology": 20,
      "pain": 16,
      "pain psychology": 17,
      "large": 13,
      "balanced": 5,
      "dataset": 9,
      "persian": 18,
      "000": 0,
      "based": 6,
      "social media": 26
    },
    "idf": [
      1.916290731874155,
      1.0,
      1.2231435513142097,
      1.2231435513142097,
      1.2231435513142097,
      1.916290731874155,
      1.916290731874155,
      1.916290731874155,
      1.916290731874155,
      1.916290731874155,
      1.0,
      1.0,
      1.0,
      1.916290731874155,
      1.916290731874155,
      1.0,
      1.916290731874155,
      1.916290731874155,
      1.916290731874155,
      1.2231435513142097,
      1.916290731874155,
      1.2231435513142097,
      1.2231435513142097,
      1.2231435513142097,
      1.2231435513142097,
      1.0,
      1.916290731874155,
      1.2231435513142097,
      1.2231435513142097,
      1.2231435513142097,
      1.2231435513142097,
      1.2231435513142097
    ]
  },
  "scope": "health_psychology",
  "grade": "preschool"
}