{
  "layer_sizes": [
    32,
    16,
    4
  ],
  "learning_rate": 0.3,
  "seed": 42,
  "output_activation": "softmax",
  "weights": [
    [
      [
        0.0966316293164056,
        -0.22773969213514822,
        0.20430438947741472,
        0.3931936520136852,
        -0.3863582128320379,
        -0.3255448767155795,
        0.02352119665635385,
        -0.08346580377793267,
        0.06441538670546039,
        -0.3002260970191914,
        0.29008937052198464,
        0.15952361086999325,
        0.01650767439030401,
        0.4951459677904464,
        0.10211913048062796,
        -0.21482311572080956
      ],
      [
        0.1024138757095236,
        -0.22359248299476184,
        0.22795837058971818,
        0.06654475871137769,
        0.0044847012793953695,
        -0.17023238610098534,
        0.30141588260077384,
        -0.040834948363219103,
        -0.07277411750001056,
        -0.13151594518495557,
        0.168197234791476,
        0.07389882959739767,
        0.1031831528989971,
        0.2143730837761898,
        0.5280327976764236,
        -0.1016037540961539
      ],
      [
        -0.11783450257898548,
        -0.18731501484948154,
        0.16234065090677396,
        0.3612693096381639,
        0.02221342775199176,
        -0.210039119240632,
        -0.21033975599054364,
        0.1604456191101567,
        0.22012138084162683,
        0.09230600951340057,
        -0.13125748841903476,
        0.04057814427305803,
        0.029171452285182056,
        0.1613399822064724,
        0.21047809194585573,
        0.05589888719367057
      ],
      [
        0.17995457045687255,
        0.03302293458471076,
        0.08062564493539624,
        0.23684829291757595,
        -0.3135886627982059,
        -0.07991780408932533,
        -0.12181261564093263,
        -0.16192203990685405,
        -0.034477724765904626,
        0.3302527702457009,
        -0.181337840520172,
        0.2246074021542483,
        -0.4207174429039512,
        0.022946575527775438,
        0.033309163735059676,
        0.14655558283981954
      ],
      [
        0.18803282463711257,
        0.2144649760124692,
        -0.07883547279920919,
        -0.03656171170820089,
        0.26519426247999917,
        -0.04782608122040372,
        -0.3231410329022142,
        -0.2855243813468886,
        -0.19555523345963657,
        0.08080762845054285,
        0.0707263724207802,
        0.15515915202332015,
        -0.10681316158413356,
        0.14630275579339772,
        0.14901849595064245,
        -0.0773366349300596
      ],
      [
        0.020661473086056953,
        -0.23157093115216343,
        -0.6070108699105496,
        0.7564608535130184,
        -0.6344188120053613,
        0.12174312019639545,
        -0.11735058505068097,
        -0.3938841340967706,
        0.12576732468977447,
        0.02512601865889925,
        0.09751430804590908,
        0.07619814032385198,
        -0.10582457801103844,
        0.6404297348665619,
        -0.42183360848950746,
        -0.3617781181057718
      ],
      [
        -0.32044872339970165,
        -0.23318353968788255,
        0.10828935194375935,
        -0.14734352738207435,
        -0.0438403463441369,
        0.32480707444651635,
        -0.09328544483309023,
        0.18217631427075306,
        -0.19909658196170302,
        -0.09484194702980567,
        -0.2023855753245065,
        -0.10222045546876253,
        0.21007703436434888,
        -0.32516227277386783,
        0.1012268083452726,
        0.05943390058306947
      ],
      [
        -0.13831130923529977,
        -0.34538629638462565,
        0.02637817219136752,
        -0.05334694080800971,
        0.10886934500438654,
        0.00546303638086072,
        0.39622527076249514,
        -0.06204148471427458,
        -0.22156653511469995,
        0.001336351176180877,
        0.09011910939608017,
        0.32233470731648717,
        0.20877781147864463,
        0.19588559781159648,
        0.3584466202636987,
        -0.2971907635807127
      ],
      [
        -0.15993788318743693,
        -0.23164398535138123,
        -0.12705752330213346,
        -0.3888408358617037,
        0.010131593539692747,
        -0.055555674274693344,
        -0.36770157362566447,
        -0.23943720807397542,
        0.023415635590834604,
        0.5201296835009755,
        0.36257158574709075,
        0.8968169747542344,
        0.1036023583189991,
        -0.3435175362062175,
        -0.5330115701828273,
        0.06692786558595895
      ],
      [
        -0.279503120453352,
        -0.15502750210423835,
        -0.23754486939865577,
        -0.33011495903613775,
        0.8950429546811263,
        0.039262141861336156,
        -0.043878161327405824,
        -0.27335862376462866,
        -0.4291032554727425,
        -0.2055745881073443,
        0.33028789349019383,
        0.42327739705471235,
        0.03256863036822146,
        0.47242720736828225,
        -0.12769353226330402,
        -0.29623594160425615
      ],
      [
        -0.3767887967782233,
        -0.28677059322939863,
        0.38662417044794495,
        -0.7912013820271289,
        1.1149322364356171,
        -0.2257317945217566,
        0.23289325321856102,
        0.07705733079906538,
        -0.10925388975466482,
        -0.07366529156945681,
        0.3198059053580548,
        0.10957081541780786,
        -0.113745870085195,
        -0.11828153898967982,
        -0.31241943755733415,
        0.04314697943052987
      ],
      [
        0.48538472715928543,
        0.14041528542813128,
        0.2707660737465655,
        -0.05471421313351747,
        0.6932958725591515,
        0.054845625340964085,
        -0.11998020043878939,
        0.4762523986649584,
        0.23878504130894998,
        0.28374921059309155,
        0.21103436900082032,
        -0.4125409252661861,
        -0.34203979981141625,
        0.4941355887489835,
        0.40075193097059747,
        -0.04487980332065016
      ],
      [
        -0.09579683028399694,
        0.36536107306055055,
        -0.300445478521425,
        -0.25941719391705775,
        0.04190678414113444,
        -0.0986512807148974,
        -0.001280466680017824,
        -0.029294674848800162,
        0.040423376182362004,
        0.6003488985503337,
        -0.08664268301524825,
        0.29566578492113627,
        -0.5125430252577556,
        -0.08908600544113073,
        -0.21080756757321778,
        -0.304703265105907
      ],
      [
        -0.2195380917321877,
        -0.08353086017520302,
        0.18752853407053527,
        -0.394135197996568,
        -0.2004607272808673,
        -0.12104235833339462,
        -0.08191827359049021,
        0.270930043445225,
        0.05758090247058158,
        0.7691867849990182,
        -0.2298820118586733,
        0.06170624863568725,
        -0.05596470422012488,
        -0.07396201085974673,
        0.04414333961342776,
        -0.27109701805834163
      ],
      [
        0.022622445406968554,
        0.057057082534726286,
        0.6056844513729271,
        0.4334757136423164,
        -0.3322357521708316,
        -0.07184584038729402,
        -0.3658605004592508,
        -0.13611070370854356,
        0.03493098988021374,
        0.5499418384439627,
        -0.29155986917658683,
        -0.028855523415027357,
        -0.5368222574346637,
        -0.11757288509482815,
        -0.2656036029648908,
        -0.13235985684151844
      ],
      [
        -0.21085462257312762,
        -0.010379805064561782,
        -0.4356986943483384,
        -0.30681424348490066,
        0.5582476005206416,
        -0.32185564531850774,
        -0.27764607315973094,
        0.458936541513388,
        0.7485793213691475,
        -0.2960249086135165,
        -0.07760726003028934,
        0.08868295059938901,
        0.4321744111013981,
        -0.16953956480237625,
        -0.0673523613305728,
        0.194334394015436
      ],
      [
        0.40181860744776127,
        0.17858606727487517,
        0.6805861338428869,
