{
  "labels": [
    "Ballet",
    "Contemporary Dance",
    "Modern Dance",
    "research"
  ],
  "feature_extractor": {
    "max_features": 32,
    "vocabulary": {
      "ballet": 5,
      "dance": 11,
      "arts": 0,
      "broader": 6,
      "studying": 28,
      "principles": 18,
      "relationships": 25,
      "solve": 26,
      "problems": 20,
      "models": 15,
      "awareness": 3,
      "questions": 23,
      "contemporary": 9,
      "professional": 22,
      "arts broader": 1,
      "broader domain": 7,
      "arts creative": 2,
      "principles methods": 19,
      "problems extend": 21,
      "vocabulary foundational": 30,
      "awareness open": 4,
      "questions contemporary": 24,
      "modern": 16,
      "modern dance": 17,
      "contemporary dance": 10,
      "column": 8,
      "level": 13,
      "sparsity": 27,
      "element": 12,
      "workloads": 31,
      "transformer": 29,
      "level sparsity": 14
    },
    "idf": [
      1.2231435513142097,
      1.2231435513142097,
      1.2231435513142097,
      1.2231435513142097,
      1.2231435513142097,
      1.916290731874155,
      1.2231435513142097,
      1.2231435513142097,
      1.916290731874155,
      1.2231435513142097,
      1.916290731874155,
      1.0,
      1.916290731874155,
      1.916290731874155,
      1.916290731874155,
      1.0,
      1.916290731874155,
      1.916290731874155,
      1.2231435513142097,
      1.2231435513142097,
      1.2231435513142097,
      1.2231435513142097,
      1.2231435513142097,
      1.2231435513142097,
      1.2231435513142097,
      1.2231435513142097,
      1.2231435513142097,
      1.916290731874155,
      1.2231435513142097,
      1.916290731874155,
      1.2231435513142097,
      1.916290731874155
    ]
  },
  "scope": "dance",
  "grade": "preschool"
}