{
  "labels": [
    "Medical Oncology",
    "Radiation Oncology",
    "Surgical Oncology",
    "research"
  ],
  "feature_extractor": {
    "max_features": 32,
    "vocabulary": {
      "medical": 14,
      "oncology": 18,
      "concept": 3,
      "clinical": 1,
      "medicine": 16,
      "key": 13,
      "methods": 17,
      "design": 10,
      "vocabulary": 30,
      "contemporary": 5,
      "academic": 0,
      "settings": 24,
      "medical oncology": 15,
      "core concept": 8,
      "concept oncology": 4,
      "oncology clinical": 19,
      "sciences understanding": 23,
      "definitions historical": 9,
      "researchers practitioners": 22,
      "vocabulary foundational": 31,
      "common techniques": 2,
      "contemporary applications": 6,
      "radiation": 20,
      "radiation oncology": 21,
      "surgical": 25,
      "surgical oncology": 26,
      "external": 11,
      "controls": 7,
      "treatment": 28,
      "switching": 27,
      "trials": 29,
      "external controls": 12
    },
    "idf": [
      1.2231435513142097,
      1.0,
      1.2231435513142097,
      1.2231435513142097,
      1.2231435513142097,
      1.2231435513142097,
      1.2231435513142097,
      1.916290731874155,
      1.2231435513142097,
      1.2231435513142097,
      1.2231435513142097,
      1.916290731874155,
      1.916290731874155,
      1.0,
      1.916290731874155,
      1.916290731874155,
      1.2231435513142097,
      1.0,
      1.0,
      1.0,
      1.916290731874155,
      1.916290731874155,
      1.2231435513142097,
      1.2231435513142097,
      1.2231435513142097,
      1.916290731874155,
      1.916290731874155,
      1.916290731874155,
      1.916290731874155,
      1.916290731874155,
      1.2231435513142097,
      1.2231435513142097
    ]
  },
  "scope": "oncology",
  "grade": "preschool"
}