{
  "labels": [
    "Chronic Disease Epidemiology",
    "Infectious Disease Epidemiology",
    "Molecular Epidemiology",
    "research"
  ],
  "feature_extractor": {
    "max_features": 32,
    "vocabulary": {
      "chronic": 5,
      "disease": 10,
      "epidemiology": 12,
      "concept": 7,
      "public": 24,
      "health": 13,
      "medicine": 16,
      "broader": 3,
      "understanding": 31,
      "analysis": 1,
      "solve": 28,
      "problems": 21,
      "models": 17,
      "contemporary": 8,
      "academic": 0,
      "professional": 22,
      "settings": 27,
      "chronic disease": 6,
      "disease epidemiology": 11,
      "public health": 25,
      "broader domain": 4,
      "principles methods": 20,
      "solve practical": 29,
      "questions contemporary": 26,
      "contemporary applications": 9,
      "professional settings": 23,
      "infectious": 14,
      "infectious disease": 15,
      "molecular": 18,
      "molecular epidemiology": 19,
      "based": 2,
      "spatial": 30
    },
    "idf": [
      1.2231435513142097,
      1.0,
      1.916290731874155,
      1.2231435513142097,
      1.2231435513142097,
      1.916290731874155,
      1.916290731874155,
      1.2231435513142097,
      1.2231435513142097,
      1.2231435513142097,
      1.2231435513142097,
      1.5108256237659907,
      1.2231435513142097,
      1.0,
      1.5108256237659907,
      1.5108256237659907,
      1.2231435513142097,
      1.0,
      1.916290731874155,
      1.916290731874155,
      1.2231435513142097,
      1.2231435513142097,
      1.2231435513142097,
      1.2231435513142097,
      1.0,
      1.0,
      1.2231435513142097,
      1.2231435513142097,
      1.2231435513142097,
      1.2231435513142097,
      1.916290731874155,
      1.0
    ]
  },
  "scope": "epidemiology",
  "grade": "preschool"
}