{
  "layer_sizes": [
    32,
    16,
    4
  ],
  "learning_rate": 0.3,
  "seed": 42,
  "output_activation": "softmax",
  "weights": [
    [
      [
        0.07962650952013908,
        -0.23342737198858843,
        0.21702140046429966,
        0.2682085288820001,
        -0.405115894127419,
        -0.3829400475466134,
        0.03196010079182134,
        -0.09469793653405557,
        -0.0017180972444907042,
        -0.20074152078955473,
        0.26516147896454567,
        0.1874951849464412,
        0.01650767439030401,
        0.32679349684815495,
        0.11674916480660073,
        -0.21482311572080956
      ],
      [
        0.09563493560215595,
        -0.21315199563571421,
        0.24902117683950348,
        0.020585872037633436,
        0.03642731214972489,
        -0.22762755693201941,
        0.30563533466850756,
        -0.05426965896536054,
        -0.10459976340919531,
        -0.07551392651821709,
        0.17838928163717574,
        0.08440821718022386,
        0.1031831528989971,
        0.15268844585811733,
        0.5352837294612047,
        -0.1016037540961539
      ],
      [
        -0.12461344268635316,
        -0.17687452749043392,
        0.18340345715655926,
        0.3153104229644196,
        0.054156038622321254,
        -0.2674342900716659,
        -0.2061203039228099,
        0.1470109085080152,
        0.18829573493244206,
        0.14830802818013902,
        -0.12106544157333507,
        0.0510875318558841,
        0.029171452285182056,
        0.09965534428839988,
        0.21772902373063685,
        0.05589888719367057
      ],
      [
        0.1731756303495049,
        0.04346342194375832,
        0.10168845118518144,
        0.19088940624383183,
        -0.2816460519278765,
        -0.1373129749203594,
        -0.11759316357319888,
        -0.17535675050899555,
        -0.06630337067508944,
        0.38625478891243925,
        -0.17114579367447225,
        0.23511678973707434,
        -0.4207174429039512,
        -0.03873806239029709,
        0.040560095519840696,
        0.14655558283981954
      ],
      [
        0.18125388452974492,
        0.22490546337151682,
        -0.05777266654942402,
        -0.08252059838194517,
        0.2971368733503286,
        -0.10522125205143773,
        -0.31892158083448047,
        -0.2989590919490301,
        -0.22738087936882134,
        0.13680964711728127,
        0.08091841926647979,
        0.1656685396061462,
        -0.10681316158413356,
        0.0846181178753252,
        0.15626942773542357,
        -0.0773366349300596
      ],
      [
        0.11764104897088411,
        -0.1389128306951273,
        -0.061354860128582545,
        -0.06236712371538564,
        -0.21631700836121986,
        0.06434794936536144,
        -0.11735058505068097,
        -0.01251375876623816,
        0.12266885685805873,
        0.12415225511132633,
        0.21165826249203512,
        -0.031574170038151696,
        -0.10582457801103844,
        0.025053642379546884,
        -0.4219617792459183,
        -0.3617781181057718
      ],
      [
        -0.32378042392553824,
        -0.1961743977572995,
        0.1587607597062299,
        -0.16023506427162196,
        0.07074516756223262,
        0.21001673278444832,
        -0.08906599276535648,
        0.1531043152204516,
        -0.22844003573930627,
        -0.02632046725922692,
        -0.14688154322996844,
        -0.09866386679673231,
        0.21007703436434888,
        -0.3418637155857939,
        0.10834956937364289,
        0.05943390058306947
      ],
      [
        -0.14509024934266743,
        -0.33494580902557824,
        0.047440978441152755,
        -0.09930582748175396,
        0.14081195587471593,
        -0.0519321344501733,
        0.40044472283022886,
        -0.07547619531641608,
        -0.2533921810238848,
        0.05733836984291934,
        0.10031115624177973,
        0.3328440948993134,
        0.20877781147864463,
        0.134200959893524,
        0.3656975520484796,
        -0.2971907635807127
      ],
      [
        -0.15649064360590575,
        -0.20507533077984572,
        -0.06804384927625659,
        -0.3111041871048805,
        0.2414306397396411,
        -0.11295084510572735,
        -0.36770157362566447,
        -0.2695320587500453,
        0.08086065399413031,
        0.22205110307743556,
        0.5444947081717847,
        0.721512817591037,
        0.1036023583189991,
        -0.2024013349018194,
        -0.5331397409392379,
        0.06692786558595895
      ],
      [
        -0.19978803424605032,
        -0.07727066047338588,
        -0.12361559825226671,
        -0.0021303718198996445,
        0.349137960732951,
        -0.018133028969697873,
        -0.039658709259672076,
        -0.27455072665461283,
        -0.4161885440445078,
        -0.10905751616449241,
        0.031866347544258364,
        0.435029679484175,
        0.03256863036822146,
        0.2906680728619111,
        -0.12495207039119874,
        -0.29623594160425615
      ],
      [
        -0.2378319509765618,
        -0.1547378615624028,
        0.5615260346214765,
        -0.1722793200218998,
        0.29226520397012634,
        -0.28312696535279047,
        0.23289325321856102,
        0.08060045307830577,
        -0.03667728228294111,
        0.0023288295699817893,
        -0.11838493860850907,
        0.10456525145972441,
        -0.113745870085195,
        -0.2614182458356653,
        -0.3196125643363157,
        0.04314697943052987
      ],
      [
        0.41637588188166125,
        0.3452060423389694,
        -0.3829887501252255,
        0.2904546776876428,
        0.44326422289320166,
        -0.07829833115695084,
        -0.10273180770843429,
        -0.11097428831968004,
        0.10718910961540337,
        0.6963721287064707,
        -0.1312527060129845,
        -0.21788780385692885,
        -0.34203979981141625,
        0.802969482947775,
        0.7919457212576636,
        -0.04487980332065016
      ],
      [
        -0.07419376250494444,
        0.6705692120061604,
        -0.6300905891086267,
        -0.0046836119519495945,
        0.2775954861387565,
        -0.23179523721281242,
        -0.001280466680017824,
        -0.4284071904657804,
        0.08439363719973339,
        0.664303596035902,
        -0.15441508859302458,
        0.24921415239241068,
        -0.5125430252577556,
        0.37805789940743334,
        0.15022172348862195,
        -0.304703265105907
      ],
      [
        -0.20806539250649475,
        -0.06180924414494336,
        0.2488455444689704,
        -0.31782016610603836,
        0.03682827955179199,
        -0.09693291894428656,
        -0.0865332499942048,
        0.27534232222998245,
        0.12334726777980064,
        0.35684410576258496,
        -0.02938452310923457,
        -0.1727523778032955,
        -0.05596470422012488,
        0.09080025498936248,
        0.07230089634728405,
        -0.27109701805834163
      ],
      [
        0.022622445406968554,
        -0.19709722934790797,
        0.4513618036558192,
        0.09759701324918872,
        0.5013876138818829,
        -0.07184584038729402,
        -0.3658605004592508,
        -0.10356709190377085,
        0.09445658541697113,
        0.07719887497051639,
        0.4116250899951642,
        -0.19657291725448958,
        -0.5368222574346637,
        -0.16845097082933444,
        -0.38783016829647027,
        -0.13235985684151844
      ],
      [
        -0.21921519454189706,
        -0.2777199504457736,
        -0.6174388035668189,
        -0.7383754509189767,
        1.247010229528662,
        -0.32185564531850774,
        -0.2741963946136599,
        0.5033380436674293,
        0.741822126829488,
        -0.5171561874578775,
        0.5018338102340587,
        0.05235258049758702,
        0.4321744111013981,
        -0.3744987603001667,
        -0.18354602681710708,
        0.194334394015436
      ],
      [
        0.1750285596207024,
        -0.09403901780752481,
        -0.06544668081453527,
