{
  "labels": [
    "Documentary Photography",
    "Landscape Photography",
    "Portrait Photography",
    "research"
  ],
  "feature_extractor": {
    "max_features": 32,
    "vocabulary": {
      "documentary": 11,
      "photography": 20,
      "core": 7,
      "visual": 28,
      "arts": 6,
      "creative": 9,
      "methods": 18,
      "analysis": 2,
      "relationships": 25,
      "researchers": 26,
      "experiments": 13,
      "mastery": 17,
      "vocabulary": 30,
      "questions": 23,
      "applications": 4,
      "academic": 0,
      "documentary photography": 12,
      "core concept": 8,
      "visual arts": 29,
      "creative expression": 10,
      "analysis relationships": 3,
      "vocabulary foundational": 31,
      "questions contemporary": 24,
      "applications academic": 5,
      "academic professional": 1,
      "portrait": 21,
      "portrait photography": 22,
      "landscape": 14,
      "landscape photography": 15,
      "lucid": 16,
      "nighttime": 19,
      "restoration": 27
    },
    "idf": [
      1.2231435513142097,
      1.2231435513142097,
      1.2231435513142097,
      1.2231435513142097,
      1.2231435513142097,
      1.2231435513142097,
      1.2231435513142097,
      1.2231435513142097,
      1.2231435513142097,
      1.2231435513142097,
      1.2231435513142097,
      1.916290731874155,
      1.916290731874155,
      1.0,
      1.916290731874155,
      1.916290731874155,
      1.916290731874155,
      1.0,
      1.0,
      1.916290731874155,
      1.0,
      1.916290731874155,
      1.916290731874155,
      1.2231435513142097,
      1.2231435513142097,
      1.2231435513142097,
      1.2231435513142097,
      1.916290731874155,
      1.2231435513142097,
      1.2231435513142097,
      1.2231435513142097,
      1.2231435513142097
    ]
  },
  "scope": "photography",
  "grade": "preschool"
}