{
  "layer_sizes": [
    32,
    16,
    3
  ],
  "learning_rate": 0.3,
  "seed": 42,
  "output_activation": "softmax",
  "weights": [
    [
      [
        0.07617926993860784,
        -0.23107246518618987,
        0.2426935116277066,
        0.2636789329093241,
        -0.44402247055771904,
        -0.3255448767155795,
        0.03196010079182134,
        -0.09156910288239814,
        -0.004200289376072199,
        -0.2071337150231702,
        0.2240331506632114,
        0.1909051767519903,
        0.04302400127751097,
        0.33622983033421056,
        0.1168773355630114,
        -0.18261901853614598
      ],
      [
        0.09218769602062471,
        -0.2107970888333157,
        0.2746932880029106,
        0.01605627606495767,
        -0.0024792642805751323,
        -0.17023238610098534,
        0.30563533466850756,
        -0.05114082531370313,
        -0.1070819555407768,
        -0.0819061207518327,
        0.13726095333584143,
        0.08781820898577278,
        0.12969947978620414,
        0.16212477934417308,
        0.5354119002176153,
        -0.06939965691149023
      ],
      [
        -0.12806068226788433,
        -0.1745196206880354,
        0.2090755683199662,
        0.3107808269917436,
        0.015249462192021192,
        -0.210039119240632,
        -0.2061203039228099,
        0.15013974215967268,
        0.18581354280086057,
        0.14191583394652355,
        -0.16219376987466932,
        0.05449752366143317,
        0.055687779172389006,
        0.10909167777445558,
        0.21785719448704746,
        0.08810298437833419
      ],
      [
        0.16972839076797372,
        0.045818328746156926,
        0.12736056234858842,
        0.18635981027115603,
        -0.32055262835817655,
        -0.07991780408932533,
        -0.11759316357319888,
        -0.17222791685733807,
        -0.06878556280667093,
        0.3798625946788238,
        -0.21227412197580656,
        0.23852678154262344,
        -0.3942011160167442,
        -0.02930172890424136,
        0.0406882662762514,
        0.17875968002448311
      ],
      [
        0.17780664494821374,
        0.22726037017391534,
        -0.03210055538601704,
        -0.08705019435462087,
        0.25823029692002836,
        -0.04782608122040372,
        -0.31892158083448047,
        -0.29583025829737275,
        -0.22986307150040283,
        0.13041745288366577,
        0.03979009096514546,
        0.1690785314116953,
        -0.08029683469692658,
        0.09405445136138092,
        0.15639759849183418,
        -0.04513253774539595
      ],
      [
        0.11419380938935286,
        -0.13655792389272878,
        -0.03568274896517559,
        -0.06689671968806134,
        -0.25522358479151985,
        0.12174312019639545,
        -0.11735058505068097,
        -0.009384925114580733,
        0.12018666472647724,
        0.11776006087771071,
        0.1705299341907008,
        -0.028164178232602703,
        -0.07930825112383146,
        0.034489975865602596,
        -0.42183360848950746,
        -0.32957402092110816
      ],
      [
        -0.3306749030886006,
        -0.2203881455264364,
        0.15502426935695143,
        -0.19783201002849427,
        -0.05080431190410748,
        0.32480707444651635,
        -0.08906599276535648,
        0.17187043732026905,
        -0.23340442000246925,
        -0.04523212259668276,
        -0.23332185678014106,
        -0.08830107608038743,
        0.23659336125155597,
        -0.37741057720588483,
        0.10860591088646433,
        0.0916379977677331
      ],
      [
        -0.1485374889241986,
        -0.33259090222317983,
        0.0731130896045598,
        -0.10383542345442966,
        0.10190537944441598,
        0.00546303638086072,
        0.40044472283022886,
        -0.07234736166475865,
        -0.25587437315546624,
        0.050946175609303784,
        0.05918282794044544,
        0.3362540867048624,
        0.23529413836585172,
        0.14363729337957976,
        0.36582572280489045,
        -0.264986666396049
      ],
      [
        -0.15993788318743693,
        -0.2027204239774472,
        -0.04237173811284964,
        -0.3156337830775565,
        0.20252406330934095,
        -0.055555674274693344,
        -0.36770157362566447,
        -0.266403225098388,
        0.07837846186254882,
        0.21565890884382008,
        0.5033663798704505,
        0.7249228093965856,
        0.13011868520620615,
        -0.19296500141576362,
        -0.5330115701828273,
        0.09913196277062261
      ],
      [
        -0.2032352738275815,
        -0.07491575367098728,
        -0.0979434870888596,
        -0.006659967792575423,
        0.31023138430265096,
        0.039262141861336156,
        -0.039658709259672076,
        -0.2714218930029555,
        -0.41867073617608924,
        -0.11544971039810803,
        -0.009261980757075966,
        0.438439671289724,
        0.059084957255428415,
        0.30010440634796676,
        -0.12482389963478802,
        -0.26403184441959243
      ],
      [
        -0.24127919055809297,
        -0.15238295476000427,
        0.5871981457848838,
        -0.1768089159945756,
        0.2533586275398262,
        -0.2257317945217566,
        0.23289325321856102,
        0.0837292867299632,
        -0.0391594744145226,
        -0.004063364663633774,
        -0.15951326690984335,
        0.10797524326527333,
        -0.08722954319798802,
        -0.2519819123496097,
        -0.3194843935799048,
        0.07535107661519348
      ],
      [
        0.3947728141026087,
        0.06892146476729362,
        0.025421131148621726,
        0.09999428871215664,
        0.37023676203244626,
        0.054845625340964085,
        -0.10273180770843429,
        0.2640637227184696,
        0.10718910961540337,
        0.3900662648692228,
        0.04999226625298068,
        -0.3096600650353718,
        -0.31552347292420924,
        0.46715151165001473,
        0.43091643019582426,
        -0.012675706135986536
      ],
      [
        -0.09579683028399694,
        0.39428463443448436,
        -0.22168070783477975,
        -0.19514400092743567,
        0.20456802527800097,
        -0.0986512807148974,
        -0.001280466680017824,
        -0.05336917942763073,
        0.08439363719973339,
        0.357997732198654,
        0.02682988367294054,
        0.1574418912139677,
        -0.48602669837054857,
        0.04223992810967288,
        -0.21080756757321778,
        -0.27249916792124335
      ],
      [
        -0.2195380917321877,
        -0.054607298801268966,
        0.2840563482650958,
        -0.3030604256233703,
        0.05139419975434432,
        -0.12104235833339462,
        -0.08191827359049021,
        0.23818100152964844,
        0.13452885925098151,
        0.3404767937309107,
        -0.03444276286497097,
        -0.17752846002292252,
        -0.029448377332917913,
        0.11504372641000775,
        0.04414333961342776,
        -0.23889292087367792
      ],
      [
        0.022622445406968554,
        0.08598064390866034,
        0.6844492220595728,
        0.4977489066319382,
        -0.16957451103396515,
        -0.07184584038729402,
        -0.3658605004592508,
        -0.1601852082873742,
        0.07890125089758512,
        0.3075906720922832,
        -0.17808730248839788,
        -0.1670794171221959,
        -0.5103059305474565,
        0.013753048455975442,
        -0.2656036029648908,
        -0.10015575965685483
      ],
      [
        -0.21921519454189706,
        0.0053579228107947866,
        -0.3843513851630654,
        -0.33822355753622696,
        0.5760481046128144,
        -0.32185564531850774,
        -0.2741963946136599,
        0.4467199272838259,
        0.7262667923101017,
        -0.2867643903361106,
        -0.08787858224950344,
        0.08184608062988058,
        0.4586907379886051,
        -0.19229474101485694,
        -0.061319461485527436,
        0.22653849120009956
      ],
      [
        0.10869151861665466,
        -0.06511545643359076,
        0.02162497154708208,
