{
  "labels": [
    "Mental Health OT",
    "Neurological OT",
    "Pediatric OT",
    "engineering"
  ],
  "feature_extractor": {
    "max_features": 32,
    "vocabulary": {
      "pediatric": 20,
      "ot": 19,
      "concept": 4,
      "occupational": 17,
      "therapy": 28,
      "health": 8,
      "broader": 1,
      "methods": 13,
      "researchers": 25,
      "practitioners": 22,
      "solve": 26,
      "vocabulary": 30,
      "models": 14,
      "common": 3,
      "contemporary": 6,
      "academic": 0,
      "pediatric ot": 21,
      "concept occupational": 5,
      "occupational therapy": 18,
      "broader domain": 2,
      "requires studying": 24,
      "practitioners apply": 23,
      "solve practical": 27,
      "vocabulary foundational": 31,
      "contemporary applications": 7,
      "neurological": 15,
      "neurological ot": 16,
      "mental": 11,
      "mental health": 12,
      "health ot": 9,
      "language": 10,
      "user": 29
    },
    "idf": [
      1.2231435513142097,
      1.2231435513142097,
      1.2231435513142097,
      1.2231435513142097,
      1.2231435513142097,
      1.2231435513142097,
      1.2231435513142097,
      1.2231435513142097,
      1.2231435513142097,
      1.916290731874155,
      1.916290731874155,
      1.916290731874155,
      1.916290731874155,
      1.0,
      1.0,
      1.916290731874155,
      1.916290731874155,
      1.0,
      1.0,
      1.2231435513142097,
      1.916290731874155,
      1.916290731874155,
      1.2231435513142097,
      1.2231435513142097,
      1.2231435513142097,
      1.2231435513142097,
      1.0,
      1.2231435513142097,
      1.0,
      1.916290731874155,
      1.2231435513142097,
      1.2231435513142097
    ]
  },
  "scope": "occupational_therapy",
  "grade": "preschool"
}