{
  "layer_sizes": [
    32,
    16,
    3
  ],
  "learning_rate": 0.3,
  "seed": 42,
  "output_activation": "softmax",
  "weights": [
    [
      [
        0.07617926993860784,
        -0.24377443641383695,
        0.21015963039019248,
        0.22532299040539885,
        -0.4657315257255764,
        -0.28548538227516757,
        0.03196010079182134,
        -0.03143035037788035,
        -0.004200289376072199,
        -0.213260981893395,
        0.2377712951746728,
        0.22804456801393627,
        0.01650767439030401,
        0.27207761510093353,
        0.1168773355630114,
        -0.21482311572080956
      ],
      [
        0.09218769602062471,
        -0.2234990600609628,
        0.2421594067653963,
        -0.022299666438967896,
        -0.024188319448432475,
        -0.13017289166057344,
        0.30563533466850756,
        0.008997927190814664,
        -0.1070819555407768,
        -0.0880333876220574,
        0.15099909784730284,
        0.12495760024771883,
        0.1031831528989971,
        0.09797256411089598,
        0.5354119002176153,
        -0.1016037540961539
      ],
      [
        -0.12806068226788433,
        -0.1872215919156825,
        0.17654168708245208,
        0.27242488448781804,
        -0.006459592975836099,
        -0.1699796248002201,
        -0.2061203039228099,
        0.21027849466419052,
        0.18581354280086057,
        0.13578856707629874,
        -0.14845562536320792,
        0.09163691492337918,
        0.029171452285182056,
        0.04493946254117852,
        0.21785719448704746,
        0.05589888719367057
      ],
      [
        0.16972839076797372,
        0.033116357518509894,
        0.09482668111107424,
        0.14800386776723048,
        -0.3422616835260339,
        -0.03985830964891331,
        -0.11759316357319888,
        -0.11208916435282026,
        -0.06878556280667093,
        0.37373532780859897,
        -0.19853597746434515,
        0.27566617280456956,
        -0.4207174429039512,
        -0.09345394413751841,
        0.0406882662762514,
        0.14655558283981954
      ],
      [
        0.17780664494821374,
        0.21455839894626824,
        -0.06463443662353117,
        -0.12540613685854643,
        0.23652124175217115,
        -0.007766586779991712,
        -0.31892158083448047,
        -0.23569150579285508,
        -0.22986307150040283,
        0.12429018601344101,
        0.053528235476607,
        0.20621792267364125,
        -0.10681316158413356,
        0.029902236128103856,
        0.15639759849183418,
        -0.0773366349300596
      ],
      [
        0.11419380938935286,
        -0.14925989512037588,
        -0.06821663020268974,
        -0.10525266219198694,
        -0.2769326399593772,
        0.16180261463680737,
        -0.11735058505068097,
        0.050753827389937056,
        0.12018666472647724,
        0.11163279400748602,
        0.18426807870216222,
        0.008975213029343341,
        -0.10582457801103844,
        -0.029662239367674464,
        -0.42183360848950746,
        -0.3617781181057718
      ],
      [
        -0.3306749030886006,
        -0.2330901167540835,
        0.12249038811943737,
        -0.2361879525324198,
        -0.07251336707196476,
        0.3648665688869283,
        -0.08906599276535648,
        0.23200918982478688,
        -0.23340442000246925,
        -0.051359389466907504,
        -0.21958371226867965,
        -0.051161684818441376,
        0.21007703436434888,
        -0.44156279243916186,
        0.10860591088646433,
        0.05943390058306947
      ],
      [
        -0.1485374889241986,
        -0.3452928734508263,
        0.040579208367045566,
        -0.14219136595835521,
        0.08019632427655865,
        0.045522530821272715,
        0.40044472283022886,
        -0.012208609160240866,
        -0.25587437315546624,
        0.04481890873907904,
        0.072920972451907,
        0.3733934779668085,
        0.20877781147864463,
        0.07948507814630264,
        0.36582572280489045,
        -0.2971907635807127
      ],
      [
        -0.15993788318743693,
        -0.2154223952050943,
        -0.07490561935036379,
        -0.35398972558148206,
        0.18081500814148377,
        -0.015496179834281353,
        -0.36770157362566447,
        -0.20626447259387015,
        0.07837846186254882,
        0.20953164197359528,
        0.5171045243819122,
        0.7620622006585313,
        0.1036023583189991,
        -0.25711721664904075,
        -0.5330115701828273,
        0.06692786558595895
      ],
      [
        -0.2032352738275815,
        -0.08761772489863427,
        -0.13047736832637385,
        -0.045015910296501,
        0.2885223291347936,
        0.07932163630174814,
        -0.039658709259672076,
        -0.2112831404984377,
        -0.41867073617608924,
        -0.12157697726833272,
        0.004476163754385585,
        0.4755790625516701,
        0.03256863036822146,
        0.23595219111468968,
        -0.12482389963478802,
        -0.29623594160425615
      ],
      [
        -0.24127919055809297,
        -0.16508492598765137,
        0.5546642645473693,
        -0.21516485849850114,
        0.23164957237196893,
        -0.1856723000813447,
        0.23289325321856102,
        0.14386803923448094,
        -0.0391594744145226,
        -0.010190631533858506,
        -0.14577512239838195,
        0.14511463452721932,
        -0.113745870085195,
        -0.3161341275828867,
        -0.3194843935799048,
        0.04314697943052987
      ],
      [
        0.3947728141026087,
        0.05621949353964662,
        -0.007112750088892454,
        0.061638346208231054,
        0.3485277068645889,
        0.09490511978137608,
        -0.10273180770843429,
        0.32420247522298745,
        0.10718910961540337,
        0.383938997998998,
        0.06373041076444226,
        -0.2725206737734257,
        -0.34203979981141625,
        0.4029992964167377,
        0.43091643019582426,
        -0.04487980332065016
      ],
      [
        -0.09579683028399694,
        0.38158266320683787,
        -0.254214589072294,
        -0.2334999434313612,
        0.1828589701101438,
        -0.0585917862744854,
        -0.001280466680017824,
        0.006769573076887056,
        0.08439363719973339,
        0.3518704653284292,
        0.04056802818440208,
        0.19458128247591366,
        -0.5125430252577556,
        -0.02191228712360419,
        -0.21080756757321778,
        -0.304703265105907
      ],
      [
        -0.2195380917321877,
        -0.06730927002891597,
        0.2515224670275814,
        -0.34141636812729587,
        0.02968514458648702,
        -0.0809828638929826,
        -0.08191827359049021,
        0.2983197540341663,
        0.13452885925098151,
        0.3343495268606859,
        -0.0207046183535094,
        -0.14038906876097657,
        -0.05596470422012488,
        0.050891511176730686,
        0.04414333961342776,
        -0.27109701805834163
      ],
      [
        0.022622445406968554,
        0.07327867268101336,
        0.6519153408220583,
        0.45939296412801267,
        -0.19128356620182232,
        -0.03178634594688203,
        -0.3658605004592508,
        -0.10004645578285642,
        0.07890125089758512,
        0.3014634052220584,
        -0.16434915797693647,
        -0.12994002586024994,
        -0.5368222574346637,
        -0.050399166777301635,
        -0.2656036029648908,
        -0.13235985684151844
      ],
      [
        -0.21921519454189706,
        -0.007344048416852196,
        -0.4168852664005798,
        -0.3765795000401525,
        0.5543390494449568,
        -0.2817961508780958,
        -0.2741963946136599,
        0.5068586797883436,
        0.7262667923101017,
        -0.2928916572063354,
        -0.07414043773804191,
        0.11898547189182664,
        0.4321744111013981,
        -0.2564469562481341,
        -0.061319461485527436,
        0.194334394015436
      ],
      [
        0.10869151861665466,
        -0.07781742766123777,
        -0.010908909690432097,
