{
  "layer_sizes": [
    32,
    16,
    4
  ],
  "learning_rate": 0.3,
  "seed": 42,
  "output_activation": "softmax",
  "weights": [
    [
      [
        0.08304265617967092,
        -0.2512268029043191,
        0.21370809203540583,
        0.29496693657844725,
        -0.4586717000116296,
        -0.33268792434978794,
        0.027817221802994955,
        -0.11484963212832125,
        -0.004200289376072199,
        -0.19148512771154907,
        0.25220906717635744,
        0.24265314599909416,
        0.045952847301023274,
        0.2818103017420082,
        0.15485903714081928,
        -0.21482311572080956
      ],
      [
        0.0990510822616878,
        -0.230951426551445,
        0.24570786841060965,
        0.04734427973408063,
        -0.017128493734485876,
        -0.17737543373519388,
        0.3014924556796812,
        -0.07442135455962624,
        -0.1070819555407768,
        -0.06625753344021147,
        0.1654368698489874,
        0.13956617823287656,
        0.13262832580971645,
        0.10770525075197068,
        0.5733936017954234,
        -0.1016037540961539
      ],
      [
        -0.12806068226788433,
        -0.19881777167549775,
        0.19554953353330798,
        0.15521534709664458,
        -0.18256969682932292,
        -0.039862995686167864,
        -0.14661022919349265,
        0.5110171353727426,
        0.1781254175418144,
        0.11585399892990467,
        -0.30316703254002647,
        -0.032028847809093826,
        -0.021586548628800783,
        0.01722530162067078,
        0.22085296130581847,
        0.05589888719367057
      ],
      [
        0.21273967404340052,
        0.08780283990000795,
        -0.3832510218222787,
        0.601356483434901,
        -0.3601338603623006,
        -0.14603771010792982,
        -0.11759316357319888,
        -0.2604840842260212,
        -0.06878556280667093,
        0.6324738899824437,
        -0.476371410535389,
        0.34178570951815446,
        -0.4207174429039512,
        -0.08372125749644371,
        0.6320218071617354,
        0.14655558283981954
      ],
      [
        0.22081792822364055,
        0.2692448813277664,
        -0.5427121395568842,
        0.3279464788091237,
        0.21864906491590455,
        -0.11394598723900817,
        -0.31892158083448047,
        -0.3840864256660558,
        -0.22986307150040283,
        0.3830287481872857,
        -0.2243071975944369,
        0.27233745938722637,
        -0.10681316158413356,
        0.03963492276917856,
        0.7477311393773183,
        -0.0773366349300596
      ],
      [
        0.11419380938935286,
        -0.1814348241516312,
        -0.24403605956038174,
        -0.1913264709139808,
        0.05280090797677792,
        0.3894554194038913,
        -0.11735058505068097,
        -0.10988052858120076,
        0.12018666472647724,
        0.08745985508777594,
        0.6818133775748276,
        -0.17285033041338235,
        -0.09427617707730085,
        -0.019929552726599763,
        -0.4227643931118243,
        -0.3617781181057718
      ],
      [
        -0.3306749030886006,
        -0.2652650457853387,
        -0.05332904123825465,
        -0.32226176125441375,
        0.25722018086419035,
        0.5925193736540121,
        -0.08906599276535648,
        0.07137483385364904,
        -0.23340442000246925,
        -0.07553232838661757,
        0.2779615866039859,
        -0.23298722826116708,
        0.22162543529808648,
        -0.43183010579808717,
        0.10767512626414764,
        0.05943390058306947
      ],
      [
        -0.1485374889241986,
        -0.36151446359711364,
        0.7903691232934711,
        -0.10510116783286737,
        -0.11546462736553124,
        -0.2408932145385876,
        0.3744822408270849,
        -0.07035166372506214,
        -0.25587437315546624,
        -0.053282380455561995,
        0.0022358020729344504,
        0.6904005386293313,
        0.38175562379801775,
        0.08921776478737733,
        0.013445666775593217,
        -0.2971907635807127
      ],
      [
        -0.15993788318743693,
        -0.23164398535138123,
        0.6748842955760617,
        -0.31689952745599415,
        -0.014845943500606164,
        -0.30191192519414173,
        -0.3936640556288084,
        -0.2644075271586915,
        0.07837846186254882,
        0.11143035277895429,
        0.44641935400293953,
        1.0790692613210546,
        0.27658017063837215,
        -0.24738453000796604,
        -0.8853916262121242,
        0.06692786558595895
      ],
      [
        -0.19762400585033638,
        -0.09425616907874762,
        -0.1100046329758419,
        -0.05257458190051064,
        0.20986885157493249,
        0.12222719328979836,
        -0.011990958564725306,
        -0.10637991381299251,
        -0.4226827188732696,
        -0.11417647423787158,
        -0.05837205692478236,
        0.43439152325807606,
        0.03015435808492317,
        0.22614355923936214,
        -0.09220805443048988,
        -0.29623594160425615
      ],
      [
        -0.24127919055809297,
        -0.17513930228530938,
        0.5875236702947036,
        -0.3747169712508674,
        0.004178524379947338,
        0.0011697035508622681,
        0.3122400195243174,
        0.5607296594152219,
        -0.04941030809325084,
        -0.0367700557290506,
        -0.34608306481448486,
        -0.008574187730511572,
        -0.18142320463717213,
        -0.35633057102392196,
        -0.31549003782154333,
        0.04314697943052987
      ],
      [
        0.40038408207985354,
        0.04797189534494456,
        -0.001096651266504763,
        0.09827189936103718,
        0.3234787719602185,
        0.07860736948976675,
        -0.0957672741678475,
        0.3079101259546532,
        0.10585178204967659,
        0.3982746241172793,
        0.04847051734779816,
        -0.2823736571712188,
        -0.3267956517344104,
        0.4062182102190116,
        0.4624900651311056,
        -0.04487980332065016
      ],
      [
        -0.08893344404293385,
        0.37413029671635534,
        -0.25066612742708066,
        -0.16385599725831268,
        0.18991879582409046,
        -0.1057943283491059,
        -0.005423345668844215,
        -0.07664970867355383,
        0.08439363719973339,
        0.373646319510275,
        0.05500580018608666,
        0.20918986046107155,
        -0.4830978523470368,
        -0.012179600482529487,
        -0.1728258659954099,
        -0.304703265105907
      ],
      [
        -0.2195380917321877,
        -0.07890544978873133,
        0.27053031347843726,
        -0.4586259055184692,
        -0.14642495926699978,
        0.04913376522106947,
        -0.022408198861173036,
        0.5990583947427183,
        0.12684073399193535,
        0.314414958714292,
        -0.17541602553032812,
        -0.2640548314934495,
        -0.10672270513410773,
        0.023177350256222938,
        0.04713910643219881,
        -0.27109701805834163
      ],
      [
        0.02948583164803162,
        0.06582630619053109,
        0.6554638024672715,
        0.5290369103010617,
        -0.18422374048787565,
        -0.07898888802150253,
        -0.37000337944807715,
        -0.18346573753329729,
        0.07890125089758512,
        0.3232392594039042,
        -0.14991138597525192,
        -0.11533144787509211,
        -0.5073770845239446,
        -0.04066648013622692,
        -0.22762190138708277,
        -0.13235985684151844
      ],
      [
        -0.212351808300834,
        -0.014796414907334441,
        -0.4133368047553665,
        -0.3069355538671037,
        0.561398875158904,
        -0.32899869295271617,
        -0.2783392736024863,
        0.4234393980379028,
        0.7262667923101017,
        -0.2711158030244896,
        -0.05970266573635741,
        0.13359404987698437,
        0.46161958401211706,
        -0.24671426960705936,
        -0.023337759907719458,
        0.194334394015436
      ],
      [
        0.13674785850287946,
        -0.05738736607877733,
        0.08044563711953073,
