{
  "layer_sizes": [
    32,
    16,
    3
  ],
  "learning_rate": 0.3,
  "seed": 42,
  "output_activation": "softmax",
  "weights": [
    [
      [
        0.07555469353319384,
        -0.2380370047870526,
        0.22078380715093923,
        0.25162852800107866,
        -0.45541832595680953,
        -0.2847525751916832,
        0.03196010079182134,
        -0.051938918070879796,
        -0.004200289376072199,
        -0.20623363497126596,
        0.2250947372312459,
        0.19161030945521046,
        0.01650767439030401,
        0.2767068115779236,
        0.1168773355630114,
        -0.21616406637643748
      ],
      [
        0.09156311961521071,
        -0.21776162843417848,
        0.25278358352614294,
        0.004005871156711994,
        -0.01387511967966557,
        -0.12944008457708908,
        0.30563533466850756,
        -0.011510640502184782,
        -0.1070819555407768,
        -0.08100604069992828,
        0.13832253990387594,
        0.08852334168899295,
        0.1031831528989971,
        0.10260176058788607,
        0.5354119002176153,
        -0.10294470475178186
      ],
      [
        -0.12868525867329839,
        -0.1814841602888982,
        0.18716586384319883,
        0.2987304220834979,
        0.0038536067929307947,
        -0.16924681771673575,
        -0.2061203039228099,
        0.18976992697119094,
        0.18581354280086057,
        0.1428159139984278,
        -0.1611321833066348,
        0.055202656364653296,
        0.029171452285182056,
        0.04956865901816863,
        0.21785719448704746,
        0.054557936538042605
      ],
      [
        0.16910381436255967,
        0.038853789145294144,
        0.10545085787182093,
        0.1743094053629103,
        -0.33194848375726704,
        -0.039125502565428974,
        -0.11759316357319888,
        -0.13259773204581982,
        -0.06878556280667093,
        0.38076267473072833,
        -0.21121253540777205,
        0.23923191424584359,
        -0.4207174429039512,
        -0.08882474766052832,
        0.0406882662762514,
        0.14521463218419162
      ],
      [
        0.1771820685427997,
        0.22029583057305255,
        -0.05401025986278452,
        -0.09910059926286657,
        0.24683444152093803,
        -0.0070337796965073696,
        -0.31892158083448047,
        -0.25620007348585444,
        -0.22986307150040283,
        0.13131753293557005,
        0.040851677533180066,
        0.16978366411491544,
        -0.10681316158413356,
        0.03453143260509395,
        0.15639759849183418,
        -0.07867758558568756
      ],
      [
        0.11356923298393887,
        -0.14352246349359157,
        -0.057592453441943074,
        -0.07894712459630704,
        -0.26661944019061035,
        0.16253542172029173,
        -0.11735058505068097,
        0.030245259696937615,
        0.12018666472647724,
        0.11866014092961513,
        0.17159152075873532,
        -0.027459045529382584,
        -0.10582457801103844,
        -0.02503304289068438,
        -0.42183360848950746,
        -0.36311906876139977
      ],
      [
        -0.3312994794940147,
        -0.2273526851272992,
        0.13311456488018406,
        -0.20988241493673995,
        -0.06220016730319782,
        0.3655993759704127,
        -0.08906599276535648,
        0.2115006221317873,
        -0.23340442000246925,
        -0.04433204254477841,
        -0.23226027021210655,
        -0.08759594337716725,
        0.21007703436434888,
        -0.4369335959621718,
        0.10860591088646433,
        0.05809294992744151
      ],
      [
        -0.14916206532961265,
        -0.3395554418240423,
        0.05120338512779223,
        -0.11588582836267536,
        0.0905095240453256,
        0.04625533790475709,
        0.40044472283022886,
        -0.032717176853240305,
        -0.25587437315546624,
        0.05184625566120813,
        0.060244414508480046,
        0.3369592194080825,
        0.20877781147864463,
        0.08411427462329273,
        0.36582572280489045,
        -0.2985317142363407
      ],
      [
        -0.16056245959285098,
        -0.20968496357830999,
        -0.0642814425896171,
        -0.3276841879858022,
        0.19112820791025065,
        -0.014763372750796989,
        -0.36770157362566447,
        -0.2267730402868697,
        0.07837846186254882,
        0.21655898889572434,
        0.5044279664384852,
        0.725627942099806,
        0.1036023583189991,
        -0.25248802017205063,
        -0.5330115701828273,
        0.06558691493033099
      ],
      [
        -0.20385985023299555,
        -0.08188029327185006,
        -0.1198531915656271,
        -0.0187103727008211,
        0.29883552890356047,
        0.08005444338523253,
        -0.039658709259672076,
        -0.2317917081914371,
        -0.41867073617608924,
        -0.11454963034620361,
        -0.008200394189041353,
        0.4391448039929441,
        0.03256863036822146,
        0.24058138759167977,
        -0.12482389963478802,
        -0.2975768922598841
      ],
      [
        -0.2455091896775769,
        -0.08268750603879639,
        0.9164771608086052,
        -0.5994914317350912,
        0.5384129640712345,
        -0.486987583997307,
        0.23289325321856102,
        0.5150317608621875,
        -0.0391594744145226,
        0.17947162919956505,
        -0.20294654000660092,
        0.20545535648428911,
        -0.113745870085195,
        -0.3409652808711532,
        -0.3194843935799048,
        0.04314697943052987
      ],
      [
        0.390542814983125,
        0.13861691348850141,
        0.3547001461723436,
        -0.3226882270283591,
        0.6552910985638544,
        -0.20641016413458624,
        -0.10273180770843429,
        0.6953661968506938,
        0.10718910961540337,
        0.5736012587324216,
        0.00655899315622331,
        -0.21217995181635613,
        -0.34203979981141625,
        0.37816814312847125,
        0.43091643019582426,
        -0.04487980332065016
      ],
      [
        -0.09642140668941093,
        0.4863216280690936,
        -0.12942071343250292,
        0.08560438473782579,
        -0.006207684199527605,
        -0.06445528644447178,
        -0.001280466680017824,
        -0.13738521801605053,
        0.08439363719973339,
        0.27498961345217515,
        -0.013927238045849654,
        0.1644190930760188,
        -0.5125430252577556,
        -0.0172830906466141,
        -0.21080756757321778,
        -0.3114080183840471
      ],
      [
        -0.22016266813760174,
        -0.06157183840213176,
        0.26214664378832825,
        -0.315110830531616,
        0.03999834435525392,
        -0.08025005680949825,
        -0.08191827359049021,
        0.27781118634116675,
        0.13452885925098151,
        0.3413768737828153,
        -0.03338117629693636,
        -0.17682332731970238,
        -0.05596470422012488,
        0.05552070765372079,
        0.04414333961342776,
        -0.2724379687139696
      ],
      [
        0.022622445406968554,
        0.22468124940347692,
        0.8226746131459118,
        0.9649625995513132,
        -0.5508902754330659,
        -0.08301435941561516,
        -0.3658605004592508,
        -0.3570280080273619,
        0.07890125089758512,
        0.15939447500071266,
        -0.2530761874663986,
        -0.1529170738043976,
        -0.5368222574346637,
        -0.04066648013622692,
        -0.2656036029648908,
        -0.14144156412890432
      ],
      [
        -0.2198397709473111,
        -0.0016066167900679774,
        -0.4062610896398331,
        -0.3502739624444726,
        0.5646522492137235,
        -0.2810633437946114,
        -0.2741963946136599,
        0.48635011209534423,
        0.7262667923101017,
        -0.28586431028420606,
        -0.08681699568146882,
        0.08255121333310075,
        0.4321744111013981,
        -0.25181775977114396,
        -0.061319461485527436,
        0.1929934433598081
      ],
      [
        0.10806694221124066,
        -0.07207999603445354,
        -0.0002847329296854055,
