{
  "layer_sizes": [
    32,
    16,
    3
  ],
  "learning_rate": 0.3,
  "seed": 42,
  "output_activation": "softmax",
  "weights": [
    [
      [
        0.07617926993860784,
        -0.264561393600472,
        0.21224614841166278,
        0.2560013129375336,
        -0.4919264386485646,
        -0.32778753368348884,
        0.03196010079182134,
        -0.08600423763764035,
        0.028482145690856865,
        -0.213260981893395,
        0.23127019479529945,
        0.19982787283197434,
        0.01650767439030401,
        0.3197003384050412,
        0.13668533572934896,
        -0.21482311572080956
      ],
      [
        0.09218769602062471,
        -0.24428601724759783,
        0.24424592478686663,
        0.008378656093166934,
        -0.050383232371420714,
        -0.17247504306889458,
        0.30563533466850756,
        -0.045575960068945334,
        -0.07439952047384775,
        -0.0880333876220574,
        0.1444979974679295,
        0.0967409050657568,
        0.1031831528989971,
        0.1455952874150038,
        0.5552199003839532,
        -0.1016037540961539
      ],
      [
        -0.12806068226788433,
        -0.20800854910231753,
        0.1786282051039224,
        0.30310320701995314,
        -0.03265450589882435,
        -0.21228177620854125,
        -0.2061203039228099,
        0.15570460740443048,
        0.2184959778677896,
        0.13578856707629874,
        -0.15495672574258126,
        0.06342021974141718,
        0.029171452285182056,
        0.09256218584528632,
        0.23766519465338498,
        0.05589888719367057
      ],
      [
        0.16972839076797372,
        0.012329400331874761,
        0.09691319913254462,
        0.1786821902993652,
        -0.3684565964490221,
        -0.0821604610572346,
        -0.11759316357319888,
        -0.16666305161258027,
        -0.036103127739741836,
        0.37373532780859897,
        -0.2050370778437185,
        0.24744947762260747,
        -0.4207174429039512,
        -0.04583122083341067,
        0.06049626644258897,
        0.14655558283981954
      ],
      [
        0.17780664494821374,
        0.1937714417596332,
        -0.0625479186020608,
        -0.09472781432641164,
        0.21032632882918276,
        -0.050068738188312985,
        -0.31892158083448047,
        -0.290265393052615,
        -0.1971806364334738,
        0.12429018601344101,
        0.04702713509723356,
        0.17800122749167932,
        -0.10681316158413356,
        0.07752495943221165,
        0.1762055986581717,
        -0.0773366349300596
      ],
      [
        0.11419380938935286,
        -0.17004685230701092,
        -0.06613011218121936,
        -0.07457433965985212,
        -0.3031275528823654,
        0.11950046322848619,
        -0.11735058505068097,
        -0.003820059869822944,
        0.15286909979340627,
        0.11163279400748602,
        0.17776697832278887,
        -0.019241482152618714,
        -0.10582457801103844,
        0.01796048393643331,
        -0.40202560832317,
        -0.3617781181057718
      ],
      [
        -0.3306749030886006,
        -0.25387707394071857,
        0.12457690614090773,
        -0.2055096300002851,
        -0.09870827999495306,
        0.32256441747860704,
        -0.08906599276535648,
        0.17743530256502685,
        -0.20072198493554022,
        -0.051359389466907504,
        -0.226084812648053,
        -0.0793783800004034,
        0.21007703436434888,
        -0.3939400691350542,
        0.12841391105280192,
        0.05943390058306947
      ],
      [
        -0.1485374889241986,
        -0.36607983063746175,
        0.04266572638851592,
        -0.1115130434262204,
        0.05400141135357041,
        0.003220379412951463,
        0.40044472283022886,
        -0.06678249642000086,
        -0.2231919380885372,
        0.04481890873907904,
        0.06641987207253357,
        0.3451767827848463,
        0.20877781147864463,
        0.1271078014504104,
        0.3856337229712279,
        -0.2971907635807127
      ],
      [
        -0.15993788318743693,
        -0.23620935239172933,
        -0.07281910132889341,
        -0.32331140304934697,
        0.15462009521849537,
        -0.057798331242602606,
        -0.36770157362566447,
        -0.26083835985363024,
        0.11106089692947786,
        0.20953164197359528,
        0.5106034240025393,
        0.7338455054765695,
        0.1036023583189991,
        -0.20949449334493295,
        -0.5132035700164894,
        0.06692786558595895
      ],
      [
        -0.2032352738275815,
        -0.10840468208526943,
        -0.12839085030490355,
        -0.014337587764366146,
        0.2623274162118054,
        0.03701948489342689,
        -0.039658709259672076,
        -0.26585702775819775,
        -0.38598830110916016,
        -0.12157697726833272,
        -0.002024936624987863,
        0.4473623673697079,
        0.03256863036822146,
        0.2835749144187974,
        -0.10501589946845041,
        -0.29623594160425615
      ],
      [
        -0.24127919055809297,
        -0.1858718831742864,
        0.5567507825688395,
        -0.18448653596636644,
        0.20545465944898053,
        -0.22797445148966583,
        0.23289325321856102,
        0.08929415197472099,
        -0.006477039347593536,
        -0.010190631533858506,
        -0.1522762227777553,
        0.11689793934525736,
        -0.113745870085195,
        -0.26851140427877906,
        -0.2996763934135674,
        0.04314697943052987
      ],
      [
        0.3947728141026087,
        0.035432536353011454,
        -0.005026232067422097,
        0.09231666874036587,
        0.3223327939416007,
        0.05260296837305482,
        -0.10273180770843429,
        0.26962858796322736,
        0.13987154468233237,
        0.383938997998998,
        0.05722931038506878,
        -0.3007373689553879,
        -0.34203979981141625,
        0.45062201972084537,
        0.4507244303621617,
        -0.04487980332065016
      ],
      [
        -0.09579683028399694,
        0.36079570602020244,
        -0.2521280710508233,
        -0.2028216208992265,
        0.1566640571871554,
        -0.10089393768280666,
        -0.001280466680017824,
        -0.04780431418287294,
        0.11707607226666243,
        0.3518704653284292,
        0.034066927805028645,
        0.16636458729395173,
        -0.5125430252577556,
        0.025710436180503584,
        -0.19099956740688026,
        -0.304703265105907
      ],
      [
        -0.2195380917321877,
        -0.08809622721555112,
        0.2536089850490519,
        -0.3107380455951608,
        0.0034902316634987645,
        -0.12328501530130388,
        -0.08191827359049021,
        0.24374586677440624,
        0.16721129431791054,
        0.3343495268606859,
        -0.027205718732882866,
        -0.1686057639429385,
        -0.05596470422012488,
        0.09851423448083849,
        0.06395133977976535,
        -0.27109701805834163
      ],
      [
        0.022622445406968554,
        0.05249171549437818,
        0.6540018588435285,
        0.49007128666014776,
        -0.21747847912481072,
        -0.07408849735520329,
        -0.3658605004592508,
        -0.1546203430426164,
        0.11158368596451416,
        0.3014634052220584,
        -0.17085025835630982,
        -0.15815672104221187,
        -0.5368222574346637,
        -0.0027764434731938595,
        -0.24579560279855323,
        -0.13235985684151844
      ],
      [
        -0.21921519454189706,
        -0.02813100560348735,
        -0.41479874837910913,
        -0.3459011775080174,
        0.528144136521969,
        -0.32409830228641706,
        -0.2741963946136599,
        0.45228479252858367,
        0.7589492273770306,
        -0.2928916572063354,
        -0.08064153811741537,
        0.09076877670986461,
        0.4321744111013981,
        -0.20882423294402627,
        -0.04151146131918986,
        0.194334394015436
      ],
      [
        0.10869151861665466,
        -0.09860438484787291,
        -0.00882239166896174,
