{
  "layer_sizes": [
    32,
    16,
    3
  ],
  "learning_rate": 0.3,
  "seed": 42,
  "output_activation": "softmax",
  "weights": [
    [
      [
        0.07617926993860784,
        -0.2669022815669829,
        0.2272608003834435,
        0.24397266059856212,
        -0.4473593907883917,
        -0.3275534078523908,
        0.03196010079182134,
        -0.08772001042236342,
        0.025158326471654512,
        -0.1880414942625757,
        0.23618997648400245,
        0.19372781459049981,
        0.018504413205159033,
        0.31306945271707515,
        0.1168773355630114,
        -0.21482311572080956
      ],
      [
        0.09218769602062471,
        -0.2466269052141088,
        0.2592605767586473,
        -0.0036499962458045794,
        -0.005816184511247799,
        -0.17224091723779658,
        0.30563533466850756,
        -0.04729173285366841,
        -0.07772333969305012,
        -0.0628138999912382,
        0.14941777915663249,
        0.09064084682428233,
        0.10517989171385218,
        0.1389644017270376,
        0.5354119002176153,
        -0.1016037540961539
      ],
      [
        -0.12806068226788433,
        -0.2103494370688285,
        0.1936428570757031,
        0.29107455468098153,
        0.011912541961348574,
        -0.21204765037744325,
        -0.2061203039228099,
        0.1539888346197074,
        0.21517215864858735,
        0.16100805470711807,
        -0.15003694405387827,
        0.0573201614999427,
        0.031168191100037077,
        0.08593130015732016,
        0.21785719448704746,
        0.05589888719367057
      ],
      [
        0.16972839076797372,
        0.009988512365363807,
        0.11192785110432524,
        0.16665353796039376,
        -0.3238895485888492,
        -0.08192633522613657,
        -0.11759316357319888,
        -0.16837882439730337,
        -0.0394269469589442,
        0.3989548154394183,
        -0.2001172961550155,
        0.24134941938113294,
        -0.41872070408909634,
        -0.05246210652137678,
        0.0406882662762514,
        0.14655558283981954
      ],
      [
        0.17780664494821374,
        0.19143055379312224,
        -0.04753326663028018,
        -0.10675646666538315,
        0.2548933766893558,
        -0.04983461235721497,
        -0.31892158083448047,
        -0.29198116583733796,
        -0.20050445565267605,
        0.14950967364426032,
        0.05194691678593668,
        0.1719011692502048,
        -0.10481642276927848,
        0.07089407374424544,
        0.15639759849183418,
        -0.0773366349300596
      ],
      [
        0.11419380938935286,
        -0.17238774027352188,
        -0.05111546020943871,
        -0.08660299199882363,
        -0.2585605050221925,
        0.11973458905958421,
        -0.11735058505068097,
        -0.0055358326545460156,
        0.149545280574204,
        0.1368522816383053,
        0.18268676001149187,
        -0.025341540394093164,
        -0.10382783919618335,
        0.01132959824846717,
        -0.42183360848950746,
        -0.3617781181057718
      ],
      [
        -0.3306749030886006,
        -0.2562179619072295,
        0.13959155811268834,
        -0.21753828233925654,
        -0.054141232134780067,
        0.3227985433097051,
        -0.08906599276535648,
        0.17571952978030375,
        -0.20404580415474247,
        -0.026139901836088223,
        -0.22116503095935,
        -0.08547843824187787,
        0.21207377317920384,
        -0.40057095482302024,
        0.10860591088646433,
        0.05943390058306947
      ],
      [
        -0.1485374889241986,
        -0.3684207186039727,
        0.05768037836029659,
        -0.12354169576519192,
        0.09856845921374335,
        0.0034545052440494725,
        0.40044472283022886,
        -0.06849826920472395,
        -0.22651575730773948,
        0.07003839636989827,
        0.07133965376123667,
        0.3390767245433716,
        0.2107745502934996,
        0.12047691576244424,
        0.36582572280489045,
        -0.2971907635807127
      ],
      [
        -0.15993788318743693,
        -0.2385502403582403,
        -0.05780444935711278,
        -0.33534005538831857,
        0.19918714307866836,
        -0.057564205411504595,
        -0.36770157362566447,
        -0.2625541326383532,
        0.1077370777102755,
        0.2347511296044146,
        0.5155232056912422,
        0.7277454472350952,
        0.10559909713385418,
        -0.21612537903289913,
        -0.5330115701828273,
        0.06692786558595895
      ],
      [
        -0.2032352738275815,
        -0.11074557005178039,
        -0.1133761983331228,
        -0.02636624010333768,
        0.3068944640719783,
        0.0372536107245249,
        -0.039658709259672076,
        -0.2675728005429207,
        -0.3893121203283629,
        -0.09635748963751352,
        0.002894845063715252,
        0.4412623091282332,
        0.03456536918307651,
        0.2769440287308313,
        -0.12482389963478802,
        -0.29623594160425615
      ],
      [
        -0.24127919055809297,
        -0.18821277114079737,
        0.57176543454062,
        -0.19651518830533787,
        0.2500217073091535,
        -0.22774032565856783,
        0.23289325321856102,
        0.08757837918999792,
        -0.009800858566795892,
        0.015028856096960762,
        -0.1473564410890523,
        0.11079788110378289,
        -0.11174913127033992,
        -0.2751422899667451,
        -0.3194843935799048,
        0.04314697943052987
      ],
      [
        0.3947728141026087,
        0.0330916483865005,
        0.00998841990435855,
        0.08028801640139437,
        0.3668998418017736,
        0.05283709420415283,
        -0.10273180770843429,
        0.2679128151785044,
        0.1365477254631301,
        0.4091584856298173,
        0.0621490920737719,
        -0.3068374271968626,
        -0.3400430609965614,
        0.4439911340328793,
        0.43091643019582426,
        -0.04487980332065016
      ],
      [
        -0.09579683028399694,
        0.3584548180536915,
        -0.23711341907904282,
        -0.21485027323819794,
        0.20123110504732838,
        -0.10065981185170864,
        -0.001280466680017824,
        -0.049520086967596015,
        0.11375225304746008,
        0.3770899529592485,
        0.03898670949373174,
        0.1602645290524772,
        -0.5105462864429007,
        0.019079550492537435,
        -0.21080756757321778,
        -0.304703265105907
      ],
      [
        -0.2195380917321877,
        -0.09043711518206207,
        0.2686236370208323,
        -0.3227666979341324,
        0.04805727952367172,
        -0.12305088947020586,
        -0.08191827359049021,
        0.24203009398968314,
        0.1638874750987083,
        0.35956901449150525,
        -0.022285937044179714,
        -0.17470582218441302,
        -0.05396796540526983,
        0.0918833487928723,
        0.04414333961342776,
        -0.27109701805834163
      ],
      [
        0.022622445406968554,
        0.050150827527867224,
        0.669016510815309,
        0.47804263432117616,
        -0.17291143126463773,
        -0.07385437152410526,
        -0.3658605004592508,
        -0.1563361158273395,
        0.10825986674531181,
        0.3266828928528777,
        -0.16593047666760682,
        -0.1642567792836864,
        -0.5348255186198088,
        -0.009407329161159984,
        -0.2656036029648908,
        -0.13235985684151844
      ],
      [
        -0.21921519454189706,
        -0.030471893569998305,
        -0.3997840964073287,
        -0.357929829846989,
        0.5727111843821419,
        -0.323864176455319,
        -0.2741963946136599,
        0.4505690197438607,
        0.7556254081578286,
        -0.2676721695755161,
        -0.07572175642871228,
        0.08466871846839014,
        0.43417114991625294,
        -0.21545511863199246,
        -0.061319461485527436,
        0.194334394015436
      ],
      [
        0.10869151861665466,
        -0.10094527281438387,
        0.006192260302818905,
