{
  "layer_sizes": [
    32,
    16,
    3
  ],
  "learning_rate": 0.3,
  "seed": 42,
  "output_activation": "softmax",
  "weights": [
    [
      [
        0.07617926993860784,
        -0.269934596826474,
        0.1849754529314989,
        0.24489714773214602,
        -0.46005992395642054,
        -0.3321742796165953,
        0.03196010079182134,
        -0.005005965125839732,
        0.007793468174453702,
        -0.13229291197692505,
        0.20654926746894217,
        0.17111459048056304,
        0.01650767439030401,
        0.2774403359369897,
        0.12733335353532044,
        -0.21482311572080956
      ],
      [
        0.09218769602062471,
        -0.24965922047359987,
        0.2169752293067027,
        -0.0027255091122205914,
        -0.018516717679276547,
        -0.17686178900200114,
        0.30563533466850756,
        0.03542231244285527,
        -0.09508819799025085,
        -0.007065317705587586,
        0.11977707014157221,
        0.06802762271434556,
        0.1031831528989971,
        0.10333528494695214,
        0.5458679181899242,
        -0.1016037540961539
      ],
      [
        -0.12806068226788433,
        -0.21338175232831957,
        0.1513575096237585,
        0.2919990418145657,
        -0.0007879912066801736,
        -0.2166685221416478,
        -0.2061203039228099,
        0.23670287991623107,
        0.19780730035138652,
        0.2167566369927687,
        -0.17967765306893854,
        0.03470693739000594,
        0.029171452285182056,
        0.05030218337723471,
        0.22831321245935657,
        0.05589888719367057
      ],
      [
        0.16972839076797372,
        0.006956197105872702,
        0.06964250365238059,
        0.16757802509397765,
        -0.33659008175687805,
        -0.08654720699034107,
        -0.11759316357319888,
        -0.08566477910077973,
        -0.056791805256144995,
        0.4547033977250687,
        -0.22975800517007577,
        0.21873619527119617,
        -0.4207174429039512,
        -0.08809122330146225,
        0.051144284248560413,
        0.14655558283981954
      ],
      [
        0.17780664494821374,
        0.18839823853363116,
        -0.08981861408222486,
        -0.10583197953179914,
        0.242192843521327,
        -0.05445548412141947,
        -0.31892158083448047,
        -0.20926712054081428,
        -0.21786931394987688,
        0.20525825592991095,
        0.022306207770876385,
        0.14928794514026802,
        -0.10681316158413356,
        0.03526495696416003,
        0.1668536164641433,
        -0.0773366349300596
      ],
      [
        0.11419380938935286,
        -0.17542005553301296,
        -0.09340080766138342,
        -0.08567850486523963,
        -0.27126103819022135,
        0.11511371729537971,
        -0.11735058505068097,
        0.07717821264197769,
        0.13218042227700325,
        0.19260086392395598,
        0.1530460509964316,
        -0.04795476450402991,
        -0.10582457801103844,
        -0.024299518531618294,
        -0.4113775905171985,
        -0.3617781181057718
      ],
      [
        -0.3306749030886006,
        -0.25925027716672056,
        0.09730621066074369,
        -0.21661379520567264,
        -0.06684176530280879,
        0.3181776715455006,
        -0.08906599276535648,
        0.2584335750768272,
        -0.2214106624519433,
        0.029608680449562292,
        -0.2508057399744103,
        -0.10809166235181464,
        0.21007703436434888,
        -0.4362000716031057,
        0.11906192885877333,
        0.05943390058306947
      ],
      [
        -0.1485374889241986,
        -0.3714530338634638,
        0.015395030908351922,
        -0.12261720863160806,
        0.08586792604571464,
        -0.0011663665201550337,
        0.40044472283022886,
        0.014215776091799748,
        -0.24388061560494018,
        0.1257869786555488,
        0.04169894474617635,
        0.3164635004334354,
        0.20877781147864463,
        0.0848477989823588,
        0.3762817407771994,
        -0.2971907635807127
      ],
      [
        -0.15993788318743693,
        -0.25152112588408154,
        -0.10272714282917293,
        -0.3246595996203921,
        0.21418548311767835,
        -0.06881448007672483,
        -0.36770157362566447,
        -0.10578540438177388,
        0.10236597696360057,
        0.3714677818065352,
        0.4725822704294167,
        0.6817988297484849,
        0.1036023583189991,
        -0.25612446161800306,
        -0.5120995342382094,
        0.06692786558595895
      ],
      [
        -0.2032352738275815,
        -0.1137778853112715,
        -0.15566154578506744,
        -0.025441752969753668,
        0.29419393090394946,
        0.03263273896032041,
        -0.039658709259672076,
        -0.18485875524639708,
        -0.40667697862556323,
        -0.040608907351862934,
        -0.02674586395134505,
        0.418649085018297,
        0.03256863036822146,
        0.24131491195074586,
        -0.11436788166247903,
        -0.29623594160425615
      ],
      [
        -0.24127919055809297,
        -0.19124508640028845,
        0.5294800870886762,
        -0.19559070117175398,
        0.23732117414112477,
        -0.2323611974227724,
        0.23289325321856102,
        0.1702924244865216,
        -0.027165716863996728,
        0.07077743838261127,
        -0.17699715010411257,
        0.08818465699384612,
        -0.113745870085195,
        -0.31077140674683057,
        -0.30902837560759583,
        0.04314697943052987
      ],
      [
        0.3947728141026087,
        0.0300593331270094,
        -0.03229692754758611,
        0.08121250353497837,
        0.35419930863374477,
        0.04821622243994834,
        -0.10273180770843429,
        0.3506268604750277,
        0.11918286716592932,
        0.4649070679154677,
        0.03250838305871159,
        -0.3294506513067988,
        -0.34203979981141625,
        0.40836201725279386,
        0.4413724481681332,
        -0.04487980332065016
      ],
      [
        -0.09579683028399694,
        0.3554225027942004,
        -0.2793987665309874,
        -0.21392578610461405,
        0.18853057187929964,
        -0.10528068361591314,
        -0.001280466680017824,
        0.03319395832892767,
        0.09638739475025934,
        0.4328385352448989,
        0.009346000478671465,
        0.13765130494254044,
        -0.5125430252577556,
        -0.01654956628754802,
        -0.20035154960090867,
        -0.304703265105907
      ],
      [
        -0.2195380917321877,
        -0.09346943044155319,
        0.22633828956888785,
        -0.3218422108005482,
        0.03535674635564294,
        -0.1276717612344104,
        -0.08191827359049021,
        0.32474413928620655,
        0.14652261680150747,
        0.41531759677715563,
        -0.05192664605924006,
        -0.1973190462943498,
        -0.05596470422012488,
        0.05625423201278687,
        0.05459935758573677,
        -0.27109701805834163
      ],
      [
        0.022622445406968554,
        0.04711851226837612,
        0.6267311633633652,
        0.47896712145476034,
        -0.18561196443266648,
        -0.07847524328830977,
        -0.3658605004592508,
        -0.07362207053081583,
        0.09089500844811108,
        0.3824314751385281,
        -0.1955711856826671,
        -0.18687000339362317,
        -0.5368222574346637,
        -0.045036445941245444,
        -0.2551475849925818,
        -0.13235985684151844
      ],
      [
        -0.21921519454189706,
        -0.03350420882948941,
        -0.4420694438592732,
        -0.35700534271340484,
        0.5600106512141129,
        -0.3284850482195235,
        -0.2741963946136599,
        0.5332830650403847,
        0.738260549860627,
        -0.21192358728986546,
        -0.1053624654437726,
        0.062055494358453374,
        0.4321744111013981,
        -0.2510842354120779,
        -0.05086344351321842,
        0.194334394015436
      ],
      [
        0.10869151861665466,
        -0.10397758807387499,
        -0.036093087149125756,
