{
  "layer_sizes": [
    32,
    16,
    4
  ],
  "learning_rate": 0.3,
  "seed": 42,
  "output_activation": "softmax",
  "weights": [
    [
      [
        0.07015898134100396,
        -0.23487143682470324,
        0.20535731935335264,
        0.29317273838916535,
        -0.4627514294791487,
        -0.38244927875080403,
        0.03196010079182134,
        -0.08920623340278386,
        0.053786883523784156,
        -0.2062494584476156,
        0.3233825136955688,
        0.1893459801679725,
        0.05002606933817538,
        0.2818103017420082,
        0.1253029629121016,
        -0.11788786264849295
      ],
      [
        0.12393698285962848,
        -0.23972065020724972,
        0.22889626747098807,
        -0.04620555602734454,
        -0.12968083657490143,
        0.04600923916159987,
        0.30563533466850756,
        0.12930028936134375,
        -0.12370854642126722,
        -0.0615148607581599,
        -0.012085527673970798,
        0.11778312662006438,
        0.09361019855599949,
        0.08422831111465308,
        0.6272853262563742,
        -0.12984518585658963
      ],
      [
        -0.1340809708654882,
        -0.1783185923265488,
        0.17173937604561226,
        0.3402746324715847,
        -0.0034794967294086306,
        -0.26694352127585647,
        -0.2061203039228099,
        0.152502611639287,
        0.24380071570071676,
        0.14280009052207815,
        -0.06284440684231199,
        0.052938327077415324,
        0.06268984723305346,
        0.05467214918225324,
        0.2262828218361377,
        0.15283414026598716
      ],
      [
        0.16370810217036985,
        0.04201935710764357,
        0.09002437007423442,
        0.21585361575099685,
        -0.3392815872796062,
        -0.13682220612454998,
        -0.11759316357319888,
        -0.16986504737772376,
        -0.010798389906814611,
        0.38074685125437824,
        -0.11292475894344925,
        0.23696758495860562,
        -0.3871990479560798,
        -0.08372125749644371,
        0.049113893625341486,
        0.24349083591213613
      ],
      [
        0.14007886318326754,
        0.464594184431314,
        -0.512641984146073,
        0.5861677651923884,
        0.38078096527448635,
        -0.051974505447462974,
        -0.31892158083448047,
        -0.6532403524458442,
        -0.3245471387226194,
        0.2455148845220558,
        -0.16856827594445575,
        0.594072013517918,
        -0.14142117407056254,
        0.03963492276917856,
        0.7605369761495712,
        0.35306917135988386
      ],
      [
        0.11419380938935286,
        -0.26703033129870574,
        -0.5030936174367694,
        -0.7943369107289248,
        -0.2989599113972599,
        0.15076646281660974,
        -0.11735058505068097,
        -0.20102131223365116,
        0.48878164534038454,
        0.13511754417783592,
        1.4438345114164686,
        -0.18180548200527644,
        -0.06422519761964932,
        -0.019929552726599763,
        -0.43056166067460605,
        -0.637048466058807
      ],
      [
        -0.3306749030886006,
        -0.2565701370394732,
        1.0489353091139364,
        0.13444756633618882,
        -0.10411213798949094,
        -0.05667481164320252,
        -0.08906599276535648,
        0.6948622033004815,
        -0.14392288652662621,
        -0.1521292126422955,
        -0.6620011083763268,
        -0.3809979318345487,
        0.4131378374147613,
        -0.43183010579808717,
        -0.4340039209857258,
        0.5117696645888532
      ],
      [
        -0.07445581963318985,
        -0.36151446359711364,
        0.03969432526486381,
        -0.21106269325444035,
        -0.13658318710135864,
        0.5100268286602261,
        0.40044472283022886,
        0.33200396618168065,
        -0.29466975187661054,
        0.1066954714215066,
        -0.283714085152444,
        0.4014484850445469,
        0.18644091801165025,
        0.0344382389669696,
        0.580197050228661,
        -0.363087437688396
      ],
      [
        -0.1176055007354318,
        -0.23164398535138123,
        -0.08507419459671547,
        -0.38913697459678565,
        0.04750074245215271,
        0.232766492742087,
        -0.36770157362566447,
        -0.029984557130493007,
        0.05620967402189496,
        0.24488967779212534,
        0.3056322908398694,
        0.7636950972072257,
        0.09083841919500228,
        -0.2786871161910562,
        -0.4105136687978159,
        0.029272623238711305
      ],
      [
        -0.20925556242518537,
        -0.07871472530950065,
        -0.1352796793632137,
        0.022833837687265494,
        0.2915024253812213,
        -0.017642260173888424,
        -0.039658709259672076,
        -0.2690590235233413,
        -0.36068356327623313,
        -0.11456545382255337,
        0.09008738227528137,
        0.4368804747057063,
        0.06608702531609285,
        0.2456848777557644,
        -0.11639827228569793,
        -0.19930068853193952
      ],
      [
        -0.24729947915569683,
        -0.1561819263985177,
        0.5498619535105296,
        -0.14731511051473478,
        0.23462966861839643,
        -0.2826361965569811,
        0.23289325321856102,
        0.08609215620957748,
        0.018827698485333715,
        -0.0031791080880791407,
        -0.06016390387748602,
        0.10641604668125554,
        -0.08022747513732366,
        -0.30640144094181204,
        -0.31105876623081485,
        0.1400822325028465
      ],
      [
        0.43710519655461366,
        0.03999790339335956,
        -0.017281325335244128,
        0.026491097192927297,
        0.21521344117525779,
        0.34316779235774436,
        -0.10273180770843429,
        0.5004823906863646,
        0.0850203217747495,
        0.419297033817528,
        -0.14774182277760078,
        -0.2708877772247322,
        -0.354803738935413,
        0.38142939687472227,
        0.5534143315808357,
        -0.0825350456678978
      ],
      [
        -0.06404754344499317,
        0.36536107306055055,
        -0.26747772836670225,
        -0.2574058330197379,
        0.07736645298367484,
        0.11759034454768777,
        -0.001280466680017824,
        0.12707193524741614,
        0.06776704631924298,
        0.3783889921923268,
        -0.12251659733687156,
        0.18740680884825928,
        -0.5221159796007531,
        -0.03565654011984709,
        -0.11893414153445918,
        -0.33294469686634276
      ],
      [
        -0.18778880489318403,
        -0.08353086017520302,
        0.2382593277331732,
        -0.3653222577156723,
        -0.0758073725399819,
        0.09519926692919058,
        -0.08191827359049021,
        0.41862211620469536,
        0.11790226837049114,
        0.3608680537245835,
        -0.18378924387478304,
        -0.14756354238863095,
        -0.06553765856312249,
        0.0371472581804878,
        0.13601676565218637,
        -0.2993384498187774
      ],
      [
        0.016602156809364693,
        0.08218167227014697,
        0.6471130297852186,
        0.5272427121117794,
        -0.18830346995539482,
        -0.12875024242251865,
        -0.3658605004592508,
        -0.1578223388077599,
        0.1368884237974414,
        0.30847492866783766,
        -0.07873793945604052,
        -0.16863861370621372,
        -0.5033038624867918,
        -0.04066648013622692,
        -0.2571779756158008,
        -0.035424603769201826
      ],
      [
        -0.22523548313950092,
        0.001558951172281446,
        -0.42168757743741947,
        -0.30872975205638586,
        0.5573191456913846,
        -0.37876004735373225,
        -0.2741963946136599,
        0.44908279676344004,
        0.7842539652099579,
        -0.28588013376055615,
        0.011470780782853879,
        0.08028688404586279,
        0.4656928060492695,
        -0.24671426960705936,
        -0.052893834136437355,
        0.2912696470877528
      ],
      [
        0.10267123001905078,
        -0.06891442807210413,
        -0.015711220727271897,
