{
  "labels": [
    "Electrodynamics",
    "Electrostatics",
    "Magnetostatics",
    "research"
  ],
  "feature_extractor": {
    "max_features": 32,
    "vocabulary": {
      "electrostatics": 5,
      "broader": 2,
      "science": 21,
      "requires": 16,
      "studying": 28,
      "relationships": 14,
      "researchers": 18,
      "practitioners": 9,
      "solve": 26,
      "vocabulary": 30,
      "awareness": 0,
      "settings": 24,
      "broader domain": 3,
      "science natural": 22,
      "requires studying": 17,
      "studying definitions": 29,
      "relationships neighboring": 15,
      "researchers practitioners": 19,
      "solve practical": 27,
      "vocabulary foundational": 31,
      "questions contemporary": 10,
      "magnetostatics": 6,
      "electrodynamics": 4,
      "rsx": 20,
      "rad": 11,
      "seq": 23,
      "sex": 25,
      "marker": 7,
      "radsex": 13,
      "posterior": 8,
      "bayes": 1,
      "rad seq": 12
    },
    "idf": [
      1.2231435513142097,
      1.916290731874155,
      1.2231435513142097,
      1.2231435513142097,
      1.916290731874155,
      1.916290731874155,
      1.916290731874155,
      1.916290731874155,
      1.916290731874155,
      1.2231435513142097,
      1.2231435513142097,
      1.916290731874155,
      1.916290731874155,
      1.916290731874155,
      1.2231435513142097,
      1.2231435513142097,
      1.2231435513142097,
      1.2231435513142097,
      1.2231435513142097,
      1.2231435513142097,
      1.916290731874155,
      1.2231435513142097,
      1.2231435513142097,
      1.916290731874155,
      1.2231435513142097,
      1.916290731874155,
      1.2231435513142097,
      1.2231435513142097,
      1.2231435513142097,
      1.2231435513142097,
      1.2231435513142097,
      1.2231435513142097
    ]
  },
  "scope": "electromagnetism",
  "grade": "preschool"
}