{
  "layer_sizes": [
    32,
    16,
    4
  ],
  "learning_rate": 0.3,
  "seed": 42,
  "output_activation": "softmax",
  "weights": [
    [
      [
        0.07617926993860784,
        0.16818972781431407,
        0.26300904084578247,
        0.05440455839203759,
        -0.6016983756229471,
        -0.3255448767155795,
        0.21078428670834376,
        0.06994021678526818,
        -0.08668351714919913,
        -0.213260981893395,
        0.05103864877343304,
        0.2875570299619945,
        -0.02652081631995524,
        0.27137064654277654,
        0.26717949253092915,
        -0.22768289135285966
      ],
      [
        0.09179455261931271,
        -0.21461463603212097,
        0.23306652871646863,
        0.011474238728203011,
        -0.002974710058216315,
        -0.17023238610098534,
        0.33859800459624595,
        -0.008984926098032508,
        -0.11720043950790021,
        -0.056897234705774916,
        0.14599014830759102,
        0.09618369392252998,
        0.12650643715379875,
        0.10023975768460493,
        0.5707401374864123,
        -0.10328144519726791
      ],
      [
        -0.131074190492811,
        -0.272986506113365,
        -0.17349591680209384,
        0.725067226427824,
        -0.17476700045600768,
        -0.210039119240632,
        -0.23885449136656925,
        -0.1827342313362279,
        0.18581354280086057,
        0.600024675056928,
        -0.32464859421910963,
        0.2985867503474674,
        0.029171452285182056,
        0.05467214918225324,
        0.5565754629412072,
        0.05589888719367057
      ],
      [
        0.16671488254304706,
        -0.05264855667917275,
        -0.2552109227734717,
        0.6006462097072359,
        -0.5105690910062054,
        -0.07991780408932533,
        -0.15032735101695824,
        -0.5051018903532385,
        -0.06878556280667093,
        0.8379714357892282,
        -0.3747289463202469,
        0.48261600822865774,
        -0.4207174429039512,
        -0.08372125749644371,
        0.37940653473041097,
        0.14655558283981954
      ],
      [
        0.17544778454034177,
        0.06966653179128515,
        -0.05563865620639302,
        0.1460411837181789,
        0.5482622537221983,
        -0.04782608122040372,
        -0.2377929095423067,
        -0.20263067760628706,
        -0.2367700127825025,
        0.31110710351113535,
        0.22319917291057698,
        0.14082220197187265,
        0.06119410827257007,
        0.0016517708217927696,
        0.2703246462349851,
        -0.07901432603117362
      ],
      [
        0.11371293857329635,
        -0.20309958104796516,
        -0.08633845645032921,
        -0.0372927324241783,
        -0.22788856760814716,
        0.12174312019639545,
        -0.10556779825838082,
        0.015610279648319986,
        0.12097230027146867,
        0.14971677865976993,
        0.20907799270242727,
        -0.033580118345783824,
        -0.07043072121755754,
        -0.027395048258660414,
        -0.4026060828549727,
        -0.3617781181057718
      ],
      [
        -0.3311557739046571,
        -0.2869298026816728,
        0.10436856187179788,
        -0.16822802276461127,
        -0.023469294720734883,
        0.32480707444651635,
        -0.07728320597305634,
        0.19686564208316978,
        -0.23261878445747783,
        -0.013275404814623562,
        -0.1947737982684146,
        -0.0937170161935685,
        0.24547089115782986,
        -0.4392956013301478,
        0.1278334365209991,
        0.05943390058306947
      ],
      [
        -0.1490183597402551,
        -0.39913255937841596,
        0.02245738211940614,
        -0.07423143619054662,
        0.12924039662778855,
        0.00546303638086072,
        0.412227509622529,
        -0.04735215690185795,
        -0.2550887376104748,
        0.08290289339136302,
        0.09773088645217204,
        0.3308381465916811,
        0.2441716682721256,
        0.08175226925531659,
        0.38505324843942523,
        -0.2971907635807127
      ],
      [
        -0.16041875400349342,
        -0.2692620811326837,
        -0.09302744559800326,
        -0.28602979581367327,
        0.22985908049271372,
        -0.055555674274693344,
        -0.3559187868333643,
        -0.24140802033548725,
        0.07916409740754025,
        0.24761562662587921,
        0.5419144383821775,
        0.7195068692834045,
        0.13899621511248,
        -0.25485002554002656,
        -0.5137840445482926,
        0.06692786558595895
      ],
      [
        -0.203716144643638,
        -0.14145741082622362,
        -0.1485991945740133,
        0.02294401947130762,
        0.3375664014860237,
        0.039262141861336156,
        -0.02787592246737192,
        -0.24642668824005465,
        -0.4178851006310978,
        -0.08349299261604877,
        0.029286077754650627,
        0.4330237311765427,
        0.06796248716170236,
        0.23821938222370379,
        -0.10559637400025326,
        -0.29623594160425615
      ],
      [
        -0.24176006137414946,
        -0.21892461191524065,
        0.5365424382997299,
        -0.1472049287306926,
        0.2806936447231989,
        -0.2257317945217566,
        0.24467604001086116,
        0.10872449149286385,
        -0.03837383886953118,
        0.02789335311842543,
        -0.1209652083981169,
        0.10255930315209226,
        -0.07835201329171411,
        -0.31386693647387265,
        -0.30025686794537004,
        0.04314697943052987
      ],
      [
        0.3942919432865522,
        0.00237980761205723,
        -0.025234576336531884,
        0.1295982759760397,
        0.397571779215819,
        0.054845625340964085,
        -0.09094902091613415,
        0.28905892748137035,
        0.1079747451603948,
        0.4220229826512817,
        0.0885403247647073,
        -0.3150760051485531,
        -0.3066459430179355,
        0.4052664875257518,
        0.45014395583035904,
        -0.04487980332065016
      ],
      [
        -0.09627770110005344,
        0.3277429772792482,
        -0.27233641531993336,
        -0.16554001366355267,
        0.23190304246137375,
        -0.0986512807148974,
        0.010502320112282332,
        -0.028373974664730014,
        0.08517927274472482,
        0.3899544499807129,
        0.06537794218466714,
        0.1520259511007865,
        -0.477149168464275,
        -0.01964509601459014,
        -0.19158004193868305,
        -0.304703265105907
      ],
      [
        -0.22001896254824418,
        -0.12114895595650535,
        0.233400640779942,
        -0.2734564383594871,
        0.07872921693771691,
        -0.12104235833339462,
        -0.07013548679819007,
        0.2631762062925492,
        0.13531449479597293,
        0.3724335115129696,
        0.004105295646755645,
        -0.18294440013610372,
        -0.02057084742664402,
        0.053158702285744736,
        0.06337086524796248,
        -0.27109701805834163
      ],
      [
        0.021660703774855544,
        -0.01817910902787838,
        0.6382185197653574,
        0.5854946349712252,
        -0.07116815006147997,
        -0.07184584038729402,
        -0.3422949268746505,
        -0.12270325355807549,
        0.08047252198756798,
        0.37763137452662626,
        -0.0968075285174406,
        -0.1814541044538049,
        -0.466034543847702,
        -0.05559747120034822,
        -0.22714855169582127,
        -0.13235985684151844
      ],
      [
        -0.21960833794320905,
        0.0015403756119895698,
        -0.42597814444950766,
        -0.34280559487298146,
        0.5755526588351735,
        -0.32185564531850774,
        -0.24123372468592166,
        0.4888758264994964,
        0.7161483083429784,
        -0.2617555042900532,
        -0.07914938727775374,
        0.09021156556663779,
        0.4554976953561999,
        -0.2541797626744251,
        -0.02599122421673034,
        0.192656702914322
      ],
      [
        0.10829837521534266,
        -0.068933003632396,
        -0.020001787739359907,
        -0.31976823561772927,
