{
  "labels": [
    "Ancient Architecture",
    "Medieval Architecture",
    "Renaissance Architecture",
    "research"
  ],
  "feature_extractor": {
    "max_features": 32,
    "vocabulary": {
      "ancient": 2,
      "architecture": 4,
      "concept": 12,
      "design": 14,
      "broader": 9,
      "understanding": 27,
      "analysis": 1,
      "researchers": 25,
      "experiments": 15,
      "vocabulary": 30,
      "foundational": 16,
      "models": 20,
      "common": 10,
      "awareness": 7,
      "ancient architecture": 3,
      "concept architecture": 13,
      "architecture requires": 6,
      "relationships neighboring": 22,
      "researchers practitioners": 26,
      "architecture explain": 5,
      "vocabulary foundational": 31,
      "common techniques": 11,
      "awareness open": 8,
      "medieval": 18,
      "medieval architecture": 19,
      "renaissance": 23,
      "renaissance architecture": 24,
      "reasoning": 21,
      "long": 17,
      "video": 28,
      "agentic": 0,
      "video understanding": 29
    },
    "idf": [
      1.916290731874155,
      1.0,
      1.916290731874155,
      1.916290731874155,
      1.0,
      1.2231435513142097,
      1.2231435513142097,
      1.2231435513142097,
      1.2231435513142097,
      1.2231435513142097,
      1.2231435513142097,
      1.2231435513142097,
      1.2231435513142097,
      1.2231435513142097,
      1.2231435513142097,
      1.0,
      1.0,
      1.916290731874155,
      1.916290731874155,
      1.916290731874155,
      1.0,
      1.916290731874155,
      1.2231435513142097,
      1.916290731874155,
      1.916290731874155,
      1.2231435513142097,
      1.2231435513142097,
      1.0,
      1.916290731874155,
      1.916290731874155,
      1.2231435513142097,
      1.2231435513142097
    ]
  },
  "scope": "architecture",
  "grade": "preschool"
}