{
  "labels": [
    "Consequentialism",
    "Hedonism",
    "Utilitarianism",
    "research"
  ],
  "feature_extractor": {
    "max_features": 32,
    "vocabulary": {
      "consequentialism": 5,
      "normative": 13,
      "ethics": 8,
      "broader": 4,
      "requires": 23,
      "methods": 11,
      "analysis": 0,
      "relationships": 21,
      "researchers": 25,
      "apply": 1,
      "experiments": 9,
      "solve": 27,
      "theoretical": 28,
      "vocabulary": 30,
      "awareness": 2,
      "questions": 18,
      "settings": 26,
      "normative ethics": 14,
      "requires studying": 24,
      "relationships neighboring": 22,
      "problems extend": 16,
      "vocabulary foundational": 31,
      "awareness open": 3,
      "questions contemporary": 19,
      "professional settings": 17,
      "utilitarianism": 29,
      "hedonism": 10,
      "moral": 12,
      "ethical": 6,
      "pluralism": 15,
      "reasoning": 20,
      "ethical pluralism": 7
    },
    "idf": [
      1.0,
      1.2231435513142097,
      1.2231435513142097,
      1.2231435513142097,
      1.2231435513142097,
      1.5108256237659907,
      1.916290731874155,
      1.916290731874155,
      1.0,
      1.0,
      1.916290731874155,
      1.0,
      1.916290731874155,
      1.0,
      1.0,
      1.916290731874155,
      1.2231435513142097,
      1.2231435513142097,
      1.2231435513142097,
      1.2231435513142097,
      1.916290731874155,
      1.2231435513142097,
      1.2231435513142097,
      1.2231435513142097,
      1.2231435513142097,
      1.2231435513142097,
      1.2231435513142097,
      1.2231435513142097,
      1.0,
      1.916290731874155,
      1.2231435513142097,
      1.2231435513142097
    ]
  },
  "scope": "normative_ethics",
  "grade": "preschool"
}