{
  "layer_sizes": [
    32,
    16,
    4
  ],
  "learning_rate": 0.3,
  "seed": 42,
  "output_activation": "softmax",
  "weights": [
    [
      [
        0.07617926993860784,
        -0.2502860719610871,
        0.21988365823517084,
        0.28232500709793595,
        -0.4229201186508658,
        -0.3276080743635161,
        0.027355349776180763,
        -0.08659045571631263,
        -0.0034891175976205237,
        -0.22647728840605907,
        0.25736645644189443,
        0.15186765635434218,
        0.0710185372808742,
        0.33639602429040105,
        0.11460251685040829,
        -0.21482311572080956
      ],
      [
        0.09218769602062471,
        -0.23972065020724972,
        0.9296212746289503,
        0.3351311293658738,
        -0.1619740849141613,
        -0.17023238610098534,
        0.27677840553903904,
        -0.03863237051720054,
        -0.1070819555407768,
        -0.13369065844698416,
        -0.10487737525584123,
        -0.17703685358771248,
        0.3321822413241883,
        -0.18783888055943823,
        0.5159241428541396,
        -0.1016037540961539
      ],
      [
        -0.12806068226788433,
        -0.1937332274629327,
        0.18626571492743044,
        0.32942690118035534,
        0.036351814098874474,
        -0.21210231688856857,
        -0.21072505493845048,
        0.1551183893257582,
        0.18652471457931225,
        0.12257226056363471,
        -0.12886046409598628,
        0.015460003263785074,
        0.08368231517575224,
        0.10925787173064638,
        0.21558237577444433,
        0.05589888719367057
      ],
      [
        0.16972839076797372,
        0.02660472197125962,
        0.10455070895605251,
        0.2050058844597675,
        -0.2994502764513233,
        -0.08198100173726189,
        -0.12219791458883945,
        -0.16724926969125256,
        -0.06807439102821926,
        0.36051902129593494,
        -0.17894081619712351,
        0.1994892611449753,
        -0.36620658001338097,
        -0.02913553494805062,
        0.038413447563648284,
        0.14655558283981954
      ],
      [
        0.17780664494821374,
        0.20804676339901804,
        -0.054910408778552924,
        -0.06840412016600951,
        0.27933264882688175,
        -0.049889278868340256,
        -0.32352633185012103,
        -0.2908516111312872,
        -0.22915189972195116,
        0.11107387950077692,
        0.07312339674382858,
        0.13004101101404716,
        -0.05230229869356341,
        0.09422064531757171,
        0.15412277977923106,
        -0.0773366349300596
      ],
      [
        0.11419380938935286,
        -0.15577153066762608,
        -0.05849260235771146,
        -0.04825064549944994,
        -0.23412123288466657,
        0.1196799225484589,
        -0.12195533606632154,
        -0.004406277948495212,
        0.12089783650492891,
        0.09841648749482193,
        0.20386323996938385,
        -0.06720169863025074,
        -0.051313715120468284,
        0.034656169821793315,
        -0.42410842720211056,
        -0.3617781181057718
      ],
      [
        -0.3306749030886006,
        -0.23947371787371094,
        0.12714823269545864,
        -0.1908681747111036,
        -0.06142300429473772,
        0.32312027517776365,
        -0.09283067844815553,
        0.17822278098629424,
        -0.23731560864779078,
        -0.04280309271311121,
        -0.22321926120180363,
        -0.08269408973537876,
        0.2460949067779222,
        -0.3945817345360776,
        0.10674609753082105,
        0.05943390058306947
      ],
      [
        -0.1485374889241986,
        -0.35180450899807686,
        0.050303236212023844,
        -0.08518934926581827,
        0.12300773135126926,
        0.003399838732924174,
        0.3958399718145883,
        -0.06736871449867314,
        -0.2551632013770146,
        0.03160260222641498,
        0.09251613371912851,
        0.2972165663072143,
        0.26328867436921494,
        0.14380348733577042,
        0.36355090409228735,
        -0.2971907635807127
      ],
      [
        -0.15993788318743693,
        -0.2025245695664902,
        -0.08486419909322661,
        -0.39130128162491734,
        -0.1461666931176484,
        -0.055555674274693344,
        -0.36770157362566447,
        -0.2538947703018854,
        0.009505161314255984,
        0.5063496437592433,
        0.24797505465605738,
        1.2937926464935139,
        -0.027446323613419837,
        -0.3605075205877986,
        -0.5330115701828273,
        0.06692786558595895
      ],
      [
        -0.2032352738275815,
        -0.0941293604458846,
        -0.1207533404813955,
        0.011986106396036006,
        0.3313337362095042,
        0.03719894421339962,
        -0.04426346027531266,
        -0.26644324583686996,
        -0.4179595643976376,
        -0.13479328378099678,
        0.024071325021607127,
        0.3994021508920759,
        0.08707949325879163,
        0.30027060030415725,
        -0.12709871834739114,
        -0.29623594160425615
      ],
      [
        -0.24127919055809297,
        -0.17159656153490158,
        0.5643882923923477,
        -0.15816284180596413,
        0.27446097944667946,
        -0.22779499216969315,
        0.22828850220292043,
        0.08870793389604871,
        -0.03844830263607093,
        -0.023406938046522597,
        -0.1261799611311603,
        0.06893772286762531,
        -0.05923500719462484,
        -0.2518157183934192,
        -0.3217592122925079,
        0.04314697943052987
      ],
      [
        0.3947728141026087,
        0.05091768431269368,
        -0.02493898714157738,
        0.05378288062469568,
        0.21214252424373767,
        0.054845625340964085,
        -0.10273180770843429,
        0.2765721775149722,
        0.08136162190979354,
        0.49524574866861576,
        -0.04839426629460691,
        -0.09411962168324442,
        -0.3911830555360732,
        0.37031086159037524,
        0.43091643019582426,
        -0.04487980332065016
      ],
      [
        -0.09579683028399694,
        0.3762808539798847,
        -0.2720408261249786,
        -0.2413554090148966,
        0.04647378748929256,
        -0.0986512807148974,
        -0.001280466680017824,
        -0.040860724631128144,
        0.058566149494123566,
        0.463177215998047,
        -0.07155664887464704,
        0.37298233456609503,
        -0.5616862809824129,
        -0.05460072194996667,
        -0.21080756757321778,
        -0.304703265105907
      ],
      [
        -0.2195380917321877,
        -0.0738209055761663,
        0.2612464948725597,
        -0.28441435143475857,
        0.07249655166119759,
        -0.12310555598133117,
        -0.08652302460613079,
        0.24315964869573395,
        0.1352400310294332,
        0.3211332203480219,
        -0.0011094570862878756,
        -0.21656598042057065,
        -0.0014538413295546956,
        0.11520992036619854,
        0.04186852090082464,
        -0.27109701805834163
      ],
      [
        0.022622445406968554,
        0.06676703713376303,
        0.6616393686670367,
        0.5163949808205499,
        -0.14847215912711179,
        -0.07390903803523058,
        -0.37046525147489134,
        -0.1552065611212887,
        0.0796124226760368,
        0.28824709870939436,
        -0.14475399670971484,
        -0.20611693751984403,
        -0.4823113945440938,
        0.013919242412166164,
        -0.26787842167749387,
        -0.13235985684151844
      ],
      [
        -0.21921519454189706,
        -0.013855683964102482,
        -0.4071612385556015,
        -0.3195774833476152,
        0.597150456519668,
        -0.3239188429664443,
        -0.2788011456293005,
        0.45169857444991146,
        0.7269779640885534,
        -0.30610796371899945,
        -0.05454527647082041,
        0.04280856023223256,
        0.4866852739919683,
        -0.1921285470586663,
        -0.06359428019813056,
        0.194334394015436
      ],
      [
        0.10869151861665466,
        -0.0794793099150793,
