{
  "labels": [
    "Origin of the Universe",
    "The Nature of Space",
    "Time & Causality",
    "research"
  ],
  "feature_extractor": {
    "max_features": 32,
    "vocabulary": {
      "origin": 20,
      "universe": 30,
      "core": 4,
      "cosmology": 6,
      "definitions": 9,
      "development": 15,
      "principles": 22,
      "design": 13,
      "solve": 24,
      "vocabulary": 31,
      "contemporary": 2,
      "academic": 0,
      "settings": 23,
      "origin universe": 21,
      "core concept": 5,
      "cosmology philosophical": 7,
      "definitions historical": 10,
      "design experiments": 14,
      "solve practical": 25,
      "contemporary applications": 3,
      "time": 28,
      "causality": 1,
      "time causality": 29,
      "nature": 18,
      "space": 26,
      "nature space": 19,
      "hubble": 16,
      "tension": 27,
      "desi": 11,
      "data": 8,
      "hubble tension": 17,
      "desi dr2": 12
    },
    "idf": [
      1.2231435513142097,
      1.916290731874155,
      1.2231435513142097,
      1.2231435513142097,
      1.2231435513142097,
      1.2231435513142097,
      1.0,
      1.2231435513142097,
      1.916290731874155,
      1.2231435513142097,
      1.2231435513142097,
      1.916290731874155,
      1.916290731874155,
      1.2231435513142097,
      1.2231435513142097,
      1.2231435513142097,
      1.916290731874155,
      1.916290731874155,
      1.916290731874155,
      1.916290731874155,
      1.916290731874155,
      1.916290731874155,
      1.2231435513142097,
      1.2231435513142097,
      1.0,
      1.2231435513142097,
      1.916290731874155,
      1.916290731874155,
      1.5108256237659907,
      1.916290731874155,
      1.916290731874155,
      1.2231435513142097
    ]
  },
  "scope": "cosmology",
  "grade": "preschool"
}