{
  "layer_sizes": [
    32,
    16,
    3
  ],
  "learning_rate": 0.3,
  "seed": 42,
  "output_activation": "softmax",
  "weights": [
    [
      [
        0.07617926993860784,
        -0.2642792140828232,
        0.22274310199222583,
        0.22917695685751915,
        -0.46960346473723513,
        -0.3255448767155795,
        0.03196010079182134,
        -0.05034480948621092,
        0.031177327503162898,
        -0.18675835595219464,
        0.23664196946484178,
        0.1950544889418053,
        0.022314445915221342,
        0.2818103017420082,
        0.13988300299054449,
        -0.2031047501456775
      ],
      [
        0.09218769602062471,
        -0.24400383772994905,
        0.2547428783674296,
        -0.018445699986847534,
        -0.02806025846009103,
        -0.17023238610098534,
        0.30563533466850756,
        -0.009916531917515898,
        -0.07170433866154172,
        -0.06153076168085698,
        0.14986977213747182,
        0.09196752117558774,
        0.10898992442391447,
        0.10770525075197068,
        0.5584175676451484,
        -0.0898853885210218
      ],
      [
        -0.12806068226788433,
        -0.20344318206196943,
        0.16246952550277993,
        0.2418498488987417,
        -0.09484602193328816,
        -0.210039119240632,
        -0.2061203039228099,
        0.7829846548089212,
        0.2927696041473093,
        0.5995403501773288,
        -0.31315386848381427,
        -0.05315158993985728,
        0.029171452285182056,
        0.05467214918225324,
        0.5730055440480452,
        0.1090936801474759
      ],
      [
        0.16972839076797372,
        0.016894767372222865,
        0.08075451953140196,
        0.11742883217815388,
        -0.4306481124834859,
        -0.07991780408932533,
        -0.11759316357319888,
        0.4606169957919102,
        0.03817049853977772,
        0.837487110909629,
        -0.36323422058495153,
        0.13087766794133304,
        -0.4207174429039512,
        -0.08372125749644371,
        0.39583661583724905,
        0.1997503757936248
      ],
      [
        0.17780664494821374,
        0.19405362127728198,
        -0.05205096502149798,
        -0.1215521704064261,
        0.23264930274051276,
        -0.04782608122040372,
        -0.31892158083448047,
        -0.25460596490118576,
        -0.19448545462116773,
        0.15079281195464136,
        0.052398909766775865,
        0.17322784360151028,
        -0.10100639005921619,
        0.03963492276917856,
        0.17940326591936726,
        -0.06561826935492751
      ],
      [
        0.11419380938935286,
        -0.16976467278936214,
        -0.05563315860065655,
        -0.10139869573986658,
        -0.28080457897103595,
        0.12174312019639545,
        -0.11735058505068097,
        0.0318393682816065,
        0.15556428160571234,
        0.13813541994868636,
        0.1831387529923312,
        -0.024014866042787696,
        -0.10001780648612106,
        -0.019929552726599763,
        -0.3988279410619745,
        -0.3500597525306397
      ],
      [
        -0.3306749030886006,
        -0.25359489442306976,
        0.13507385972147065,
        -0.2323339860802995,
        -0.07638530608362329,
        0.32480707444651635,
        -0.08906599276535648,
        0.21309473071645632,
        -0.19802680312323415,
        -0.02485676352570707,
        -0.22071303797851066,
        -0.08415176389057247,
        0.2158838058892661,
        -0.43183010579808717,
        0.1316115783139974,
        0.07115226615820158
      ],
      [
        -0.1485374889241986,
        -0.36579765111981294,
        0.05316267996907877,
        -0.13833739950623491,
        0.0763243852649001,
        0.00546303638086072,
        0.40044472283022886,
        -0.031123068268571433,
        -0.2204967562762311,
        0.07132153468027946,
        0.0717916467420758,
        0.3404033988946774,
        0.21458458300356184,
        0.08921776478737733,
        0.3888313902324234,
        -0.2854723980055806
      ],
      [
        -0.15993788318743693,
        -0.23592717287408055,
        -0.06232214774833059,
        -0.3501357591293615,
        0.17694306912982538,
        -0.055555674274693344,
        -0.36770157362566447,
        -0.22517893170220077,
        0.11375607874178391,
        0.23603426791479565,
        0.515975198672081,
        0.7290721215864009,
        0.10940912984391647,
        -0.24738453000796604,
        -0.5100059027552942,
        0.07864623116109104
      ],
      [
        -0.2032352738275815,
        -0.10383931504492133,
        0.3628684834680243,
        -0.035197721604096316,
        0.003336222343779303,
        0.039262141861336156,
        -0.039658709259672076,
        -0.8595105379525592,
        0.10877154157693879,
        -0.33690424563828975,
        -0.07059927113864259,
        0.7912734925263957,
        0.10775075070656329,
        0.2456848777557644,
        -0.2307245372217304,
        -0.29623594160425615
      ],
      [
        -0.24127919055809297,
        -0.1813065161339383,
        1.0480101163417672,
        -0.20534666980609653,
        -0.053536534419045365,
        -0.2257317945217566,
        0.23289325321856102,
        -0.5043593582196406,
        0.4882828033385056,
        -0.22551789990381568,
        -0.22085055729141012,
        0.4608090645019447,
        -0.03856374974685326,
        -0.30640144094181204,
        -0.42538503116684734,
        0.04314697943052987
      ],
      [
        0.3947728141026087,
        0.03571471587066025,
        0.005470721513140781,
        0.06549231266035141,
        0.3446557678529302,
        0.054845625340964085,
        -0.10273180770843429,
        0.3052880161146566,
        0.1425667264946385,
        0.41044162394019845,
        0.06260108505461108,
        -0.3055107528455568,
        -0.33623302828649876,
        0.4127319830578124,
        0.4539220976233572,
        -0.0331614377455181
      ],
      [
        -0.09579683028399694,
        0.36107788553785125,
        -0.2416311174702606,
        -0.2296459769792409,
        0.1789870310984854,
        -0.0986512807148974,
        -0.001280466680017824,
        -0.012144886031443503,
        0.11977125407896848,
        0.37837309126962965,
        0.03943870247457091,
        0.1615912034037827,
        -0.5067362537328386,
        -0.012179600482529487,
        -0.1878019001456847,
        -0.2929848995307749
      ],
      [
        -0.2195380917321877,
        -0.08781404769790233,
        0.2641059386296147,
        -0.3375624016751753,
        0.025813205574828503,
        -0.12104235833339462,
        -0.08191827359049021,
        0.27940529492583543,
        0.16990647613021662,
        0.36085215280188637,
        -0.02183394406334056,
        -0.17337914783310754,
        -0.050157932695207554,
        0.0606241978178054,
        0.06714900704096079,
        -0.2593786524832095
      ],
      [
        0.022622445406968554,
        0.05277389501202698,
        0.6644988124240916,
        0.4632469305801332,
        -0.1951555052134807,
        -0.07184584038729402,
        -0.3658605004592508,
        -0.11896091489118703,
        0.11427886777682021,
        0.32796603116325884,
        -0.16547848368676749,
        -0.16293010493238091,
        -0.5310154859097467,
        -0.04066648013622692,
        -0.24259793553735776,
        -0.12064149126638635
      ],
      [
        -0.21921519454189706,
        -0.0492647636993351,
        -0.22865027959548925,
        -0.4025466447894535,
        0.641243772564419,
        -0.32185564531850774,
        -0.2741963946136599,
        0.631523413678436,
        0.938532493585512,
        -0.13387590155913293,
        0.008692615297799544,
        0.0890279182425367,
        0.4670150402509019,
        -0.24671426960705936,
        0.07671454307967075,
        0.2646445874662284
      ],
      [
        0.10869151861665466,
        -0.09832220533022412,
        0.0016745619116011361,
