{
  "labels": [
    "Class Definitions",
    "Constructors",
    "Methods",
    "research"
  ],
  "feature_extractor": {
    "max_features": 32,
    "vocabulary": {
      "class": 0,
      "definitions": 14,
      "core": 13,
      "concept": 8,
      "python": 26,
      "classes": 2,
      "code": 3,
      "generation": 20,
      "computer": 6,
      "understanding": 30,
      "methods": 24,
      "design": 15,
      "experiments": 16,
      "frameworks": 19,
      "models": 25,
      "common": 4,
      "questions": 28,
      "contemporary": 11,
      "class definitions": 1,
      "concept python": 9,
      "python classes": 27,
      "computer science": 7,
      "vocabulary foundational": 31,
      "common techniques": 5,
      "contemporary applications": 12,
      "constructors": 10,
      "reasoning": 29,
      "large": 23,
      "knowledge": 22,
      "kg": 21,
      "factual": 17,
      "factual knowledge": 18
    },
    "idf": [
      1.916290731874155,
      1.916290731874155,
      1.0,
      1.0,
      1.2231435513142097,
      1.2231435513142097,
      1.2231435513142097,
      1.2231435513142097,
      1.2231435513142097,
      1.2231435513142097,
      1.916290731874155,
      1.2231435513142097,
      1.2231435513142097,
      1.2231435513142097,
      1.2231435513142097,
      1.0,
      1.0,
      1.916290731874155,
      1.916290731874155,
      1.0,
      1.0,
      1.916290731874155,
      1.916290731874155,
      1.916290731874155,
      1.2231435513142097,
      1.0,
      1.0,
      1.0,
      1.0,
      1.916290731874155,
      1.2231435513142097,
      1.2231435513142097
    ]
  },
  "scope": "python_classes",
  "grade": "preschool"
}