{
  "labels": [
    "Optical Communication",
    "Satellite Communication",
    "Wireless Communication",
    "research"
  ],
  "feature_extractor": {
    "max_features": 32,
    "vocabulary": {
      "wireless": 30,
      "communication": 2,
      "core": 12,
      "concept": 8,
      "communications": 6,
      "engineering": 14,
      "requires": 20,
      "relationships": 18,
      "researchers": 22,
      "solve": 27,
      "frameworks": 15,
      "common": 0,
      "contemporary": 10,
      "settings": 26,
      "wireless communication": 31,
      "communication core": 3,
      "core concept": 13,
      "concept communications": 9,
      "communications engineering": 7,
      "communication requires": 5,
      "requires studying": 21,
      "studying definitions": 28,
      "relationships neighboring": 19,
      "researchers practitioners": 23,
      "communication explain": 4,
      "vocabulary foundational": 29,
      "common techniques": 1,
      "contemporary applications": 11,
      "optical": 16,
      "optical communication": 17,
      "satellite": 24,
      "satellite communication": 25
    },
    "idf": [
      1.2231435513142097,
      1.2231435513142097,
      1.2231435513142097,
      1.2231435513142097,
      1.2231435513142097,
      1.2231435513142097,
      1.2231435513142097,
      1.2231435513142097,
      1.2231435513142097,
      1.2231435513142097,
      1.2231435513142097,
      1.2231435513142097,
      1.0,
      1.2231435513142097,
      1.0,
      1.0,
      1.916290731874155,
      1.916290731874155,
      1.2231435513142097,
      1.2231435513142097,
      1.2231435513142097,
      1.2231435513142097,
      1.2231435513142097,
      1.2231435513142097,
      1.916290731874155,
      1.916290731874155,
      1.2231435513142097,
      1.2231435513142097,
      1.2231435513142097,
      1.2231435513142097,
      1.916290731874155,
      1.916290731874155
    ]
  },
  "scope": "communications_engineering",
  "grade": "preschool"
}