{
  "labels": [
    "Gurmat Theology",
    "Sant Tradition",
    "Sikh Mysticism",
    "research"
  ],
  "feature_extractor": {
    "max_features": 32,
    "vocabulary": {
      "gurmat": 16,
      "theology": 30,
      "core": 3,
      "sikhism": 29,
      "dharmic": 12,
      "religions": 20,
      "requires": 22,
      "definitions": 6,
      "development": 10,
      "design": 8,
      "academic": 0,
      "gurmat theology": 17,
      "core concept": 4,
      "dharmic religions": 13,
      "religions broader": 21,
      "definitions historical": 7,
      "development key": 11,
      "researchers practitioners": 23,
      "design experiments": 9,
      "academic professional": 1,
      "sikh": 27,
      "mysticism": 19,
      "sikh mysticism": 28,
      "sant": 24,
      "tradition": 31,
      "sant tradition": 25,
      "law": 18,
      "digits": 14,
      "significant": 26,
      "data": 5,
      "distribution": 15,
      "adherent": 2
    },
    "idf": [
      1.2231435513142097,
      1.2231435513142097,
      1.916290731874155,
      1.2231435513142097,
      1.2231435513142097,
      1.916290731874155,
      1.2231435513142097,
      1.2231435513142097,
      1.2231435513142097,
      1.2231435513142097,
      1.2231435513142097,
      1.2231435513142097,
      1.2231435513142097,
      1.2231435513142097,
      1.916290731874155,
      1.916290731874155,
      1.916290731874155,
      1.916290731874155,
      1.916290731874155,
      1.916290731874155,
      1.0,
      1.2231435513142097,
      1.2231435513142097,
      1.2231435513142097,
      1.916290731874155,
      1.916290731874155,
      1.916290731874155,
      1.916290731874155,
      1.916290731874155,
      1.0,
      1.916290731874155,
      1.916290731874155
    ]
  },
  "scope": "sikhism",
  "grade": "preschool"
}