{
  "layer_sizes": [
    32,
    16,
    4
  ],
  "learning_rate": 0.3,
  "seed": 42,
  "output_activation": "softmax",
  "weights": [
    [
      [
        0.08305047630369981,
        -0.24166153611729999,
        0.19876908240463,
        0.23909393893287073,
        -0.4608018754331397,
        -0.3255448767155795,
        0.03196010079182134,
        -0.06739864794743418,
        0.0117963642827451,
        -0.19043664603567168,
        0.20743416820144409,
        0.2022654933715098,
        0.01650767439030401,
        0.3170466935483938,
        0.1317042756049943,
        -0.21482311572080956
      ],
      [
        0.09218769602062471,
        -0.1209405382889743,
        0.5536588956304302,
        0.22486442226175354,
        -0.38273554039808244,
        -0.17023238610098534,
        0.30563533466850756,
        0.06030514533875306,
        -0.17721844693297606,
        0.12138547687946269,
        0.10584575177283478,
        -0.0011819448177822261,
        0.1031831528989971,
        0.5132012781782924,
        0.525277462194274,
        -0.1016037540961539
      ],
      [
        -0.12118947590279235,
        -0.18510869161914542,
        0.1651511390968896,
        0.28619583301529006,
        -0.0015299426833992999,
        -0.210039119240632,
        -0.2061203039228099,
        0.17431019709463655,
        0.20181019645967796,
        0.15861290293402208,
        -0.17879275233643663,
        0.06585784028095279,
        0.029171452285182056,
        0.08990854098863882,
        0.23268413452903033,
        0.05589888719367057
      ],
      [
        0.1673740954045665,
        0.0209969858977396,
        0.09587752960841688,
        0.16265684916179152,
        -0.30291574536477944,
        -0.07991780408932533,
        -0.11759316357319888,
        -0.14545516179605103,
        -0.04063520349403851,
        0.4072201358467725,
        -0.22196934949519304,
        0.19506623653857424,
        -0.4207174429039512,
        -0.024078761406853777,
        0.05882374237432522,
        0.14655558283981954
      ],
      [
        0.17545234958480652,
        0.20243902732549807,
        -0.06358358812618856,
        -0.11075315546398537,
        0.2758671799134255,
        -0.04782608122040372,
        -0.31892158083448047,
        -0.2690575032360857,
        -0.2017127121877704,
        0.15777499405161458,
        0.03009486344575909,
        0.1256179864076461,
        -0.10681316158413356,
        0.09927741885876849,
        0.17453307458990802,
        -0.0773366349300596
      ],
      [
        0.1647608724956806,
        -0.07935959702250836,
        -0.1375383907096757,
        -0.09543447349958227,
        -0.4324469911417518,
        0.12174312019639545,
        -0.11735058505068097,
        0.0031235296819218574,
        0.07984044935754424,
        0.08546571673997551,
        0.12087697864436037,
        0.24123999380401714,
        -0.10582457801103844,
        -0.09768452569540448,
        -0.42183360848950746,
        -0.3617781181057718
      ],
      [
        -0.3330291984520077,
        -0.24520948837485368,
        0.12354123661677999,
        -0.2215349711378588,
        -0.03316742891071049,
        0.32480707444651635,
        -0.08906599276535648,
        0.19864319238155606,
        -0.20525406068983681,
        -0.017874581428734007,
        -0.24301708429952754,
        -0.13176162108443654,
        0.21007703436434888,
        -0.372187609708497,
        0.12674138698453818,
        0.05943390058306947
      ],
      [
        -0.15089178428760583,
        -0.357412245071597,
        0.04163005686438826,
        -0.12753838456379418,
        0.11954226243781295,
        0.00546303638086072,
        0.40044472283022886,
        -0.04557460660347163,
        -0.22772401384283383,
        0.07830371677725247,
        0.04948760042105907,
        0.29279354170081323,
        0.20877781147864463,
        0.1488602608769672,
        0.3839611989029643,
        -0.2971907635807127
      ],
      [
        -0.11788268846036158,
        -0.15338686291146209,
        -0.11884163189088728,
        -0.34021877705401005,
        0.09286586398367212,
        -0.055555674274693344,
        -0.36770157362566447,
        -0.2422327701634242,
        0.06630267696574478,
        0.21414922257421926,
        0.45513037571009074,
        0.9212664450982834,
        0.1036023583189991,
        -0.2662491655495266,
        -0.5181846301408444,
        0.06692786558595895
      ],
      [
        -0.10210114761492589,
        0.06840446144338751,
        -0.2465740579017676,
        -0.035197721604096316,
        -0.00047910179207255187,
        0.039262141861336156,
        -0.039658709259672076,
        -0.2589134382064529,
        -0.49936316691395505,
        -0.17391113180335374,
        -0.10438423490225247,
        0.9737052082577169,
        0.03256863036822146,
        0.09017493181815496,
        -0.12482389963478802,
        -0.29623594160425615
      ],
      [
        -0.2436334859215002,
        -0.17720429760842155,
        0.555715113044712,
        -0.20051187710394014,
        0.2709955105332233,
        -0.2257317945217566,
        0.23289325321856102,
        0.11050204179125021,
        -0.011009115101890185,
        0.023294176504315,
        -0.16920849442922983,
        0.06451469826122422,
        -0.113745870085195,
        -0.24675894485222194,
        -0.30134891748183096,
        0.04314697943052987
      ],
      [
        0.40164402046770065,
        0.0583323938361835,
        -0.018503298074455006,
        0.07540929473570306,
        0.3534573571570256,
        0.054845625340964085,
        -0.10273180770843429,
        0.2882341776534335,
        0.12318576327422069,
        0.4067633338567215,
        0.0333932837912135,
        -0.2982997484158517,
        -0.34203979981141625,
        0.447968374864198,
        0.44574337023780713,
        -0.04487980332065016
      ],
      [
        -0.09579683028399694,
        0.511860051987277,
        -0.6531005981224156,
        -0.2236817547389566,
        -0.01222796960594682,
        -0.0986512807148974,
        -0.001280466680017824,
        -0.331136943751371,
        -0.004565608862047909,
        0.8266859214479427,
        0.0053048300964413115,
        0.1584544730557324,
        -0.5125430252577556,
        0.544690649541852,
        0.1501028268758603,
        -0.304703265105907
      ],
      [
        -0.2195380917321877,
        0.06296811875152365,
        -0.1473635420225404,
        -0.331598179434891,
        -0.16540179512960348,
        -0.12104235833339462,
        -0.08191827359049021,
        -0.03958676279409183,
        0.045569613189200164,
        0.8091649829801995,
        -0.05596781644147019,
        -0.17651587818115783,
        -0.05596470422012488,
        0.617494447842187,
        0.4050537340625061,
        -0.27109701805834163
      ],
      [
        0.008496673226525434,
        -0.01449234384575484,
        0.5005153032916767,
        0.3060679475764165,
        0.4273703216935106,
        -0.07184584038729402,
        -0.3658605004592508,
        -0.14218939781057302,
        0.30458494119317214,
        0.33282963409832267,
        -0.1932941005796666,
        -0.370635220101852,
        -0.5368222574346637,
        -0.011095485037736982,
        -0.14858604537095105,
        -0.13235985684151844
      ],
      [
        -0.21234398817680505,
        -0.0052311481203153,
        -0.4282758143861422,
        -0.3628085515126805,
        0.5592686997373942,
        -0.32185564531850774,
        -0.2741963946136599,
        0.4708903822187898,
        0.7422634459689189,
        -0.27006732134861194,
        -0.10447756471127068,
        0.0932063972494002,
        0.4321744111013981,
        -0.2114778778006738,
        -0.046492521443544536,
        0.194334394015436
      ],
      [
        0.1243587220722425,
        -0.060723869365427015,
        -0.03043582381473486,
        -0.3397711922574283,
