{
  "layer_sizes": [
    32,
    16,
    3
  ],
  "learning_rate": 0.3,
  "seed": 42,
  "output_activation": "softmax",
  "weights": [
    [
      [
        0.07617926993860784,
        -0.26408871229295194,
        0.24790723821650856,
        0.2555648705665366,
        -0.4674935578563477,
        -0.31350072039435517,
        0.03196010079182134,
        -0.017966428849026644,
        -0.004200289376072199,
        -0.1804739474392735,
        0.2173616744215462,
        0.20407432273174952,
        0.014258334912809256,
        0.2818103017420082,
        0.14750836822873076,
        -0.20269356180536377
      ],
      [
        0.09218769602062471,
        -0.24381333594007779,
        0.27990701459171224,
        0.007942213722169961,
        -0.02595035157920371,
        -0.15818822977976105,
        0.30563533466850756,
        0.022461848719668373,
        -0.1070819555407768,
        -0.055246353167935865,
        0.13058947709417623,
        0.1009873549655319,
        0.10093381342150234,
        0.10770525075197068,
        0.5660429328833348,
        -0.08947420018070809
      ],
      [
        -0.12806068226788433,
        -0.2075358677947975,
        0.21428929490876816,
        0.302666764648956,
        -0.008221625106607351,
        -0.1979949629194077,
        -0.2061203039228099,
        0.22374241619304425,
        0.18581354280086057,
        0.16857560153042025,
        -0.16886524611633452,
        0.06766666964119228,
        0.0269221128076873,
        0.05467214918225324,
        0.24848822715276678,
        0.06802844110911634
      ],
      [
        0.16972839076797372,
        0.012802081639394806,
        0.13257428893739026,
        0.17824574792836836,
        -0.34402371565680523,
        -0.06787364776810098,
        -0.11759316357319888,
        -0.09862524282396654,
        -0.06878556280667093,
        0.40652236226272015,
        -0.21894559821747173,
        0.2516959275223826,
        -0.42296678238144597,
        -0.08372125749644371,
        0.07131929894197081,
        0.15868513675526533
      ],
      [
        0.17780664494821374,
        0.19424412306715325,
        -0.026886828797215136,
        -0.09516425669740862,
        0.23475920962139982,
        -0.03578192489917938,
        -0.31892158083448047,
        -0.22222758426400116,
        -0.22986307150040283,
        0.1570772204675625,
        0.03311861472348033,
        0.1822476773914545,
        -0.10906250106162832,
        0.03963492276917856,
        0.1870286311575535,
        -0.0652070810146138
      ],
      [
        0.11419380938935286,
        -0.16957417099949088,
        -0.030469022376373674,
        -0.0750107820308491,
        -0.27869467209014853,
        0.13378727651761976,
        -0.11735058505068097,
        0.06421774891879078,
        0.12018666472647724,
        0.14441982846160747,
        0.16385845794903564,
        -0.014995032252843547,
        -0.10807391748853319,
        -0.019929552726599763,
        -0.39120257582378815,
        -0.349648564190326
      ],
      [
        -0.3306749030886006,
        -0.2615897640988546,
        0.2808268744755419,
        -0.16509868943381562,
        -0.03374492058851318,
        0.3609395434101895,
        -0.08906599276535648,
        0.36766154982737836,
        -0.23340442000246925,
        0.047001713895457056,
        -0.24496897161012826,
        -0.05587925235160357,
        0.20332901593186464,
        -0.43183010579808717,
        0.20049900888362254,
        0.09582256232940681
      ],
      [
        -0.1485374889241986,
        -0.3656071493299417,
        0.0783268161933616,
        -0.1119494857972174,
        0.0784342921457874,
        0.01750719270208506,
        0.40044472283022886,
        0.0012553123686128555,
        -0.25587437315546624,
        0.07760594319320058,
        0.05251135169878031,
        0.3494232326846215,
        0.20652847200114988,
        0.08921776478737733,
        0.39645675547060977,
        -0.28506120966526693
      ],
      [
        -0.15993788318743693,
        -0.2357366710842093,
        -0.03715801152404773,
        -0.3237478454203441,
        0.17905297601071243,
        -0.043511517953469005,
        -0.36770157362566447,
        -0.19280055106501642,
        0.07837846186254882,
        0.2423186764277168,
        0.4966949036287855,
        0.7380919553763446,
        0.10135301884150434,
        -0.24738453000796604,
        -0.5023805375171078,
        0.07905741950140475
      ],
      [
        -0.2032352738275815,
        -0.10793200077774939,
        -0.09272976050005784,
        -0.014774030135363127,
        0.2867602970040223,
        0.0513062981825605,
        -0.039658709259672076,
        -0.19781921896958396,
        -0.41867073617608924,
        -0.08878994281421121,
        -0.0159334569987411,
        0.4516088172694831,
        0.030319290890726706,
        0.2456848777557644,
        -0.0941928669690686,
        -0.28410638768881036
      ],
      [
        -0.24127919055809297,
        -0.18539920186676637,
        0.5924118723736854,
        -0.18492297833736326,
        0.2298875402411976,
        -0.2136876382005323,
        0.23289325321856102,
        0.15733196076333475,
        -0.0391594744145226,
        0.022596402920263006,
        -0.16618474315150855,
        0.12114438924503246,
        -0.11599520956268976,
        -0.30640144094181204,
        -0.2888533609141855,
        0.05527653334597566
      ],
      [
        0.3947728141026087,
        0.0359052176605315,
        0.03063485773742359,
        0.09188022636936889,
        0.3467656747338176,
        0.06688978166218844,
        -0.10273180770843429,
        0.3376663967518412,
        0.10718910961540337,
        0.4167260324531192,
        0.04332079001131555,
        -0.2964909190556127,
        -0.34428913928891103,
        0.4127319830578124,
        0.4615474628615436,
        -0.03275024940520437
      ],
      [
        -0.09579683028399694,
        0.3612683873277225,
        -0.21646698124597782,
        -0.20325806327022333,
        0.18109693797937246,
        -0.08660712439367305,
        -0.001280466680017824,
        0.02023349460574077,
        0.08439363719973339,
        0.38465749978255037,
        0.020158407431275407,
        0.17061103719372692,
        -0.5147923647352505,
        -0.012179600482529487,
        -0.18017653490749846,
        -0.2925737111904612
      ],
      [
        -0.2195380917321877,
        -0.08353086017520302,
        0.7916517906805732,
        -0.5248240338479704,
        0.12487436192838483,
        -0.4473071506414753,
        -0.08191827359049021,
        0.8586570668988899,
        0.13452885925098151,
        0.7668048682797833,
        -0.1897185468290808,
        -0.3932136186599894,
        -0.05596470422012488,
        0.0606241978178054,
        0.3302608583674835,
        -0.27109701805834163
      ],
      [
        0.022622445406968554,
        0.052964396801898225,
        0.6896629486483744,
        0.4896348442891506,
        -0.19304559833259366,
        -0.05980168406606968,
        -0.3658605004592508,
        -0.08658253425400268,
        0.07890125089758512,
        0.33425043967617957,
        -0.18475877873006308,
        -0.1539102711424367,
        -0.5390715969121586,
        -0.04066648013622692,
        -0.23497257029917137,
        -0.12023030292607266
      ],
      [
        -0.21921519454189706,
        -0.027658324295967308,
        -0.37913765857426385,
        -0.34633761987901457,
        0.5525770173141865,
        -0.3098114889972834,
        -0.2741963946136599,
        0.5203226013171972,
        0.7262667923101017,
        -0.26010462275221424,
        -0.09455005849116858,
        0.09501522660963971,
        0.4299250716239033,
        -0.24671426960705936,
        -0.030688428819808034,
        0.2064639479308818
      ],
      [
        0.10869151861665466,
        -0.09813170354035287,
        0.026838698135883937,
