{
  "layer_sizes": [
    32,
    16,
    4
  ],
  "learning_rate": 0.3,
  "seed": 42,
  "output_activation": "softmax",
  "weights": [
    [
      [
        0.0840093040897436,
        -0.09927126159156036,
        0.153884633700203,
        0.18790950892557756,
        -0.5698044529196823,
        -0.3255448767155795,
        0.02885524706129731,
        0.023035025551583873,
        -0.0010290917540871874,
        -0.22758252481149696,
        0.15291428176834948,
        0.238494526232865,
        0.01650767439030401,
        0.20891962552671903,
        0.23595501876466626,
        -0.21482311572080956
      ],
      [
        0.10001773017176047,
        -0.07899588523868613,
        0.18588441007540682,
        -0.05971314791878914,
        -0.12826124664253824,
        -0.17023238610098534,
        0.30253048093798346,
        0.0634633031202789,
        -0.10391075791879179,
        -0.1023549305401593,
        0.0661420844409796,
        0.13540755846664743,
        0.1031831528989971,
        0.034814574536681506,
        0.6544895834192701,
        -0.1016037540961539
      ],
      [
        -0.12806068226788433,
        -0.22866341878427757,
        0.19153538680538285,
        0.3164199416451497,
        0.04463808447378063,
        -0.1978975948701615,
        -0.2061203039228099,
        0.16775763621752768,
        0.18077633777884183,
        0.15912031098522547,
        -0.12011058125196127,
        0.05076302345443974,
        0.029171452285182056,
        0.09021196134502406,
        0.20226392820230857,
        0.05589888719367057
      ],
      [
        0.16972839076797372,
        -0.008325469350085393,
        0.10982038083400492,
        0.19199892492456175,
        -0.29116400607641707,
        -0.0677762797188549,
        -0.11759316357319888,
        -0.15461002279948308,
        -0.0738227678286896,
        0.39706707171752564,
        -0.17019093335309848,
        0.23479228133563002,
        -0.4207174429039512,
        -0.0481814453336729,
        0.02509499999151243,
        0.14655558283981954
      ],
      [
        0.1908567018667733,
        0.4662114170809208,
        -0.1433948768144615,
        -0.19430739845318498,
        0.07775121072058323,
        -0.04782608122040372,
        -0.32409633705202057,
        -0.11316234743840434,
        -0.2245777421304278,
        0.10042094781660449,
        -0.075952252561288,
        0.24603224247632166,
        -0.10681316158413356,
        -0.08184953758963676,
        0.3548604038279257,
        -0.0773366349300596
      ],
      [
        0.12463385492420051,
        0.048818201358088675,
        -0.13573434864314976,
        -0.1584100337292168,
        -0.4083541190722241,
        0.12174312019639545,
        -0.121490390024713,
        0.13925109453189446,
        0.12441492822245724,
        0.0925374034500168,
        0.0770993279800531,
        0.03410735204014783,
        -0.10582457801103844,
        -0.117117121013652,
        -0.2630633642206343,
        -0.3617781181057718
      ],
      [
        -0.32931289087390947,
        -0.24197328634154236,
        0.12476848215191004,
        -0.20664374937897548,
        -0.04902781019150843,
        0.3347335661959312,
        -0.0896060732585162,
        0.20631544613641412,
        -0.2369710443473849,
        -0.034775351741016446,
        -0.2113225259465348,
        -0.08304617353218144,
        0.21007703436434888,
        -0.41545310682378317,
        0.116570618931491,
        0.05943390058306947
      ],
      [
        -0.14717547670950756,
        -0.35417604303828565,
        0.04285730239951826,
        -0.11264716280491084,
        0.10368188115701502,
        0.01538952813027553,
        0.3999046423370691,
        -0.03790235284861358,
        -0.2594409975003816,
        0.0614029464649701,
        0.0811821587740518,
        0.34150898925306833,
        0.20877781147864463,
        0.10559476376168149,
        0.37379043084991725,
        -0.2971907635807127
      ],
      [
        -0.15993788318743693,
        -0.2568642220736895,
        -0.059911919627433086,
        -0.3099946684241504,
        0.23191268559110037,
        -0.04341414990422291,
        -0.36770157362566447,
        -0.24878533104053302,
        0.07334125684053015,
        0.232863385882522,
        0.545449568493159,
        0.7211883091895921,
        0.1036023583189991,
        -0.21184471784519515,
        -0.5486048364675666,
        0.06692786558595895
      ],
      [
        -0.2032352738275815,
        -0.12905955176722955,
        -0.11548366860344315,
        -0.0010208531391696584,
        0.33962000658441044,
        0.05140366623180658,
        -0.039658709259672076,
        -0.25380399894510036,
        -0.42370794119810773,
        -0.09824523335940594,
        0.03282120786563222,
        0.4347051710827305,
        0.03256863036822146,
        0.28122468991853516,
        -0.1404171659195269,
        -0.29623594160425615
      ],
      [
        -0.2392214276042555,
        -0.3650772820548051,
        0.4774653906006264,
        -0.600298244549016,
        0.7183616133841375,
        0.05292639025843893,
        0.23207728577059916,
        -0.0035220551651054376,
        -0.03832607153787336,
        -0.10168477244205822,
        0.27689551144373337,
        0.2164163263097606,
        -0.113745870085195,
        -0.3255573897283489,
        -0.2504925740731537,
        0.04314697943052987
      ],
      [
        0.40521285963745635,
        0.2542975900181111,
        -0.07463046852935236,
        0.008480974671001198,
        0.21710622775174207,
        0.054845625340964085,
        -0.10687161268246632,
        0.4126997423649449,
        0.11141737311138337,
        0.36484360744152877,
        -0.0434383399576669,
        -0.24738853476262132,
        -0.34203979981141625,
        0.3155444147707602,
        0.5896866744646975,
        -0.04487980332065016
      ],
      [
        -0.09579683028399694,
        0.46504232118690303,
        -0.4872159144292572,
        -0.2234725954061289,
        0.10320753333105134,
        -0.1458696348531031,
        -0.001280466680017824,
        -0.2744065725403866,
        0.05282661699879959,
        0.7645497063739002,
        -0.12516859445724904,
        0.14711880797207894,
        -0.5125430252577556,
        0.2984770705558786,
        -0.2090363047549454,
        -0.304703265105907
      ],
      [
        -0.2195380917321877,
        0.016150387951149394,
        0.018521141670618035,
        -0.3313890201020633,
        -0.04996629219260531,
        -0.1682607124716003,
        -0.08191827359049021,
        0.017143608416892595,
        0.10296183905004777,
        0.7470287679061569,
        -0.1864412409951606,
        -0.1878515432648113,
        -0.05596470422012488,
        0.37128086885621353,
        0.045914602431700265,
        -0.27109701805834163
      ],
      [
        0.022622445406968554,
        -0.018603627632198527,
        0.7419901028680067,
        0.5717417582151975,
        0.006064009022793073,
        -0.03542126727588273,
        -0.3658605004592508,
        -0.1323484357068142,
        0.06378963583152902,
        0.3714586369488388,
        -0.04347042272526509,
        -0.18536853195366979,
        -0.5368222574346637,
        0.06595295635208545,
        -0.31238340181910773,
        -0.13235985684151844
      ],
      [
        -0.20355512623962554,
        0.29788389137398813,
        -0.5068884283419802,
        -0.46122465169219945,
        0.3682204664946283,
        -0.32185564531850774,
        -0.28040610207470795,
        0.6634197293552873,
        0.7326091875540716,
        -0.3215347430425393,
        -0.22593266309172277,
        0.173481972486383,
        0.4321744111013981,
        -0.39249562203763766,
        0.1768359049177823,
        0.194334394015436
      ],
      [
        0.10869151861665466,
        0.005642230318827582,
        -0.24391023504739545,
        -0.34351479275966773,
