{
  "layer_sizes": [
    32,
    16,
    4
  ],
  "learning_rate": 0.3,
  "seed": 42,
  "output_activation": "softmax",
  "weights": [
    [
      [
        0.20353163022303045,
        -0.026782452557934384,
        0.2553778532429354,
        0.05334857316903599,
        -0.8963059149065336,
        -0.3255448767155795,
        0.03196010079182134,
        0.2271430067649116,
        -0.004200289376072199,
        -0.213260981893395,
        -0.2127902766425136,
        0.4526461010407626,
        0.01650767439030401,
        -0.050086905164170296,
        0.6479866110778936,
        -0.4181971755402379
      ],
      [
        0.13814829784864402,
        -0.206895212841171,
        0.30960782243619206,
        0.04013165676921272,
        0.038234956403052835,
        -0.20471878192892862,
        0.30563533466850756,
        0.027775463528633394,
        -0.1070819555407768,
        -0.0880333876220574,
        0.1407761961882208,
        0.06500415085093572,
        0.1031831528989971,
        0.13122305303776144,
        0.5052257783823281,
        -0.07320284452487698
      ],
      [
        -0.08210008043986519,
        -0.1706177446958907,
        0.24399010275324792,
        0.33485620769599894,
        0.05596368287564922,
        -0.24452551506857528,
        -0.2061203039228099,
        0.2290560310020092,
        0.18581354280086057,
        0.13578856707629874,
        -0.15867852702228996,
        0.031683465526596115,
        0.029171452285182056,
        0.07818995146804392,
        0.18767107265176025,
        0.08429979676494748
      ],
      [
        0.16592201945264232,
        0.12678048859922528,
        -0.028340712140072527,
        0.11004626359064147,
        -0.3937156556985337,
        -0.07991780408932533,
        -0.11759316357319888,
        -0.20085659141953424,
        -0.06878556280667093,
        0.37373532780859897,
        -0.3667060109109948,
        0.48882584384203076,
        -0.4207174429039512,
        -0.17094511420907735,
        0.18931710349658615,
        0.24221962065774388
      ],
      [
        0.13052795881906834,
        0.2599750547256085,
        -0.23739404351890636,
        -0.11558794816614179,
        0.31335230430320976,
        -0.04782608122040372,
        -0.31892158083448047,
        -0.4375669208768666,
        -0.22986307150040283,
        0.12429018601344101,
        -0.01075114007800472,
        0.39953432060968946,
        -0.10681316158413356,
        0.03963492276917856,
        0.16787800727792537,
        0.11179242016679881
      ],
      [
        0.17392219454035257,
        -0.09807770011392289,
        -0.0053989113274196575,
        -0.08404209631849574,
        -0.3009816667963422,
        0.0935482318769588,
        -0.11735058505068097,
        0.11067954199371202,
        0.12018666472647724,
        0.11163279400748602,
        0.0973841723153724,
        -0.0012570059243278053,
        -0.10582457801103844,
        -0.05843478538422687,
        -0.35412779014477586,
        -0.37393485397354276
      ],
      [
        -0.2847143012605813,
        -0.2164862695342917,
        0.18993880379023315,
        -0.17375662932423935,
        -0.010090091220479417,
        0.290320678618573,
        -0.08906599276535648,
        0.25078672616260556,
        -0.23340442000246925,
        -0.051359389466907504,
        -0.2298066139277617,
        -0.11111513421522448,
        0.21007703436434888,
        -0.40831230351229636,
        0.07841978905117704,
        0.0878348101543464
      ],
      [
        -0.10257688709617949,
        -0.3286890262310349,
        0.10802762403784132,
        -0.07976004275017473,
        0.14261960012804398,
        -0.029023359447082557,
        0.40044472283022886,
        0.006568927177577871,
        -0.25587437315546624,
        0.04481890873907904,
        0.06269807079282484,
        0.31344002857002534,
        0.20877781147864463,
        0.11273556707316802,
        0.3356396009696033,
        -0.26878985400943606
      ],
      [
        -0.2072165693165823,
        -0.17000573942575417,
        -0.247665226245739,
        -0.3441715368890772,
        0.25764607069252227,
        -0.055555674274693344,
        -0.36770157362566447,
        -0.40813988767788184,
        0.07837846186254882,
        0.20953164197359528,
        0.45282514882730057,
        0.9553785985945793,
        0.1036023583189991,
        -0.24738453000796604,
        -0.5215311613967359,
        0.2560569206828174
      ],
      [
        -0.25051395995672693,
        -0.04220106911929415,
        -0.3032369752217492,
        -0.035197721604096316,
        0.36535339168583214,
        0.039262141861336156,
        -0.039658709259672076,
        -0.41315855558244935,
        -0.41867073617608924,
        -0.12157697726833272,
        -0.05980321180022617,
        0.6688954604877176,
        0.03256863036822146,
        0.2456848777557644,
        -0.11334349084869674,
        -0.10710688650739776
      ],
      [
        -0.28855787668723826,
        -0.11966827020831118,
        0.3819046576519939,
        -0.20534666980609653,
        0.30848063492300754,
        -0.2257317945217566,
        0.23289325321856102,
        -0.058007375849530605,
        -0.0391594744145226,
        -0.010190631533858506,
        -0.2100544979529937,
        0.33843103246326756,
        -0.113745870085195,
        -0.30640144094181204,
        -0.30800398479381363,
        0.23227603452738835
      ],
      [
        0.44073341593062804,
        0.0728233407594382,
        0.06033566558190335,
        0.12406966941641162,
        0.4109509827160743,
        0.02035922951302082,
        -0.10273180770843429,
        0.3429800115608061,
        0.10718910961540337,
        0.383938997998998,
        0.053507509105360083,
        -0.33247412317020886,
        -0.34203979981141625,
        0.4362497853436032,
        0.40073030836053714,
        -0.016478893749373287
      ],
      [
        -0.04983622845597771,
        0.3981865104266293,
        -0.18676617340149798,
        -0.17106862022318076,
        0.24528224596162906,
        -0.1331376765428407,
        -0.001280466680017824,
        0.025547109414705782,
        0.08439363719973339,
        0.3518704653284292,
        0.030345126525319926,
        0.13462783307913065,
        -0.5125430252577556,
        0.01133820180326124,
        -0.240993689408505,
        -0.27630235553463034
      ],
      [
        -0.17357748990416844,
        -0.05070542280912434,
        0.31897088269837715,
        -0.27898504491911497,
        0.09210842043797236,
        -0.15552875416133793,
        -0.08191827359049021,
        0.3170972903719849,
        0.13452885925098151,
        0.3343495268606859,
        -0.03092752001259156,
        -0.20034251815775958,
        -0.05596470422012488,
        0.08414200010359608,
        0.013957217778140563,
        -0.24269610848706474
      ],
      [
        0.06858304723498776,
        0.08988251990080492,
        0.7193637564928538,
        0.521824287336194,
        -0.12886029035033703,
        -0.10633223621523728,
        -0.3658605004592508,
        -0.08126891944503765,
        0.07890125089758512,
        0.3014634052220584,
        -0.17457205963601852,
        -0.18989347525703296,
        -0.5368222574346637,
        -0.017148677850436174,
        -0.2957897248001779,
        -0.10395894727024156
      ],
      [
        -0.26649388067104246,
        0.03807260736248788,
        -0.5896448732959548,
        -0.36676131134774764,
        0.6311701119959959,
        -0.32185564531850774,
        -0.2741963946136599,
        0.30498326470433207,
        0.7262667923101017,
        -0.2928916572063354,
        -0.13841981329265374,
        0.3123018698278747,
        0.4321744111013981,
        -0.24671426960705936,
        -0.04983905269943619,
        0.3834634491122946
      ],
      [
        0.061412832487509304,
        -0.03240077188189764,
        -0.1836685165858073,
