{
  "labels": [
    "Islamic Philosophy (Al-Farabi, Avicenna, Averroes)",
    "Jewish Medieval Philosophy (Maimonides)",
    "Scholasticism",
    "research"
  ],
  "feature_extractor": {
    "max_features": 32,
    "vocabulary": {
      "scholasticism": 28,
      "medieval": 22,
      "philosophy": 25,
      "development": 13,
      "analysis": 5,
      "apply": 7,
      "design": 12,
      "theoretical": 29,
      "vocabulary": 30,
      "models": 24,
      "awareness": 11,
      "academic": 1,
      "medieval philosophy": 23,
      "development key": 14,
      "analysis relationships": 6,
      "vocabulary foundational": 31,
      "academic professional": 2,
      "islamic": 17,
      "al": 3,
      "farabi": 15,
      "avicenna": 9,
      "averroes": 8,
      "islamic philosophy": 18,
      "philosophy al": 26,
      "al farabi": 4,
      "farabi avicenna": 16,
      "avicenna averroes": 10,
      "jewish": 19,
      "maimonides": 21,
      "jewish medieval": 20,
      "philosophy maimonides": 27,
      "2011": 0
    },
    "idf": [
      1.916290731874155,
      1.2231435513142097,
      1.2231435513142097,
      1.5108256237659907,
      1.916290731874155,
      1.0,
      1.2231435513142097,
      1.2231435513142097,
      1.916290731874155,
      1.916290731874155,
      1.916290731874155,
      1.2231435513142097,
      1.2231435513142097,
      1.2231435513142097,
      1.2231435513142097,
      1.916290731874155,
      1.916290731874155,
      1.916290731874155,
      1.916290731874155,
      1.916290731874155,
      1.916290731874155,
      1.916290731874155,
      1.0,
      1.0,
      1.0,
      1.0,
      1.916290731874155,
      1.916290731874155,
      1.916290731874155,
      1.0,
      1.2231435513142097,
      1.2231435513142097
    ]
  },
  "scope": "medieval_philosophy",
  "grade": "preschool"
}