{
  "layer_sizes": [
    32,
    16,
    4
  ],
  "learning_rate": 0.3,
  "seed": 42,
  "output_activation": "softmax",
  "weights": [
    [
      [
        0.07617926993860784,
        -0.25163479835233094,
        0.1763273523044776,
        0.25328496958851154,
        -0.4085380698026427,
        -0.33968582661917596,
        0.03196010079182134,
        -0.10877999215083971,
        0.02618753341076839,
        -0.19026970481742245,
        0.2819000452463751,
        0.23912259375751155,
        0.01650767439030401,
        0.32993665455063215,
        0.1168773355630114,
        -0.15804279134990445
      ],
      [
        0.09218769602062471,
        -0.23135942199945664,
        0.2083271286796814,
        0.0056623127441446765,
        0.03300513647450135,
        -0.1843733360045818,
        0.30563533466850756,
        -0.0683517145821447,
        -0.07669413275393623,
        -0.06504211054608479,
        0.1951278479190051,
        0.13603562599129404,
        0.1031831528989971,
        0.15583160356059447,
        0.5354119002176153,
        -0.04482342972524878
      ],
      [
        -0.12806068226788433,
        -0.20344318206196943,
        0.10663578128727416,
        0.18226836508749084,
        -0.16306709036867745,
        0.1311770929763637,
        -0.2061203039228099,
        0.4526285406151413,
        0.1459781825919368,
        0.13578856707629874,
        -0.2852267603423676,
        0.013561707653062775,
        7.43889931222666e-05,
        -0.037414550471303744,
        0.21785719448704746,
        -0.01844768692338122
      ],
      [
        0.16972839076797372,
        0.0336172237878088,
        0.04970895637822269,
        0.19410963744105078,
        -0.20584750024228363,
        -0.10819970389651838,
        -0.11759316357319888,
        -0.2191581501907238,
        -0.008009917232989792,
        0.4197178819605441,
        -0.09235667586197481,
        0.33141880844841914,
        -0.4207174429039512,
        0.01253144812080402,
        0.0406882662762514,
        0.2601162315816298
      ],
      [
        0.17780664494821374,
        0.2066980370077744,
        -0.09846671470924609,
        -0.09744415767543395,
        0.293714697675105,
        -0.061967031124000246,
        -0.31892158083448047,
        -0.31304114756581436,
        -0.1994752487135623,
        0.14728146308941356,
        0.0976569855483093,
        0.21729594841721653,
        -0.10681316158413356,
        0.08776127557780242,
        0.15639759849183418,
        -0.0205563105591545
      ],
      [
        0.11419380938935286,
        -0.16548148526666281,
        -0.12628276740871777,
        -0.17041550456913124,
        -0.3998950808634789,
        0.37765527935914256,
        -0.11735058505068097,
        0.2206087874261466,
        0.09031014456978428,
        0.11163279400748602,
        0.077209277103051,
        -0.05798033846256879,
        -0.12764737548008329,
        -0.08899457746676752,
        -0.42183360848950746,
        -0.4175380486935607
      ],
      [
        -0.3306749030886006,
        -0.24931170690037044,
        0.05258448232425936,
        -0.3263444719327472,
        -0.22912086446480612,
        0.666023286663512,
        -0.08906599276535648,
        0.47435923577573774,
        -0.2732397802113933,
        -0.051359389466907504,
        -0.3563548472478392,
        -0.12923689208875777,
        0.18097997107228908,
        -0.5239168054516443,
        0.10860591088646433,
        -0.014912673533982311
      ],
      [
        -0.1485374889241986,
        -0.35467861166558085,
        -0.0035511800176540884,
        -0.14362491469832275,
        0.08782241597559966,
        0.08293227058194216,
        0.40044472283022886,
        -0.008474531523000303,
        -0.24142420860805996,
        0.06361578425812142,
        0.07471930643775097,
        0.3647159193649585,
        0.2011857841291196,
        0.10453688168142698,
        0.36582572280489045,
        -0.27016769115933753
      ],
      [
        -0.15993788318743693,
        -0.23164398535138123,
        -0.4200021889958968,
        -0.3441715368890772,
        -0.2934493296469169,
        -0.30175580563030563,
        -0.36770157362566447,
        -0.4807783619825321,
        0.26881204786540014,
        0.6915158371976875,
        0.5045153674872451,
        1.4805894502290529,
        0.1036023583189991,
        -0.3323527691047745,
        -0.5330115701828273,
        0.3436874752667649
      ],
      [
        -0.2032352738275815,
        -0.17926646211298786,
        -0.3984472563318912,
        -0.2533323362696117,
        1.2868389051612046,
        0.2926124443217233,
        -0.039658709259672076,
        -0.2856353858328512,
        -0.41867073617608924,
        -0.40339533012769574,
        0.582806774427789,
        0.14133129073138934,
        0.03256863036822146,
        0.6983777382619011,
        -0.12482389963478802,
        -0.5134034532866416
      ],
      [
        -0.24127919055809297,
        -0.17294528792614522,
        0.5208319864616541,
        -0.18720287931538857,
        0.28884302829490277,
        -0.23987274442535306,
        0.23289325321856102,
        0.06651839746152163,
        -0.008771651627682033,
        0.01280064554211409,
        -0.10164637232667963,
        0.1561926602707946,
        -0.113745870085195,
        -0.2582750881331881,
        -0.3194843935799048,
        0.09992730380143496
      ],
      [
        0.3947728141026087,
        0.048359131601152544,
        -0.04094502817460734,
        0.08960032539134356,
        0.4057211627875226,
        0.04070467543736756,
        -0.10273180770843429,
        0.24685283345002806,
        0.13757693240224395,
        0.40693027507497065,
        0.10785916083614451,
        -0.26144264802985046,
        -0.34203979981141625,
        0.4608583358664363,
        0.43091643019582426,
        0.011900521050254916
      ],
      [
        -0.09579683028399694,
        0.3737223012683435,
        -0.28804686715800853,
        -0.20553796424824863,
        0.24005242603307753,
        -0.11279223061849393,
        -0.001280466680017824,
        -0.07058006869607229,
        0.11478145998657396,
        0.37486174240440184,
        0.08469677825610437,
        0.20565930821948894,
        -0.5125430252577556,
        0.0359467523260944,
        -0.21080756757321778,
        -0.24792294073500182
      ],
      [
        -0.2195380917321877,
        -0.07516963196741007,
        0.21769018894186654,
        -0.31345438894418287,
        0.08687860050942088,
        -0.13518330823699112,
        -0.08191827359049021,
        0.22097011226120686,
        0.16491668203782206,
        0.35734080393665857,
        0.02342413171819286,
        -0.1293110430174013,
        -0.05596470422012488,
        0.10875055062642928,
        0.04414333961342776,
        -0.21431669368743644
      ],
      [
        0.022622445406968554,
        0.06541831074251923,
        0.6180830627363431,
        0.48735494331112567,
        -0.1340901102788886,
        -0.08598679029089056,
        -0.3658605004592508,
        -0.17739609755581576,
        0.1092890736844257,
        0.32445468229803104,
        -0.12022040790523417,
        -0.11886200011667457,
        -0.5368222574346637,
        0.007459872672396948,
        -0.2656036029648908,
        -0.07557953247061336
      ],
      [
        -0.21921519454189706,
        -0.01520441035534629,
        -0.45071754448629436,
        -0.3486175208570395,
        0.6115325053678909,
        -0.3359965952221042,
        -0.2741963946136599,
        0.4295090380153843,
        0.7566546150969427,
        -0.26990038013036277,
        -0.030011687666339635,
        0.13006349763540184,
        0.4321744111013981,
        -0.19858791679843554,
        -0.061319461485527436,
        0.25111471838634114
      ],
      [
        0.10869151861665466,
        -0.08567778959973187,
        -0.04474118777614698,
