{
  "labels": [
    "Novel",
    "Novella",
    "Short Story",
    "research"
  ],
  "feature_extractor": {
    "max_features": 32,
    "vocabulary": {
      "novel": 8,
      "arts": 3,
      "requires": 20,
      "relationships": 18,
      "phenomena": 10,
      "solve": 27,
      "practical": 11,
      "vocabulary": 30,
      "models": 7,
      "questions": 16,
      "academic": 0,
      "professional": 14,
      "settings": 24,
      "requires studying": 21,
      "relationships neighboring": 19,
      "researchers practitioners": 22,
      "practitioners apply": 13,
      "solve practical": 28,
      "practical problems": 12,
      "vocabulary foundational": 31,
      "awareness open": 4,
      "questions contemporary": 17,
      "academic professional": 1,
      "professional settings": 15,
      "short": 25,
      "story": 29,
      "short story": 26,
      "novella": 9,
      "chase": 6,
      "adversarial": 2,
      "safety": 23,
      "box": 5
    },
    "idf": [
      1.2231435513142097,
      1.2231435513142097,
      1.916290731874155,
      1.2231435513142097,
      1.2231435513142097,
      1.916290731874155,
      1.916290731874155,
      1.0,
      1.916290731874155,
      1.916290731874155,
      1.2231435513142097,
      1.2231435513142097,
      1.2231435513142097,
      1.2231435513142097,
      1.2231435513142097,
      1.2231435513142097,
      1.2231435513142097,
      1.2231435513142097,
      1.2231435513142097,
      1.2231435513142097,
      1.2231435513142097,
      1.2231435513142097,
      1.2231435513142097,
      1.916290731874155,
      1.2231435513142097,
      1.916290731874155,
      1.916290731874155,
      1.2231435513142097,
      1.2231435513142097,
      1.916290731874155,
      1.2231435513142097,
      1.2231435513142097
    ]
  },
  "scope": "fiction",
  "grade": "preschool"
}