{
  "layer_sizes": [
    32,
    16,
    4
  ],
  "learning_rate": 0.3,
  "seed": 42,
  "output_activation": "softmax",
  "weights": [
    [
      [
        0.06954591330510819,
        -0.2789644711901559,
        0.27018447521509614,
        0.3005832147550695,
        -0.42305233349571714,
        -0.3287633542580751,
        0.03196010079182134,
        -0.07231394446172332,
        -0.00415599329733831,
        -0.18808167279114363,
        0.24731905036883767,
        0.22310428211576033,
        0.01650767439030401,
        0.3264553358596326,
        0.10867581385694763,
        -0.21482311572080956
      ],
      [
        0.08555433938712506,
        -0.2586890948372819,
        0.3021842515903,
        0.05296055791070286,
        0.018490872781426925,
        -0.1734508636434806,
        0.30563533466850756,
        -0.03188566689302834,
        -0.10703765946204291,
        -0.06285407851980604,
        0.1605468530414677,
        0.12001731434954283,
        0.1031831528989971,
        0.15235028486959537,
        0.5272103785115514,
        -0.1016037540961539
      ],
      [
        -0.134694038901384,
        -0.2224116266920017,
        0.23656653190735574,
        0.3476851088374889,
        0.03621959925402328,
        -0.21325759678312728,
        -0.2061203039228099,
        0.16939490058034753,
        0.18585783887959445,
        0.16096787617855013,
        -0.13890787016904305,
        0.08669662902520317,
        0.029171452285182056,
        0.09931718329987768,
        0.20965567278098368,
        0.05589888719367057
      ],
      [
        0.16309503413447404,
        -0.002073677257809311,
        0.1548515259359779,
        0.2232640921169012,
        -0.29958249129617465,
        -0.08313628163182071,
        -0.11759316357319888,
        -0.15297275843666322,
        -0.06874126672793704,
        0.39891463691085033,
        -0.18898822227018028,
        0.2707258869063935,
        -0.4207174429039512,
        -0.03907622337881915,
        0.03248674457018761,
        0.14655558283981954
      ],
      [
        0.17117328831471407,
        0.17936836416994903,
        -0.004609591798627553,
        -0.0501459125088757,
        0.27920043398203054,
        -0.051044558762899074,
        -0.31892158083448047,
        -0.2765750998766981,
        -0.22981877542166895,
        0.1494694951156924,
        0.06307599067077181,
        0.2012776367754653,
        -0.10681316158413356,
        0.08427995688680301,
        0.1481960767857704,
        -0.0773366349300596
      ],
      [
        0.10756045275585321,
        -0.1844499298966951,
        -0.008191785377786108,
        -0.0299924378423162,
        -0.23425344772951787,
        0.11852464265390009,
        -0.11735058505068097,
        0.009870233306094081,
        0.12023096080521113,
        0.13681210310973746,
        0.1938158338963271,
        0.00403492713116736,
        -0.10582457801103844,
        0.02471548139102475,
        -0.43003513019557127,
        -0.3617781181057718
      ],
      [
        -0.3373082597221004,
        -0.2682801515304025,
        0.182515232944341,
        -0.1609277281827491,
        -0.0298341748421054,
        0.32158859690402075,
        -0.08906599276535648,
        0.1911255957409439,
        -0.23336012392373537,
        -0.026180080364656147,
        -0.21003595707451478,
        -0.05610197071661738,
        0.21007703436434888,
        -0.3871850716804628,
        0.1004043891804006,
        0.05943390058306947
      ],
      [
        -0.15517084555769828,
        -0.38048290822714564,
        0.10060405319194922,
        -0.06693114160868446,
        0.12287551650641805,
        0.0022445588383653743,
        0.40044472283022886,
        -0.05309220324408387,
        -0.25583007707673233,
        0.06999821784133038,
        0.08246872764607177,
        0.36845319206863236,
        0.20877781147864463,
        0.13386279890500197,
        0.35762420109882664,
        -0.2971907635807127
      ],
      [
        -0.1665712398209366,
        -0.2506124299814136,
        -0.014880774525460161,
        -0.2787295012318112,
        0.22349420037134315,
        -0.05877415181718868,
        -0.36770157362566447,
        -0.24714806667771308,
        0.07842275794128271,
        0.23471095107584666,
        0.5266522795760774,
        0.7571219147603557,
        0.1036023583189991,
        -0.20273949589034138,
        -0.5412130918888912,
        0.06692786558595895
      ],
      [
        -0.20986863046108117,
        -0.12280775967495344,
        -0.07045252350147022,
        0.030244314053169772,
        0.33120152136465286,
        0.03604366431884081,
        -0.039658709259672076,
        -0.25216673458228084,
        -0.41862644009735533,
        -0.09639766816608136,
        0.014023918948550368,
        0.47063877665349396,
        0.03256863036822146,
        0.2903299118733888,
        -0.13302542134085174,
        -0.29623594160425615
      ],
      [
        -0.24791254719159264,
        -0.20027496076397058,
        0.6146891093722733,
        -0.13990463414883045,
        0.2743287646018283,
        -0.22895027206425186,
        0.23289325321856102,
        0.10298444515063804,
        -0.03911517833578872,
        0.014988677568392861,
        -0.13622736720421708,
        0.1401743486290434,
        -0.113745870085195,
        -0.26175640682418766,
        -0.32768591528596863,
        0.04314697943052987
      ],
      [
        0.7357468701322668,
        0.6923264007857309,
        -0.26336313823582164,
        -0.06373069652183959,
        -0.11846648291506204,
        0.08420521429045563,
        -0.10273180770843429,
        0.7957951156069731,
        -0.018329128498685048,
        0.3599449932227364,
        -0.21885649829409123,
        -0.3754555106605666,
        -0.34203979981141625,
        0.08302037054707843,
        0.9073933852632213,
        -0.06754322272435309
      ],
      [
        -0.10906354355099623,
        0.327424183800486,
        -0.11161806798390832,
        -0.09279768342442442,
        0.2902446260077452,
        -0.10508823579988809,
        -0.001280466680017824,
        -0.027367317382783692,
        0.08448222935720116,
        0.40222908353293196,
        0.07758534003169738,
        0.21829729483626098,
        -0.5125430252577556,
        0.07711046775271957,
        -0.22721061098534526,
        -0.304703265105907
      ],
      [
        -0.26458432199017085,
        -0.2369608180552828,
        0.1892641456996669,
        -0.2287265828424582,
        -0.16212347495353036,
        -0.12104235833339462,
        -0.08191827359049021,
        -0.15193722421784914,
        0.13480645271920497,
        0.882092829566201,
        -0.2584059915204479,
        -0.10615451319398832,
        -0.05596470422012488,
        0.5186488321252973,
        0.06397320388963765,
        -0.27109701805834163
      ],
      [
        -0.022423784851014664,
        -0.0963728753453536,
        0.5896570194941435,
        0.5720827494128501,
        -0.3830921857418398,
        -0.07184584038729402,
        -0.3658605004592508,
        -0.5503034340348716,
        0.07917884436580859,
        0.8492067079275736,
        -0.40205053114387473,
        -0.09570547029326172,
        -0.5368222574346637,
        0.41735815417126476,
        -0.24577373868868088,
        -0.13235985684151844
      ],
      [
        -0.18015479635991752,
        0.046029432883059336,
        -0.40241339469674536,
        -0.33089473546969883,
        0.5271630026729607,
        -0.3206566987316271,
        -0.2741963946136599,
        0.5324822715554424,
        0.7099278513338311,
        -0.27543618890152877,
        -0.10413238483567974,
        0.09977139509082984,
        0.4321744111013981,
        -0.25322832815979385,
        -0.0058633825123224044,
        0.19137771590982075
      ],
      [
        0.18099694832193425,
        -0.013790060407120905,
        -0.3654532723232194,
