{
  "labels": [
    "External Flow",
    "Internal Flow",
    "Turbulence",
    "research"
  ],
  "feature_extractor": {
    "max_features": 32,
    "vocabulary": {
      "internal": 19,
      "flow": 16,
      "concept": 4,
      "fluid": 17,
      "mechanics": 21,
      "engineering": 12,
      "understanding": 29,
      "requires": 26,
      "definitions": 9,
      "fields": 15,
      "solve": 27,
      "vocabulary": 30,
      "models": 22,
      "common": 2,
      "contemporary": 6,
      "academic": 0,
      "professional": 23,
      "internal flow": 20,
      "core concept": 8,
      "concept fluid": 5,
      "fluid mechanics": 18,
      "relationships neighboring": 25,
      "design experiments": 10,
      "vocabulary foundational": 31,
      "common techniques": 3,
      "contemporary applications": 7,
      "academic professional": 1,
      "professional settings": 24,
      "external": 13,
      "external flow": 14,
      "turbulence": 28,
      "drifting": 11
    },
    "idf": [
      1.2231435513142097,
      1.2231435513142097,
      1.2231435513142097,
      1.2231435513142097,
      1.2231435513142097,
      1.2231435513142097,
      1.2231435513142097,
      1.2231435513142097,
      1.2231435513142097,
      1.2231435513142097,
      1.2231435513142097,
      1.916290731874155,
      1.2231435513142097,
      1.916290731874155,
      1.916290731874155,
      1.0,
      1.2231435513142097,
      1.0,
      1.0,
      1.916290731874155,
      1.916290731874155,
      1.0,
      1.0,
      1.2231435513142097,
      1.2231435513142097,
      1.2231435513142097,
      1.2231435513142097,
      1.0,
      1.916290731874155,
      1.2231435513142097,
      1.2231435513142097,
      1.2231435513142097
    ]
  },
  "scope": "fluid_mechanics",
  "grade": "preschool"
}