{
  "layer_sizes": [
    32,
    16,
    4
  ],
  "learning_rate": 0.3,
  "seed": 42,
  "output_activation": "softmax",
  "weights": [
    [
      [
        0.07617926993860784,
        -0.2599960265601239,
        0.1319448462300384,
        0.21208628114209696,
        -0.637073532451606,
        -0.012631556265650693,
        0.03196010079182134,
        -0.07906064808589555,
        -0.004200289376072199,
        -0.23135234448426625,
        0.15567860125773605,
        0.26479961812751057,
        0.01650767439030401,
        0.24941327359856094,
        0.1168773355630114,
        -0.21482311572080956
      ],
      [
        0.09218769602062471,
        -0.23972065020724972,
        0.16394462260524223,
        -0.03553637570226976,
        -0.195530326174462,
        0.1426809343489435,
        0.30563533466850756,
        -0.03863237051720054,
        -0.1070819555407768,
        -0.10612475021292864,
        0.06890640393036611,
        0.16171265036129326,
        0.1031831528989971,
        0.07530822260852342,
        0.5354119002176153,
        -0.1016037540961539
      ],
      [
        -0.12806068226788433,
        -0.09348177785410519,
        0.1955386199706234,
        0.3887609644730246,
        0.1214026557487685,
        -0.31787859007912844,
        -0.2061203039228099,
        0.1476243518677691,
        0.28502053515549935,
        0.25788425816649935,
        -0.177086982840378,
        0.06583658993894241,
        0.029171452285182056,
        0.05467214918225324,
        0.21785719448704746,
        0.05589888719367057
      ],
      [
        0.16972839076797372,
        0.071875469476155,
        0.09305173183587077,
        0.21108100210603595,
        -0.289344194882673,
        -0.13383753950857347,
        -0.11759316357319888,
        -0.16723138460503853,
        -0.01918206662935161,
        0.4347831733536992,
        -0.221812556932413,
        0.24596771823400135,
        -0.4207174429039512,
        -0.08372125749644371,
        0.0406882662762514,
        0.14655558283981954
      ],
      [
        0.17780664494821374,
        0.2533175109039134,
        -0.06640938589873464,
        -0.06232900251974088,
        0.28943873039553214,
        -0.10174581663965192,
        -0.31892158083448047,
        -0.29083372604507324,
        -0.1802595753230834,
        0.1853380315585413,
        0.030251656008539105,
        0.1765194681030732,
        -0.10681316158413356,
        0.03963492276917856,
        0.15639759849183418,
        -0.0773366349300596
      ],
      [
        0.11419380938935286,
        -0.16548148526666281,
        -0.1325144261824498,
        -0.11272564696636217,
        -0.41094596286337004,
        0.35642811053384216,
        -0.11735058505068097,
        0.0031235296819218574,
        0.12018666472647724,
        0.09806427206433259,
        0.11821810789971825,
        0.028142354575349342,
        -0.10582457801103844,
        -0.0442273238341852,
        -0.42183360848950746,
        -0.3617781181057718
      ],
      [
        -0.3306749030886006,
        -0.19433100479643833,
        0.1207154388442339,
        -0.17311081819361435,
        -0.01959587842860379,
        0.27088733902726797,
        -0.08906599276535648,
        0.1768669695725686,
        -0.18380092382514981,
        0.009688456078192825,
        -0.2428602917367475,
        -0.08086013938900938,
        0.21007703436434888,
        -0.43183010579808717,
        0.10860591088646433,
        0.05943390058306947
      ],
      [
        -0.1485374889241986,
        -0.30653376149318157,
        0.03880425909184204,
        -0.07911423161954968,
        0.13311381291991958,
        -0.04845669903838752,
        0.40044472283022886,
        -0.06735082941245915,
        -0.20627087697814692,
        0.1058667542841794,
        0.04964439298383908,
        0.3436950233962405,
        0.20877781147864463,
        0.08921776478737733,
        0.36582572280489045,
        -0.2971907635807127
      ],
      [
        -0.15993788318743693,
        -0.1866936587565526,
        -0.08773253780735499,
        -0.303636609559606,
        0.20058033306983514,
        -0.05881580317922159,
        -0.36770157362566447,
        -0.26003625920245793,
        0.11893257026954877,
        0.25708205000557666,
        0.48643308258392187,
        0.7408306931782654,
        0.1036023583189991,
        -0.2516110583218303,
        -0.5330115701828273,
        0.06692786558595895
      ],
      [
        -0.2032352738275815,
        -0.10383931504492133,
        -0.26436010520810377,
        -0.08130751751550938,
        -0.0321344128793829,
        0.665088782761194,
        -0.039658709259672076,
        -0.2589134382064529,
        -0.41867073617608924,
        -0.1577597024500752,
        -0.14178742262052232,
        0.5826857469355177,
        0.03256863036822146,
        0.18089082146886987,
        -0.12482389963478802,
        -0.29623594160425615
      ],
      [
        -0.24127919055809297,
        -0.287281153695652,
        0.9715017596115983,
        -0.18946587453417701,
        0.5108811328974514,
        -0.3195290484345357,
        0.23289325321856102,
        0.14164985693624532,
        0.17291755722902044,
        -0.11761636281700422,
        -0.1839780028462508,
        0.019506335476088175,
        -0.113745870085195,
        -0.30640144094181204,
        -0.3194843935799048,
        0.04314697943052987
      ],
      [
        0.3947728141026087,
        0.0849482299881881,
        -0.0199396685458836,
        0.11199146223010681,
        0.3682930317929402,
        0.05158549643643584,
        -0.10273180770843429,
        0.27043068861439973,
        0.14774321802240326,
        0.4314894060309795,
        0.033058968966451746,
        -0.29375218125369207,
        -0.34203979981141625,
        0.40850545474394806,
        0.43091643019582426,
        -0.04487980332065016
      ],
      [
        -0.09579683028399694,
        0.9620802924502254,
        -0.8024260373508,
        0.168640060920353,
        0.27592876801723254,
        -0.3740781817804232,
        -0.001280466680017824,
        -0.17085197010169342,
        0.140701296026743,
        0.9983898664795346,
        0.012473983542517083,
        0.33567469626279706,
        -0.5125430252577556,
        -0.012179600482529487,
        -0.21080756757321778,
        -0.304703265105907
      ],
      [
        -0.2195380917321877,
        -0.03858053358037446,
        0.23869554857059033,
        -0.2910632521054198,
        0.04945046951483842,
        -0.12430248723792287,
        -0.08191827359049021,
        0.24454796742557844,
        0.17508296765798143,
        0.3818999348926674,
        -0.051376060151499904,
        -0.1616205762412428,
        -0.05596470422012488,
        0.056397669503941115,
        0.04414333961342776,
        -0.27109701805834163
      ],
      [
        0.022622445406968554,
        -0.17703139191235676,
        0.5013643006870117,
        0.021180125219277056,
        0.49460481804746803,
        -0.0079851266829621,
        -0.3658605004592508,
        -0.0647610210606069,
        0.41468586245525646,
        0.19953854402300145,
        -0.18227095943590213,
        -0.3937108333058259,
        -0.5368222574346637,
        -0.04066648013622692,
        -0.2656036029648908,
        -0.13235985684151844
      ],
      [
        -0.21921519454189706,
        -0.25765411301022234,
        -0.5674363065356267,
        -0.8147923389488883,
        1.2402274336942474,
        -0.25799493161417564,
        -0.2741963946136599,
        0.5421441145105932,
        1.0620514038677724,
        -0.39481651840539245,
        -0.09206223919700764,
        -0.14478533555374948,
        0.4321744111013981,
        -0.24671426960705936,
        -0.061319461485527436,
        0.194334394015436
      ],
      [
        0.10869151861665466,
        -0.09403901780752481,
        -0.08912369385058617,
        -0.366778850048202,
