{
  "labels": [
    "Illustration",
    "Life Drawing",
    "Technical Drawing",
    "research"
  ],
  "feature_extractor": {
    "max_features": 32,
    "vocabulary": {
      "life": 14,
      "drawing": 10,
      "visual": 28,
      "arts": 2,
      "broader": 8,
      "studying": 23,
      "key": 13,
      "relationships": 18,
      "experiments": 11,
      "solve": 22,
      "vocabulary": 30,
      "awareness": 6,
      "settings": 21,
      "life drawing": 15,
      "visual arts": 29,
      "arts broader": 3,
      "arts creative": 4,
      "studying definitions": 24,
      "researchers practitioners": 19,
      "awareness open": 7,
      "questions contemporary": 17,
      "technical": 26,
      "technical drawing": 27,
      "illustration": 12,
      "ai": 1,
      "agents": 0,
      "work": 31,
      "autonomy": 5,
      "tasks": 25,
      "search": 20,
      "computer": 9,
      "query": 16
    },
    "idf": [
      1.916290731874155,
      1.916290731874155,
      1.2231435513142097,
      1.2231435513142097,
      1.2231435513142097,
      1.916290731874155,
      1.2231435513142097,
      1.2231435513142097,
      1.0,
      1.916290731874155,
      1.2231435513142097,
      1.0,
      1.916290731874155,
      1.0,
      1.916290731874155,
      1.916290731874155,
      1.916290731874155,
      1.2231435513142097,
      1.2231435513142097,
      1.2231435513142097,
      1.916290731874155,
      1.2231435513142097,
      1.2231435513142097,
      1.2231435513142097,
      1.2231435513142097,
      1.916290731874155,
      1.916290731874155,
      1.916290731874155,
      1.2231435513142097,
      1.2231435513142097,
      1.2231435513142097,
      1.916290731874155
    ]
  },
  "scope": "drawing",
  "grade": "preschool"
}