{
  "layer_sizes": [
    32,
    16,
    3
  ],
  "learning_rate": 0.3,
  "seed": 42,
  "output_activation": "softmax",
  "weights": [
    [
      [
        0.07617926993860784,
        -0.24350308303745818,
        0.23590893752570613,
        0.30974345785688273,
        -0.48764223557791314,
        -0.3255448767155795,
        0.03196010079182134,
        -0.11154013334063449,
        0.07437817064379511,
        -0.18140991551127336,
        0.22422924034690378,
        0.21158261021739538,
        0.01650767439030401,
        0.2698722577394216,
        0.1168773355630114,
        -0.1758792201352895
      ],
      [
        0.09218769602062471,
        -0.22322770668458408,
        0.2679087139009099,
        0.06212080101251607,
        -0.04609902930076922,
        -0.17023238610098534,
        0.30563533466850756,
        -0.07111185577193949,
        -0.028503495520909458,
        -0.05618232123993573,
        0.13745704301953382,
        0.10849564245117793,
        0.1031831528989971,
        0.09576720674938405,
        0.5354119002176153,
        -0.0626598585106338
      ],
      [
        -0.12806068226788433,
        -0.1869502385393038,
        0.20229099421796573,
        0.3568453519393021,
        -0.028370302828172846,
        -0.210039119240632,
        -0.2061203039228099,
        0.13016871170143637,
        0.26439200282072794,
        0.1676396334584204,
        -0.16199768019097693,
        0.07517495712683829,
        0.029171452285182056,
        0.042734105179666595,
        0.21785719448704746,
        0.09484278277919064
      ],
      [
        0.16972839076797372,
        0.033387710894888505,
        0.12057598824658779,
        0.23242433521871422,
        -0.36417239337837065,
        -0.07991780408932533,
        -0.11759316357319888,
        -0.19219894731557438,
        0.009792897213196382,
        0.4055863941907206,
        -0.21207803229211417,
        0.2592042150080285,
        -0.4207174429039512,
        -0.09565930149903035,
        0.0406882662762514,
        0.1854994784253396
      ],
      [
        0.17780664494821374,
        0.1983368087999813,
        0.06005125189554262,
        -0.4884024167137832,
        0.3774135185161734,
        -0.04782608122040372,
        -0.31892158083448047,
        -0.28332180350087016,
        -0.11345825669040148,
        0.48185406480770476,
        0.2669512508665191,
        0.6109754154913083,
        -0.10681316158413356,
        0.031851583093197036,
        0.15639759849183418,
        -0.23491442544870897
      ],
      [
        0.11419380938935286,
        -0.16548148526666281,
        0.05646905831638408,
        -0.46824894204722367,
        -0.13604036319537502,
        0.12174312019639545,
        -0.11735058505068097,
        0.0031235296819218574,
        0.2365914795364786,
        0.4691966728017498,
        0.39769109409207415,
        0.41373270584701033,
        -0.10582457801103844,
        -0.027712892402581284,
        -0.42183360848950746,
        -0.519355908624421
      ],
      [
        -0.3306749030886006,
        -0.2328187633777048,
        0.14823969525495095,
        -0.1517674850809361,
        -0.09442407692430145,
        0.32480707444651635,
        -0.08906599276535648,
        0.15189940686203274,
        -0.15482595998260204,
        -0.01950832308478584,
        -0.23312576709644867,
        -0.06762364261498227,
        0.21007703436434888,
        -0.4437681498006738,
        0.10860591088646433,
        0.09837779616858955
      ],
      [
        -0.1485374889241986,
        -0.345021520074448,
        0.06632851550255907,
        -0.05777089850687135,
        0.0582856144242219,
        0.00546303638086072,
        0.40044472283022886,
        -0.09231839212299502,
        -0.17729591313559903,
        0.07666997512120072,
        0.059378917624138,
        0.35693152017026747,
        0.20877781147864463,
        0.0772797207847907,
        0.36582572280489045,
        -0.25824686799519264
      ],
      [
        -0.15993788318743693,
        -0.21515104182871558,
        -0.049156312214850284,
        -0.269569258129998,
        0.15890429828914698,
        -0.055555674274693344,
        -0.36770157362566447,
        -0.2863742555566244,
        0.15695692188241603,
        0.24138270835571693,
        0.5035624695541433,
        0.7456002428619908,
        0.1036023583189991,
        -0.25932257401055264,
        -0.5330115701828273,
        0.10587176117147903
      ],
      [
        -0.2032352738275815,
        -0.08734637152225569,
        -0.10472806119086024,
        0.039404557154982964,
        0.26661161928245686,
        0.039262141861336156,
        -0.039658709259672076,
        -0.2913929234611919,
        -0.34009227615622184,
        -0.08972591088621103,
        -0.009065891073383419,
        0.45911710475512907,
        0.03256863036822146,
        0.23374683375317776,
        -0.12482389963478802,
        -0.25729204601873606
      ],
      [
        -0.24127919055809297,
        -0.16481357261127266,
        0.5804135716828825,
        -0.13074439104701743,
        0.20973886251963214,
        -0.2257317945217566,
        0.23289325321856102,
        0.06375825627172685,
        0.03941898560534473,
        0.02166043484826316,
        -0.15931717722615096,
        0.12865267673067846,
        -0.113745870085195,
        -0.3183394849443987,
        -0.3194843935799048,
        0.08209087501604997
      ],
      [
        0.3947728141026087,
        0.0564908469160252,
        0.01863655704662106,
        0.1460588136597149,
        0.32661699701225216,
        0.054845625340964085,
        -0.10273180770843429,
        0.24409269226023322,
        0.18576756963527058,
        0.41579006438111965,
        0.05018835593667324,
        -0.28898263156996673,
        -0.34203979981141625,
        0.40079393905522576,
        0.43091643019582426,
        -0.005935907735130074
      ],
      [
        -0.09579683028399694,
        0.3818540165832162,
        -0.22846528193678015,
        -0.1490794759798775,
        0.160948260257807,
        -0.0986512807148974,
        -0.001280466680017824,
        -0.07334020988586709,
        0.1629720972196006,
        0.38372153171055084,
        0.027025973356633093,
        0.17811932467937278,
        -0.5125430252577556,
        -0.024117644485116132,
        -0.21080756757321778,
        -0.2657593695203869
      ],
      [
        -0.2195380917321877,
        -0.06703791665253739,
        0.277271774163095,
        -0.2569959006758118,
        0.0077744347341502755,
        -0.12104235833339462,
        -0.08191827359049021,
        0.21820997107141213,
        0.21310731927084872,
        0.36620059324280757,
        -0.03424667318127841,
        -0.15685102655751745,
        -0.05596470422012488,
        0.04868615381521875,
        0.04414333961342776,
        -0.23215312247282166
      ],
      [
        0.022622445406968554,
        0.07355002605739193,
        0.6776646479575715,
        0.5438134315794969,
        -0.2131942760541591,
        -0.07184584038729402,
        -0.3658605004592508,
        -0.18015623874561051,
        0.15747971091745233,
        0.33331447160418004,
        -0.1778912128047055,
        -0.14640198365679083,
        -0.5368222574346637,
        -0.05260452413881356,
        -0.2656036029648908,
        -0.09341596125599835
      ],
      [
        -0.21921519454189706,
        -0.007072695040473604,
        -0.391135959265066,
        -0.2921590325886685,
        0.532428339592621,
        -0.32185564531850774,
        -0.2741963946136599,
        0.42674889682558953,
        0.8048452523299691,
        -0.26104059082421377,
        -0.08768249256581091,
        0.10252351409528573,
        0.4321744111013981,
        -0.25865231360964597,
        -0.061319461485527436,
        0.23327828960095603
      ],
      [
        0.10869151861665466,
        -0.07754607428485918,
        0.014840397445081413,
