{
  "layer_sizes": [
    32,
    16,
    3
  ],
  "learning_rate": 0.3,
  "seed": 42,
  "output_activation": "softmax",
  "weights": [
    [
      [
        0.07124551436265465,
        -0.2599960265601239,
        0.21688002958221153,
        0.24900454220405852,
        -0.48254950485274506,
        -0.3296570375619575,
        0.03196010079182134,
        -0.06495230678790911,
        0.053504411888862166,
        -0.213260981893395,
        0.21256691988057708,
        0.21744586031840696,
        0.01650767439030401,
        0.3107903797494847,
        0.1168773355630114,
        -0.1861588631177138
      ],
      [
        0.08725394044467152,
        -0.23972065020724972,
        0.24887980595741535,
        0.0013818853596918347,
        -0.04100629857560116,
        -0.17434454694736312,
        0.30563533466850756,
        -0.024524029219214073,
        -0.04937725427584243,
        -0.0880333876220574,
        0.12579472255320717,
        0.11435889255218935,
        0.1031831528989971,
        0.136685328759447,
        0.5354119002176153,
        -0.07293950149305818
      ],
      [
        -0.1329944378438375,
        -0.20344318206196943,
        0.18326208627447113,
        0.29610643628647815,
        -0.023277572103004806,
        -0.2141512800870098,
        -0.2061203039228099,
        0.1767565382541619,
        0.24351824406579498,
        0.13578856707629874,
        -0.17366000065730364,
        0.08103820722784973,
        0.029171452285182056,
        0.08365222718972962,
        0.21785719448704746,
        0.08456313979676629
      ],
      [
        0.16479463519202056,
        0.016894767372222865,
        0.1015470803030933,
        0.17168541956589015,
        -0.35907966265320257,
        -0.08402996493570308,
        -0.11759316357319888,
        -0.14561112076284885,
        -0.011080861541736587,
        0.37373532780859897,
        -0.22374035275844087,
        0.2650674651090399,
        -0.4207174429039512,
        -0.05474117948896731,
        0.0406882662762514,
        0.1752198354429153
      ],
      [
        0.17287288937226059,
        0.1983368087999813,
        -0.057914037431512154,
        -0.10172458505988678,
        0.21970326262500234,
        -0.05193824206678153,
        -0.31892158083448047,
        -0.26921346220288367,
        -0.17215837023546843,
        0.12429018601344101,
        0.028323860182511304,
        0.19561921497811194,
        -0.10681316158413356,
        0.06861500077665496,
        0.15639759849183418,
        -0.04867238232696383
      ],
      [
        0.10926005381339968,
        -0.16548148526666281,
        -0.06149623101067069,
        -0.08157111039332726,
        -0.29375061908654587,
        0.1176309593500177,
        -0.11735058505068097,
        0.01723187097990831,
        0.17789136599141164,
        0.11163279400748602,
        0.1590637034080665,
        -0.0016234946661861473,
        -0.10582457801103844,
        0.009050525280876619,
        -0.42183360848950746,
        -0.33311386550267624
      ],
      [
        -0.3356086586645538,
        -0.24931170690037044,
        0.12921078731145635,
        -0.21250640073376015,
        -0.08933134619913341,
        0.32069491360013835,
        -0.08906599276535648,
        0.19848723341475827,
        -0.17569971873753484,
        -0.051359389466907504,
        -0.24478808756277537,
        -0.06176039251397085,
        0.21007703436434888,
        -0.4028500277906107,
        0.10860591088646433,
        0.08809815318616519
      ],
      [
        -0.15347124450015176,
        -0.36151446359711364,
        0.047299607559064615,
        -0.1185098141596956,
        0.06337834514939,
        0.0013508755344829077,
        0.40044472283022886,
        -0.04573056557026963,
        -0.19816967189053183,
        0.04481890873907904,
        0.04771659715781128,
        0.3627947702712788,
        0.20877781147864463,
        0.11819784279485371,
        0.36582572280489045,
        -0.26852651097761715
      ],
      [
        -0.1648716387633901,
        -0.23164398535138123,
        -0.06818522015834473,
        -0.33030817378282196,
        0.16399702901431495,
        -0.05966783512107115,
        -0.36770157362566447,
        -0.2397864290038988,
        0.13608316312748323,
        0.20953164197359528,
        0.49190014908781654,
        0.751463492963002,
        0.1036023583189991,
        -0.21840445200048972,
        -0.5330115701828273,
        0.09559211818905466
      ],
      [
        -0.20816902940353466,
        -0.10383931504492133,
        -0.12375696913435479,
        -0.021334358497841245,
        0.27170435000762494,
        0.03514998101495835,
        -0.039658709259672076,
        -0.2448050969084664,
        -0.360966034911155,
        -0.12157697726833272,
        -0.02072821153971014,
        0.4649803548561404,
        0.03256863036822146,
        0.2746649557632408,
        -0.12482389963478802,
        -0.2675716890011606
      ],
      [
        -0.24621294613404612,
        -0.1813065161339383,
        0.5613846637393887,
        -0.19148330669984148,
        0.2148315932448001,
        -0.22984395536813437,
        0.23289325321856102,
        0.11034608282445223,
        0.018545226850411763,
        -0.010190631533858506,
        -0.17097949769247767,
        0.13451592683168997,
        -0.113745870085195,
        -0.27742136293433556,
        -0.3194843935799048,
        0.07181123203362558
      ],
      [
        0.3898390585266555,
        0.03999790339335956,
        -0.0003923508968733953,
        0.08531989800689073,
        0.33170972773742025,
        0.05073346449458628,
        -0.10273180770843429,
        0.2906805188129587,
        0.1648938108803378,
        0.383938997998998,
        0.03852603547034652,
        -0.2831193814689554,
        -0.34203979981141625,
        0.4417120610652889,
        0.43091643019582426,
        -0.016215550717554424
      ],
      [
        -0.10073058585995012,
        0.36536107306055055,
        -0.24749418988027477,
        -0.20981839163270155,
        0.16604099098297498,
        -0.10276344156127515,
        -0.001280466680017824,
        -0.026752383333141682,
        0.1420983384646678,
        0.3518704653284292,
        0.015363652890306372,
        0.18398257478038435,
        -0.5125430252577556,
        0.016800477524946903,
        -0.21080756757321778,
        -0.27603901250281143
      ],
      [
        -0.22447184730814085,
        -0.08353086017520302,
        0.2582428662196006,
        -0.31773481632863576,
        0.012867165459318326,
        -0.1251545191797724,
        -0.08191827359049021,
        0.2647977976241375,
        0.19223356051591592,
        0.3343495268606859,
        -0.04590899364760513,
        -0.15098777645650588,
        -0.05596470422012488,
        0.08960427582528177,
        0.04414333961342776,
        -0.24243276545524595
      ],
      [
        0.017688689831015358,
        0.057057082534726286,
        0.6586357400140777,
        0.4830745159266728,
        -0.20810154532899114,
        -0.07595800123367177,
        -0.3658605004592508,
        -0.13356841219288498,
        0.13660595216251953,
        0.3014634052220584,
        -0.1895535332710322,
        -0.14053873355577925,
        -0.5368222574346637,
        -0.011686402128750531,
        -0.2656036029648908,
        -0.10369560423842274
      ],
      [
        -0.22414895011785022,
        -0.023565638563139247,
        -0.4101648672085605,
        -0.3528979482414924,
        0.5375210703177886,
        -0.32596780616488574,
        -0.2741963946136599,
        0.473336723378315,
        0.783971493575036,
        -0.2928916572063354,
        -0.09934481303213762,
        0.10838676419629716,
        0.4321744111013981,
        -0.21773419159958304,
        -0.061319461485527436,
        0.22299864661853178
      ],
      [
        0.10375776304070147,
        -0.09403901780752481,
