{
  "labels": [
    "Drug Delivery Materials",
    "Implant Materials",
    "Tissue Engineering Scaffolds"
  ],
  "feature_extractor": {
    "max_features": 32,
    "vocabulary": {
      "implant": 26,
      "materials": 28,
      "core": 16,
      "concept": 12,
      "biomaterials": 7,
      "engineering": 24,
      "broader": 9,
      "analysis": 2,
      "design": 21,
      "awareness": 6,
      "contemporary": 14,
      "applications": 4,
      "academic": 0,
      "implant materials": 27,
      "core concept": 17,
      "concept biomaterials": 13,
      "biomaterials materials": 8,
      "broader domain": 10,
      "definitions historical": 18,
      "analysis relationships": 3,
      "common techniques": 11,
      "contemporary applications": 15,
      "applications academic": 5,
      "academic professional": 1,
      "tissue": 30,
      "scaffolds": 29,
      "tissue engineering": 31,
      "engineering scaffolds": 25,
      "drug": 22,
      "delivery": 19,
      "drug delivery": 23,
      "delivery materials": 20
    },
    "idf": [
      1.0,
      1.0,
      1.0,
      1.0,
      1.0,
      1.0,
      1.0,
      1.0,
      1.0,
      1.0,
      1.0,
      1.0,
      1.0,
      1.0,
      1.0,
      1.0,
      1.0,
      1.0,
      1.0,
      1.6931471805599454,
      1.6931471805599454,
      1.0,
      1.6931471805599454,
      1.6931471805599454,
      1.0,
      1.6931471805599454,
      1.6931471805599454,
      1.6931471805599454,
      1.0,
      1.6931471805599454,
      1.6931471805599454,
      1.6931471805599454
    ]
  },
  "scope": "biomaterials",
  "grade": "preschool"
}