{
  "layer_sizes": [
    32,
    16,
    3
  ],
  "learning_rate": 0.3,
  "seed": 42,
  "output_activation": "softmax",
  "weights": [
    [
      [
        0.07617926993860784,
        -0.23213722030651635,
        0.23033425822529027,
        0.2879419186124209,
        -0.4811152989299078,
        -0.3255448767155795,
        0.03196010079182134,
        -0.08030176688081457,
        -0.015406157612121881,
        -0.20338873682640424,
        0.22114416924742464,
        0.19687183049839768,
        0.019088112098840756,
        0.27651632809126364,
        0.1168773355630114,
        -0.20062374475987463
      ],
      [
        0.09218769602062471,
        -0.21186184395364221,
        0.262334034600494,
        0.040319261768054115,
        -0.03957209265276374,
        -0.17023238610098534,
        0.30563533466850756,
        -0.039873489312119564,
        -0.11828782377682649,
        -0.07816114255506662,
        0.13437197192005468,
        0.09378486273218013,
        0.10576359060753382,
        0.10241127710122608,
        0.5354119002176153,
        -0.08740438313521891
      ],
      [
        -0.12806068226788433,
        -0.17558437580836192,
        0.19671631491754987,
        0.3350438126948403,
        -0.02184336618016737,
        -0.210039119240632,
        -0.2061203039228099,
        0.16140707816125627,
        0.17460767456481088,
        0.14566081214328952,
        -0.16508275129045608,
        0.06046417740784047,
        0.03175188999371881,
        0.049378175531508646,
        0.21785719448704746,
        0.07009825815460553
      ],
      [
        0.16972839076797372,
        0.04475357362583043,
        0.1150013089461719,
        0.21062279597425246,
        -0.3576454567303653,
        -0.07991780408932533,
        -0.11759316357319888,
        -0.1609605808557545,
        -0.07999143104272062,
        0.3836075728755898,
        -0.2151631033915933,
        0.2444934352890308,
        -0.41813700519541436,
        -0.08901523114718832,
        0.0406882662762514,
        0.16075495380075447
      ],
      [
        0.17780664494821374,
        0.22619561505358882,
        -0.04445980878843346,
        -0.06278720865152448,
        0.22113746854783986,
        -0.04782608122040372,
        -0.31892158083448047,
        -0.2845629222957892,
        -0.24106893973645252,
        0.13416243108043177,
        0.03690110954935878,
        0.17504518515810266,
        -0.10423272387559684,
        0.034340949118433974,
        0.15639759849183418,
        -0.06313726396912461
      ],
      [
        0.11419380938935286,
        -0.1376226790130553,
        -0.04804200236759201,
        -0.04263373398496494,
        -0.2923164131637086,
        0.12174312019639545,
        -0.11735058505068097,
        0.0018824108870028433,
        0.10898079649042755,
        0.1215050390744768,
        0.16764095277491406,
        -0.022197524486195358,
        -0.10324414030250172,
        -0.025223526377344336,
        -0.42183360848950746,
        -0.3475787471448368
      ],
      [
        -0.3306749030886006,
        -0.22145290064676293,
        0.14266501595453512,
        -0.17356902432539784,
        -0.08789714027629608,
        0.32480707444651635,
        -0.08906599276535648,
        0.18313777332185263,
        -0.24461028823851894,
        -0.04148714439991676,
        -0.2362108381959278,
        -0.08233442233398007,
        0.21265747207288566,
        -0.43712407944883175,
        0.10860591088646433,
        0.07363327154400444
      ],
      [
        -0.1485374889241986,
        -0.33365565734350594,
        0.06075383620214331,
        -0.0795724377513333,
        0.06481255107222736,
        0.00546303638086072,
        0.40044472283022886,
        -0.06108002566317507,
        -0.2670802413915159,
        0.05469115380606978,
        0.05629384652465876,
        0.3422207404512696,
        0.2113582491871814,
        0.08392379113663273,
        0.36582572280489045,
        -0.2829913926197777
      ],
      [
        -0.15993788318743693,
        -0.20378517909777372,
        -0.054730991515266086,
        -0.2913707973744598,
        0.16543123493715248,
        -0.055555674274693344,
        -0.36770157362566447,
        -0.25513588909680446,
        0.06717259362649913,
        0.21940388704058605,
        0.5004773984546639,
        0.7308894631429932,
        0.10618279602753582,
        -0.2526785036587106,
        -0.5330115701828273,
        0.08112723654689394
      ],
      [
        -0.2032352738275815,
        -0.0759805087913138,
        -0.11030274049127615,
        0.017603017910521036,
        0.2731385559304622,
        0.039262141861336156,
        -0.039658709259672076,
        -0.26015455700137197,
        -0.42987660441213893,
        -0.11170473220134194,
        -0.012150962172862665,
        0.4444063250361312,
        0.03514906807675823,
        0.24039090410501987,
        -0.12482389963478802,
        -0.2820365706433211
      ],
      [
        -0.24127919055809297,
        -0.1534477098803308,
        0.5748388923824671,
        -0.15254593029147917,
        0.21626579916763763,
        -0.2257317945217566,
        0.23289325321856102,
        0.09499662273154677,
        -0.050365342650572284,
        -0.0003183864668677452,
        -0.1624022483256301,
        0.11394189701168068,
        -0.11116543237665828,
        -0.3116954145925566,
        -0.3194843935799048,
        0.057346350391464844
      ],
      [
        0.3947728141026087,
        0.0678567096469671,
        0.013061877746205272,
        0.12425727441525303,
        0.3331439336602575,
        0.054845625340964085,
        -0.10273180770843429,
        0.27533105872005315,
        0.09598324137935368,
        0.3938112430659888,
        0.047103284837194004,
        -0.3036934112889646,
        -0.3394593621028794,
        0.4074380094070678,
        0.43091643019582426,
        -0.030680432359715185
      ],
      [
        -0.09579683028399694,
        0.39321987931415825,
        -0.23403996123719611,
        -0.17088101522433924,
        0.1674751969058125,
        -0.0986512807148974,
        -0.001280466680017824,
        -0.04210184342604717,
        0.0731877689636837,
        0.36174271039542,
        0.02394090225715384,
        0.16340854496037507,
        -0.5099625875492186,
        -0.01747357413327406,
        -0.21080756757321778,
        -0.29050389414497196
      ],
      [
        -0.2195380917321877,
        -0.05567205392159547,
        0.2716970948626791,
        -0.2787974399202736,
        0.014301371382155757,
        -0.12104235833339462,
        -0.08191827359049021,
        0.24944833753123202,
        0.12332299101493183,
        0.3442217719276767,
        -0.037331744280757646,
        -0.17156180627651516,
        -0.053384266511588105,
        0.055330224167060814,
        0.04414333961342776,
        -0.2568976470974066
      ],
      [
        0.022622445406968554,
        0.08491588878833382,
        0.6720899686571561,
        0.5220118923350344,
        -0.20666733940615362,
        -0.07184584038729402,
        -0.3658605004592508,
        -0.14891787228579062,
        0.06769538266153544,
        0.3113356502890492,
        -0.18097628390418463,
        -0.16111276337578853,
        -0.5342418197261267,
        -0.04596045378697151,
        -0.2656036029648908,
        -0.11816048588058348
      ],
      [
        -0.21921519454189706,
        -0.11484250639705883,
        -0.6697527470716086,
        -0.34574651501877623,
        0.8482910988623419,
        -0.32185564531850774,
        -0.2741963946136599,
        0.7646260789116668,
        0.6503740554717266,
        -0.17524117338364276,
        -0.23190002642800833,
        -0.10005535923806477,
        0.4496506544246763,
        -0.24671426960705936,
        -0.061319461485527436,
        0.31429922204223143
      ],
      [
        0.10869151861665466,
        -0.18531588564144436,
