{
  "layer_sizes": [
    32,
    16,
    4
  ],
  "learning_rate": 0.3,
  "seed": 42,
  "output_activation": "softmax",
  "weights": [
    [
      [
        0.07617926993860784,
        -0.28570691131714454,
        0.24727216582314024,
        0.29910960718621404,
        -0.46550368285338495,
        -0.31064999160620776,
        0.03196010079182134,
        -0.11456998498218737,
        0.0007278264618331733,
        -0.18699922293899537,
        0.23389859313231157,
        0.2418499025821441,
        0.01650767439030401,
        0.37839867676164085,
        0.13474972901032004,
        -0.21482311572080956
      ],
      [
        0.09218769602062471,
        -0.26543153496427047,
        0.27927194219834417,
        0.05148695034184731,
        -0.023960476576241133,
        -0.15533750099161356,
        0.30563533466850756,
        -0.07414170741349234,
        -0.10215383970287141,
        -0.06177162866765776,
        0.1471263958049416,
        0.1387629348159266,
        0.1031831528989971,
        0.20429362577160315,
        0.5532842936649242,
        -0.1016037540961539
      ],
      [
        -0.12806068226788433,
        -0.2548649515760107,
        0.2733135893869258,
        0.41017992935704406,
        0.016023364206429233,
        -0.18024934902188855,
        -0.2061203039228099,
        0.09162952316359169,
        0.19566977447667136,
        0.18831208498509805,
        -0.13827922798896466,
        0.15284416821649385,
        0.029171452285182056,
        0.24784889922151826,
        0.2536019813816646,
        0.05589888719367057
      ],
      [
        0.16972839076797372,
        0.4708842209758218,
        -0.06378823442613692,
        0.035601461248215664,
        -0.48446639071738673,
        -0.07991780408932533,
        -0.11759316357319888,
        0.1012635530697486,
        -0.09222721032304369,
        0.4407562940695108,
        -0.2270269023214277,
        0.14490180454181398,
        -0.4207174429039512,
        -0.1911863553736321,
        0.10021688309545876,
        0.12134971875987938
      ],
      [
        0.17780664494821374,
        0.17262592404296068,
        -0.027521901190583446,
        -0.051619520077731296,
        0.2367490846243626,
        -0.032931196111032006,
        -0.31892158083448047,
        -0.3188311403971621,
        -0.22493495566249744,
        0.15055194496784066,
        0.04965553343424576,
        0.22002325724184904,
        -0.10681316158413356,
        0.13622329778881104,
        0.17426999193914275,
        -0.0773366349300596
      ],
      [
        0.11419380938935286,
        -0.19119237002368344,
        -0.03110409476974199,
        -0.03146604541117175,
        -0.27670479708718576,
        0.1366380053057672,
        -0.11735058505068097,
        -0.03238580721436997,
        0.1251147805643827,
        0.13789455296188566,
        0.180395376659801,
        0.02278054759755109,
        -0.10582457801103844,
        0.07665882229303272,
        -0.40396121504219906,
        -0.3617781181057718
      ],
      [
        -0.3306749030886006,
        -0.2750225916573911,
        0.15960292355238506,
        -0.16240133575160465,
        -0.07228552419977342,
        0.3397019595558881,
        -0.08906599276535648,
        0.14886955522047984,
        -0.22847630416456385,
        -0.025097630512507837,
        -0.22345641431104088,
        -0.0373563502502336,
        0.21007703436434888,
        -0.33524173077845454,
        0.1264783043337729,
        0.05943390058306947
      ],
      [
        -0.1485374889241986,
        -0.3872253483541343,
        0.07769174379999334,
        -0.06840474917754015,
        0.08042416714875,
        0.02035792149023245,
        0.40044472283022886,
        -0.0953482437645479,
        -0.2509462573175611,
        0.07108066769347873,
        0.06904827040954575,
        0.3871988125350161,
        0.20877781147864463,
        0.18580613980700977,
        0.38369811625219885,
        -0.2971907635807127
      ],
      [
        -0.15993788318743693,
        -0.25735487010840186,
        -0.037793083917416044,
        -0.2802031088006667,
        0.1810428510136752,
        -0.040660789165321606,
        -0.36770157362566447,
        -0.28940410719817733,
        0.08330657770045423,
        0.23579340092799492,
        0.5132318223395511,
        0.7758675352267393,
        0.1036023583189991,
        -0.15079615498833362,
        -0.5151391767355185,
        0.06692786558595895
      ],
      [
        -0.2032352738275815,
        -0.12955019980194196,
        -0.09336483289342608,
        0.02877070648431422,
        0.28875017200698505,
        0.054157026970707886,
        -0.039658709259672076,
        -0.29442277510274484,
        -0.4137426203381841,
        -0.09531521831393307,
        0.0006034617120243379,
        0.4893843971198777,
        0.03256863036822146,
        0.342273252775397,
        -0.10695150618747941,
        -0.29623594160425615
      ],
      [
        -0.24127919055809297,
        -0.20701740089095894,
        0.5917767999803171,
        -0.14137824171768598,
        0.23187741524416036,
        -0.2108369094123848,
        0.23289325321856102,
        0.06072840463017397,
        -0.03423135857661723,
        0.016071127420541148,
        -0.14964782444074318,
        0.15891996909542713,
        -0.113745870085195,
        -0.20981306592217952,
        -0.3016120001325964,
        0.04314697943052987
      ],
      [
        0.3947728141026087,
        0.01428701863633898,
        0.029999785344055337,
        0.13542496298904624,
        0.34875554973678036,
        0.06974051045033583,
        -0.10273180770843429,
        0.2410628406186804,
        0.11211722545330878,
        0.41020075695339797,
        0.05985770872208098,
        -0.2587153392052181,
        -0.34203979981141625,
        0.5093203580774454,
        0.44878882364313266,
        -0.04487980332065016
      ],
      [
        -0.09579683028399694,
        0.3396501883035299,
        -0.21710205363934607,
        -0.15971332665054605,
        0.18308681298233523,
        -0.08375639560552567,
        -0.001280466680017824,
        -0.07637006152741994,
        0.0893217530376388,
        0.37813222428282917,
        0.03669532614204084,
        0.20838661704412145,
        -0.5125430252577556,
        0.08440877453710303,
        -0.1929351741259092,
        -0.304703265105907
      ],
      [
        -0.2195380917321877,
        -0.10924174493222366,
        0.2886350024605293,
        -0.2676297513464805,
        0.029912987458678347,
        -0.10614747322402288,
        -0.08191827359049021,
        0.21518011942985926,
        0.1394569750888869,
        0.3606112858150859,
        -0.024577320395870652,
        -0.12658373419276878,
        -0.05596470422012488,
        0.15721257283743786,
        0.062015733060736274,
        -0.27109701805834163
      ],
      [
        0.022622445406968554,
        0.6623763540061913,
        0.44794439725196966,
        0.3062503592051916,
        -0.37354741864433183,
        -0.07184584038729402,
        -0.3658605004592508,
        0.20030060001657382,
        0.04764572087575474,
        0.39082469356994076,
        -0.19636312396672467,
        -0.29309365549169086,
        -0.5368222574346637,
        -0.1839532773058114,
        -0.1862321138726141,
        -0.16596767561477196
      ],
      [
        -0.21921519454189706,
        0.5817536329083256,
        -0.6208562099706685,
        -0.5297221049629736,
        0.3720751970024477,
        -0.32185564531850774,
        -0.2741963946136599,
        0.8072057355877744,
        0.6950112622882713,
        -0.20353036885845294,
        -0.10615440372783018,
        -0.044168157739614224,
        0.4321744111013981,
        -0.3900010667766437,
        0.018052027606749097,
        0.16072657524218248
      ],
      [
        0.10869151861665466,
        -0.2846897294958058,
        -0.6563088817539946,
