{
  "labels": [
    "Fresco",
    "Oil Painting",
    "Tempera",
    "research"
  ],
  "feature_extractor": {
    "max_features": 32,
    "vocabulary": {
      "fresco": 16,
      "concept": 4,
      "painting": 21,
      "visual": 28,
      "arts": 2,
      "creative": 8,
      "understanding": 27,
      "requires": 25,
      "definitions": 10,
      "key": 17,
      "relationships": 23,
      "design": 12,
      "vocabulary": 30,
      "models": 18,
      "contemporary": 6,
      "academic": 0,
      "concept painting": 5,
      "visual arts": 29,
      "creative expression": 9,
      "definitions historical": 11,
      "relationships neighboring": 24,
      "design experiments": 13,
      "vocabulary foundational": 31,
      "questions contemporary": 22,
      "contemporary applications": 7,
      "academic professional": 1,
      "tempera": 26,
      "oil": 19,
      "oil painting": 20,
      "experts": 14,
      "compute": 3,
      "feedforward": 15
    },
    "idf": [
      1.2231435513142097,
      1.2231435513142097,
      1.2231435513142097,
      1.916290731874155,
      1.2231435513142097,
      1.2231435513142097,
      1.2231435513142097,
      1.2231435513142097,
      1.2231435513142097,
      1.2231435513142097,
      1.2231435513142097,
      1.2231435513142097,
      1.2231435513142097,
      1.2231435513142097,
      1.916290731874155,
      1.916290731874155,
      1.916290731874155,
      1.0,
      1.0,
      1.916290731874155,
      1.916290731874155,
      1.2231435513142097,
      1.2231435513142097,
      1.2231435513142097,
      1.2231435513142097,
      1.2231435513142097,
      1.916290731874155,
      1.2231435513142097,
      1.2231435513142097,
      1.2231435513142097,
      1.2231435513142097,
      1.2231435513142097
    ]
  },
  "scope": "painting",
  "grade": "preschool"
}