{
  "layer_sizes": [
    32,
    16,
    4
  ],
  "learning_rate": 0.3,
  "seed": 42,
  "output_activation": "softmax",
  "weights": [
    [
      [
        0.10075175522560408,
        -0.31515054317118285,
        0.21842378990699646,
        0.3207516798162463,
        -0.4288795444454586,
        -0.3322543421399843,
        0.030835322674017063,
        -0.07588936442479867,
        0.02239552718801326,
        -0.20777041421299583,
        0.26308372711009137,
        0.1987462349783147,
        0.01650767439030401,
        0.3258678628865389,
        0.14015221597375213,
        -0.21482311572080956
      ],
      [
        0.014875318288854423,
        -0.27789897609939596,
        -0.03306273638426993,
        0.4195311390195696,
        -0.16424506398219368,
        -0.17023238610098534,
        0.2985866055794409,
        -0.3862047613955349,
        -0.11291386434435455,
        0.0212806860039714,
        0.013601867706685014,
        0.17636145019595023,
        0.1031831528989971,
        0.5174261789553318,
        1.0337443250342413,
        -0.1016037540961539
      ],
      [
        -0.20537305999965463,
        -0.24162150795411555,
        -0.09868045606721411,
        0.7142556899463559,
        -0.1465163375095973,
        -0.210039119240632,
        -0.21316903301187656,
        -0.18492419392215914,
        0.17998163399728284,
        0.24510264070232757,
        -0.2858528555038259,
        0.1430407648716106,
        0.029171452285182056,
        0.4643930773856144,
        0.7161896193036732,
        0.05589888719367057
      ],
      [
        0.1943008760549701,
        -0.03825974923883603,
        0.10309084062787814,
        0.24343255717807805,
        -0.3054097022459161,
        -0.08662726951373005,
        -0.11871794169100316,
        -0.15654817839973864,
        -0.042189746242585466,
        0.3792258954889981,
        -0.1732235455289266,
        0.24636783976894783,
        -0.4207174429039512,
        -0.03966369635191335,
        0.06396314668699221,
        0.14655558283981954
      ],
      [
        0.20237913023521012,
        0.1431822921889224,
        -0.05637027710672725,
        -0.02997744744769895,
        0.27337322303228895,
        -0.05453554664480844,
        -0.3200463589522848,
        -0.28015051983977335,
        -0.20326725493631742,
        0.12978075369384023,
        0.07884066741202549,
        0.17691958963801968,
        -0.10681316158413356,
        0.08369248391370897,
        0.17967247890257493,
        -0.0773366349300596
      ],
      [
        0.1387662946763492,
        -0.22063600187772173,
        -0.059952470685885835,
        -0.009823972781139436,
        -0.2400806586792596,
        0.11503365477199073,
        -0.11847536316848525,
        0.006294813343018732,
        0.14678248129056265,
        0.11712336168788533,
        0.20958051063758076,
        -0.020323120006278398,
        -0.10582457801103844,
        0.024128008417930624,
        -0.3985587280787665,
        -0.3617781181057718
      ],
      [
        -0.3061024178016044,
        -0.30446622351142943,
        0.13075454763624125,
        -0.14075926312157225,
        -0.035661385791846995,
        0.3180976090221116,
        -0.09019077088316077,
        0.18755017577786848,
        -0.20680860343838384,
        -0.04586882178650824,
        -0.1942712803332611,
        -0.08046001785406315,
        0.21007703436434888,
        -0.3877725446535565,
        0.1318807912972051,
        0.05943390058306947
      ],
      [
        -0.12396500363720224,
        -0.4166689802081726,
        0.048843367883849534,
        -0.0467626765475078,
        0.11704830555667643,
        -0.0012464290435439999,
        0.39931994471242455,
        -0.0566676232071592,
        -0.22927855659138083,
        0.050309476419478305,
        0.09823340438732546,
        0.3440951449311869,
        0.20877781147864463,
        0.13327532593190766,
        0.3891006032156314,
        -0.2971907635807127
      ],
      [
        -0.13536539790044055,
        -0.2867985019624402,
        -0.06664145983355989,
        -0.2585610361706344,
        0.21766698942160148,
        -0.06226513969909806,
        -0.3688263517434688,
        -0.2507234866407886,
        0.10497427842663436,
        0.21502220965399446,
        0.5424169563173306,
        0.7327638676229098,
        0.1036023583189991,
        -0.20332696886343574,
        -0.5097366897720867,
        0.06692786558595895
      ],
      [
        -0.17866278854058512,
        -0.1589938316559802,
        -0.1222132088095699,
        0.050412779114346516,
        0.3253743104149114,
        0.03255267643693144,
        -0.04078348737747635,
        -0.2557421545453561,
        -0.3920749196120038,
        -0.11608640958793341,
        0.029788595689804055,
        0.4462807295160485,
        0.03256863036822146,
        0.289742438900295,
        -0.10154901922404726,
        -0.29623594160425615
      ],
      [
        -0.20577727043786928,
        -0.18626429119374444,
        0.5851775360573003,
        -0.10837112428193413,
        0.27515670338791126,
        -0.23670264976960664,
        0.2517104927291199,
        0.12481216931133403,
        -0.015579817545653199,
        -0.0012128338346433813,
        -0.11215385636576873,
        0.1130919709463681,
        -0.113745870085195,
        -0.2435233250626471,
        -0.2605264468041031,
        0.04314697943052987
      ],
      [
        0.4439177846766015,
        -0.07031112982875823,
        0.03196240038329364,
        0.2426775363375213,
        0.444258940862707,
        0.04142669449215465,
        -0.10498136394404284,
        0.2829147448371659,
        0.16038074274357442,
        0.39492013335979637,
        0.1322770760942449,
        -0.2975207556879698,
        -0.34203979981141625,
        0.500847105346873,
        0.47746619101730575,
        -0.04487980332065016
      ],
      [
        -0.020115676482502988,
        0.27021843531345313,
        -0.17332130955385502,
        0.013278178760694726,
        0.322641395476839,
        -0.1205929912105975,
        0.01569761320517128,
        -0.007100832461986291,
        0.15146093954653475,
        0.36982606072685936,
        0.14488293168570165,
        0.16958682276607856,
        -0.5125430252577556,
        0.12273840163434276,
        -0.11379214114062029,
        -0.304703265105907
      ],
      [
        -0.21348041557469297,
        0.1270579713636069,
        0.26220592441326235,
        -0.39063251280112626,
        -0.036427155366803084,
        -0.12652778595731964,
        -0.020868655995388886,
        0.3234490787200717,
        0.09654871616276008,
        0.33883842571029366,
        -0.060731311009454614,
        -0.18683440086767233,
        -0.05596470422012488,
        0.06915882986103278,
        0.1258734807988428,
        -0.27109701805834163
      ],
      [
        0.03803474868655695,
        0.09719173881856587,
        0.6572386083277361,
        0.49619450435683554,
        -0.19591408236125657,
        -0.07733126801121903,
        -0.3461236811360069,
        -0.12169505789814015,
        0.08073708502748853,
        0.3059523040716661,
        -0.1660747106786666,
        -0.16547679137660928,
        -0.5368222574346637,
        -0.013808307375915404,
        -0.2256743960174872,
        -0.13235985684151844
      ],
      [
        -0.31323691816688165,
        -0.23804962467226545,
        -0.6908455603727085,
        -0.6102300888818856,
        1.120146593811134,
        -0.32185564531850774,
        -0.2741963946136599,
        0.4609475194699404,
        0.8870982474714262,
        -0.2617350356743242,
        0.4295392425081957,
        0.04631629043758035,
        0.4321744111013981,
        -0.16315776847854963,
        -0.1043915153476318,
        0.194334394015436
      ],
      [
        0.01466979499167005,
        -0.30852300391665094,
        -0.28486920366256074,
