{
  "labels": [
    "Critical Care Nursing",
    "Pediatric Nursing",
    "Psychiatric Nursing",
    "research"
  ],
  "feature_extractor": {
    "max_features": 32,
    "vocabulary": {
      "critical": 15,
      "care": 12,
      "nursing": 21,
      "allied": 3,
      "health": 19,
      "analysis": 5,
      "contemporary": 14,
      "academic": 1,
      "critical care": 16,
      "care nursing": 13,
      "allied health": 4,
      "analysis relationships": 6,
      "vocabulary foundational": 31,
      "awareness open": 10,
      "academic professional": 2,
      "pediatric": 22,
      "pediatric nursing": 23,
      "psychiatric": 26,
      "psychiatric nursing": 27,
      "camera": 11,
      "ar": 7,
      "guidance": 18,
      "surgical": 30,
      "assembly": 9,
      "scrub": 28,
      "nurses": 20,
      "pose": 24,
      "estimation": 17,
      "ar guidance": 8,
      "scrub nurses": 29,
      "6d pose": 0,
      "pose estimation": 25
    },
    "idf": [
      1.916290731874155,
      1.2231435513142097,
      1.2231435513142097,
      1.2231435513142097,
      1.2231435513142097,
      1.2231435513142097,
      1.2231435513142097,
      1.916290731874155,
      1.916290731874155,
      1.916290731874155,
      1.2231435513142097,
      1.916290731874155,
      1.916290731874155,
      1.916290731874155,
      1.2231435513142097,
      1.916290731874155,
      1.916290731874155,
      1.916290731874155,
      1.916290731874155,
      1.2231435513142097,
      1.916290731874155,
      1.2231435513142097,
      1.916290731874155,
      1.916290731874155,
      1.916290731874155,
      1.916290731874155,
      1.916290731874155,
      1.916290731874155,
      1.916290731874155,
      1.916290731874155,
      1.916290731874155,
      1.2231435513142097
    ]
  },
  "scope": "nursing",
  "grade": "preschool"
}