{
  "layer_sizes": [
    32,
    16,
    4
  ],
  "learning_rate": 0.3,
  "seed": 42,
  "output_activation": "softmax",
  "weights": [
    [
      [
        0.06598018911897609,
        -0.2712223319600597,
        0.157805400296772,
        0.2787510457105622,
        -0.49993023988960616,
        -0.3255448767155795,
        0.08827734460488997,
        -0.07161253835694306,
        -0.003585449046100837,
        -0.20224710877362054,
        0.2782466171781213,
        0.22061953860140807,
        0.01650767439030401,
        0.3345108073710963,
        0.09703643010827258,
        -0.21482311572080956
      ],
      [
        0.08198861520099296,
        -0.2509469556071855,
        0.18980517667197583,
        0.031128388866195608,
        -0.05838703361246221,
        -0.17023238610098534,
        0.36195257848157625,
        -0.031184260788248108,
        -0.10646711521080544,
        -0.07701951450228298,
        0.19147441985075125,
        0.11753257083519046,
        0.1031831528989971,
        0.16040575638105886,
        0.5155709947628766,
        -0.1016037540961539
      ],
      [
        -0.13825976308751609,
        -0.21466948746190523,
        0.12418745698903157,
        0.32585293979298174,
        -0.04065830713986584,
        -0.210039119240632,
        -0.14980306010974123,
        0.1700963066851277,
        0.18642838313083196,
        0.14680244019607322,
        -0.10798030335975951,
        0.08421188551085082,
        0.029171452285182056,
        0.10737265481134133,
        0.19801628903230875,
        0.05589888719367057
      ],
      [
        0.15952930994834197,
        0.005668461972287075,
        0.042472451017653616,
        0.20143192307239388,
        -0.3764603976900637,
        -0.07991780408932533,
        -0.06127591976013027,
        -0.15227135233188305,
        -0.06817072247669957,
        0.3847492009283732,
        -0.15806065546089673,
        0.2682411433920411,
        -0.4207174429039512,
        -0.031020751867355593,
        0.020847360821512586,
        0.14655558283981954
      ],
      [
        0.167607564128582,
        0.1871105034000455,
        -0.11698866671695184,
        -0.07197808155338292,
        0.2023225275881414,
        -0.04782608122040372,
        -0.26260433702141184,
        -0.27587369377191795,
        -0.22924823117043144,
        0.1353040591332155,
        0.09400355748005533,
        0.19879289326111305,
        -0.10681316158413356,
        0.09233542839826663,
        0.13655669303709547,
        -0.0773366349300596
      ],
      [
        0.10399472856972111,
        -0.1767077906665986,
        -0.12057086029611039,
        -0.05182460688682344,
        -0.311131354123407,
        0.12174312019639545,
        -0.06103334123761236,
        0.0105716394108743,
        0.1208015050564486,
        0.12264666712726044,
        0.22474340070561064,
        0.001550183616815002,
        -0.10582457801103844,
        0.03277095290248837,
        -0.4416745139442464,
        -0.3617781181057718
      ],
      [
        -0.3408739839082324,
        -0.2605380123003062,
        0.0701361580260167,
        -0.18275989722725638,
        -0.1067120812359945,
        0.32480707444651635,
        -0.03274874895228787,
        0.19182700184572407,
        -0.2327895796724979,
        -0.040345516347133126,
        -0.17910839026523123,
        -0.05858671423096973,
        0.21007703436434888,
        -0.3791296001689991,
        0.08876500543172551,
        0.05943390058306947
      ],
      [
        -0.15873656974383035,
        -0.37274076899704944,
        -0.011775021726375028,
        -0.08876331065319176,
        0.04599761011252892,
        0.00546303638086072,
        0.4567619666432975,
        -0.052390797139303634,
        -0.2552595328254949,
        0.05583278185885342,
        0.11339629445535532,
        0.36596844855428,
        0.20877781147864463,
        0.1419182704164655,
        0.3459848173501515,
        -0.2971907635807127
      ],
      [
        -0.17013696400706868,
        -0.24287029075131703,
        -0.12725984944378438,
        -0.30056167027631836,
        0.14661629397745402,
        -0.055555674274693344,
        -0.3113843298125958,
        -0.24644666057293302,
        0.07899330219252018,
        0.22054551509336975,
        0.5575798463853603,
        0.7546371712460033,
        0.1036023583189991,
        -0.19468402437887786,
        -0.552852475637566,
        0.06692786558595895
      ],
      [
        -0.21343435464721325,
        -0.11506562044485714,
        -0.18283159841979432,
        0.008412145008662518,
        0.25432361497076383,
        0.039262141861336156,
        0.016658534553396536,
        -0.2514653284775007,
        -0.4180558958461179,
        -0.1105631041485583,
        0.044951485757833934,
        0.4681540331391416,
        0.03256863036822146,
        0.29838538338485254,
        -0.14466480508952675,
        -0.29623594160425615
      ],
      [
        -0.25147827137772466,
        -0.1925328215338741,
        0.5023100344539484,
        -0.16173680319333772,
        0.19745085820793917,
        -0.2257317945217566,
        0.2892104970316297,
        0.10368585125541828,
        -0.03854463408455124,
        0.0008232415859158736,
        -0.10529980039493354,
        0.13768960511469108,
        -0.113745870085195,
        -0.253700935312724,
        -0.33932529903464376,
        0.04314697943052987
      ],
      [
        0.5007708883520157,
        0.03999790339335956,
        -0.02965958152747064,
        -0.12772201820099077,
        0.17867625589005515,
        0.054845625340964085,
        -0.0901420491608336,
        0.6634184412979149,
        0.0701459543896082,
        0.520505458197377,
        -0.10492547853714626,
        -0.34656332781328014,
        -0.38758703916854337,
        0.25080671340670735,
        0.9364945064398869,
        -0.09589279044649582
      ],
      [
        -0.09307240867020865,
        0.3561828327895098,
        -0.3011309220487869,
        -0.20881575759605364,
        0.1354525888517236,
        -0.0986512807148974,
        0.04607654199693483,
        0.005603078814492034,
        0.08103017843532467,
        0.3751282371516921,
        0.054657841613824594,
        0.178160371791606,
        -0.5172967130567443,
        0.014006651469391566,
        -0.174262485108852,
        -0.3100274036906565
      ],
      [
        -0.2195380917321877,
        -0.08353086017520302,
        0.09455105471219208,
        0.2618682665280718,
        0.007657873148604361,
        -0.12104235833339462,
        -0.1985730466938172,
        -0.18669719789954894,
        0.13446662922088873,
        0.6442089311913397,
        -0.28239422560204247,
        -0.081852604700137,
        -0.05596470422012488,
        0.5458367655015471,
        0.05242726304914645,
        -0.27109701805834163
      ],
      [
        0.022622445406968554,
        0.057057082534726286,
        0.494943928506669,
        1.0626775987833805,
        -0.21331083763970501,
        -0.07184584038729402,
        -0.48251527356257756,
        -0.5850634077165713,
        0.07883902086749234,
        0.6113228095527122,
        -0.4260387652254694,
        -0.07140356179941035,
        -0.5368222574346637,
        0.444546087547515,
        -0.2573196795291721,
        -0.13235985684151844
      ],
      [
        -0.2294142753615288,
        -0.034791943963075035,
        -0.4692394964940002,
        -0.32079073269337555,
        0.47145456437633926,
        -0.32185564531850774,
        -0.3706104465260106,
        0.8782057949964391,
        0.7268816326400731,
        -0.37254802392887026,
        0.029294738541790055,
        0.1188051459596657,
        0.4321744111013981,
        -0.3242832460501752,
        -0.1681601173111722,
        0.194334394015436
      ],
      [
        0.044776194770009554,
        -0.16439172487276238,
        -0.08582736000219675,
        -0.6675957769883559,
