{
  "labels": [
    "Hanafi School",
    "Maliki School",
    "Sunni Islam",
    "research"
  ],
  "feature_extractor": {
    "max_features": 32,
    "vocabulary": {
      "sunni": 30,
      "islam": 15,
      "core": 4,
      "concept": 0,
      "religions": 20,
      "requires": 22,
      "definitions": 6,
      "development": 9,
      "fields": 12,
      "researchers": 24,
      "design": 7,
      "solve": 27,
      "contemporary": 2,
      "sunni islam": 31,
      "core concept": 5,
      "concept islam": 1,
      "religions broader": 21,
      "religion spirituality": 19,
      "requires studying": 23,
      "development key": 10,
      "researchers practitioners": 25,
      "design experiments": 8,
      "solve practical": 28,
      "contemporary applications": 3,
      "hanafi": 13,
      "school": 26,
      "hanafi school": 14,
      "maliki": 16,
      "maliki school": 17,
      "field": 11,
      "order": 18,
      "state": 29
    },
    "idf": [
      1.2231435513142097,
      1.2231435513142097,
      1.2231435513142097,
      1.2231435513142097,
      1.2231435513142097,
      1.2231435513142097,
      1.2231435513142097,
      1.2231435513142097,
      1.2231435513142097,
      1.2231435513142097,
      1.2231435513142097,
      1.916290731874155,
      1.0,
      1.916290731874155,
      1.916290731874155,
      1.2231435513142097,
      1.916290731874155,
      1.916290731874155,
      1.916290731874155,
      1.2231435513142097,
      1.2231435513142097,
      1.2231435513142097,
      1.2231435513142097,
      1.2231435513142097,
      1.2231435513142097,
      1.2231435513142097,
      1.5108256237659907,
      1.2231435513142097,
      1.2231435513142097,
      1.916290731874155,
      1.916290731874155,
      1.916290731874155
    ]
  },
  "scope": "islam",
  "grade": "preschool"
}