{
  "layer_sizes": [
    32,
    16,
    4
  ],
  "learning_rate": 0.3,
  "seed": 42,
  "output_activation": "softmax",
  "weights": [
    [
      [
        0.10999090180430114,
        -0.2559273920098477,
        0.28444123375944513,
        0.33862446318372774,
        -0.425170737531485,
        -0.42025139968524416,
        0.03196010079182134,
        -0.05477289489364552,
        0.08666589078179424,
        -0.20873586860457272,
        0.23490627274235035,
        0.15412367564681084,
        0.01650767439030401,
        0.2935720191427128,
        0.0900206563851508,
        -0.21482311572080956
      ],
      [
        0.125999327886318,
        -0.23565201565697366,
        0.3164410101346489,
        0.0910018063393612,
        0.016372468745659022,
        -0.26493890907065,
        0.30563533466850756,
        -0.01434461732495052,
        -0.01621577538291037,
        -0.08350827433323506,
        0.1481340754149804,
        0.0510367078805935,
        0.1031831528989971,
        0.11946696815267498,
        0.5085552210397541,
        -0.1016037540961539
      ],
      [
        -0.08592517001862397,
        -0.20011680671877727,
        0.2384798990880332,
        0.3319324538861577,
        -0.008086650876295624,
        -0.2328727925568048,
        -0.2061203039228099,
        0.21498249856530235,
        0.2366801910333825,
        0.13523875379747585,
        -0.17610271730707241,
        0.04437924812623693,
        0.029171452285182056,
        0.06428812384693341,
        0.22401495804057678,
        0.05589888719367057
      ],
      [
        0.23735165449936033,
        0.025032036472775143,
        0.2659367192881579,
        0.36478862463148404,
        -0.2391128356999684,
        -0.26933085002865464,
        -0.11759316357319888,
        -0.11114395567633545,
        0.11294679750906192,
        0.38278555438624356,
        -0.18634422087002434,
        0.16142097222701804,
        -0.4207174429039512,
        -0.06019782269503505,
        -0.013025092079469709,
        0.14655558283981954
      ],
      [
        0.022666174019458803,
        0.4181378459348028,
        -0.4402833113426573,
        0.2582115748515437,
        0.14178402513195593,
        -0.04782608122040372,
        -0.31892158083448047,
        -0.5179607814696613,
        -0.22988665161817626,
        0.2545930300718936,
        -0.08705214999939007,
        0.3712509743378577,
        -0.10681316158413356,
        0.1339478655229279,
        0.3639659701160967,
        -0.0773366349300596
      ],
      [
        -0.040946661539402046,
        0.054319551868158754,
        -0.44386550492181576,
        0.2783650495181032,
        -0.3716698565795927,
        0.12174312019639545,
        -0.11735058505068097,
        -0.23151544828686926,
        0.1201630846087039,
        0.24193563806593865,
        0.04368769322616523,
        0.17400826469355973,
        -0.10582457801103844,
        0.07438339002714958,
        -0.21426523686524476,
        -0.3617781181057718
      ],
      [
        -0.2968632712229073,
        -0.24524307235009438,
        0.19677199148869004,
        -0.12288647975409067,
        -0.03195257887787324,
        0.2301005514768517,
        -0.08906599276535648,
        0.20866664530902168,
        -0.14253823984460287,
        -0.046834276178085166,
        -0.2224487347010021,
        -0.1250825771855667,
        0.21007703436434888,
        -0.4200683883973826,
        0.08174923170860374,
        0.05943390058306947
      ],
      [
        -0.11472585705850528,
        -0.3574458290468375,
        0.11486081173629831,
        -0.028889893180026202,
        0.12075711247065013,
        -0.08924348658880393,
        0.40044472283022886,
        -0.03555115367600602,
        -0.16500819299759986,
        0.04934402202790138,
        0.07005595001958452,
        0.2994725855996831,
        0.20877781147864463,
        0.10097948218808163,
        0.33896904362703,
        -0.2971907635807127
      ],
      [
        -0.12612625132174374,
        -0.22757535080110516,
        -0.0006240159811110334,
        -0.24068825280315295,
        0.22137579633557522,
        -0.15026219724435802,
        -0.36770157362566447,
        -0.22960701710963535,
        0.1692446420204152,
        0.21405675526241758,
        0.5142395019495901,
        0.6881413082914063,
        0.1036023583189991,
        -0.23562281260726167,
        -0.5598682493606885,
        0.06692786558595895
      ],
      [
        -0.1694236419618883,
        -0.09977068049464517,
        -0.05619576495712109,
        0.06828556248182811,
        0.329083117328885,
        -0.055444381108328486,
        -0.039658709259672076,
        -0.2346256850142028,
        -0.327804556018223,
        -0.11705186397951038,
        0.0016111413220630953,
        0.4016581701845447,
        0.03256863036822146,
        0.2574465951564689,
        -0.15168057881264863,
        -0.29623594160425615
      ],
      [
        -0.20746755869239977,
        -0.17723788158366224,
        0.6289458679166217,
        -0.101863385720172,
        0.27221036056606013,
        -0.3204383174914212,
        0.23289325321856102,
        0.12052549471871578,
        0.05170670574334382,
        -0.00566551824503617,
        -0.1486401448307044,
        0.07119374216009404,
        -0.113745870085195,
        -0.29463972354110746,
        -0.34634107275776527,
        0.04314697943052987
      ],
      [
        0.4285844459683021,
        0.044066537943635686,
        0.06716885328036026,
        0.1749398189865602,
        0.3890884950586803,
        -0.039860897628700556,
        -0.10273180770843429,
        0.30085993070722233,
        0.19805528977326978,
        0.3884641112878203,
        0.06086538833211976,
        -0.3464415661405511,
        -0.34203979981141625,
        0.424493700458517,
        0.4040597510179638,
        -0.04487980332065016
      ],
      [
        -0.06198519841830363,
        0.3694297076108267,
        -0.17993298570304114,
        -0.12019847065303207,
        0.22341975830423524,
        -0.19335780368456207,
        -0.001280466680017824,
        -0.01657297143887813,
        0.1752598173575998,
        0.3563955786172515,
        0.03770300575207961,
        0.12066039010878825,
        -0.5125430252577556,
        -0.00041788308182514434,
        -0.2376642467510784,
        -0.304703265105907
      ],
      [
        -0.1857264598664945,
        -0.07946222562492686,
        0.32580407039683407,
        -0.22811489534896673,
        0.07024593278057852,
        -0.21574888130305928,
        -0.08191827359049021,
        0.27497720951840116,
        0.2253950394088479,
        0.33887464014950824,
        -0.023569640785831892,
        -0.214309961128102,
        -0.05596470422012488,
        0.07238591521850968,
        0.01728666043556721,
        -0.27109701805834163
      ],
      [
        0.004290699829460386,
        0.10293999932882979,
        0.4589108340388775,
        0.594786045821151,
        0.04553597247214912,
        -0.11751318701963945,
        -0.3658605004592508,
        -0.14873723054887067,
        0.1530715429781789,
        0.37241591028509036,
        0.1327923664229096,
        -0.16485507486025675,
        -0.5368222574346637,
        0.23558505537671795,
        -0.13435912148814733,
        -0.13235985684151844
      ],
      [
        -0.16258739460958896,
        -0.020239263219947064,
        -0.3496256011147193,
        -0.3519869154453369,
        0.5219423652338292,
        -0.2900942037535014,
        -0.2741963946136599,
        0.5440401556025475,
        0.7537110324659049,
        -0.2976908603868234,
        -0.12382272362046381,
        0.0910344866770912,
        0.4321744111013981,
        -0.23709829494237925,
        -0.02704683935965083,
        0.194334394015436
      ],
      [
        0.16531931854896278,
        -0.09071264246433258,
        0.05635075559542814,
        -0.3289495561900847,
