{
  "layer_sizes": [
    32,
    16,
    3
  ],
  "learning_rate": 0.3,
  "seed": 42,
  "output_activation": "softmax",
  "weights": [
    [
      [
        0.0752077814307993,
        -0.2599960265601239,
        0.2245592209191641,
        0.2576618859657054,
        -0.4619153043178231,
        -0.3255448767155795,
        0.03196010079182134,
        -0.054432886479258515,
        0.03732676125050459,
        -0.1987118123887385,
        0.23918852058910484,
        0.18460313241976817,
        0.023096727133915272,
        0.2809587905901849,
        0.1168773355630114,
        -0.21482311572080956
      ],
      [
        0.09121620751281617,
        -0.23972065020724972,
        0.2565589972943679,
        0.010039229121338797,
        -0.020372098040679038,
        -0.17023238610098534,
        0.30563533466850756,
        -0.014004608910563546,
        -0.06555490491420005,
        -0.07348421811740073,
        0.15241632326173488,
        0.08151616465355067,
        0.10977220564260837,
        0.10685373960014738,
        0.5354119002176153,
        -0.1016037540961539
      ],
      [
        -0.12903217077569287,
        -0.20344318206196943,
        0.19094127761142368,
        0.3047637800481248,
        -0.00264337156808266,
        -0.210039119240632,
        -0.2061203039228099,
        0.18727595856281232,
        0.22734059342743734,
        0.15033773658095526,
        -0.14703839994877588,
        0.04819547932921104,
        0.03576050502879329,
        0.05382063803042993,
        0.21785719448704746,
        0.05589888719367057
      ],
      [
        0.16875690226016518,
        0.016894767372222865,
        0.10922627164004574,
        0.18034276332753713,
        -0.33844546211828064,
        -0.07991780408932533,
        -0.11759316357319888,
        -0.13509170045419844,
        -0.027258512180094147,
        0.3882844973132555,
        -0.1971187520499131,
        0.2322247372104013,
        -0.4141283901603397,
        -0.08457276864826702,
        0.0406882662762514,
        0.14655558283981954
      ],
      [
        0.1768351564404052,
        0.1983368087999813,
        -0.05023484609455964,
        -0.09306724129823975,
        0.24033746315992455,
        -0.04782608122040372,
        -0.31892158083448047,
        -0.2586940418942332,
        -0.18833602087382606,
        0.1388393555180975,
        0.054945460891039036,
        0.16277648707947315,
        -0.1002241088405223,
        0.038783411617355254,
        0.15639759849183418,
        -0.0773366349300596
      ],
      [
        0.11322232088154432,
        -0.16548148526666281,
        -0.05381703967371821,
        -0.07291376663168023,
        -0.27311641855162394,
        0.12174312019639545,
        -0.11735058505068097,
        0.027751291288558848,
        0.161713715353054,
        0.12618196351214264,
        0.18568530411659426,
        -0.034466222564824796,
        -0.09923552526742717,
        -0.020781063878423062,
        -0.42183360848950746,
        -0.3617781181057718
      ],
      [
        -0.3316463915964092,
        -0.24931170690037044,
        0.13688997864840893,
        -0.20384905697211317,
        -0.0686971456642113,
        0.32480707444651635,
        -0.08906599276535648,
        0.20900665372340868,
        -0.19187736937589248,
        -0.03681021996225085,
        -0.2181664868542476,
        -0.09460312041260953,
        0.21666608710796006,
        -0.4326816169499105,
        0.10860591088646433,
        0.05943390058306947
      ],
      [
        -0.14950897743200714,
        -0.36151446359711364,
        0.054978798896017124,
        -0.10985247039804853,
        0.08401254568431211,
        0.00546303638086072,
        0.40044472283022886,
        -0.035211145261619066,
        -0.21434732252888947,
        0.059368078243735696,
        0.07433819786633898,
        0.3299520423726403,
        0.21536686422225582,
        0.08836625363555403,
        0.36582572280489045,
        -0.2971907635807127
      ],
      [
        -0.16090937169524547,
        -0.23164398535138123,
        -0.06050602882139227,
        -0.3216508300211753,
        0.18463122954923716,
        -0.055555674274693344,
        -0.36770157362566447,
        -0.22926700869524835,
        0.11990551248912558,
        0.2240808114782518,
        0.5185217497963441,
        0.7186207650643633,
        0.11019141106261036,
        -0.24823604115978934,
        -0.5330115701828273,
        0.06692786558595895
      ],
      [
        -0.20420676233539004,
        -0.10383931504492133,
        -0.11607777779740228,
        -0.012677014736194286,
        0.29233855054254687,
        0.039262141861336156,
        -0.039658709259672076,
        -0.23428567659981586,
        -0.37714368554951255,
        -0.10702780776367606,
        0.005893389168817606,
        0.4321376269575019,
        0.0391576831118327,
        0.2448333666039411,
        -0.12482389963478802,
        -0.29623594160425615
      ],
      [
        -0.2422506790659015,
        -0.1813065161339383,
        0.5690638550763405,
        -0.1828259629381945,
        0.23546579377972232,
        -0.2257317945217566,
        0.23289325321856102,
        0.12086550313310279,
        0.0023675762120541803,
        0.0043585379707981285,
        -0.1443578969839499,
        0.10167319893305123,
        -0.10715681734158373,
        -0.30725295209363535,
        -0.3194843935799048,
        0.04314697943052987
      ],
      [
        0.39380132559480013,
        0.03999790339335956,
        0.007286840440079087,
        0.09397724176853776,
        0.3523439282723422,
        0.054845625340964085,
        -0.10273180770843429,
        0.3011999391216092,
        0.14871616024198012,
        0.3984881675036545,
        0.06514763617887427,
        -0.3159621093675939,
        -0.33545074706780476,
        0.4118804719059891,
        0.43091643019582426,
        -0.04487980332065016
      ],
      [
        -0.09676831879180547,
        0.36536107306055055,
        -0.23981499854332214,
        -0.20116104787105457,
        0.1866751915178972,
        -0.0986512807148974,
        -0.001280466680017824,
        -0.01623296302449116,
        0.12592068782631005,
        0.3664196348330857,
        0.04198525359883411,
        0.15113984688174556,
        -0.5059539725141448,
        -0.013031111634352787,
        -0.21080756757321778,
        -0.304703265105907
      ],
      [
        -0.22050958023999623,
        -0.08353086017520302,
        0.26592205755655307,
        -0.3090774725669891,
        0.03350136599424046,
        -0.12104235833339462,
        -0.08191827359049021,
        0.27531721793278807,
        0.1760559098775583,
        0.34889869636534243,
        -0.019287392939077393,
        -0.18383050435514467,
        -0.04937565147651364,
        0.059772686665982094,
        0.04414333961342776,
        -0.27109701805834163
      ],
      [
        0.02165095689916001,
        0.057057082534726286,
        0.6663149313510295,
        0.49173185968831945,
        -0.18746734479406893,
        -0.07184584038729402,
        -0.3658605004592508,
        -0.12304899188423464,
        0.12042830152416188,
        0.3160125747267149,
        -0.16293193256250443,
        -0.17338146145441805,
        -0.5302332046910528,
        -0.04151799128805022,
        -0.2656036029648908,
        -0.13235985684151844
      ],
      [
        -0.2201866830497056,
        -0.023565638563139247,
        -0.402485675871608,
        -0.3442406044798457,
        0.5581552708527107,
        -0.32185564531850774,
        -0.2741963946136599,
        0.4838561436869655,
        0.7677938429366784,
        -0.2783424877016789,
        -0.07272321232360995,
        0.07554403629765848,
        0.4387634638450096,
        -0.24756578075888266,
        -0.061319461485527436,
        0.194334394015436
      ],
      [
        0.10772003010884612,
        -0.09403901780752481,
