{
  "labels": [
    "Clinical Psychology",
    "Health Psychology",
    "Neuropsychology",
    "research"
  ],
  "feature_extractor": {
    "max_features": 32,
    "vocabulary": {
      "clinical": 6,
      "psychology": 18,
      "health": 10,
      "domain": 9,
      "sciences": 28,
      "requires": 24,
      "principles": 16,
      "analysis": 2,
      "relationships": 22,
      "researchers": 26,
      "phenomena": 14,
      "solve": 30,
      "awareness": 3,
      "questions": 20,
      "academic": 0,
      "professional": 17,
      "settings": 29,
      "clinical psychology": 7,
      "psychology clinical": 19,
      "requires studying": 25,
      "relationships neighboring": 23,
      "researchers practitioners": 27,
      "solve practical": 31,
      "practical problems": 15,
      "awareness open": 4,
      "questions contemporary": 21,
      "neuropsychology": 13,
      "health psychology": 11,
      "computational": 8,
      "human": 12,
      "adaptation": 1,
      "based": 5
    },
    "idf": [
      1.2231435513142097,
      1.916290731874155,
      1.0,
      1.2231435513142097,
      1.2231435513142097,
      1.916290731874155,
      1.2231435513142097,
      1.916290731874155,
      1.916290731874155,
      1.0,
      1.2231435513142097,
      1.916290731874155,
      1.916290731874155,
      1.916290731874155,
      1.2231435513142097,
      1.2231435513142097,
      1.2231435513142097,
      1.0,
      1.2231435513142097,
      1.2231435513142097,
      1.2231435513142097,
      1.2231435513142097,
      1.2231435513142097,
      1.2231435513142097,
      1.2231435513142097,
      1.2231435513142097,
      1.2231435513142097,
      1.2231435513142097,
      1.2231435513142097,
      1.2231435513142097,
      1.2231435513142097,
      1.2231435513142097
    ]
  },
  "scope": "psychology",
  "grade": "preschool"
}