{
  "layer_sizes": [
    32,
    16,
    4
  ],
  "learning_rate": 0.3,
  "seed": 42,
  "output_activation": "softmax",
  "weights": [
    [
      [
        0.07617926993860784,
        -0.22735463851221466,
        0.17113372175135627,
        0.27009820659705586,
        -0.39593276817800777,
        -0.3255448767155795,
        0.03196010079182134,
        -0.08579608019674446,
        0.030434963016915263,
        -0.16059209153801401,
        0.2757056701196703,
        0.17997561395971273,
        0.04856669312480291,
        0.2818103017420082,
        0.10965051585819323,
        -0.21482311572080956
      ],
      [
        0.09218769602062471,
        -0.20707926215934053,
        0.2031334981265601,
        0.022475549752689155,
        0.045610438099136286,
        -0.17023238610098534,
        0.30563533466850756,
        -0.045367802628049396,
        -0.07244670314778932,
        -0.03536449726667647,
        0.18893347279230038,
        0.07688864619349549,
        0.13524217163349592,
        0.10770525075197068,
        0.5281850805127971,
        -0.1016037540961539
      ],
      [
        -0.12806068226788433,
        -0.19983479107637458,
        0.38495829736416864,
        0.10107055585543523,
        -0.2549982567225471,
        -0.210039119240632,
        -0.2061203039228099,
        0.3360861950057574,
        0.03678841151034143,
        0.06832778213757566,
        -0.3344234163001014,
        0.2181233486461844,
        0.0023041680743310783,
        -0.022095912051313987,
        0.6907223754502897,
        0.05589888719367057
      ],
      [
        0.16972839076797372,
        0.01930036136261941,
        0.22625547748602598,
        0.03704037824311001,
        -0.5152965498364688,
        -0.07991780408932533,
        -0.11759316357319888,
        -0.04409413002778067,
        -0.16813565033368372,
        0.3287614711827837,
        -0.32848843857526266,
        0.3487916005675399,
        -0.4386289657111852,
        -0.1348999649854885,
        0.35593172025174624,
        0.14655558283981954
      ],
      [
        0.17780664494821374,
        0.2309781968478905,
        -0.10366034526236739,
        -0.08063092066688944,
        0.3063199992997398,
        -0.04782608122040372,
        -0.31892158083448047,
        -0.29005723561171914,
        -0.19522781910741538,
        0.176959076368822,
        0.09146261042160454,
        0.1581489686194177,
        -0.07475414284963468,
        0.03963492276917856,
        0.14917077878701598,
        -0.0773366349300596
      ],
      [
        0.11419380938935286,
        -0.13284009721875362,
        -0.10724253884152594,
        -0.06047744600032993,
        -0.20713388241180844,
        0.12174312019639545,
        -0.11735058505068097,
        -0.0036119024289270117,
        0.1548219171194647,
        0.16430168436286696,
        0.2222024536471598,
        -0.03909374102488006,
        -0.07376555927653955,
        -0.019929552726599763,
        -0.4290604281943257,
        -0.3617781181057718
      ],
      [
        -0.3306749030886006,
        -0.21667031885246124,
        0.08346447948060115,
        -0.19141273634076278,
        -0.002714609524395993,
        0.32480707444651635,
        -0.08906599276535648,
        0.1776434600059228,
        -0.19876916760948177,
        0.0013095008884733885,
        -0.1816493373236821,
        -0.09923063887266471,
        0.24213605309884773,
        -0.43183010579808717,
        0.10137909118164613,
        0.05943390058306947
      ],
      [
        -0.1485374889241986,
        -0.3591088696067173,
        0.1720080047419973,
        -0.2531548554824758,
        -0.09283854203387623,
        0.00546303638086072,
        0.40044472283022886,
        0.05578642516479878,
        -0.3552244606824791,
        -0.0001549478867363393,
        -0.05703148865901056,
        0.4465189057297788,
        0.19086628867141067,
        0.03803905729833252,
        0.6810691767803851,
        -0.2971907635807127
      ],
      [
        -0.15993788318743693,
        -0.19900259730347203,
        -0.11393152798919999,
        -0.30921450938982475,
        0.25061376568905264,
        -0.055555674274693344,
        -0.36770157362566447,
        -0.2606302024127344,
        0.11301371425553632,
        0.26220053232897617,
        0.5550388993269096,
        0.7139932466043081,
        0.13566137705349793,
        -0.24738453000796604,
        -0.5402383898876455,
        0.06692786558595895
      ],
      [
        -0.2032352738275815,
        -0.07683900679559592,
        -0.14640920762836054,
        -0.02237528361631455,
        0.32186834645230095,
        0.039262141861336156,
        -0.039658709259672076,
        -0.2493355715733797,
        -0.40331539714763637,
        -0.08438401428484489,
        0.01760488506435781,
        0.4440733609766266,
        0.056442234946999126,
        0.23900808458474707,
        -0.08960552029283463,
        -0.29623594160425615
      ],
      [
        -0.24127919055809297,
        -0.15430620788461288,
        0.5387324252453826,
        -0.1925242318183148,
        0.2649955896894762,
        -0.2257317945217566,
        0.23289325321856102,
        0.10581560815953883,
        -0.023804135386069816,
        0.027002331449629404,
        -0.13264640108840972,
        0.11360893295217622,
        -0.0898722655064173,
        -0.3130782341128293,
        -0.2842660142379514,
        0.04314697943052987
      ],
      [
        0.3947728141026087,
        0.0726392914412688,
        -0.046138658727728675,
        0.10641356239988807,
        0.41832646441215754,
        0.054845625340964085,
        -0.10273180770843429,
        0.2698367454041232,
        0.14182436200839077,
        0.4366078883543789,
        0.10166478570943978,
        -0.3205896278276493,
        -0.30998078107691746,
        0.4127319830578124,
        0.423689610491006,
        -0.04487980332065016
      ],
      [
        -0.09579683028399694,
        0.5723186981845353,
        -0.5923199887897987,
        -0.2236817547389566,
        0.35796466733040405,
        -0.0986512807148974,
        -0.001280466680017824,
        -0.35404257439133435,
        -0.03749163307244117,
        0.8191636191522697,
        -0.20736222664199463,
        0.19477255346662545,
        -0.6138394480507076,
        -0.012179600482529487,
        -0.09707043313118774,
        -0.304703265105907
      ],
      [
        -0.2195380917321877,
        0.12342676494878185,
        -0.08658293268992316,
        -0.331598179434891,
        0.20479084180674723,
        -0.12104235833339462,
        -0.08191827359049021,
        -0.062492393434055174,
        0.012643588978806993,
        0.8016426806845264,
        -0.2686348731799062,
        -0.14019779777026478,
        -0.1572611270130771,
        0.0606241978178054,
        0.1578804740554578,
        -0.27109701805834163
      ],
      [
        0.022622445406968554,
        0.0840573907840517,
        0.6359835015200715,
        0.4820335908081993,
        -0.1579375488843152,
        -0.07184584038729402,
        -0.3658605004592508,
        -0.1380988868577985,
        0.0942565899260379,
        0.33865636820554634,
        -0.15122043666696425,
        -0.16144572743529298,
        -0.5129486528558864,
        -0.04734327330724427,
        -0.23038522362293742,
        -0.13235985684151844
      ],
      [
        -0.21921519454189706,
        -0.025458975074544525,
        -0.2720618531303665,
        -0.19404577744392487,
        0.8305835376080137,
        -0.32185564531850774,
        -0.2741963946136599,
        0.6728661551364694,
        0.9934882481993329,
        -0.401084715932898,
        0.3652530279343161,
        -0.01275486945195977,
        0.6704347387671412,
        -0.24671426960705936,
        -0.18669736496957026,
        0.194334394015436
      ],
      [
        0.10869151861665466,
        -0.32384224029348224,
        -0.22568587024984912,
