{
  "layer_sizes": [
    32,
    16,
    4
  ],
  "learning_rate": 0.3,
  "seed": 42,
  "output_activation": "softmax",
  "weights": [
    [
      [
        0.08012604239136156,
        -0.3084133767972607,
        0.22517828154053732,
        0.22679566280381297,
        -0.38740897214170383,
        -0.3378220206336486,
        0.03196010079182134,
        -0.07190174079010407,
        0.07893378173213692,
        -0.21633533721403525,
        0.20370708099500898,
        0.18287287653357281,
        0.057019604674560354,
        0.2818103017420082,
        0.1168773355630114,
        -0.21482311572080956
      ],
      [
        0.09613446847337843,
        -0.28813800044438664,
        0.2571780579157412,
        -0.020826994040553704,
        0.054134234135439975,
        -0.18250953001905443,
        0.30563533466850756,
        -0.0314734632214091,
        -0.02394788443256771,
        -0.09110774294269763,
        0.11693488366763898,
        0.07978590876735536,
        0.1436950831832535,
        0.10770525075197068,
        0.5354119002176153,
        -0.1016037540961539
      ],
      [
        0.021290723476551362,
        0.25438026946775405,
        0.06249055044432332,
        0.23631888476085572,
        -0.29694989566152347,
        -0.210039119240632,
        -0.2061203039228099,
        0.15583561972675294,
        0.09201685083134538,
        0.13578856707629874,
        -0.19860031434844802,
        0.2731165594618639,
        0.029171452285182056,
        0.0444052945349308,
        0.21785719448704746,
        0.05589888719367057
      ],
      [
        0.1736751632207274,
        -0.031522582864914,
        0.10984533226141917,
        0.1494765401656446,
        -0.26393912994216134,
        -0.0921949480073944,
        -0.11759316357319888,
        -0.15256055476504407,
        0.014348508301538181,
        0.3706609724879587,
        -0.23260019164400897,
        0.23049448132420594,
        -0.3802055126196949,
        -0.08372125749644371,
        0.0406882662762514,
        0.14655558283981954
      ],
      [
        0.18175341740096743,
        0.1499194585628444,
        -0.04961578547318627,
        -0.12393346446013227,
        0.3148437953360436,
        -0.06010322513847278,
        -0.31892158083448047,
        -0.27616289620507883,
        -0.14672900039219364,
        0.12121583069280077,
        0.019464021296943124,
        0.1610462311932778,
        -0.06630123129987721,
        0.03963492276917856,
        0.15639759849183418,
        -0.0773366349300596
      ],
      [
        0.11814058184210659,
        -0.21389883550379973,
        -0.053197979052344795,
        -0.10377998979357275,
        -0.19861008637550479,
        0.10946597627832638,
        -0.11735058505068097,
        0.010282436977713295,
        0.20332073583468646,
        0.10855843868684578,
        0.1502038645224984,
        -0.036196478451020114,
        -0.0653126477267821,
        -0.019929552726599763,
        -0.42183360848950746,
        -0.3617781181057718
      ],
      [
        -0.3267281306358466,
        -0.2977290571375073,
        0.13750903926978222,
        -0.2347152801340057,
        0.005809186511907692,
        0.3125299305284473,
        -0.08906599276535648,
        0.19153779941256308,
        -0.15027034889426005,
        -0.05443374478754774,
        -0.2536479264483435,
        -0.09633337629880484,
        0.25058896464860525,
        -0.43183010579808717,
        0.10860591088646433,
        0.05943390058306947
      ],
      [
        -0.14459071647144492,
        -0.4099318138342505,
        0.055597859517390484,
        -0.1407186935599411,
        0.15851887786043106,
        -0.006814107537208344,
        0.40044472283022886,
        -0.05267999957246463,
        -0.17274030204725696,
        0.0417445534184388,
        0.03885675827224311,
        0.328221786486445,
        0.249289741762901,
        0.08921776478737733,
        0.36582572280489045,
        -0.2971907635807127
      ],
      [
        -0.15599111073468325,
        -0.28006133558851815,
        -0.05988696820001883,
        -0.3525170531830677,
        0.2591375617253561,
        -0.0678328181927624,
        -0.36770157362566447,
        -0.24673586300609407,
        0.161512532970758,
        0.20645728665295504,
        0.48304031020224847,
        0.7168905091781682,
        0.14411428860325548,
        -0.24738453000796604,
        -0.5330115701828273,
        0.06692786558595895
      ],
      [
        -0.19928850137482781,
        -0.15225666528205822,
        -0.11545871717602897,
        -0.0435432378980868,
        0.36684488271866617,
        0.026984997943267097,
        -0.039658709259672076,
        -0.2517545309106616,
        -0.33553666506788005,
        -0.12465133258897296,
        -0.029588050425278307,
        0.4304073710713066,
        0.07308056065247782,
        0.2456848777557644,
        -0.12482389963478802,
        -0.29623594160425615
      ],
      [
        -0.23733241810533928,
        -0.22972386637107522,
        0.5696829156977141,
        -0.21369218610008703,
        0.3099721259558414,
        -0.23800893843982568,
        0.23289325321856102,
        0.10339664882225727,
        0.04397459669368651,
        -0.013264986854498746,
        -0.17983933657804577,
        0.09994294304685591,
        -0.07323393980093866,
        -0.30640144094181204,
        -0.3194843935799048,
        0.04314697943052987
      ],
      [
        0.3987195865553627,
        -0.008419446843777297,
        0.007905901061452471,
        0.06311101860664524,
        0.42685026044846147,
        0.04256848142289503,
        -0.10273180770843429,
        0.28373108481076353,
        0.19032318072361254,
        0.38086464267835773,
        0.029666196584778346,
        -0.3176923652537892,
        -0.30152786952715993,
        0.4127319830578124,
        0.43091643019582426,
        -0.04487980332065016
      ],
      [
        -0.09185005783124321,
        0.3169437228234137,
        -0.23919593792194885,
        -0.2320272710329471,
        0.2611815236940162,
        -0.11092842463296647,
        -0.001280466680017824,
        -0.033701817335336705,
        0.16752770830794256,
        0.34879611000778893,
        0.006503814004738206,
        0.1494095909955502,
        -0.4720310949734994,
        -0.012179600482529487,
        -0.21080756757321778,
        -0.304703265105907
      ],
      [
        -0.215591319279434,
        -0.13194821041233987,
        0.26654111817792636,
        -0.3399436957288815,
        0.10800769817035945,
        -0.1333195022514637,
        -0.08191827359049021,
        0.2578483636219424,
        0.2176629303591907,
        0.33127517154004565,
        -0.0547688325331733,
        -0.18556076024134002,
        -0.01545277393586854,
        0.0606241978178054,
        0.04414333961342776,
        -0.27109701805834163
      ],
      [
        -0.13590042297901536,
        -0.27476037673801007,
        0.7330800797338112,
        0.39016652201701935,
        0.49122556130852324,
        -0.07184584038729402,
        -0.3658605004592508,
        -0.31407764466875077,
        -0.30623594290061706,
        0.3014634052220584,
        -0.18227095943590213,
        -0.34078545674781485,
        -0.5830386941546528,
        -0.04066648013622692,
        -0.2656036029648908,
        -0.13235985684151844
      ],
      [
        -0.27423419250752024,
        0.0048312796892377155,
        -1.0151305873258647,
        -0.36676131134774764,
        0.8732573841892641,
        -0.32185564531850774,
        -0.2741963946136599,
        0.09913234349586604,
        1.2833319460549049,
        -0.2928916572063354,
        -0.12158359731557299,
        0.3713189067144754,
        0.7504121941006122,
        -0.24671426960705936,
        -0.061319461485527436,
        0.194334394015436
      ],
      [
        0.1165850635221622,
        -0.19087371828179858,
        0.041675224048835925,
