{
  "layer_sizes": [
    32,
    16,
    4
  ],
  "learning_rate": 0.3,
  "seed": 42,
  "output_activation": "softmax",
  "weights": [
    [
      [
        0.07617926993860784,
        -0.23413110387234085,
        0.23477401221524824,
        0.2263118051682338,
        -0.42480374571527246,
        -0.30111458895915916,
        0.03196010079182134,
        -0.11601606064776872,
        0.009122079354784233,
        -0.20803282770563714,
        0.2859586378586521,
        0.22534174842599175,
        0.01650767439030401,
        0.29507831848262683,
        0.10649226091919262,
        -0.21482311572080956
      ],
      [
        0.09218769602062471,
        -0.1661325600967087,
        0.06381086977066402,
        -0.012481477746563224,
        -0.3115320383181296,
        -0.17023238610098534,
        0.30563533466850756,
        0.389318424232386,
        -0.10700999471909041,
        -0.0880333876220574,
        -0.023336228596265385,
        0.007633211723913693,
        0.039411007424760544,
        0.10770525075197068,
        0.8123587850476776,
        -0.1016037540961539
      ],
      [
        -0.12806068226788433,
        -0.17757825937418642,
        0.2011560689075078,
        0.27341369925065323,
        0.03446818703446771,
        -0.18560883148421164,
        -0.2061203039228099,
        0.12569278439430198,
        0.19913591153171686,
        0.14101672126405662,
        -0.10026828267922863,
        0.08893409533543464,
        0.029171452285182056,
        0.06794016592287172,
        0.20747211984322877,
        0.05589888719367057
      ],
      [
        0.16972839076797372,
        0.04275969006000579,
        0.11944106293612991,
        0.14899268253006542,
        -0.30133390351573,
        -0.05548751633290482,
        -0.11759316357319888,
        -0.19667487462270877,
        -0.055463194075814515,
        0.3789634819963571,
        -0.1503486347803658,
        0.2729633532166248,
        -0.4207174429039512,
        -0.0704532407558252,
        0.030303191632432627,
        0.14655558283981954
      ],
      [
        0.17780664494821374,
        0.2242017314877643,
        -0.0400200547984755,
        -0.12441732209571148,
        0.27744902176247505,
        -0.023395793463983232,
        -0.31892158083448047,
        -0.3202772160627433,
        -0.21654070276954654,
        0.1295183402011989,
        0.10171557816058628,
        0.20351510308569673,
        -0.10681316158413356,
        0.05290293950979709,
        0.1460125238480155,
        -0.0773366349300596
      ],
      [
        0.11419380938935286,
        -0.13961656257887983,
        -0.04360224837763405,
        -0.10426384742915196,
        -0.23600485994907333,
        0.14617340795281586,
        -0.11735058505068097,
        -0.03383188287995136,
        0.13350903345733356,
        0.11686094819524391,
        0.23245542138614156,
        0.006272393441398796,
        -0.10582457801103844,
        -0.006661535985981234,
        -0.43221868313332645,
        -0.3617781181057718
      ],
      [
        -0.3306749030886006,
        -0.1788420574735608,
        -0.128563771200497,
        -0.26246272251229424,
        0.14301663775434564,
        0.5017609104644368,
        -0.08906599276535648,
        0.06258530669693817,
        -0.246176895178082,
        -0.019177534137728436,
        0.07576611602479356,
        0.1259805153858101,
        0.19581462676911485,
        -0.41758335040143113,
        0.19725559645659832,
        0.05943390058306947
      ],
      [
        -0.1485374889241986,
        -0.33488229189760566,
        0.0449749314088267,
        -0.13959176900040643,
        0.08985991415021202,
        0.02543639742271987,
        0.40044472283022886,
        -0.05814916701233583,
        -0.2449770991745858,
        0.04909326736373965,
        0.09738729014115576,
        0.3588127647079544,
        0.2040236756135666,
        0.10006523786309497,
        0.37798129715177536,
        -0.2971907635807127
      ],
      [
        -0.15993788318743693,
        0.048083495893676095,
        -0.3791612405319222,
        -0.3441715368890772,
        0.004024115247384469,
        -0.18341499838383435,
        -0.36770157362566447,
        -0.5666338669907445,
        0.03299978069340689,
        0.20953164197359528,
        0.6398722584573728,
        1.3287325667893872,
        0.1036023583189991,
        -0.24738453000796604,
        -0.5301108044799475,
        0.06692786558595895
      ],
      [
        -0.2032352738275815,
        -0.3205866126154222,
        -0.3163168790340262,
        -0.09052940335578052,
        0.8915632813972958,
        0.46794169525230606,
        -0.039658709259672076,
        -0.30507594892726153,
        -0.41867073617608924,
        -0.06809809998365544,
        0.4096459661164327,
        0.23303460008384885,
        0.03256863036822146,
        0.252198890962402,
        -0.06026739033762302,
        -0.29623594160425615
      ],
      [
        -0.24127919055809297,
        -0.15544159344615532,
        0.5792786463724252,
        -0.2141760437356662,
        0.2725773523822728,
        -0.2013015067653362,
        0.23289325321856102,
        0.059282328964592595,
        -0.025837105683666168,
        -0.004962477346100615,
        -0.09758777971440266,
        0.14241181493927482,
        -0.113745870085195,
        -0.2931334242011934,
        -0.3298694682237238,
        0.04314697943052987
      ],
      [
        0.3947728141026087,
        0.06586282608114247,
        0.017501631736163276,
        0.06262716097106603,
        0.38945548687489284,
        0.07927591309738455,
        -0.10273180770843429,
        0.239616764953099,
        0.12051147834625983,
        0.3891671521867561,
        0.11191775344842149,
        -0.2752234933613705,
        -0.34203979981141625,
        0.425999999798431,
        0.42053135555200527,
        -0.04487980332065016
      ],
      [
        -0.09579683028399694,
        0.43428578296621145,
        -0.1727041018428399,
        -0.24533752994232405,
        0.2954623193939569,
        -0.03873119758931995,
        -0.001280466680017824,
        -0.09959792733998915,
        0.11707472995894483,
        0.36469354120241115,
        0.1731314601852357,
        0.23051592293095674,
        -0.5172971611228337,
        0.020362818744623378,
        -0.2156329512384327,
        -0.304703265105907
      ],
      [
        -0.2195380917321877,
        -0.04148052296917959,
        0.13994608955691518,
        -0.331598179434891,
        -0.1439515253838611,
        -0.12104235833339462,
        -0.08191827359049021,
        0.49523276761162915,
        0.13456997972051662,
        0.3343495268606859,
        -0.1280055769465337,
        -0.2218301125560219,
        -0.09240593020540291,
        0.0606241978178054,
        0.20239870237346333,
        -0.27109701805834163
      ],
      [
        0.022622445406968554,
        0.09910741974074971,
        0.540338963351392,
        0.46921115282041753,
        -0.36492023617217045,
        -0.07184584038729402,
        -0.3658605004592508,
        0.09686655779460644,
        0.07894237136712018,
        0.3014634052220584,
        -0.27165011656996074,
        -0.21138106965529527,
        -0.5732634834199419,
        -0.04066648013622692,
        -0.1073482402048552,
        -0.13235985684151844
      ],
      [
        -0.21921519454189706,
        0.09207278875342519,
        -0.6842633494274003,
        -0.36676131134774764,
        0.1153859320427945,
        -0.32185564531850774,
        -0.2741963946136599,
        1.1317224881153936,
        0.726379873601323,
        -0.2928916572063354,
        -0.33785492131566897,
        -0.04618337627032472,
        0.33196103964188356,
        -0.24671426960705936,
        0.3738827861045705,
        0.194334394015436
      ],
      [
        0.10869151861665466,
        0.005070396501687805,
        0.7070943436900404,
        -0.34372395209249546,
