{
  "labels": [
    "Construction Materials",
    "Construction Planning",
    "Project Management",
    "research"
  ],
  "feature_extractor": {
    "max_features": 32,
    "vocabulary": {
      "project": 21,
      "management": 16,
      "core": 11,
      "concept": 4,
      "construction": 6,
      "engineering": 12,
      "requires": 23,
      "principles": 20,
      "researchers": 25,
      "solve": 28,
      "vocabulary": 30,
      "open": 18,
      "settings": 27,
      "project management": 22,
      "concept construction": 5,
      "construction engineering": 7,
      "civil engineering": 2,
      "requires studying": 24,
      "researchers practitioners": 26,
      "solve practical": 29,
      "vocabulary foundational": 31,
      "common techniques": 3,
      "contemporary applications": 10,
      "academic professional": 0,
      "materials": 17,
      "construction materials": 8,
      "planning": 19,
      "construction planning": 9,
      "generative": 13,
      "ai": 1,
      "learning": 15,
      "interaction": 14
    },
    "idf": [
      1.2231435513142097,
      1.916290731874155,
      1.2231435513142097,
      1.2231435513142097,
      1.2231435513142097,
      1.2231435513142097,
      1.0,
      1.0,
      1.916290731874155,
      1.916290731874155,
      1.2231435513142097,
      1.2231435513142097,
      1.0,
      1.916290731874155,
      1.916290731874155,
      1.916290731874155,
      1.916290731874155,
      1.916290731874155,
      1.0,
      1.916290731874155,
      1.0,
      1.916290731874155,
      1.916290731874155,
      1.2231435513142097,
      1.2231435513142097,
      1.2231435513142097,
      1.2231435513142097,
      1.2231435513142097,
      1.2231435513142097,
      1.2231435513142097,
      1.2231435513142097,
      1.2231435513142097
    ]
  },
  "scope": "construction_engineering",
  "grade": "preschool"
}