{
  "layer_sizes": [
    32,
    16,
    3
  ],
  "learning_rate": 0.3,
  "seed": 42,
  "output_activation": "softmax",
  "weights": [
    [
      [
        0.07617926993860784,
        -0.22863814696778503,
        0.2234877434543463,
        0.2887861919706957,
        -0.47637617895388923,
        -0.3255448767155795,
        0.03196010079182134,
        -0.08315660732714833,
        0.02246840906842887,
        -0.22290426303147298,
        0.22682017010124012,
        0.18671048611699798,
        0.03178807114581103,
        0.364027931646976,
        0.1168773355630114,
        -0.21482311572080956
      ],
      [
        0.09218769602062471,
        -0.20836277061491087,
        0.25548751982955,
        0.04116353512632911,
        -0.034832972676745164,
        -0.17023238610098534,
        0.30563533466850756,
        -0.042728329758453365,
        -0.0804132570962757,
        -0.09767666876013534,
        0.14004797277387016,
        0.08362351835078047,
        0.1184635496545041,
        0.18992288065693852,
        0.5354119002176153,
        -0.1016037540961539
      ],
      [
        -0.12806068226788433,
        -0.17208530246963058,
        0.1898698001466059,
        0.3358880860531152,
        -0.017104246204148795,
        -0.210039119240632,
        -0.2061203039228099,
        0.15855223771492238,
        0.21248224124536166,
        0.12614528593822077,
        -0.1594067504366406,
        0.05030283302644087,
        0.04445184904068907,
        0.13688977908722105,
        0.21785719448704746,
        0.05589888719367057
      ],
      [
        0.16972839076797372,
        0.04825264696456168,
        0.1081547941752281,
        0.21146706933252743,
        -0.35290633675434674,
        -0.07991780408932533,
        -0.11759316357319888,
        -0.16381542130208837,
        -0.042116864362169854,
        0.36409204667052103,
        -0.20948710253777783,
        0.2343320909076311,
        -0.4054370461484441,
        -0.0015036275914759034,
        0.0406882662762514,
        0.14655558283981954
      ],
      [
        0.17780664494821374,
        0.22969468839232016,
        -0.051306323559377386,
        -0.061942935293249436,
        0.22587658852385836,
        -0.04782608122040372,
        -0.31892158083448047,
        -0.28741776274212294,
        -0.20319437305590174,
        0.11464690487536307,
        0.04257711040317426,
        0.16488384077670296,
        -0.09153276482862656,
        0.12185255267414638,
        0.15639759849183418,
        -0.0773366349300596
      ],
      [
        0.11419380938935286,
        -0.13412360567432396,
        -0.05488851713853591,
        -0.04178946062668996,
        -0.28757729318769004,
        0.12174312019639545,
        -0.11735058505068097,
        -0.0009724295593309773,
        0.14685536317097833,
        0.10198951286940808,
        0.17331695362872954,
        -0.03235886886759498,
        -0.09054418125553143,
        0.06228807717836804,
        -0.42183360848950746,
        -0.3617781181057718
      ],
      [
        -0.3306749030886006,
        -0.2179538273080316,
        0.13581850118359115,
        -0.17272475096712284,
        -0.08315802030027739,
        0.32480707444651635,
        -0.08906599276535648,
        0.18028293287551878,
        -0.20673572155796816,
        -0.06100267060498545,
        -0.23053483734211233,
        -0.09249576671537973,
        0.22535743111985587,
        -0.3496124758931194,
        0.10860591088646433,
        0.05943390058306947
      ],
      [
        -0.1485374889241986,
        -0.3301565840047747,
        0.05390732143119939,
        -0.07872816439305826,
        0.06955167104824603,
        0.00546303638086072,
        0.40044472283022886,
        -0.06393486610950885,
        -0.22920567471096523,
        0.03517562760100109,
        0.06196984737847424,
        0.3320593960698701,
        0.22405820823415162,
        0.17143539469234517,
        0.36582572280489045,
        -0.2971907635807127
      ],
      [
        -0.15993788318743693,
        -0.16892822616670367,
        -0.02570256178347794,
        -0.23688151114329256,
        0.18155297312274116,
        -0.055555674274693344,
        -0.36770157362566447,
        -0.2620866887843911,
        0.13171585875155095,
        0.1902450796974394,
        0.5131240756940127,
        0.7129906210213544,
        0.1341631518300131,
        -0.08294927019803044,
        -0.5330115701828273,
        0.06692786558595895
      ],
      [
        -0.2032352738275815,
        -0.07248143545258255,
        -0.11714925526221999,
        0.018447291268796018,
        0.27787767590648077,
        0.039262141861336156,
        -0.039658709259672076,
        -0.2630093974477057,
        -0.3920020377315883,
        -0.1312202584064107,
        -0.006474961319047161,
        0.4342449806547317,
        0.04784902712372848,
        0.32790250766073215,
        -0.12482389963478802,
        -0.29623594160425615
      ],
      [
        -0.24127919055809297,
        -0.14994863654159946,
        0.5679923776115233,
        -0.15170165693320417,
        0.22100491914365614,
        -0.2257317945217566,
        0.23289325321856102,
        0.092141782285213,
        -0.01249077597002153,
        -0.019833912671936453,
        -0.15672624747181463,
        0.10378055263028102,
        -0.098465473329688,
        -0.2241838110368441,
        -0.3194843935799048,
        0.04314697943052987
      ],
      [
        0.3947728141026087,
        0.07135578298569835,
        0.006215362975261379,
        0.12510154777352808,
        0.3378830536362761,
        0.054845625340964085,
        -0.10273180770843429,
        0.27247621827371943,
        0.13385780805990444,
        0.37429571686092006,
        0.05277928569100948,
        -0.3138547556703641,
        -0.32675940305590917,
        0.49494961296278017,
        0.43091643019582426,
        -0.04487980332065016
      ],
      [
        -0.09579683028399694,
        0.3967189526528894,
        -0.24088647600814006,
        -0.17003674186606424,
        0.172214316881831,
        -0.0986512807148974,
        -0.001280466680017824,
        -0.04495668387238097,
        0.11106233564423451,
        0.34222718419035125,
        0.02961690311096936,
        0.15324720057897537,
        -0.49726262850224856,
        0.07003802942243835,
        -0.21080756757321778,
        -0.304703265105907
      ],
      [
        -0.2195380917321877,
        -0.052172980582864216,
        0.2648505800917351,
        -0.2779531665619987,
        0.01904049135817434,
        -0.12104235833339462,
        -0.08191827359049021,
        0.24659349708489814,
        0.1611975576954826,
        0.324706245722608,
        -0.03165574342694217,
        -0.18172315065791486,
        -0.04068430746461786,
        0.14284182772277326,
        0.04414333961342776,
        -0.27109701805834163
      ],
      [
        0.022622445406968554,
        0.08841496212706507,
        0.6652434538862123,
        0.5228561656933096,
        -0.20192821943013514,
        -0.07184584038729402,
        -0.3658605004592508,
        -0.1517727127321245,
        0.10556994934208624,
        0.29182012408398045,
        -0.17530028305036915,
        -0.17127410775718824,
        -0.5215418606791568,
        0.04155114976874089,
        -0.2656036029648908,
        -0.13235985684151844
      ],
      [
        -0.21921519454189706,
        0.007792241029199555,
        -0.40355715333642606,
        -0.3131162984748554,
        0.5436943962166441,
        -0.32185564531850774,
        -0.2741963946136599,
        0.45513242283907573,
        0.752935490754603,
        -0.30253493834441336,
        -0.08509156281147467,
        0.07765138999488827,
        0.44745480785690517,
        -0.16449663970209152,
        -0.061319461485527436,
        0.194334394015436
      ],
      [
        0.10869151861665466,
        -0.06268113821518603,
        0.002419203373721733,
