{
  "layer_sizes": [
    32,
    16,
    3
  ],
  "learning_rate": 0.3,
  "seed": 42,
  "output_activation": "softmax",
  "weights": [
    [
      [
        0.07617926993860784,
        -0.2599960265601239,
        0.21157930761658483,
        0.2684796834931024,
        -0.4704578979303621,
        -0.3255448767155795,
        0.03196010079182134,
        -0.058916039080171796,
        0.04392251113275146,
        -0.19068263704677704,
        0.22957853685679228,
        0.1874754513321986,
        0.024098926020032434,
        0.3189105020791894,
        0.1168773355630114,
        -0.21482311572080956
      ],
      [
        0.09218769602062471,
        -0.23972065020724972,
        0.24357908399178865,
        0.02085702664873573,
        -0.028914691653218163,
        -0.17023238610098534,
        0.30563533466850756,
        -0.018487761511476766,
        -0.05895915503195317,
        -0.0654550427754394,
        0.14280633952942232,
        0.08438848356598101,
        0.11077440452872558,
        0.14480545108915183,
        0.5354119002176153,
        -0.1016037540961539
      ],
      [
        -0.12806068226788433,
        -0.20344318206196943,
        0.2738273989687262,
        0.44893559515671755,
        0.05801763175176624,
        -0.210039119240632,
        -0.2061203039228099,
        0.26337124198479417,
        0.4264275453449789,
        0.24868029130938848,
        -0.11773221111674781,
        0.023177668141487168,
        0.06712771043382422,
        0.24017315086815888,
        0.21785719448704746,
        0.05589888719367057
      ],
      [
        0.16972839076797372,
        0.016894767372222865,
        0.0962463583374665,
        0.19116056085493405,
        -0.3469880557308196,
        -0.07991780408932533,
        -0.11759316357319888,
        -0.13957485305511153,
        -0.020662762297847255,
        0.39631367265521683,
        -0.20672873578222567,
        0.23509705612283172,
        -0.41312619127422295,
        -0.046621057159262555,
        0.0406882662762514,
        0.14655558283981954
      ],
      [
        0.17780664494821374,
        0.1983368087999813,
        -0.06321475939713894,
        -0.0822494437708428,
        0.2317948695473855,
        -0.04782608122040372,
        -0.31892158083448047,
        -0.26317719449514626,
        -0.18174027099157916,
        0.146868530860059,
        0.045335477158726475,
        0.16564880599190357,
        -0.09922190995440508,
        0.07673512310635972,
        0.15639759849183418,
        -0.0773366349300596
      ],
      [
        0.11419380938935286,
        -0.16548148526666281,
        -0.06679695297629748,
        -0.062095969104283284,
        -0.2816590121641629,
        0.12174312019639545,
        -0.11735058505068097,
        0.023268138687645636,
        0.1683094652353009,
        0.13421113885410396,
        0.1760753203842817,
        -0.03159390365239445,
        -0.09823332638130995,
        0.017170647610581385,
        -0.42183360848950746,
        -0.3617781181057718
      ],
      [
        -0.3306749030886006,
        -0.24931170690037044,
        0.1239100653458296,
        -0.19303125944471625,
        -0.0772397392767504,
        0.32480707444651635,
        -0.08906599276535648,
        0.2045235011224956,
        -0.18528161949364558,
        -0.02878104462028955,
        -0.22777647058656017,
        -0.09173080150017919,
        0.21766828599407737,
        -0.39472990546090597,
        0.10860591088646433,
        0.05943390058306947
      ],
      [
        -0.1485374889241986,
        -0.36151446359711364,
        0.04199888559343783,
        -0.0990346728706516,
        0.07546995207177301,
        0.00546303638086072,
        0.40044472283022886,
        -0.03969429786253228,
        -0.20775157264664257,
        0.06739725358569701,
        0.06472821413402646,
        0.33282436128507037,
        0.21636906310837312,
        0.12631796512455853,
        0.36582572280489045,
        -0.2971907635807127
      ],
      [
        -0.15993788318743693,
        -0.23164398535138123,
        -0.07348594212397153,
        -0.3108330324937783,
        0.17608863593669813,
        -0.055555674274693344,
        -0.36770157362566447,
        -0.23375016129616136,
        0.1265012623713725,
        0.23210998682021325,
        0.5089117660640318,
        0.7214930839767941,
        0.11119360994872758,
        -0.21028432967078486,
        -0.5330115701828273,
        0.06692786558595895
      ],
      [
        -0.2032352738275815,
        -0.10383931504492133,
        -0.1290576910999815,
        -0.0018592172087973575,
        0.2837959569300079,
        0.039262141861336156,
        -0.039658709259672076,
        -0.23876882920072895,
        -0.37054793566726535,
        -0.09899863242171472,
        -0.0037165945634949587,
        0.43500994586993197,
        0.04015988199794988,
        0.2827850780929456,
        -0.12482389963478802,
        -0.29623594160425615
      ],
      [
        -0.24127919055809297,
        -0.1813065161339383,
        0.5560839417737615,
        -0.17200816541079758,
        0.2269232001671833,
        -0.2257317945217566,
        0.23289325321856102,
        0.11638235053218952,
        0.00896332609430108,
        0.012387713312759441,
        -0.15396788071626247,
        0.10454551784548156,
        -0.10615461845546652,
        -0.26930124060463084,
        -0.3194843935799048,
        0.04314697943052987
      ],
      [
        0.3947728141026087,
        0.03999790339335956,
        -0.005693072862500187,
        0.10479503929593471,
        0.3438013346598032,
        0.054845625340964085,
        -0.10273180770843429,
        0.2967167865206961,
        0.15531191012422704,
        0.40651734284561586,
        0.0555376524465617,
        -0.31308979045516383,
        -0.334448548181688,
        0.4498321833949936,
        0.43091643019582426,
        -0.04487980332065016
      ],
      [
        -0.09579683028399694,
        0.36536107306055055,
        -0.008928809468723906,
        -0.5567169548637164,
        0.3092483353513219,
        -0.0986512807148974,
        -0.001280466680017824,
        0.43062774077149657,
        0.23038400004079787,
        0.8084145537733439,
        -0.08744716696630879,
        0.20853860359801454,
        -0.5125430252577556,
        -0.22764559293563633,
        -0.21080756757321778,
        -0.304703265105907
      ],
      [
        -0.2195380917321877,
        -0.08353086017520302,
        0.4968082466311514,
        -0.664633379559651,
        0.1560745098276652,
        -0.12104235833339462,
        -0.08191827359049021,
        0.7221779217287758,
        0.28051922209204594,
        0.7908936153056007,
        -0.14871981350422034,
        -0.12643174763887569,
        -0.05596470422012488,
        -0.15484179463530148,
        0.04414333961342776,
        -0.27109701805834163
      ],
      [
        0.022622445406968554,
        0.057057082534726286,
        0.6533350180484505,
        0.5025496572157163,
        -0.19600993840660796,
        -0.07184584038729402,
        -0.3658605004592508,
        -0.12753214448514766,
        0.12702405140640882,
        0.32404175006867625,
        -0.172541916294817,
        -0.17050914254198762,
        -0.5292310058049351,
        -0.0035662797990457756,
        -0.2656036029648908,
        -0.13235985684151844
      ],
      [
        -0.21921519454189706,
        -0.023565638563139247,
        -0.4154655891741874,
        -0.33342280695244875,
        0.5496126772401715,
        -0.32185564531850774,
        -0.2741963946136599,
        0.4793729910860524,
        0.7743895928189256,
        -0.27031331235971756,
        -0.08233319605592246,
        0.07841635521008881,
        0.43976566273112633,
        -0.2096140692698782,
        -0.061319461485527436,
        0.194334394015436
      ],
      [
        0.10869151861665466,
        -0.09403901780752481,
        -0.009489232464039835,
