{
  "labels": [
    "Conduction",
    "Convection",
    "Radiation",
    "research"
  ],
  "feature_extractor": {
    "max_features": 32,
    "vocabulary": {
      "conduction": 12,
      "core": 16,
      "concept": 10,
      "heat": 25,
      "transfer": 29,
      "engineering": 22,
      "domain": 21,
      "understanding": 30,
      "definitions": 17,
      "development": 20,
      "analysis": 2,
      "contemporary": 13,
      "applications": 4,
      "academic": 0,
      "concept heat": 11,
      "definitions historical": 18,
      "analysis relationships": 3,
      "design experiments": 19,
      "vocabulary foundational": 31,
      "common techniques": 9,
      "contemporary applications": 14,
      "applications academic": 5,
      "academic professional": 1,
      "convection": 15,
      "radiation": 28,
      "bubble": 7,
      "flow": 23,
      "boiling": 6,
      "microchannel": 26,
      "bubbles": 8,
      "flow boiling": 24,
      "microchannel flow": 27
    },
    "idf": [
      1.2231435513142097,
      1.2231435513142097,
      1.2231435513142097,
      1.2231435513142097,
      1.0,
      1.2231435513142097,
      1.916290731874155,
      1.916290731874155,
      1.916290731874155,
      1.2231435513142097,
      1.2231435513142097,
      1.2231435513142097,
      1.916290731874155,
      1.2231435513142097,
      1.2231435513142097,
      1.916290731874155,
      1.2231435513142097,
      1.2231435513142097,
      1.2231435513142097,
      1.2231435513142097,
      1.2231435513142097,
      1.2231435513142097,
      1.2231435513142097,
      1.916290731874155,
      1.916290731874155,
      1.0,
      1.916290731874155,
      1.916290731874155,
      1.916290731874155,
      1.0,
      1.0,
      1.2231435513142097
    ]
  },
  "scope": "heat_and_mass_transfer",
  "grade": "preschool"
}