{
  "layer_sizes": [
    32,
    16,
    3
  ],
  "learning_rate": 0.3,
  "seed": 42,
  "output_activation": "softmax",
  "weights": [
    [
      [
        0.07475139450248192,
        -0.2621052250062751,
        0.2249334971396479,
        0.2542430535407621,
        -0.4441455822425381,
        -0.3255448767155795,
        0.03196010079182134,
        -0.08268350300197709,
        0.04114542570025367,
        -0.1643741278676654,
        0.24029127646677645,
        0.23112873483182153,
        0.01650767439030401,
        0.2956028796001173,
        0.1168773355630114,
        -0.1979085561313457
      ],
      [
        0.09075982058449879,
        -0.24182984865340093,
        0.2569332735148518,
        0.006620396696395327,
        -0.002602375965394194,
        -0.17023238610098534,
        0.30563533466850756,
        -0.04225522543328208,
        -0.06173624046445095,
        -0.03914653359632788,
        0.1535190791394065,
        0.12804176706560405,
        0.1031831528989971,
        0.12149782861007975,
        0.5354119002176153,
        -0.08468919450669003
      ],
      [
        -0.12948855770401024,
        -0.20555238050812064,
        0.1913155538319075,
        0.3013449476231814,
        0.015126350507202194,
        -0.210039119240632,
        -0.2061203039228099,
        0.15902534204009372,
        0.23115925787718655,
        0.18467542110202836,
        -0.14593564407110426,
        0.0947210817412644,
        0.029171452285182056,
        0.0684647270403623,
        0.21785719448704746,
        0.07281344678313444
      ],
      [
        0.1683005153318478,
        0.014785568926071663,
        0.1096005478605296,
        0.17692393090259362,
        -0.3206757400429956,
        -0.07991780408932533,
        -0.11759316357319888,
        -0.16334231697691703,
        -0.02343984773034505,
        0.42262218183432815,
        -0.1960159961722415,
        0.2787503396224545,
        -0.4207174429039512,
        -0.06992867963833464,
        0.0406882662762514,
        0.1634701424292834
      ],
      [
        0.17637876951208784,
        0.1962276103538301,
        -0.04986056987407584,
        -0.09648607372318324,
        0.2581071852352094,
        -0.04782608122040372,
        -0.31892158083448047,
        -0.2869446584169517,
        -0.18451735642407685,
        0.17317704003917062,
        0.05604821676871051,
        0.2093020894915265,
        -0.10681316158413356,
        0.053427500627287614,
        0.15639759849183418,
        -0.06042207534059573
      ],
      [
        0.11276593395322694,
        -0.16759068371281402,
        -0.05344276345323439,
        -0.0763325990566237,
        -0.2553466964763389,
        0.12174312019639545,
        -0.11735058505068097,
        -0.0004993252341596831,
        0.16553237980280322,
        0.16051964803321564,
        0.18678805999426587,
        0.012059379847228546,
        -0.10582457801103844,
        -0.006136974868490722,
        -0.42183360848950746,
        -0.3448635585163079
      ],
      [
        -0.33210277852472675,
        -0.2514209053465216,
        0.13726425486889268,
        -0.20726788939705668,
        -0.05092742358892644,
        0.32480707444651635,
        -0.08906599276535648,
        0.18075603720069008,
        -0.1880587049261433,
        -0.0024725354411779814,
        -0.217063730976576,
        -0.04807751800055616,
        0.21007703436434888,
        -0.4180375279399781,
        0.10860591088646433,
        0.07634846017253334
      ],
      [
        -0.1499653643603245,
        -0.36362366204326485,
        0.05535307511650094,
        -0.11327130282299205,
        0.10178226775959698,
        0.00546303638086072,
        0.40044472283022886,
        -0.06346176178433761,
        -0.21052865807914029,
        0.09370576276480855,
        0.0754409537440105,
        0.37647764478469337,
        0.20877781147864463,
        0.1030103426454864,
        0.36582572280489045,
        -0.2802762039912488
      ],
      [
        -0.15993788318743693,
        -0.23164398535138123,
        0.11080503958541563,
        -0.8558532803902796,
        0.6186629738544265,
        -0.055555674274693344,
        -0.36770157362566447,
        -0.2538947703018854,
        0.09223776230051513,
        0.7217914445214785,
        0.7923963585522072,
        1.1860240099614752,
        0.1036023583189991,
        -0.51932348531805,
        -0.5330115701828273,
        -0.012173601693204725
      ],
      [
        -0.2046631492637074,
        -0.10594851349107254,
        -0.11570350157691842,
        -0.016095847161137773,
        0.3101082726178319,
        0.039262141861336156,
        -0.039658709259672076,
        -0.26253629312253446,
        -0.37332502109976345,
        -0.0726901232426032,
        0.00699614504648907,
        0.47866322936955497,
        0.03256863036822146,
        0.2594774556138734,
        -0.12482389963478802,
        -0.27932138201479223
      ],
      [
        -0.24270706599421887,
        -0.1834157145800895,
        0.5694381312968243,
        -0.186244795363138,
        0.25323551585500725,
        -0.2257317945217566,
        0.23289325321856102,
        0.09261488661038425,
        0.006186240661803276,
        0.03869622249187102,
        -0.1432551411062783,
        0.14819880134510463,
        -0.113745870085195,
        -0.292608863083703,
        -0.3194843935799048,
        0.060061539019993754
      ],
      [
        0.3919170632303569,
        0.03577950650105716,
        0.0449818148485965,
        0.10966028378655285,
        0.4137268652685481,
        0.054845625340964085,
        -0.10273180770843429,
        0.2693264676828091,
        0.19788053976805509,
        0.48171270605045724,
        0.08669217480761492,
        -0.23275575598095616,
        -0.34203979981141625,
        0.44031713877403034,
        0.43091643019582426,
        -0.011050684141722401
      ],
      [
        -0.09722470572012286,
        0.36325187461439934,
        -0.23944072232283847,
        -0.20457988029599808,
        0.20444491359318206,
        -0.0986512807148974,
        -0.001280466680017824,
        -0.04448357954720968,
        0.12973935227605932,
        0.40075731935415837,
        0.04308800947650558,
        0.19766544929379892,
        -0.5125430252577556,
        0.001612977375579554,
        -0.21080756757321778,
        -0.2877887055164431
      ],
      [
        -0.2209659671683136,
        -0.08564005862135422,
        0.2662963337770369,
        -0.3124963049919325,
        0.051271088069525315,
        -0.12104235833339462,
        -0.08191827359049021,
        0.24706660141006948,
        0.17987457432730747,
        0.3832363808864151,
        -0.018184637061405908,
        -0.1373049019430913,
        -0.05596470422012488,
        0.07441677567591447,
        0.04414333961342776,
        -0.2541824584688777
      ],
      [
        0.02119456997084262,
        0.05494788408857508,
        0.6666892075715133,
        0.48831302726337605,
        -0.16969762271878405,
        -0.07184584038729402,
        -0.3658605004592508,
        -0.15129960840695317,
        0.12424696597391098,
        0.35035025924778757,
        -0.16182917668483282,
        -0.12685585904236468,
        -0.5368222574346637,
        -0.026873902278117867,
        -0.2656036029648908,
        -0.1154452972520546
      ],
      [
        -0.22064306997802297,
        -0.02567483700929045,
        -0.40211139965112425,
        -0.3476594369047891,
        0.5759249929279951,
        -0.32185564531850774,
        -0.2741963946136599,
        0.45560552716424696,
        0.7716125073864277,
        -0.24400480318060602,
        -0.07162045644593845,
        0.12206963870971185,
        0.4321744111013981,
        -0.2329216917489504,
        -0.061319461485527436,
        0.21124895360489987
      ],
      [
        0.10726364318052874,
        -0.09614821625367602,
        0.0038649570590232885,
