{
  "layer_sizes": [
    32,
    16,
    4
  ],
  "learning_rate": 0.3,
  "seed": 42,
  "output_activation": "softmax",
  "weights": [
    [
      [
        0.06993157275868947,
        -0.27653036573754786,
        0.23298295596653718,
        0.266306297251698,
        -0.43587508196258473,
        -0.3609606670549618,
        0.028014171358425717,
        -0.06379455484274284,
        0.022032743949065393,
        -0.2160880173531334,
        0.2858298548334752,
        0.20875949359219817,
        0.01650767439030401,
        0.343374348146644,
        0.122808453322789,
        -0.21482311572080956
      ],
      [
        0.08593999884070634,
        -0.25625498938467367,
        0.26498273234174097,
        0.01868364040733135,
        0.005668124314559295,
        -0.20564817644036767,
        0.30168940523511195,
        -0.023366277274047893,
        -0.08084892221563916,
        -0.09086042308179587,
        0.19905765750610543,
        0.10567252582598076,
        0.1031831528989971,
        0.1692692971566063,
        0.5413430179773933,
        -0.1016037540961539
      ],
      [
        -0.1343083794478027,
        -0.21997752123939338,
        0.19936501265879678,
        0.31340819133411746,
        0.023396850787155667,
        -0.24545490958001434,
        -0.2100662333562055,
        0.177914290199328,
        0.21204657612599812,
        0.13296153161656035,
        -0.10039706570440539,
        0.07235184050164112,
        0.029171452285182056,
        0.1162361955868889,
        0.223788312246825,
        0.05589888719367057
      ],
      [
        0.16348069358805536,
        0.0003604281947988865,
        0.11765000668741898,
        0.18898717461352965,
        -0.31240523976304224,
        -0.11533359442870766,
        -0.1215390930065945,
        -0.14445336881768275,
        -0.04255252948153336,
        0.3709082923488607,
        -0.15047741780554258,
        0.25638109838283124,
        -0.4207174429039512,
        -0.022157211091808054,
        0.046619384036028964,
        0.14655558283981954
      ],
      [
        0.1386537452298771,
        0.23457558998732583,
        -0.28170274034374726,
        0.3310003479258828,
        0.08519946785316879,
        -0.08900590555789606,
        -0.31892158083448047,
        -0.540539564269903,
        -0.3299099962212125,
        0.3117423480672496,
        -0.02233961821376529,
        0.253952348935065,
        -0.10681316158413356,
        0.426494189959652,
        0.18193242562127507,
        -0.0773366349300596
      ],
      [
        0.07504090967101623,
        -0.1292427040793183,
        -0.2852849339229058,
        0.3511538225924423,
        -0.42825441385837953,
        0.08056329585890315,
        -0.11735058505068097,
        -0.25409423108711093,
        0.020139740005667654,
        0.29908495606129454,
        0.10840022501178996,
        0.056709639290767076,
        -0.10582457801103844,
        0.3669297144638736,
        -0.3962987813600666,
        -0.3617781181057718
      ],
      [
        -0.3306749030886006,
        -0.1924125229687519,
        0.8310271508102168,
        -0.11039827271980729,
        -0.21652094172353423,
        0.14106290218475429,
        -0.11379423662102149,
        0.4132553491957839,
        -0.23340442000246925,
        -0.16862234449803387,
        -0.3044930294383427,
        -0.09839132826893797,
        0.21007703436434888,
        -0.5704677294523638,
        -0.02065609301267753,
        0.05943390058306947
      ],
      [
        -0.15478518610411696,
        -0.3780488027745376,
        0.06340253394339031,
        -0.101208059112056,
        0.11005276803955047,
        -0.02995275395852164,
        0.39649879339683325,
        -0.04457281362510343,
        -0.22964133983032867,
        0.041991873279340584,
        0.12097953211070937,
        0.3541084035450701,
        0.20877781147864463,
        0.15078181119201298,
        0.3717568405646679,
        -0.2971907635807127
      ],
      [
        -0.16618558036735528,
        -0.24817832452880517,
        -0.052082293774019066,
        -0.31300641873518265,
        0.21067145190447537,
        -0.09097146461407568,
        -0.3716475030590601,
        -0.23862867705873264,
        0.10461149518768646,
        0.2067046065138569,
        0.5651630840407149,
        0.7427771262367936,
        0.1036023583189991,
        -0.1858204836033304,
        -0.5270804524230495,
        0.06692786558595895
      ],
      [
        -0.20948297100749985,
        -0.12037365422234528,
        -0.10765404275002913,
        -0.004032603450201741,
        0.31837877289778527,
        0.0038463515219538027,
        -0.0436046386930677,
        -0.24364734496330023,
        -0.3924377028509516,
        -0.1244040127280712,
        0.05253472341318805,
        0.4562939881299317,
        0.03256863036822146,
        0.3072489241604002,
        -0.1188927818750104,
        -0.29623594160425615
      ],
      [
        -0.03662787256842107,
        0.14730552628538054,
        0.4342308073510586,
        -0.3678086275841975,
        0.03723149013804377,
        0.3358113004184236,
        0.22439692612391277,
        0.3685447541253899,
        -0.15239702451691228,
        0.15825128085892273,
        -0.34232959304045907,
        0.096543725713453,
        -0.113745870085195,
        -0.5644753720193295,
        -0.21874021748000153,
        0.04314697943052987
      ],
      [
        0.6335326850905593,
        0.42337861954923156,
        -0.14386064491149186,
        -0.11808241584048206,
        0.1253778228313233,
        0.7099792361045077,
        -0.11264418931885728,
        0.5942636922137174,
        -0.024921365504051236,
        0.5804545624572427,
        -0.16259617140815363,
        -0.32358730336337,
        -0.34203979981141625,
        0.11164573013404203,
        0.5484513023123778,
        -0.04487980332065016
      ],
      [
        -0.08310547418433618,
        0.38042373336561036,
        -0.24818189460730147,
        -0.21233212674565813,
        0.1882565894434571,
        -0.07876659624631323,
        -0.005245478540331899,
        -0.004696177147074996,
        0.09599218566414004,
        0.36420917486330134,
        0.06105317244577866,
        0.17138292465855176,
        -0.5125430252577556,
        0.015707427575157532,
        -0.19719640843367486,
        -0.304703265105907
      ],
      [
        -0.25040668758525575,
        -0.21008362354930454,
        -0.12325438708292161,
        -0.2690509508800911,
        0.3601753863305669,
        -0.15115852982130085,
        -0.08191827359049021,
        0.145667277714122,
        0.26414091956603003,
        0.41283318263859886,
        0.34018279668791795,
        -0.09252694549424892,
        -0.05596470422012488,
        0.47410307331106233,
        0.17535942979756516,
        -0.27109701805834163
      ],
      [
        -0.016530454311368077,
        0.09329586372207077,
        0.4348470371018421,
        0.9157994489124428,
        -0.3426053401008246,
        -0.11302566472478634,
        -0.3658605004592508,
        -0.40489451425990436,
        -0.021145673823224468,
        0.48891556727586716,
        -0.2402170116673088,
        -0.0822055995988261,
        -0.5368222574346637,
        0.34619278705424644,
        -0.2400687758354498,
        -0.13235985684151844
      ],
      [
        -0.21921519454189706,
        -0.22032055326849453,
        -0.6916697467402427,
        -0.7340163789728038,
        1.1087300469092585,
        -0.31887436579914735,
        -0.2741963946136599,
        0.5832388260355216,
        0.9907101808013142,
        -0.38079725359102057,
        0.44635527136111325,
        0.10737791876352085,
        0.4321744111013981,
        -0.10912801213240382,
        0.0795766836542525,
        0.194334394015436
      ],
      [
        0.10869151861665466,
        -0.03713983387590624,
        0.6976278530003474,
        -0.22775246097228768,
