{
  "labels": [
    "Moral Anti-Realism",
    "Moral Realism",
    "Non-Cognitivism",
    "research"
  ],
  "feature_extractor": {
    "max_features": 32,
    "vocabulary": {
      "moral": 13,
      "realism": 21,
      "concept": 9,
      "metaethics": 12,
      "philosophy": 18,
      "understanding": 29,
      "requires": 24,
      "analysis": 2,
      "relationships": 22,
      "researchers": 26,
      "vocabulary": 30,
      "common": 7,
      "academic": 0,
      "professional": 20,
      "moral realism": 15,
      "requires studying": 25,
      "principles methods": 19,
      "analysis relationships": 3,
      "relationships neighboring": 23,
      "researchers practitioners": 27,
      "vocabulary foundational": 31,
      "common techniques": 8,
      "academic professional": 1,
      "anti": 4,
      "moral anti": 14,
      "anti realism": 5,
      "non": 16,
      "cognitivism": 6,
      "non cognitivism": 17,
      "scale": 28,
      "dynamics": 10,
      "friction": 11
    },
    "idf": [
      1.2231435513142097,
      1.2231435513142097,
      1.2231435513142097,
      1.2231435513142097,
      1.916290731874155,
      1.916290731874155,
      1.916290731874155,
      1.2231435513142097,
      1.2231435513142097,
      1.2231435513142097,
      1.916290731874155,
      1.916290731874155,
      1.0,
      1.5108256237659907,
      1.916290731874155,
      1.916290731874155,
      1.916290731874155,
      1.916290731874155,
      1.0,
      1.2231435513142097,
      1.2231435513142097,
      1.5108256237659907,
      1.2231435513142097,
      1.2231435513142097,
      1.2231435513142097,
      1.2231435513142097,
      1.2231435513142097,
      1.2231435513142097,
      1.916290731874155,
      1.2231435513142097,
      1.2231435513142097,
      1.2231435513142097
    ]
  },
  "scope": "metaethics",
  "grade": "preschool"
}