{
  "layer_sizes": [
    32,
    16,
    3
  ],
  "learning_rate": 0.3,
  "seed": 42,
  "output_activation": "softmax",
  "weights": [
    [
      [
        0.07531981149883826,
        -0.26619413060194724,
        0.22434926962164115,
        0.25331186658869465,
        -0.4779763106645353,
        -0.3255448767155795,
        0.03196010079182134,
        -0.0592634083110008,
        0.040185603688162264,
        -0.19912049414029023,
        0.23236445007317336,
        0.20486124452709983,
        0.01650767439030401,
        0.3178506577286841,
        0.13521226209397336,
        -0.21482311572080956
      ],
      [
        0.09132823758085513,
        -0.24591875424907303,
        0.2563490459968449,
        0.0056892097443280035,
        -0.03643310438739129,
        -0.17023238610098534,
        0.30563533466850756,
        -0.018835130742305806,
        -0.0626960624765423,
        -0.07389289986895259,
        0.1455922527458034,
        0.10177427676088227,
        0.1031831528989971,
        0.14374560673864645,
        0.5537468267485776,
        -0.1016037540961539
      ],
      [
        -0.1289201407076539,
        -0.20964128610379273,
        0.19073132631390075,
        0.30041376067111414,
        -0.018704377914794932,
        -0.210039119240632,
        -0.2061203039228099,
        0.18244543673106997,
        0.230199435865095,
        0.14992905482940352,
        -0.15386247046470736,
        0.06845359143654263,
        0.029171452285182056,
        0.090712505168929,
        0.23619212101800943,
        0.05589888719367057
      ],
      [
        0.16886893232820416,
        0.010696663330399547,
        0.10901632034252291,
        0.17599274395052625,
        -0.3545064684649928,
        -0.07991780408932533,
        -0.11759316357319888,
        -0.13992222228594078,
        -0.024399669742436486,
        0.38787581556170375,
        -0.2039428225658446,
        0.25248284931773296,
        -0.4207174429039512,
        -0.047680901509767955,
        0.05902319280721339,
        0.14655558283981954
      ],
      [
        0.17694718650844418,
        0.192138704758158,
        -0.05044479739208256,
        -0.09741726067525054,
        0.2242764568132123,
        -0.04782608122040372,
        -0.31892158083448047,
        -0.26352456372597566,
        -0.1854771784361684,
        0.1384306737665458,
        0.04812139037510745,
        0.18303459918680481,
        -0.10681316158413356,
        0.07567527875585431,
        0.17473252502279615,
        -0.0773366349300596
      ],
      [
        0.11333435094958329,
        -0.17167958930848612,
        -0.0540269909712411,
        -0.07726378600869102,
        -0.2891774248983361,
        0.12174312019639545,
        -0.11735058505068097,
        0.022920769456816585,
        0.16457255779071167,
        0.12577328176059083,
        0.17886123360066278,
        -0.014208110457493216,
        -0.10582457801103844,
        0.01611080326007598,
        -0.4034986819585456,
        -0.3617781181057718
      ],
      [
        -0.3315343615283702,
        -0.2555098109421938,
        0.13668002735088602,
        -0.20819907634912405,
        -0.0847581520109236,
        0.32480707444651635,
        -0.08906599276535648,
        0.20417613189166633,
        -0.18901852693823484,
        -0.03721890171380271,
        -0.2249905573701791,
        -0.07434500830527793,
        0.21007703436434888,
        -0.3957897498114113,
        0.12694083741742637,
        0.05943390058306947
      ],
      [
        -0.14939694736396816,
        -0.367712567638937,
        0.05476884759849422,
        -0.1142024897750593,
        0.06795153933759983,
        0.00546303638086072,
        0.40044472283022886,
        -0.0400416670933613,
        -0.21148848009123183,
        0.05895939649218383,
        0.06751412735040745,
        0.35021015447997167,
        0.20877781147864463,
        0.12525812077405313,
        0.3841606493358523,
        -0.2971907635807127
      ],
      [
        -0.1607973416272065,
        -0.23784208939320453,
        -0.06071598011891513,
        -0.32600084939818597,
        0.1685702232025249,
        -0.055555674274693344,
        -0.36770157362566447,
        -0.2340975305269907,
        0.12276435492678332,
        0.22367212972670006,
        0.5116976792804124,
        0.7388788771716949,
        0.1036023583189991,
        -0.2113441740212903,
        -0.514676643651865,
        0.06692786558595895
      ],
      [
        -0.20409473226735106,
        -0.11003741908674464,
        -0.11628772909492521,
        -0.017027034113205084,
        0.2762775441958347,
        0.039262141861336156,
        -0.039658709259672076,
        -0.23911619843155824,
        -0.37428484311185484,
        -0.10743648951522791,
        -0.0009306813471139694,
        0.45239573906483327,
        0.03256863036822146,
        0.2817252337424403,
        -0.10648897310382589,
        -0.29623594160425615
      ],
      [
        -0.24213864899786253,
        -0.1875046201757616,
        0.568853903778818,
        -0.18717598231520538,
        0.21940478743301006,
        -0.2257317945217566,
        0.23289325321856102,
        0.11603498130136052,
        0.0052264186497118555,
        0.003949856219246269,
        -0.1511819674998814,
        0.12193131104038282,
        -0.113745870085195,
        -0.27036108495513617,
        -0.30114946704894296,
        0.04314697943052987
      ],
      [
        0.39391335566283914,
        0.00900738318424296,
        0.055920680401106884,
        -0.08730339635426214,
        0.581126800748098,
        0.054845625340964085,
        -0.10273180770843429,
        0.5299446673821621,
        0.04184438867832862,
        0.5331103318026363,
        0.10155598598249044,
        -0.3800153316435005,
        -0.34203979981141625,
        0.6419513843861284,
        0.5723685968801395,
        -0.04487980332065016
      ],
      [
        -0.09665628872376651,
        0.3591629690187272,
        -0.24002494984084516,
        -0.20551106724806545,
        0.17061418517118493,
        -0.0986512807148974,
        -0.001280466680017824,
        -0.021063484856233404,
        0.12877953026396785,
        0.366010953081534,
        0.03516118308290254,
        0.17139795898907723,
        -0.5125430252577556,
        0.023860755504146253,
        -0.1924726410422558,
        -0.304703265105907
      ],
      [
        -0.22039755017195725,
        -0.08972896421702632,
        0.26571210625903,
        -0.31342749194399977,
        0.0174403596475282,
        -0.12104235833339462,
        -0.08191827359049021,
        0.27048669610104553,
        0.17891475231521592,
        0.3484900146137907,
        -0.026111463455008956,
        -0.163572392247813,
        -0.05596470422012488,
        0.09666455380448116,
        0.06247826614438974,
        -0.27109701805834163
      ],
      [
        0.021762986967198986,
        0.05085897849290296,
        0.6661049800535069,
        0.4873818403113088,
        -0.2035283511407812,
        -0.07184584038729402,
        -0.3658605004592508,
        -0.12787951371597692,
        0.12328714396181963,
        0.31560389297516317,
        -0.1697560030784359,
        -0.15312334934708638,
        -0.5368222574346637,
        -0.004626124149551175,
        -0.24726867643392875,
        -0.13235985684151844
      ],
      [
        -0.22007465298166662,
        -0.029763742604962565,
        -0.4026956271691311,
        -0.34859062385685635,
        0.5420942645059988,
        -0.32185564531850774,
        -0.2741963946136599,
        0.479025621855223,
        0.770652685374336,
        -0.27875116945323064,
        -0.07954728283954145,
        0.09580214840499007,
        0.4321744111013981,
        -0.21067391362038362,
        -0.04298453495456544,
        0.194334394015436
      ],
      [
        0.10783206017688508,
        -0.10023712184934812,
        0.0032807295410165536,
