{
  "labels": [
    "Crime Theory",
    "Penology",
    "Victimology",
    "research"
  ],
  "feature_extractor": {
    "max_features": 32,
    "vocabulary": {
      "crime": 9,
      "theory": 28,
      "social": 24,
      "sciences": 21,
      "development": 11,
      "methods": 13,
      "analysis": 2,
      "researchers": 19,
      "apply": 3,
      "problems": 16,
      "vocabulary": 30,
      "common": 7,
      "open": 14,
      "academic": 0,
      "professional": 18,
      "settings": 23,
      "crime theory": 10,
      "social sciences": 25,
      "sciences understanding": 22,
      "researchers practitioners": 20,
      "solve practical": 27,
      "problems extend": 17,
      "vocabulary foundational": 31,
      "common techniques": 8,
      "academic professional": 1,
      "victimology": 29,
      "penology": 15,
      "malware": 12,
      "behavioral": 4,
      "code": 6,
      "benign": 5,
      "software": 26
    },
    "idf": [
      1.2231435513142097,
      1.2231435513142097,
      1.0,
      1.0,
      1.916290731874155,
      1.916290731874155,
      1.916290731874155,
      1.2231435513142097,
      1.2231435513142097,
      1.916290731874155,
      1.916290731874155,
      1.0,
      1.916290731874155,
      1.0,
      1.0,
      1.916290731874155,
      1.2231435513142097,
      1.2231435513142097,
      1.2231435513142097,
      1.2231435513142097,
      1.2231435513142097,
      1.2231435513142097,
      1.2231435513142097,
      1.2231435513142097,
      1.2231435513142097,
      1.2231435513142097,
      1.916290731874155,
      1.2231435513142097,
      1.916290731874155,
      1.916290731874155,
      1.2231435513142097,
      1.2231435513142097
    ]
  },
  "scope": "criminology",
  "grade": "preschool"
}