{
  "layer_sizes": [
    32,
    16,
    4
  ],
  "learning_rate": 0.3,
  "seed": 42,
  "output_activation": "softmax",
  "weights": [
    [
      [
        0.07617926993860784,
        0.08130194104609215,
        0.2803043940712958,
        0.22570424989014728,
        -0.5448453262161594,
        -0.3255448767155795,
        0.03196010079182134,
        0.026655091367259614,
        -0.08607732071035815,
        -0.1274267120832562,
        0.09858049514540776,
        0.16836053629368197,
        0.01650767439030401,
        0.20082940656527007,
        0.22358874704692103,
        -0.23248133355196143
      ],
      [
        0.0912615156005402,
        -0.2882200190683372,
        0.19344430483368022,
        -0.017601346522875025,
        -0.009237816252723213,
        -0.18515967814327747,
        0.30563533466850756,
        -0.044848332203964204,
        -0.06015805181788769,
        -0.08930207363254165,
        0.2036045324318638,
        0.14171913725778362,
        0.1031831528989971,
        0.1330954910732306,
        0.5462914598231146,
        -0.1016037540961539
      ],
      [
        -0.12898686268796883,
        -0.251942550923057,
        0.127826585150736,
        0.27712320440391114,
        0.008490910219873159,
        -0.22496641128292413,
        -0.2061203039228099,
        0.15643223526941144,
        0.23273744652374975,
        0.13451988106581453,
        -0.09585019077864695,
        0.10839845193344398,
        0.029171452285182056,
        0.08006238950351317,
        0.2287367540925469,
        0.05589888719367057
      ],
      [
        0.16972839076797372,
        0.2728682430768849,
        0.14179854601225728,
        0.15074435955389298,
        -0.4071038517534419,
        -0.07991780408932533,
        -0.11759316357319888,
        -0.08043265747096909,
        -0.13019333630738536,
        0.43811103016620306,
        -0.3074095278510354,
        0.22250400297520384,
        -0.4207174429039512,
        -0.14445692887899728,
        0.1207218248891836,
        0.13331191946645565
      ],
      [
        0.17688046452812925,
        0.14983743993889376,
        -0.1133495385552473,
        -0.12070781694245358,
        0.25147174494788044,
        -0.06275337326269584,
        -0.31892158083448047,
        -0.28953776518763397,
        -0.18293916777751365,
        0.12302150000295678,
        0.10613367006116793,
        0.22297945968370614,
        -0.10681316158413356,
        0.06502516309043845,
        0.16727715809733362,
        -0.0773366349300596
      ],
      [
        0.11326762896926836,
        -0.21398085412775036,
        -0.11693173213440586,
        -0.10055434227589406,
        -0.2619821367636678,
        0.10681582815410336,
        -0.11735058505068097,
        -0.0030924320048418275,
        0.16711056844936642,
        0.11036410799700176,
        0.23687351328672315,
        0.02573675003940819,
        -0.10582457801103844,
        0.005460687594660124,
        -0.4109540488840079,
        -0.3617781181057718
      ],
      [
        -0.3316010835086851,
        -0.297811075761458,
        0.07377528618772124,
        -0.23148963261632702,
        -0.057562863876255525,
        0.3098797824042242,
        -0.08906599276535648,
        0.1781629304300078,
        -0.18648051627958004,
        -0.052628075477391754,
        -0.16697827768411877,
        -0.034400147808376566,
        0.21007703436434888,
        -0.4064398654768272,
        0.11948547049196381,
        0.05943390058306947
      ],
      [
        -0.1494636693442831,
        -0.41001383245820117,
        -0.008135893564670529,
        -0.13749304604226242,
        0.09514682747226791,
        -0.009464255661431388,
        0.40044472283022886,
        -0.06605486855501971,
        -0.20895046943257697,
        0.04355022272859479,
        0.1255264070364679,
        0.39015501497687344,
        0.20877781147864463,
        0.11460800510863726,
        0.37670528241039003,
        -0.2971907635807127
      ],
      [
        -0.16179024402760595,
        -0.32864272307355635,
        -0.14978899177521782,
        -0.35441127444170084,
        0.23274328597078492,
        -0.08541025835927755,
        -0.36770157362566447,
        -0.26632669367541306,
        0.17222626930832718,
        0.2069942699526268,
        0.64023719501,
        0.829181858835361,
        0.1036023583189991,
        -0.1966040493654462,
        -0.5112524509718281,
        0.06692786558595895
      ],
      [
        -0.2032352738275815,
        -0.11773410342654664,
        -0.28289088763422565,
        -0.035197721604096316,
        0.40324997802122364,
        0.039262141861336156,
        -0.039658709259672076,
        -0.5004985513297967,
        -0.6103977450371421,
        -0.0588466650862898,
        -0.19752431654853791,
        0.8671260231914742,
        0.03256863036822146,
        0.8293309540916184,
        0.09656866417543007,
        -0.29623594160425615
      ],
      [
        -0.24127919055809297,
        -0.19520130451556367,
        0.4022507452395173,
        -0.20534666980609653,
        0.34637722125839904,
        -0.2257317945217566,
        0.23289325321856102,
        -0.14534737159687794,
        -0.23088648327557576,
        0.05253968064818435,
        -0.3477756027013055,
        0.5366615951670239,
        -0.113745870085195,
        0.27724463539404204,
        -0.09809182976968672,
        0.04314697943052987
      ],
      [
        0.39019674579275077,
        -0.17034453318863169,
        -0.15895166191555923,
        0.046160308863192584,
        0.8199885485671817,
        0.054845625340964085,
        -0.10273180770843429,
        0.24586038025251752,
        0.3390305350490652,
        0.5180453207148076,
        -0.07878784534187032,
        -0.2788604273005447,
        -0.34203979981141625,
        0.8683732801259471,
        0.6781893698689598,
        -0.04487980332065016
      ],
      [
        -0.09655404346562992,
        0.37023552058957077,
        -0.28606311642536963,
        -0.22909872823072763,
        0.18361592264900664,
        -0.11085532007418065,
        -0.001280466680017824,
        -0.03215096601327202,
        0.11207529530247883,
        0.36203120207569695,
        0.06448606495117272,
        0.19875238401210676,
        -0.5125430252577556,
        -0.001986212953871679,
        -0.1879912043678214,
        -0.3070069627569782
      ],
      [
        -0.2195380917321877,
        0.25776710743101305,
        0.32166723070868486,
        -0.34103510864254716,
        -0.049428655904096,
        -0.12104235833339462,
        -0.08191827359049021,
        0.3564051957793061,
        0.05265182791669561,
        0.42018379667082495,
        -0.15989541838277463,
        -0.20007310048123086,
        -0.05596470422012488,
        -0.020356697358932734,
        0.15085475109733737,
        -0.28875523588949353
      ],
      [
        0.01681828299890363,
        -0.1958408385805644,
        0.5952445874464178,
        0.4371260976397184,
        0.2758613395284923,
        -0.07184584038729402,
        -0.3658605004592508,
        0.05495433904435181,
        0.5646897105537249,
        0.4088299587957383,
        -0.15622708454895665,
        -0.5541083213112307,
        -0.5368222574346637,
        -0.046389346211500634,
        -0.17336179687491932,
        -0.13235985684151844
      ],
      [
        -0.22501935694996197,
        -0.27646355967843006,
        -0.4735560197762199,
        -0.3988463665284468,
        1.0214839551752717,
        -0.32185564531850774,
        -0.2741963946136599,
        0.6618594746155518,
        1.2120552519662418,
        -0.18552510363265556,
        -0.06601836431006212,
        -0.30518282355915427,
        0.4321744111013981,
        -0.2524371356823333,
        0.030922344604444037,
        0.194334394015436
      ],
      [
        0.10869151861665466,
        0.24725894979869129,
        0.05923585399067129,
