{
  "labels": [
    "External Flow",
    "Internal Flow",
    "Turbulence",
    "research"
  ],
  "feature_extractor": {
    "max_features": 32,
    "vocabulary": {
      "internal": 14,
      "flow": 11,
      "core": 4,
      "fluid": 12,
      "engineering": 8,
      "requires": 19,
      "studying": 25,
      "definitions": 6,
      "relationships": 18,
      "solve": 24,
      "techniques": 28,
      "settings": 23,
      "internal flow": 15,
      "core concept": 5,
      "concept fluid": 2,
      "broader domain": 1,
      "requires studying": 20,
      "studying definitions": 26,
      "definitions historical": 7,
      "researchers practitioners": 21,
      "external": 9,
      "external flow": 10,
      "turbulence": 31,
      "convection": 3,
      "ra": 17,
      "times": 29,
      "10": 0,
      "ta": 27,
      "rotation": 22,
      "heat": 13,
      "nu": 16,
      "times 10": 30
    },
    "idf": [
      1.916290731874155,
      1.2231435513142097,
      1.2231435513142097,
      1.916290731874155,
      1.2231435513142097,
      1.2231435513142097,
      1.2231435513142097,
      1.2231435513142097,
      1.2231435513142097,
      1.916290731874155,
      1.916290731874155,
      1.5108256237659907,
      1.0,
      1.916290731874155,
      1.916290731874155,
      1.916290731874155,
      1.916290731874155,
      1.916290731874155,
      1.2231435513142097,
      1.2231435513142097,
      1.2231435513142097,
      1.2231435513142097,
      1.916290731874155,
      1.2231435513142097,
      1.2231435513142097,
      1.2231435513142097,
      1.2231435513142097,
      1.916290731874155,
      1.2231435513142097,
      1.916290731874155,
      1.916290731874155,
      1.916290731874155
    ]
  },
  "scope": "fluid_mechanics",
  "grade": "preschool"
}