{
  "layer_sizes": [
    32,
    16,
    4
  ],
  "learning_rate": 0.3,
  "seed": 42,
  "output_activation": "softmax",
  "weights": [
    [
      [
        0.07617926993860784,
        -0.29502992372241005,
        0.23874752942445332,
        0.27783270632036444,
        -0.4402102518439938,
        -0.3061435833240606,
        0.02796522841326427,
        -0.10052254163819106,
        -0.0040380721765652695,
        -0.22281202283077942,
        0.26368687801930196,
        0.22964253224960646,
        0.03540237908890411,
        0.2818103017420082,
        0.1168773355630114,
        -0.21482311572080956
      ],
      [
        0.09218769602062471,
        -0.2747545473695358,
        0.2707473057996571,
        0.030210049475997675,
        0.0013329544331502237,
        -0.1508310927094663,
        0.3016404622899505,
        -0.06009426406949605,
        -0.10691973834126989,
        -0.0975844285594417,
        0.17691468069193217,
        0.126555564483389,
        0.12207785759759719,
        0.10770525075197068,
        0.5354119002176153,
        -0.1016037540961539
      ],
      [
        -0.12806068226788433,
        -0.23847707922425534,
        0.20512958611671292,
        0.3249346004027839,
        0.019061680905746586,
        -0.19063782584911296,
        -0.21011517630136695,
        0.14118630340387986,
        0.1859757600003675,
        0.12623752613891434,
        -0.12254004251857857,
        0.0932348791590494,
        0.04806615698378215,
        0.05467214918225324,
        0.21785719448704746,
        0.05589888719367057
      ],
      [
        0.16972839076797372,
        -0.018139129790063088,
        0.1234145801453349,
        0.20051358368219593,
        -0.3167404096444513,
        -0.060516510697806246,
        -0.12158803595175595,
        -0.1811813556131309,
        -0.06862334560716402,
        0.36418428687121496,
        -0.17262039461971584,
        0.27726413704023967,
        -0.4018227382053512,
        -0.08372125749644371,
        0.0406882662762514,
        0.14655558283981954
      ],
      [
        0.17780664494821374,
        0.1633029116376954,
        -0.036046537589270504,
        -0.07289642094358091,
        0.26204251563375375,
        -0.028424787828884614,
        -0.3229164532130375,
        -0.30478369705316566,
        -0.2297008543008959,
        0.11473914507605672,
        0.07944381832123629,
        0.20781588690931144,
        -0.08791845688553347,
        0.03963492276917856,
        0.15639759849183418,
        -0.0773366349300596
      ],
      [
        0.11419380938935286,
        -0.20051538242894873,
        -0.03962873116842907,
        -0.052742946277021384,
        -0.25141136607779463,
        0.14114441358791452,
        -0.12134545742923804,
        -0.01833836387037365,
        0.12034888192598416,
        0.10208175307010171,
        0.21018366154679152,
        0.010573177265013544,
        -0.08692987331243834,
        -0.019929552726599763,
        -0.42183360848950746,
        -0.3617781181057718
      ],
      [
        -0.3306749030886006,
        -0.2843456040626566,
        0.15107828715369806,
        -0.18367823661745436,
        -0.046992093190382056,
        0.34420836783803527,
        -0.09306086514391355,
        0.16291699856447622,
        -0.23324220280296232,
        -0.06091043040429175,
        -0.19366812942405032,
        -0.0495637205827712,
        0.22897173906294901,
        -0.43183010579808717,
        0.10860591088646433,
        0.05943390058306947
      ],
      [
        -0.1485374889241986,
        -0.39654836075939986,
        0.06916710740130627,
        -0.08968165004338964,
        0.10571759815814137,
        0.024864329772379803,
        0.3964498504516718,
        -0.08130080042055159,
        -0.2557121559559593,
        0.035267867801694795,
        0.09883655529653626,
        0.37499144220247854,
        0.22767251617724477,
        0.08921776478737733,
        0.36582572280489045,
        -0.2971907635807127
      ],
      [
        -0.15993788318743693,
        -0.15593662035000125,
        -0.2805987461609009,
        -0.33614431634323577,
        0.08844869526330379,
        -0.055555674274693344,
        -0.36770157362566447,
        -0.5243822171465036,
        0.07939504022125975,
        0.25927607808217906,
        0.5421750315913537,
        1.3162923442379257,
        0.1036023583189991,
        -0.24738453000796604,
        -0.5330115701828273,
        0.06692786558595895
      ],
      [
        -0.2032352738275815,
        -0.02851472081305184,
        -0.1645704684539741,
        -0.0272091288480122,
        0.25711051280937264,
        0.055123970483719295,
        -0.04292477919419838,
        -0.19155013743814683,
        -0.43190015276640575,
        -0.09885303261068244,
        -0.007599452114969982,
        0.4468192337888296,
        0.03644260016563756,
        0.2456848777557644,
        -0.12482389963478802,
        -0.30219932778259956
      ],
      [
        -0.24127919055809297,
        0.12323720349863677,
        0.7782602748464241,
        0.038550039767269395,
        0.08564282302772362,
        -0.2517213608587319,
        0.2100307636768769,
        0.5232885542664057,
        -0.09889078385582886,
        0.060766051479608,
        -0.3139807547953943,
        -0.026129898447987847,
        -0.0576938580679089,
        -0.30640144094181204,
        -0.3194843935799048,
        0.016311741627984672
      ],
      [
        0.3947728141026087,
        0.43846028663376324,
        -0.23413646987547096,
        -0.03169558668462225,
        0.14154543371546469,
        0.054845625340964085,
        -0.10273180770843429,
        0.6019959224151257,
        0.05597800363579644,
        0.5009574695965487,
        -0.06914487535668874,
        -0.39785812087785427,
        -0.3863969071739619,
        0.4127319830578124,
        0.43091643019582426,
        -0.06773496664894187
      ],
      [
        -0.09579683028399694,
        0.3887021169087704,
        -0.2616315584663262,
        -0.20223589792195756,
        0.17557645194324834,
        -0.08278945209251427,
        -0.004546536614544128,
        -0.015952326384565875,
        0.07784524049953577,
        0.3593281367568728,
        0.04348928658236339,
        0.1777900007375124,
        -0.5028822107732648,
        -0.012179600482529487,
        -0.21080756757321778,
        -0.3076849581950787
      ],
      [
        -0.2195380917321877,
        0.04377728444031618,
        0.19075323616641296,
        -0.33706685073972176,
        -0.025855969897459235,
        -0.10518052971101148,
        -0.08518434352501651,
        0.360507659616201,
        0.11461842277054611,
        0.372339744747543,
        -0.047777108490181866,
        -0.18111744454825568,
        -0.05787757910978348,
        0.0606241978178054,
        0.04414333961342776,
        -0.28004209732585666
      ],
      [
        0.022622445406968554,
        0.08039812638294623,
        0.6444983714280261,
        0.49065700963741654,
        -0.19856608436871778,
        -0.0559840117649109,
        -0.3691265703937771,
        -0.1227683552443094,
        0.0723528541973875,
        0.308921076650502,
        -0.16142789957897513,
        -0.14673130759865122,
        -0.5271614429501729,
        -0.04066648013622692,
        -0.2656036029648908,
        -0.13534154993069014
      ],
      [
        -0.21921519454189706,
        0.3748967446772644,
        -0.6439089861871581,
        -0.46991343293300564,
        0.3473567762958329,
        -0.32185564531850774,
        -0.2741963946136599,
        0.7846521269804818,
        0.6750556863304948,
        -0.17587318560878495,
        -0.207015723859173,
        -0.006351975212601857,
        0.3878173037388524,
        -0.24671426960705936,
        -0.061319461485527436,
        0.1714792306871443
      ],
      [
        0.10869151861665466,
        -0.018331652806144814,
        -0.21660203650096924,
