{
  "layer_sizes": [
    32,
    16,
    4
  ],
  "learning_rate": 0.3,
  "seed": 42,
  "output_activation": "softmax",
  "weights": [
    [
      [
        0.0539789856789904,
        -0.5424125072873524,
        -0.015623884220618204,
        -0.08470407051492969,
        -0.12523725367898014,
        -0.3255448767155795,
        0.03196010079182134,
        -0.04097657887188968,
        0.02602303591025696,
        -0.03896327750417976,
        0.7770695452899467,
        0.09307036015791868,
        0.01650767439030401,
        0.5861167900777837,
        0.1113652197764498,
        -0.21482311572080956
      ],
      [
        0.09218769602062471,
        -0.303836450037243,
        -0.010302462695214771,
        0.4079684120099317,
        -0.08126108944352789,
        -0.17023238610098534,
        0.30563533466850756,
        -0.36204442553518157,
        -0.10915243750611031,
        -0.1574150521486736,
        -0.16159620554403775,
        0.2777091164644947,
        0.11264003596421737,
        0.4398003437839451,
        1.127840919193744,
        -0.1016037540961539
      ],
      [
        -0.12806068226788433,
        -0.2675589818919628,
        -0.07592018237815902,
        0.7026929629367173,
        -0.06353236297093155,
        -0.210039119240632,
        -0.2061203039228099,
        -0.16076385806180557,
        0.18374306083552694,
        0.06640690254968255,
        -0.46105092875454845,
        0.244388431140155,
        0.03862833535040236,
        0.3867672422142276,
        0.8102862134631758,
        0.05589888719367057
      ],
      [
        0.16618585230058044,
        -0.039168971903934355,
        0.10023373528805518,
        0.2065017141239545,
        -0.33407952994496604,
        -0.07991780408932533,
        -0.12190635300974743,
        -0.1370013162123949,
        -0.011061661721428005,
        0.3864323538041539,
        -0.20521008474970193,
        0.22844721713398372,
        -0.40060895146591147,
        -0.012209153295825288,
        0.07006901525491137,
        0.14655558283981954
      ],
      [
        0.17426410648082047,
        0.14227306952382415,
        -0.05922738244655026,
        -0.06690829050182232,
        0.24470339533323898,
        -0.04782608122040372,
        -0.32323477027102904,
        -0.26060365765242965,
        -0.17213917041515991,
        0.13698721200899583,
        0.046854128191250136,
        0.15899896700305557,
        -0.08670467014609386,
        0.111147026969797,
        0.18577834747049418,
        -0.0773366349300596
      ],
      [
        0.11129755206650065,
        -0.1333852717638097,
        -0.07480318531221039,
        -0.06037922302201695,
        -0.3048618950075121,
        0.12174312019639545,
        -0.12087690003792367,
        0.02169710252546176,
        0.164456739377692,
        0.12151767926541365,
        0.18428263185677393,
        -0.01941655078988701,
        -0.09237674797426972,
        0.018410662594725163,
        -0.3998803050020367,
        -0.37171608947296386
      ],
      [
        -0.33421744155599387,
        -0.3053754461765277,
        0.12789744229641833,
        -0.17769010617569583,
        -0.06433121349089685,
        0.32480707444651635,
        -0.09337918220190504,
        0.2070970379652122,
        -0.17568051891722633,
        -0.03866236347135264,
        -0.22625781955403643,
        -0.09838064048902706,
        0.2301855258023887,
        -0.36031800159746885,
        0.13798665986512434,
        0.05943390058306947
      ],
      [
        -0.15208002739159188,
        -0.41757820287327085,
        0.04598626254402656,
        -0.08369351960163113,
        0.08837847785762658,
        0.00546303638086072,
        0.3961315333936803,
        -0.037120761019815506,
        -0.19815047207022327,
        0.0575159347346339,
        0.06624686516655012,
        0.3261745222962227,
        0.22888630291668444,
        0.16072986898799582,
        0.39520647178355045,
        -0.2971907635807127
      ],
      [
        -0.1634804216548302,
        -0.2877077246275384,
        -0.06949856517338285,
        -0.29549187922475784,
        0.1889971617225516,
        -0.055555674274693344,
        -0.37201476306221304,
        -0.23117662445344475,
        0.1361023629477918,
        0.22222866796915008,
        0.5104304170965555,
        0.7148432449879458,
        0.12371084975703882,
        -0.1758724258073476,
        -0.5036308212041671,
        0.06692786558595895
      ],
      [
        -0.20677781229497477,
        -0.15990305432107857,
        -0.1250703141493928,
        0.013481936060223128,
        0.2967044827158615,
        0.039262141861336156,
        -0.04397189869622063,
        -0.2361952923580122,
        -0.3609468350908463,
        -0.10887995127277786,
        -0.002197943530971279,
        0.4283601068810843,
        0.052677121806261204,
        0.31719698195638274,
        -0.09544315065612803,
        -0.29623594160425615
      ],
      [
        -0.24482172902548624,
        -0.23737025541009546,
        0.5600713187243501,
        -0.15666701214177717,
        0.23983172595303676,
        -0.2257317945217566,
        0.22858006378201245,
        0.11895588737490631,
        0.018564426670720332,
        0.0025063944616963464,
        -0.15244922968373872,
        0.0978956788566337,
        -0.09363737864715528,
        -0.23488933674119364,
        -0.2901036446012448,
        0.04314697943052987
      ],
      [
        0.37257252984299133,
        -0.24241857733386893,
        -0.23289626469970315,
        -0.24838871471209742,
        0.6890219789111856,
        0.054845625340964085,
        -0.10273180770843429,
        0.31465624672897796,
        0.1374124349017324,
        0.5582367023882132,
        0.6030286608797161,
        -0.4074948816294435,
        -0.34203979981141625,
        0.717038471393588,
        0.42540431440926274,
        -0.04487980332065016
      ],
      [
        -0.11799711454361438,
        0.08294459233332208,
        -0.47999810368310436,
        -0.5435270043516899,
        0.5233532421567404,
        -0.0986512807148974,
        -0.001280466680017824,
        -0.002776655417122245,
        0.11461696248606257,
        0.5261681697176445,
        0.5798662782996759,
        0.05960707461989609,
        -0.5125430252577556,
        0.29212688785324537,
        -0.21631968335977939,
        -0.304703265105907
      ],
      [
        -0.22308063019958096,
        -0.13959459945136024,
        0.25692952120456236,
        -0.28291852177057164,
        0.03786729816755497,
        -0.12104235833339462,
        -0.08623146302703877,
        0.2734076021745915,
        0.19225276033622443,
        0.34704655285624086,
        -0.02737872563886627,
        -0.18760802443156224,
        -0.03585621278208514,
        0.13213630201842394,
        0.07352408859208774,
        -0.27109701805834163
      ],
      [
        0.019079906939575307,
        0.0009933432585690829,
        0.6573223949990391,
        0.5178908104847367,
        -0.18310141262075447,
        -0.07184584038729402,
        -0.37017368989579935,
        -0.12495860764243104,
        0.1366251519828281,
        0.31416043121761333,
        -0.17102326526229325,
        -0.17715898153083562,
        -0.5167137659966239,
        0.030845624064391494,
        -0.23622285398623075,
        -0.13235985684151844
      ],
      [
        -0.22275773300929033,
        -0.07962937783929645,
        -0.4114782122235986,
        -0.3180816536834283,
        0.5625212030260255,
        -0.32185564531850774,
        -0.2785095840502085,
        0.481946527928769,
        0.7839906933953447,
        -0.2801946312107805,
        -0.08081454502339881,
        0.07176651622124094,
        0.4522829025394378,
        -0.17520216540644093,
        -0.03193871250686746,
        0.194334394015436
      ],
      [
        0.10514898014926141,
        -0.15010275708368206,
        -0.005501855513451106,
