{
  "labels": [
    "Blockchain Technology",
    "Consensus Algorithms",
    "Distributed Ledgers",
    "research"
  ],
  "feature_extractor": {
    "max_features": 32,
    "vocabulary": {
      "consensus": 11,
      "algorithms": 0,
      "core": 15,
      "concept": 9,
      "distributed": 17,
      "computer": 7,
      "broader": 3,
      "technology": 28,
      "understanding": 30,
      "requires": 22,
      "researchers": 24,
      "common": 5,
      "contemporary": 13,
      "consensus algorithms": 12,
      "core concept": 16,
      "concept distributed": 10,
      "computer science": 8,
      "science broader": 27,
      "broader domain": 4,
      "requires studying": 23,
      "relationships neighboring": 21,
      "researchers practitioners": 25,
      "common techniques": 6,
      "contemporary applications": 14,
      "ledgers": 19,
      "distributed ledgers": 18,
      "blockchain": 1,
      "blockchain technology": 2,
      "transit": 29,
      "using": 31,
      "routing": 26,
      "network": 20
    },
    "idf": [
      1.916290731874155,
      1.916290731874155,
      1.916290731874155,
      1.2231435513142097,
      1.2231435513142097,
      1.0,
      1.2231435513142097,
      1.2231435513142097,
      1.2231435513142097,
      1.2231435513142097,
      1.2231435513142097,
      1.916290731874155,
      1.916290731874155,
      1.2231435513142097,
      1.2231435513142097,
      1.2231435513142097,
      1.2231435513142097,
      1.0,
      1.916290731874155,
      1.916290731874155,
      1.916290731874155,
      1.2231435513142097,
      1.2231435513142097,
      1.2231435513142097,
      1.2231435513142097,
      1.2231435513142097,
      1.916290731874155,
      1.2231435513142097,
      1.2231435513142097,
      1.916290731874155,
      1.2231435513142097,
      1.916290731874155
    ]
  },
  "scope": "distributed_systems",
  "grade": "preschool"
}