{
  "layer_sizes": [
    32,
    16,
    3
  ],
  "learning_rate": 0.3,
  "seed": 42,
  "output_activation": "softmax",
  "weights": [
    [
      [
        0.07617926993860784,
        -0.26450182263511635,
        0.2034471319351146,
        0.26209179127249743,
        -0.4826043236142476,
        -0.3255448767155795,
        0.03196010079182134,
        -0.07100231069496413,
        0.0285972866292673,
        -0.213260981893395,
        0.22992672989963883,
        0.20424455608760866,
        0.01650767439030401,
        0.3182947039417241,
        0.1168773355630114,
        -0.21482311572080956
      ],
      [
        0.09218769602062471,
        -0.24422644628224222,
        0.23544690831031842,
        0.014469134428130602,
        -0.0410611173371038,
        -0.17023238610098534,
        0.30563533466850756,
        -0.030574033126269152,
        -0.0742843795354373,
        -0.0880333876220574,
        0.14315453257226887,
        0.1011575883213912,
        0.1031831528989971,
        0.1441896529516863,
        0.5354119002176153,
        -0.1016037540961539
      ],
      [
        -0.12806068226788433,
        -0.20794897813696192,
        0.1698291886273742,
        0.30919368535491687,
        -0.02333239086450741,
        -0.210039119240632,
        -0.2061203039228099,
        0.17070653434710673,
        0.21861111880620018,
        0.13578856707629874,
        -0.15630019063824188,
        0.06783690299705156,
        0.029171452285182056,
        0.09115655138196879,
        0.21785719448704746,
        0.05589888719367057
      ],
      [
        0.16972839076797372,
        0.012388971297230397,
        0.08811418265599634,
        0.18477266863432898,
        -0.3591344814147051,
        -0.07991780408932533,
        -0.11759316357319888,
        -0.15166112466990403,
        -0.035987986801331445,
        0.37373532780859897,
        -0.2063805427393791,
        0.2518661608782419,
        -0.4207174429039512,
        -0.047236855296728116,
        0.0406882662762514,
        0.14655558283981954
      ],
      [
        0.17780664494821374,
        0.19383101272498882,
        -0.07134693507860909,
        -0.08863733599144798,
        0.21964844386349977,
        -0.04782608122040372,
        -0.31892158083448047,
        -0.2752634661099388,
        -0.19706549549506322,
        0.12429018601344101,
        0.045683670201573004,
        0.18241791074731364,
        -0.10681316158413356,
        0.07611932496889413,
        0.15639759849183418,
        -0.0773366349300596
      ],
      [
        0.11419380938935286,
        -0.1699872813416553,
        -0.07492912865776764,
        -0.06848386132488847,
        -0.2938054378480484,
        0.12174312019639545,
        -0.11735058505068097,
        0.011181867072853275,
        0.15298424073181685,
        0.11163279400748602,
        0.17642351342712825,
        -0.014824798896984296,
        -0.10582457801103844,
        0.01655484947311584,
        -0.42183360848950746,
        -0.3617781181057718
      ],
      [
        -0.3306749030886006,
        -0.2538175029753629,
        0.11577788966435945,
        -0.19941915166532131,
        -0.08938616496063607,
        0.32480707444651635,
        -0.08906599276535648,
        0.19243722950770306,
        -0.20060684399712964,
        -0.051359389466907504,
        -0.22742827754371361,
        -0.074961696744769,
        0.21007703436434888,
        -0.3953457035983713,
        0.10860591088646433,
        0.05943390058306947
      ],
      [
        -0.1485374889241986,
        -0.3660202596721061,
        0.03386670991196768,
        -0.10542256509125679,
        0.06332352638788734,
        0.00546303638086072,
        0.40044472283022886,
        -0.051780569477324685,
        -0.22307679715012663,
        0.04481890873907904,
        0.06507640717687295,
        0.34959346604048086,
        0.20877781147864463,
        0.12570216698709288,
        0.36582572280489045,
        -0.2971907635807127
      ],
      [
        -0.15993788318743693,
        -0.23164398535138123,
        0.1162510687518249,
        -0.6789537482149839,
        0.4702885191468348,
        -0.055555674274693344,
        -0.36770157362566447,
        -0.2501161798140674,
        0.01543429797933315,
        0.20953164197359528,
        0.6320915690805259,
        1.382133571666745,
        0.1036023583189991,
        -0.4557671566452773,
        -0.5330115701828273,
        0.06692786558595895
      ],
      [
        -0.2032352738275815,
        -0.10383931504492133,
        0.06067931977581488,
        -0.36997993293000286,
        0.5779958401401445,
        0.039262141861336156,
        -0.039658709259672076,
        -0.2551348477186349,
        -0.48161490005930496,
        -0.12157697726833272,
        0.1194632084529993,
        1.0956504335598831,
        0.03256863036822146,
        0.0373022511184533,
        -0.12482389963478802,
        -0.29623594160425615
      ],
      [
        -0.24127919055809297,
        -0.1858123122089308,
        0.5479517660922911,
        -0.17839605763140265,
        0.21477677448329754,
        -0.2257317945217566,
        0.23289325321856102,
        0.10429607891739721,
        -0.0063618984091831105,
        -0.010190631533858506,
        -0.1536196876734159,
        0.12131462260089175,
        -0.113745870085195,
        -0.26991703874209616,
        -0.3194843935799048,
        0.04314697943052987
      ],
      [
        0.3947728141026087,
        0.0354921073183671,
        -0.013825248543970343,
        0.09840714707532953,
        0.3316549089759177,
        0.054845625340964085,
        -0.10273180770843429,
        0.2846305149059036,
        0.13998668562074296,
        0.383938997998998,
        0.055885845489408226,
        -0.29632068569975334,
        -0.34203979981141625,
        0.4492163852575283,
        0.43091643019582426,
        -0.04487980332065016
      ],
      [
        -0.09579683028399694,
        0.3608552769855581,
        -0.26092708752737165,
        -0.19673114256426272,
        0.1659861722214724,
        -0.0986512807148974,
        -0.001280466680017824,
        -0.03280238724019676,
        0.11719121320507288,
        0.3518704653284292,
        0.03272346290936807,
        0.17078127054958606,
        -0.5125430252577556,
        0.024304801717186113,
        -0.21080756757321778,
        -0.304703265105907
      ],
      [
        -0.2195380917321877,
        -0.08803665625019548,
        0.24480996857250356,
        -0.30464756726019704,
        0.012812346697815712,
        -0.12104235833339462,
        -0.08191827359049021,
        0.2587477937170824,
        0.16732643525632113,
        0.3343495268606859,
        -0.028549183628543418,
        -0.16418908068730417,
        -0.05596470422012488,
        0.09710860001752096,
        0.04414333961342776,
        -0.27109701805834163
      ],
      [
        0.022622445406968554,
        0.05255128645973382,
        0.6452028423669801,
        0.4961617649951115,
        -0.2081563640904937,
        -0.07184584038729402,
        -0.3658605004592508,
        -0.13961841609994016,
        0.11169882690292461,
        0.3014634052220584,
        -0.17219372325197044,
        -0.15374003778657755,
        -0.5368222574346637,
        -0.004182077936511306,
        -0.2656036029648908,
        -0.13235985684151844
      ],
      [
        -0.21921519454189706,
        -0.028071434638131713,
        -0.4235977648556574,
        -0.3398106991730537,
        0.5374662515562859,
        -0.32185564531850774,
        -0.2741963946136599,
        0.4672867194712599,
        0.7590643683154412,
        -0.2928916572063354,
        -0.08198500301307596,
        0.095185459965499,
        0.4321744111013981,
        -0.21022986740734376,
        -0.061319461485527436,
        0.194334394015436
      ],
      [
        0.10869151861665466,
        -0.09854481388251728,
        -0.01762140814550999,
