{
  "layer_sizes": [
    32,
    16,
    4
  ],
  "learning_rate": 0.3,
  "seed": 42,
  "output_activation": "softmax",
  "weights": [
    [
      [
        0.056292580341887104,
        -0.26505472107372713,
        -0.010716212397284305,
        0.6889077657425341,
        -0.5734761457514156,
        -0.3255448767155795,
        0.09334575801086102,
        -0.3838473319607922,
        -0.045135704220123585,
        -0.213260981893395,
        0.15135062617334719,
        0.09870217509194698,
        0.01650767439030401,
        0.6389448555701666,
        0.5382190642142943,
        -0.21482311572080956
      ],
      [
        0.07230100642390397,
        -0.24477934472085291,
        0.021283563977919473,
        0.44128510889816774,
        -0.13193293947427157,
        -0.17023238610098534,
        0.3670209918875473,
        -0.3434190543920972,
        -0.14801737038482823,
        -0.0880333876220574,
        0.06457842884597734,
        -0.004384792674270516,
        0.1031831528989971,
        0.46483980458012897,
        0.956753628868898,
        -0.1016037540961539
      ],
      [
        -0.12806068226788433,
        -0.20344318206196943,
        0.10055510140123707,
        0.2822430731802229,
        -0.3141631541141675,
        -0.210039119240632,
        -0.2061203039228099,
        0.3348582069386221,
        0.08907502953082834,
        0.1334170064923724,
        -0.39662767051660763,
        0.3798340036497528,
        0.009582276105096241,
        0.006048723831228468,
        0.21916097077894414,
        0.04678823370111877
      ],
      [
        0.18835653597770757,
        0.02745390066197938,
        0.10518918764139892,
        0.19103019865462273,
        -0.27978318032242755,
        -0.07991780408932533,
        -0.11625564164999291,
        -0.17799164358438635,
        -0.02837037837179198,
        0.37802521557979685,
        -0.15344356955568086,
        0.18790055989727217,
        -0.4207174429039512,
        -0.025054104547854637,
        0.07538597953727509,
        0.14655558283981954
      ],
      [
        0.1964347901579476,
        0.20889594208973783,
        -0.05427193009320649,
        -0.08237980597115427,
        0.2989997449557774,
        -0.04782608122040372,
        -0.31758405891127456,
        -0.301593985024421,
        -0.18944788706552398,
        0.12858007378463862,
        0.09862064338527131,
        0.11845230976634405,
        -0.10681316158413356,
        0.09830207571776761,
        0.19109531175285788,
        -0.0773366349300596
      ],
      [
        0.13282195459908674,
        -0.1549223519769063,
        -0.05785412367236505,
        -0.06222633130459474,
        -0.21445413675577082,
        0.12174312019639545,
        -0.116013063127475,
        -0.015148651841628946,
        0.16060184916135614,
        0.11592268177868371,
        0.2293604866108265,
        -0.07879039987795391,
        -0.10582457801103844,
        0.03873760022198929,
        -0.3871358952284839,
        -0.3617781181057718
      ],
      [
        -0.31204675787886677,
        -0.23875257361061397,
        0.13285289464976208,
        -0.19316162164502756,
        -0.010034863868358425,
        0.32480707444651635,
        -0.08772847084215052,
        0.1661067105932208,
        -0.19298923556759037,
        -0.047069501695709795,
        -0.17449130436001534,
        -0.1389272977257387,
        0.21007703436434888,
        -0.373162952849498,
        0.14330362414748804,
        0.05943390058306947
      ],
      [
        -0.12990934371446475,
        -0.35095533030735704,
        0.05094171489737032,
        -0.09916503507096305,
        0.14267482748016502,
        0.00546303638086072,
        0.40178224475343477,
        -0.07811108839180693,
        -0.2154591887205873,
        0.04910879651027675,
        0.11801338036057128,
        0.2856278650595108,
        0.20877781147864463,
        0.14788491773596643,
        0.400523436065914,
        -0.2971907635807127
      ],
      [
        -0.20292506270140692,
        -0.4096363812953248,
        -0.38196606445391457,
        -0.6367645904209143,
        0.2710288984567097,
        -0.055555674274693344,
        -0.36770157362566447,
        -0.04528249712794169,
        -0.08530162201019781,
        0.2830558142131216,
        0.5983364215637619,
        1.2970467879477714,
        0.06962482900993183,
        -0.16831787241166357,
        -0.5307501633343136,
        0.0511253890947511
      ],
      [
        -0.25775906028991,
        -0.3296000999601526,
        -0.3963261831926393,
        -0.40631490936809145,
        1.037346576603034,
        0.039262141861336156,
        -0.039658709259672076,
        -0.37317724357024257,
        -0.4134534388283762,
        -0.023103454323180322,
        0.6188687925136204,
        0.45520951824597033,
        0.03256863036822146,
        0.45294244307945375,
        -0.12482389963478802,
        -0.29623594160425615
      ],
      [
        -0.24127919055809297,
        -0.1813065161339383,
        0.48936562971468167,
        -0.20534666980609653,
        -0.018918730826272757,
        -0.2257317945217566,
        0.23289325321856102,
        0.23400574951242328,
        -0.11655028503054837,
        -0.012087880000999624,
        -0.34789711881289476,
        0.3689529886769785,
        -0.12941721102926365,
        -0.3453001812226318,
        -0.3184413725463874,
        0.035858456636488435
      ],
      [
        0.41340095931234255,
        0.0505570366831161,
        0.0032497564414322782,
        0.10466467709562324,
        0.41100621006819527,
        0.054845625340964085,
        -0.10139428578522833,
        0.2582999959914214,
        0.14760429405028222,
        0.3882288857701959,
        0.10882281867310653,
        -0.3602862866807234,
        -0.34203979981141625,
        0.47139913600640154,
        0.4656141434568478,
        -0.04487980332065016
      ],
      [
        0.010037312130270943,
        0.4213856386891204,
        0.01437610820529811,
        -0.3472743781138361,
        0.6380728451361609,
        -0.0986512807148974,
        -0.03377452690237449,
        0.062319759987264474,
        0.3125981044085783,
        0.3733199041844174,
        0.3814392134097504,
        -0.04874713595067224,
        -0.5125430252577556,
        0.05320180472585418,
        -0.30625596877895767,
        -0.304703265105907
      ],
      [
        -0.20430836240915054,
        -0.07489807682086062,
        0.25030375963590895,
        -0.30444834721829855,
        0.04693133336782451,
        -0.12104235833339462,
        -0.08082476177679603,
        0.2537240160876022,
        0.15747448686995125,
        0.3376092754705802,
        -0.011139000420987127,
        -0.18468732577760053,
        -0.05800919317519355,
        0.1035136954417576,
        0.07264706669212678,
        -0.272047881446763
      ],
      [
        0.03785217473000573,
        0.06568986588906864,
        0.6506966334303853,
        0.49636098503701,
        -0.17403737742048486,
        -0.07184584038729402,
        -0.3647669886455567,
        -0.1446421937294203,
        0.1018468785165548,
        0.30472315383195264,
        -0.1547835400444142,
        -0.1742382828768739,
        -0.5388667463897324,
        0.0022230174877252997,
        -0.23709987588619172,
        -0.1333107202299398
      ],
      [
        -0.21921519454189706,
        -0.023565638563139247,
        -0.48218390123326715,
        -0.36676131134774764,
        0.3037707462467155,
        -0.32185564531850774,
        -0.2741963946136599,
        0.5969963900662862,
        0.6488759816940756,
        -0.29478890567347665,
        -0.2762624341525548,
        0.34282382604158573,
        0.41650307015732946,
        -0.28561300988787913,
        -0.060276440452010145,
        0.18704587122139457
      ],
      [
        0.29984035127845693,
        0.2029521525501246,
        0.614410602799075,
