{
  "labels": [
    "Adolescent Psychology",
    "Child Development",
    "Infant Development",
    "research"
  ],
  "feature_extractor": {
    "max_features": 32,
    "vocabulary": {
      "infant": 16,
      "development": 12,
      "developmental": 13,
      "psychology": 23,
      "broader": 6,
      "sciences": 28,
      "requires": 24,
      "researchers": 26,
      "practitioners": 21,
      "apply": 3,
      "practical": 19,
      "models": 18,
      "common": 11,
      "awareness": 4,
      "settings": 30,
      "infant development": 17,
      "developmental psychology": 14,
      "broader domain": 7,
      "sciences understanding": 29,
      "requires studying": 25,
      "practical problems": 20,
      "problems extend": 22,
      "awareness open": 5,
      "child": 8,
      "child development": 9,
      "adolescent": 0,
      "adolescent psychology": 1,
      "age": 2,
      "safety": 27,
      "facing": 15,
      "turn": 31,
      "child facing": 10
    },
    "idf": [
      1.916290731874155,
      1.916290731874155,
      1.916290731874155,
      1.2231435513142097,
      1.2231435513142097,
      1.2231435513142097,
      1.2231435513142097,
      1.2231435513142097,
      1.5108256237659907,
      1.916290731874155,
      1.916290731874155,
      1.2231435513142097,
      1.2231435513142097,
      1.0,
      1.0,
      1.916290731874155,
      1.916290731874155,
      1.916290731874155,
      1.0,
      1.2231435513142097,
      1.2231435513142097,
      1.2231435513142097,
      1.2231435513142097,
      1.0,
      1.2231435513142097,
      1.2231435513142097,
      1.2231435513142097,
      1.916290731874155,
      1.2231435513142097,
      1.2231435513142097,
      1.2231435513142097,
      1.916290731874155
    ]
  },
  "scope": "developmental_psychology",
  "grade": "preschool"
}