{
  "layer_sizes": [
    32,
    16,
    4
  ],
  "learning_rate": 0.3,
  "seed": 42,
  "output_activation": "softmax",
  "weights": [
    [
      [
        0.08144557989543746,
        -0.307205481134663,
        0.2209390831763152,
        0.29487311985709314,
        -0.4285153654263103,
        -0.32965298944854426,
        0.07760117540931333,
        -0.08088238552408913,
        -0.004200289376072199,
        -0.18673318641173822,
        0.2119964054922488,
        0.18365745430086228,
        0.06486884787625985,
        0.2773475394979396,
        0.1419253288504636,
        -0.21482311572080956
      ],
      [
        0.11540200615425096,
        -0.30830080670790644,
        0.40101323618589574,
        0.3989630742833989,
        -0.14886776376280464,
        -0.18702564282277723,
        0.18666333905099028,
        -0.032946263009982164,
        -0.10980640986910836,
        0.04204215462458478,
        0.09497260722322472,
        0.016850380280723713,
        0.23632438508273668,
        0.0886720173870467,
        0.6759191368536305,
        -0.10397424528855377
      ],
      [
        -0.12279437231105472,
        -0.2506526366365086,
        0.1873211398685748,
        0.3419750139395124,
        0.030756567323430135,
        -0.2141472319735968,
        -0.1604792293053178,
        0.16082645951798175,
        0.18581354280086057,
        0.16231636255795553,
        -0.17423051504563192,
        0.047249801210305115,
        0.07753262577113787,
        0.050209386938184615,
        0.24290518777449965,
        0.05589888719367057
      ],
      [
        0.17499470072480336,
        -0.030314687202316278,
        0.10560613389719703,
        0.21755399721892488,
        -0.3050455232267678,
        -0.08402591682229009,
        -0.0719520889557069,
        -0.161541199499029,
        -0.06878556280667093,
        0.40026312329025576,
        -0.22431086714676915,
        0.2312790590914954,
        -0.37235626941799543,
        -0.08818401974051233,
        0.06573625956370362,
        0.14655558283981954
      ],
      [
        0.18307295490504338,
        0.15112735422544218,
        -0.053854983837408416,
        -0.05585600740685206,
        0.27373740205143726,
        -0.05193419395336848,
        -0.2732805062169883,
        -0.28514354093906386,
        -0.22986307150040283,
        0.15081798149509779,
        0.027753345794182992,
        0.16183080896056726,
        -0.05845198809817774,
        0.035172160525109936,
        0.18144559177928637,
        -0.0773366349300596
      ],
      [
        0.11419380938935286,
        -0.2032088573369792,
        -0.4990097219324511,
        0.22788240459968662,
        -0.4038138066859758,
        0.09599851042523294,
        -0.11866198369807274,
        -0.312418232803154,
        0.12018666472647724,
        0.320200287200878,
        0.15996597238814134,
        -0.09289230542486338,
        0.12704960739436738,
        -0.019929552726599763,
        0.1553913068717922,
        -0.3617781181057718
      ],
      [
        -0.3306749030886006,
        -0.2870390789706868,
        -0.30830270361032414,
        0.09694711425925372,
        -0.19939453379856328,
        0.29906246467535386,
        -0.09037739141274825,
        -0.1311628703683043,
        -0.23340442000246925,
        0.1572081037264844,
        -0.24388581858270053,
        -0.15302920327264813,
        0.4429512197697547,
        -0.43183010579808717,
        0.6858308262477639,
        0.05943390058306947
      ],
      [
        -0.13800486901053935,
        -0.4559333727461919,
        0.08468494537786933,
        -0.012909295747371154,
        0.1766559163129738,
        -0.0027531890850687824,
        0.49172687206521304,
        -0.06348238174464325,
        -0.25587437315546624,
        0.09787449970239244,
        0.03929299454602466,
        0.31821583469735953,
        0.30550015845055634,
        0.08029224029924009,
        0.4159217093797949,
        -0.2971907635807127
      ],
      [
        -0.14701025781511168,
        0.03394934025320941,
        -0.14026677469073925,
        -0.4117567317231078,
        0.054307154332736085,
        -0.055555674274693344,
        -0.3758708099310601,
        -0.19859446053030433,
        0.057495075547363994,
        0.20606822212196643,
        0.45317167663195457,
        0.7788894802983948,
        0.08532727761532564,
        -0.2534417761078567,
        -0.5356972907387577,
        0.048757664378018185
      ],
      [
        -0.20068720174461332,
        -0.187093585394462,
        -0.2381436632053825,
        -0.3145570145739792,
        0.7462848670072628,
        0.039262141861336156,
        0.41874590636799347,
        -0.25695549622836555,
        -0.42278691158611276,
        -0.1556282145988462,
        -0.02251454705070108,
        0.5077901793138424,
        0.12288965570174783,
        0.2444909771559033,
        -0.18346828516234706,
        -0.29981734043864544
      ],
      [
        -0.24127919055809297,
        -0.35330233287696866,
        0.43485776781204055,
        -0.5427822116224361,
        0.844294982548327,
        -0.2257317945217566,
        0.8163636917609544,
        0.08489606521678922,
        -0.0391594744145226,
        -0.05251445344620725,
        -0.1636969238573476,
        0.182380808656039,
        0.0053836680690771315,
        -0.30640144094181204,
        -0.3931959304062234,
        0.04314697943052987
      ],
      [
        0.4173961585041776,
        0.5047862232013933,
        -0.10458464835561584,
        -0.046817556058917506,
        0.14365941627769246,
        0.054845625340964085,
        -0.11702797124287649,
        0.3733477196152393,
        0.0706431835638299,
        0.3778780132586474,
        -0.034710721703759585,
        -0.2178754962861411,
        -0.3740211910428448,
        0.4021318023830038,
        0.4262164192229463,
        -0.0766776554345465
      ],
      [
        -0.08980473401454465,
        0.3614136543518937,
        -0.2551005720279728,
        -0.18366416881557598,
        0.19563651051073072,
        -0.10200993205925575,
        0.034968340863177565,
        -0.03513561542238315,
        0.08166918287140183,
        0.37310683733632033,
        0.01022319435365956,
        0.1587410493373907,
        -0.475388770864797,
        -0.016618431614702948,
        -0.19067957188479936,
        -0.3070737562983069
      ],
      [
        -0.21354599546273542,
        -0.08747827888385974,
        0.25063648407190237,
        -0.29158059351151056,
        0.042462684987073965,
        -0.12440100967775297,
        -0.04566946604729482,
        0.2564145655348959,
        0.13180440492264997,
        0.35558589886857705,
        -0.05104945218425194,
        -0.17622930189949954,
        -0.01881044982716648,
        0.056185366685631934,
        0.06427133530184619,
        -0.27346750925074154
      ],
      [
        0.03555007077929372,
        0.32265040813931695,
        0.5865541854816827,
        0.40162595798638695,
        -0.3177914200105701,
        -0.07184584038729402,
        -0.3740297367646464,
        -0.09237644371929059,
        0.0580178645824003,
        0.29799998537042943,
        -0.2282820057268942,
        -0.113112746220387,
        -0.555097338138337,
        -0.046723726236117535,
        -0.2682893235208211,
        -0.15053005804945918
      ],
      [
        -0.19659185014032796,
        0.44122268124489444,
        -0.5143571646673032,
        -0.4850354023073008,
        0.3494707588580609,
        -0.32185564531850774,
        -0.28849255814810226,
        0.5560039241805951,
        0.6897208662585282,
        -0.298952641946686,
        -0.17258157020624382,
        0.1736306493791113,
        0.4001930198699695,
        -0.25731445028186795,
        -0.06601947245840557,
        0.16253654190153968
      ],
      [
        0.12161914398897979,
        0.17155430779706593,
        -0.07627006503080754,
