{
  "labels": [
    "Cardiothoracic Surgery",
    "General Surgery",
    "Neurosurgery",
    "research"
  ],
  "feature_extractor": {
    "max_features": 32,
    "vocabulary": {
      "general": 13,
      "surgery": 29,
      "clinical": 7,
      "medicine": 16,
      "sciences": 23,
      "requires": 19,
      "researchers": 21,
      "phenomena": 18,
      "solve": 26,
      "vocabulary": 30,
      "common": 9,
      "academic": 0,
      "settings": 25,
      "general surgery": 14,
      "clinical medicine": 8,
      "sciences understanding": 24,
      "requires studying": 20,
      "researchers practitioners": 22,
      "solve practical": 27,
      "vocabulary foundational": 31,
      "common techniques": 10,
      "academic professional": 1,
      "cardiothoracic": 4,
      "cardiothoracic surgery": 5,
      "neurosurgery": 17,
      "assembly": 3,
      "cellular": 6,
      "loop": 15,
      "spaces": 28,
      "complexes": 11,
      "dg": 12,
      "algebra": 2
    },
    "idf": [
      1.2231435513142097,
      1.2231435513142097,
      1.916290731874155,
      1.916290731874155,
      1.916290731874155,
      1.916290731874155,
      1.916290731874155,
      1.2231435513142097,
      1.2231435513142097,
      1.2231435513142097,
      1.2231435513142097,
      1.916290731874155,
      1.916290731874155,
      1.916290731874155,
      1.916290731874155,
      1.916290731874155,
      1.2231435513142097,
      1.916290731874155,
      1.2231435513142097,
      1.2231435513142097,
      1.2231435513142097,
      1.2231435513142097,
      1.2231435513142097,
      1.2231435513142097,
      1.2231435513142097,
      1.2231435513142097,
      1.2231435513142097,
      1.2231435513142097,
      1.916290731874155,
      1.0,
      1.2231435513142097,
      1.2231435513142097
    ]
  },
  "scope": "surgery",
  "grade": "preschool"
}