{
  "labels": [
    "Conservative Judaism",
    "Orthodox Judaism",
    "Reform Judaism",
    "engineering"
  ],
  "feature_extractor": {
    "max_features": 32,
    "vocabulary": {
      "orthodox": 18,
      "judaism": 14,
      "core": 10,
      "concept": 4,
      "broader": 1,
      "studying": 26,
      "analysis": 0,
      "design": 12,
      "solve": 25,
      "models": 16,
      "techniques": 28,
      "questions": 20,
      "settings": 24,
      "orthodox judaism": 19,
      "concept judaism": 5,
      "broader domain": 2,
      "studying definitions": 27,
      "definitions historical": 11,
      "researchers practitioners": 23,
      "vocabulary foundational": 31,
      "techniques awareness": 29,
      "contemporary applications": 9,
      "conservative": 6,
      "conservative judaism": 7,
      "reform": 21,
      "reform judaism": 22,
      "comparative": 3,
      "lora": 15,
      "ethical": 13,
      "moral": 17,
      "temperature": 30,
      "consistency": 8
    },
    "idf": [
      1.0,
      1.2231435513142097,
      1.2231435513142097,
      1.916290731874155,
      1.0,
      1.2231435513142097,
      1.916290731874155,
      1.916290731874155,
      1.916290731874155,
      1.2231435513142097,
      1.0,
      1.2231435513142097,
      1.0,
      1.916290731874155,
      1.0,
      1.916290731874155,
      1.0,
      1.916290731874155,
      1.916290731874155,
      1.916290731874155,
      1.0,
      1.916290731874155,
      1.916290731874155,
      1.2231435513142097,
      1.0,
      1.2231435513142097,
      1.2231435513142097,
      1.2231435513142097,
      1.2231435513142097,
      1.2231435513142097,
      1.916290731874155,
      1.2231435513142097
    ]
  },
  "scope": "judaism",
  "grade": "preschool"
}