{
  "layer_sizes": [
    32,
    16,
    4
  ],
  "learning_rate": 0.3,
  "seed": 42,
  "output_activation": "softmax",
  "weights": [
    [
      [
        0.1064857550994626,
        -0.23314538404810267,
        0.21403329270712093,
        0.3140555173599432,
        -0.401164626773115,
        -0.34155316467053237,
        0.03196010079182134,
        -0.08119951790329058,
        0.05184692553968326,
        -0.17053317774134708,
        0.252433313583835,
        0.13383912556295285,
        0.05462295843018755,
        0.36179191091857554,
        0.1168773355630114,
        -0.21482311572080956
      ],
      [
        0.12249418118147948,
        -0.2128700076952284,
        0.24603306908232475,
        0.06643286051557652,
        0.040378579504028955,
        -0.18624067405593825,
        0.30563533466850756,
        -0.04077124033459561,
        -0.0510347406250213,
        -0.04530558347000953,
        0.16566111625646493,
        0.03075215779673534,
        0.14129843693888058,
        0.1876868599285377,
        0.5354119002176153,
        -0.1016037540961539
      ],
      [
        -0.09775419710702957,
        -0.1765925395499481,
        0.18041534939938053,
        0.3611574114423626,
        0.05810730597662531,
        -0.22604740719558492,
        -0.2061203039228099,
        0.16050932713878024,
        0.24186075771661594,
        0.17851637122834668,
        -0.13379360695404582,
        -0.0025685275276043115,
        0.0672867363250656,
        0.13465375835882035,
        0.21785719448704746,
        0.05589888719367057
      ],
      [
        0.20003487592882846,
        0.043745409884244045,
        0.0987003434280026,
        0.23673639472177474,
        -0.2776947845735725,
        -0.0959260920442782,
        -0.11759316357319888,
        -0.1618583318782305,
        -0.012738347890915451,
        0.4164631319606469,
        -0.18387395905518303,
        0.18146073035358598,
        -0.38260215886406757,
        -0.003739648319876597,
        0.0406882662762514,
        0.14655558283981954
      ],
      [
        0.20258418240756734,
        0.22028896844892146,
        -0.0664486694865136,
        -0.07104267010057802,
        0.25615467319048224,
        -0.06091390557082663,
        -0.31892158083448047,
        -0.2548871082432604,
        -0.1857539000234824,
        0.15067469479647563,
        0.039502702309446365,
        0.18173706949297816,
        -0.09078903633609273,
        0.08621196171153825,
        0.15639759849183418,
        -0.0773366349300596
      ],
      [
        0.1445002945502076,
        -0.1386308427546415,
        -0.06434296788576138,
        -0.016520135237442547,
        -0.21236574100691574,
        0.10573483224144259,
        -0.11735058505068097,
        0.0009846598645267893,
        0.1762338796422326,
        0.15436059815953398,
        0.19893009711132434,
        -0.08523022942164016,
        -0.06770929397115491,
        0.06005205644996733,
        -0.42183360848950746,
        -0.3617781181057718
      ],
      [
        -0.3306749030886006,
        -0.24931170690037044,
        0.09578575059757698,
        -0.3220519055663698,
        -0.23412184466329403,
        0.32480707444651635,
        -0.08906599276535648,
        0.3289791317850716,
        -0.24161141042208953,
        -0.09231182003190411,
        -0.34646168238718567,
        0.19630142923015906,
        0.13755684661583223,
        -0.5219588514943608,
        0.10860591088646433,
        0.05943390058306947
      ],
      [
        -0.1485374889241986,
        -0.36151446359711364,
        0.010548325978559382,
        -0.3046010323733888,
        -0.19307711823752782,
        0.00546303638086072,
        0.40044472283022886,
        0.20044152453468422,
        -0.27064695591078275,
        -0.028895466277914814,
        -0.1411219325942314,
        0.8457043505796488,
        0.07824147353131465,
        -0.0730139774659154,
        0.36582572280489045,
        -0.2971907635807127
      ],
      [
        -0.15993788318743693,
        -0.23164398535138123,
        -0.1024418180888807,
        -0.4589901069607027,
        -0.008709710680534739,
        -0.055555674274693344,
        -0.36770157362566447,
        -0.08037448269992521,
        0.0685300733590045,
        0.1603887252955994,
        0.36843532053149824,
        1.0657372543481918,
        0.016578133020779137,
        -0.35553902484349453,
        -0.5330115701828273,
        0.06692786558595895
      ],
      [
        -0.17292878866672676,
        -0.07698867253290013,
        -0.1266037060094454,
        0.04371661665804339,
        0.353089228087255,
        0.02325385390638329,
        -0.039658709259672076,
        -0.2610523080238481,
        -0.36262352126033365,
        -0.07884917311628484,
        0.01913818216354766,
        0.38137362010068654,
        0.070683914408105,
        0.32566648693233174,
        -0.12482389963478802,
        -0.29623594160425615
      ],
      [
        -0.21097270539723822,
        -0.15445587362191698,
        0.5585379268642975,
        -0.1264323315439569,
        0.2962164713244304,
        -0.2417400824767095,
        0.23289325321856102,
        0.09409887170907076,
        0.01688774050123288,
        0.03253717261818937,
        -0.13111310398921985,
        0.0509091920762359,
        -0.07563058604531148,
        -0.2264198317652449,
        -0.3194843935799048,
        0.04314697943052987
      ],
      [
        0.42507929926346344,
        0.06684854590538074,
        -0.00323908777196401,
        0.1503708731627754,
        0.4130946058170503,
        0.038837337386011216,
        -0.10273180770843429,
        0.274433307697577,
        0.16323632453115877,
        0.4266668021510459,
        0.07839242917360438,
        -0.36672611622440926,
        -0.3039245157715327,
        0.4927135922343797,
        0.43091643019582426,
        -0.04487980332065016
      ],
      [
        -0.26239770845434074,
        0.7331017029963988,
        -0.7710788287194698,
        0.18925306853146276,
        0.10151985757998312,
        -0.0986512807148974,
        -0.001280466680017824,
        -0.5213753189734026,
        -0.0957645587110893,
        0.9197183849478847,
        -0.13847133200995607,
        0.2545254776996438,
        -0.5125430252577556,
        0.686001939223114,
        -0.21080756757321778,
        -0.304703265105907
      ],
      [
        -0.18923160657133295,
        -0.056680217663181834,
        0.2553961293445099,
        -0.25268384117275133,
        0.09425204353894842,
        -0.1370506462883475,
        -0.08191827359049021,
        0.248550586508756,
        0.19057607416673691,
        0.37707733101273383,
        -0.006042599944347326,
        -0.23459451121195998,
        -0.017849420180241358,
        0.14060580699437245,
        0.04414333961342776,
        -0.27109701805834163
      ],
      [
        0.052928930567823294,
        0.0839077250467475,
        0.6557890031389865,
        0.5481254910825575,
        -0.12671666724936087,
        -0.08785412834224689,
        -0.3658605004592508,
        -0.14981562330826664,
        0.1349484658133406,
        0.3441912093741063,
        -0.14968713956777438,
        -0.22414546831123336,
        -0.49870697339478043,
        0.03931512904034018,
        -0.2656036029648908,
        -0.13235985684151844
      ],
      [
        -0.3036701201377969,
        -0.33228074088483983,
        -0.7675165381024105,
        -0.8659969451913484,
        1.3411474181630207,
        -0.32185564531850774,
        -0.2741963946136599,
        0.567236392296831,
        1.0574595128160267,
        -0.394377058204814,
        0.5583098539246804,
        -0.04576668986250352,
        0.6710342422958699,
        -0.1585114787915313,
        -0.061319461485527436,
        0.194334394015436
      ],
      [
        0.1389980037775094,
        -0.06718837529550362,
        -0.007035247373503653,
        -0.2648096138303558,
