{
  "layer_sizes": [
    32,
    16,
    4
  ],
  "learning_rate": 0.3,
  "seed": 42,
  "output_activation": "softmax",
  "weights": [
    [
      [
        0.07617926993860784,
        -0.25803565035591314,
        0.16899746499634083,
        0.2501869304060277,
        -0.423342406439722,
        -0.3255448767155795,
        0.03196010079182134,
        -0.08644793913385435,
        -0.0025716656955049734,
        -0.22467157537541044,
        0.3094800546482444,
        0.12725846987863215,
        0.04681555498371877,
        0.27831597858105817,
        0.1708170230649201,
        -0.21482311572080956
      ],
      [
        0.09218769602062471,
        -0.2377602740030391,
        0.20099724137154465,
        0.002564273561661085,
        0.018200799837421962,
        -0.17023238610098534,
        0.30563533466850756,
        -0.04601966156515932,
        -0.10545333186020957,
        -0.09944398110407282,
        0.2227078573208746,
        0.024171502112414655,
        0.13349103349241193,
        0.10421092759102057,
        0.5893515877195243,
        -0.1016037540961539
      ],
      [
        -0.12806068226788433,
        -0.314532030756952,
        0.05672125501286121,
        0.7522584877381387,
        -0.10631649126230035,
        -0.210039119240632,
        -0.2061203039228099,
        0.12091626069689296,
        0.18581354280086057,
        0.14836359155543755,
        -0.21017503070738427,
        0.04560593631507297,
        0.029171452285182056,
        0.05467214918225324,
        0.7434333359862842,
        0.05589888719367057
      ],
      [
        0.16972839076797372,
        -0.09419408132275973,
        -0.02499375095851665,
        0.6278374710175512,
        -0.44211858181249813,
        -0.07991780408932533,
        -0.11759316357319888,
        -0.2014513983201178,
        -0.06878556280667093,
        0.38631035228773786,
        -0.2602553828085216,
        0.22963519419626316,
        -0.4207174429039512,
        -0.08372125749644371,
        0.5662644077754883,
        0.14655558283981954
      ],
      [
        0.17780664494821374,
        0.20029718500419194,
        -0.1057966020173829,
        -0.10054219685791745,
        0.2789103610380256,
        -0.04782608122040372,
        -0.31892158083448047,
        -0.290709094548829,
        -0.22823444781983562,
        0.11287959253142558,
        0.1252369949501787,
        0.10543182453833712,
        -0.07650528099071872,
        0.03614059960822846,
        0.2103372859937429,
        -0.0773366349300596
      ],
      [
        0.11419380938935286,
        0.04849701608322817,
        -0.09007004422275229,
        -0.11287661809966115,
        -0.4046677684245275,
        0.12174312019639545,
        -0.12300619865531014,
        0.0031235296819218574,
        0.08351687732178788,
        0.1683799663462148,
        -0.07037336668629239,
        0.3135287523772433,
        -0.14579988434654018,
        -0.019929552726599763,
        -0.4968167441870047,
        -0.3617781181057718
      ],
      [
        -0.3306749030886006,
        -0.2244266923598266,
        0.023616398151513583,
        0.13502806289004368,
        -0.21146326938084775,
        0.32480707444651635,
        -0.09203862658334244,
        0.1514769542316839,
        -0.25267834105823467,
        -0.011618347411232275,
        -0.39645770520594503,
        0.08317260588678178,
        0.18906570724681096,
        -0.43183010579808717,
        0.48356446737838155,
        0.05943390058306947
      ],
      [
        -0.1485374889241986,
        -0.14753596224722257,
        0.018725794346983016,
        -0.14981532186602947,
        -0.04753880418859153,
        0.00546303638086072,
        0.3947891092255997,
        -0.05983890686825607,
        -0.29254416056015564,
        0.1015660810778078,
        -0.18172047293654764,
        0.6779470173147079,
        0.16880250514314288,
        0.08921776478737733,
        0.2908425871073932,
        -0.2971907635807127
      ],
      [
        -0.15993788318743693,
        -0.017665484001490223,
        -0.09675903337042634,
        -0.36161368148915607,
        0.05307987967633355,
        -0.055555674274693344,
        -0.37335718723029365,
        -0.2538947703018854,
        0.041708674457859446,
        0.26627881431232386,
        0.2624630789934578,
        1.0666157400064316,
        0.06362705198349741,
        -0.24738453000796604,
        -0.6079947058803243,
        0.06692786558595895
      ],
      [
        -0.2032352738275815,
        -0.10187893884071064,
        -0.1716395337202255,
        -0.02015197029587203,
        0.330911448420648,
        0.039262141861336156,
        -0.039658709259672076,
        -0.2663007292544117,
        -0.41704211249552203,
        -0.13298757075034814,
        0.07618492322795725,
        0.3747929644163658,
        0.06287651096163623,
        0.24219055459481428,
        -0.07088421213287928,
        -0.29623594160425615
      ],
      [
        -0.24127919055809297,
        -0.17934613992972767,
        0.5135020991535175,
        -0.19030091849787234,
        0.2740386916578234,
        -0.2257317945217566,
        0.23289325321856102,
        0.088850450478507,
        -0.037530850733955366,
        -0.021601225015873953,
        -0.0740663629248102,
        0.044328536391915224,
        -0.08343798949178016,
        -0.3098957641027621,
        -0.26554470607799613,
        0.04314697943052987
      ],
      [
        0.3947728141026087,
        0.07882159231681811,
        -0.04475821881887097,
        0.08072341092900966,
        0.36077747407073013,
        0.054845625340964085,
        -0.10371558564124965,
        0.2705325830290907,
        0.10214201076003017,
        0.38448109969429056,
        0.0779107558114052,
        -0.30222883408857326,
        -0.3242147125598904,
        0.409875144907298,
        0.4619725555291193,
        -0.04487980332065016
      ],
      [
        -0.09579683028399694,
        0.407390233986219,
        -0.3222985683683825,
        -0.18981310356806838,
        0.30043797795124555,
        -0.0986512807148974,
        -0.002264244612833183,
        -0.058979508088772566,
        0.0820095514940716,
        0.3337547513163907,
        0.2013060864878894,
        0.0550094615848463,
        -0.4451605813724146,
        -0.020750114934072677,
        -0.09155298435008132,
        -0.304703265105907
      ],
      [
        -0.2195380917321877,
        -0.00748621832939096,
        0.21399761628925765,
        -0.3253653149494003,
        0.02354733011917277,
        -0.12104235833339462,
        -0.08388582945612093,
        0.24464986184026957,
        0.12310315496537941,
        0.34476263810493657,
        -0.04770098342887987,
        -0.11127697494661179,
        -0.045093208033980696,
        0.057767359667291004,
        0.062156361335097304,
        -0.27109701805834163
      ],
      [
        0.022622445406968554,
        0.09588077145818481,
        0.6142698720920797,
        0.4784780288487915,
        -0.17903379899568075,
        -0.07184584038729402,
        -0.3668442783920661,
        -0.15371634797675307,
        0.07385415204221192,
        0.30200550691735095,
        -0.15016881292997333,
        -0.15964818617539708,
        -0.5189971701831377,
        -0.04352331828674131,
        -0.2345474776315956,
        -0.13235985684151844
      ],
      [
        -0.21921519454189706,
        0.015258050360319294,
        -0.4545307351305581,
        -0.3574944353193737,
        0.5665888166510992,
        -0.32185564531850774,
        -0.27518017254647525,
        0.45318878759444703,
        0.7212196934547285,
        -0.29234955551104286,
        -0.059960092691078944,
        0.08927731157667934,
        0.44999949835292397,
        -0.24957110775757377,
        -0.03026333615223228,
        0.194334394015436
      ],
      [
        0.10869151861665466,
        0.2625918177756269,
        -0.03230004543148422,
