{
  "layer_sizes": [
    32,
    16,
    3
  ],
  "learning_rate": 0.3,
  "seed": 42,
  "output_activation": "softmax",
  "weights": [
    [
      [
        0.07487424910615628,
        -0.2046152180810997,
        0.23455448898187742,
        0.21994337288567423,
        -0.42530257848507586,
        -0.3301297469860159,
        0.03196010079182134,
        -0.08345901570994443,
        -0.004200289376072199,
        -0.16816955495276187,
        0.22035150988633467,
        0.23813583722608173,
        0.01650767439030401,
        0.2741012783354827,
        0.1168773355630114,
        -0.18749859867508745
      ],
      [
        0.09088267518817315,
        -0.18433984172822548,
        0.2665542653570812,
        -0.02767928395869245,
        0.01624062779206821,
        -0.17481725637142168,
        0.30563533466850756,
        -0.04303073814124942,
        -0.1070819555407768,
        -0.04294196068142424,
        0.1335793125589647,
        0.13504886945986427,
        0.1031831528989971,
        0.09999622734544526,
        0.5354119002176153,
        -0.07427923705043192
      ],
      [
        -0.1293657031003359,
        -0.1480623735829452,
        0.20093654567413702,
        0.2670452669680937,
        0.03396935426466457,
        -0.21462398951106834,
        -0.2061203039228099,
        0.1582498293321264,
        0.18581354280086057,
        0.1808799940169319,
        -0.16587541065154604,
        0.10172818413552458,
        0.029171452285182056,
        0.04696312577572782,
        0.21785719448704746,
        0.08322340423939258
      ],
      [
        0.16842336993552215,
        0.07227557585124705,
        0.11922153970275927,
        0.14262425024750586,
        -0.30183273628553337,
        -0.08450267435976168,
        -0.11759316357319888,
        -0.16411782968488436,
        -0.06878556280667093,
        0.4188267547492323,
        -0.21595576275268327,
        0.2857574420167149,
        -0.4207174429039512,
        -0.09143028090296913,
        0.0406882662762514,
        0.17388009988554165
      ],
      [
        0.17650162411576217,
        0.25371761727900555,
        -0.040239578031846204,
        -0.13078575437827103,
        0.2769501889926718,
        -0.05241095149084006,
        -0.31892158083448047,
        -0.28772017112491904,
        -0.22986307150040283,
        0.16938161295407414,
        0.03610845018826882,
        0.2163091918857867,
        -0.10681316158413356,
        0.03192589936265314,
        0.15639759849183418,
        -0.050012117884337584
      ],
      [
        0.1128887885569013,
        -0.11010067678763862,
        -0.04382177161100474,
        -0.11063227971171148,
        -0.23650369271887667,
        0.11715824992595911,
        -0.11735058505068097,
        -0.0012748379421270231,
        0.12018666472647724,
        0.1567242209481192,
        0.1668482934138241,
        0.019066482241488707,
        -0.10582457801103844,
        -0.027638576133125193,
        -0.42183360848950746,
        -0.3344536010600499
      ],
      [
        -0.33197992392105213,
        -0.1939308984213462,
        0.14688524671112232,
        -0.24156757005214444,
        -0.032084419831464074,
        0.32022220417608,
        -0.08906599276535648,
        0.17998052449272275,
        -0.23340442000246925,
        -0.006267962526274323,
        -0.23700349755701777,
        -0.04107041560629596,
        0.21007703436434888,
        -0.4395391292046127,
        0.10860591088646433,
        0.08675841762879147
      ],
      [
        -0.14984250975665017,
        -0.30613365511808954,
        0.06497406695873055,
        -0.14757098347807984,
        0.1206252715170593,
        0.0008781661104243792,
        0.40044472283022886,
        -0.06423727449230494,
        -0.25587437315546624,
        0.08991033567971218,
        0.05550118716356879,
        0.3834847471789538,
        0.20877781147864463,
        0.08150874138085192,
        0.36582572280489045,
        -0.2698662465349908
      ],
      [
        -0.1612429040198885,
        -0.17626317687235699,
        -0.05051076075867879,
        -0.3593693431012064,
        0.2212439553819844,
        -0.06014054454512968,
        -0.36770157362566447,
        -0.2582931379259343,
        0.07837846186254882,
        0.2546230689142283,
        0.4996847390935739,
        0.7721534698706768,
        0.1036023583189991,
        -0.2550935534144915,
        -0.5330115701828273,
        0.09425238263168094
      ],
      [
        -0.20454029466003307,
        -0.04845850656589709,
        -0.10608250973468887,
        -0.050395527816225534,
        0.32895127637529414,
        0.03467727159089982,
        -0.039658709259672076,
        -0.2633118058305018,
        -0.41867073617608924,
        -0.07648555032769962,
        -0.012943621533952638,
        0.4856703317638154,
        0.03256863036822146,
        0.23797585434923899,
        -0.12482389963478802,
        -0.26891142455853423
      ],
      [
        -0.24258421139054454,
        -0.12592570765491407,
        0.5790591231390542,
        -0.22054447601822577,
        0.2720785196124696,
        -0.23031666479219293,
        0.23289325321856102,
        0.09183937390241691,
        -0.0391594744145226,
        0.034900795406774654,
        -0.16319490768672007,
        0.15520590373936485,
        -0.113745870085195,
        -0.31411046434833756,
        -0.3194843935799048,
        0.0704714964762519
      ],
      [
        0.3934677932701572,
        0.09537871187238377,
        0.017282108502792527,
        0.0562587286885065,
        0.38895665410508945,
        0.05026075507052775,
        -0.10273180770843429,
        0.2721738098909233,
        0.10718910961540337,
        0.42903042493963134,
        0.04631062547610404,
        -0.2624294045612804,
        -0.34203979981141625,
        0.4050229596512869,
        0.43091643019582426,
        -0.01755528627492813
      ],
      [
        -0.09710185111644849,
        0.42074188153957465,
        -0.22981973048060883,
        -0.23887956095108584,
        0.22328791735064443,
        -0.10323615098533374,
        -0.001280466680017824,
        -0.045259092255177026,
        0.08439363719973339,
        0.3969618922690625,
        0.02314824289606388,
        0.20467255168805912,
        -0.5125430252577556,
        -0.019888623889054914,
        -0.21080756757321778,
        -0.2773787480601851
      ],
      [
        -0.22084311256463926,
        -0.028150051696178773,
        0.2759173256192663,
        -0.3467959856470202,
        0.0701140918269877,
        -0.12562722860383096,
        -0.08191827359049021,
        0.24629108870210215,
        0.13452885925098151,
        0.3794409538013192,
        -0.03812440364184762,
        -0.1302977995488311,
        -0.05596470422012488,
        0.05291517441127998,
        0.04414333961342776,
        -0.24377250101261955
      ],
      [
        0.021317424574516984,
        0.11243789101375047,
        0.6763101994137432,
        0.45401334660828835,
        -0.15085461896132168,
        -0.07643071065773037,
        -0.3658605004592508,
        -0.1520751211149205,
        0.07890125089758512,
        0.34655483216269173,
        -0.1817689432652746,
        -0.11984875664810452,
        -0.5368222574346637,
        -0.048375503542752336,
        -0.2656036029648908,
        -0.10503533979579645
      ],
      [
        -0.22052021537434863,
        0.03181516991588498,
        -0.3924904078088947,
        -0.3819591175598768,
        0.5947679966854579,
        -0.3264405155889441,
        -0.2741963946136599,
        0.45483001445627963,
        0.7262667923101017,
        -0.24780023026570208,
        -0.09156022302638019,
        0.12907674110397208,
        0.4321744111013981,
        -0.25442329301358485,
        -0.061319461485527436,
        0.22165891106115812
      ],
      [
        0.1073864977842031,
        -0.03865820932850059,
        0.013485948901252882,
