{
  "layer_sizes": [
    32,
    16,
    4
  ],
  "learning_rate": 0.3,
  "seed": 42,
  "output_activation": "softmax",
  "weights": [
    [
      [
        0.07617926993860784,
        -0.2501944889642589,
        0.247709185782001,
        0.25090881482765964,
        -0.5005353348688978,
        -0.3329729016649433,
        0.03196010079182134,
        -0.07859403664503656,
        -0.006485195116331501,
        -0.2008779065189026,
        0.3064875532859501,
        0.19004722681087205,
        0.013120971803230208,
        0.33334027378609726,
        0.12527559474113184,
        -0.21567316675312004
      ],
      [
        0.09218769602062471,
        -0.18664825645138242,
        -0.1064571039725931,
        -0.012481477746563224,
        -0.04672394017077606,
        -0.17023238610098534,
        0.30563533466850756,
        -0.267951150646228,
        -0.10657772531798995,
        0.10519497213375903,
        -0.1150141535627575,
        0.2779270166455849,
        0.1031831528989971,
        0.464983621445555,
        1.067200681007701,
        -0.1016037540961539
      ],
      [
        -0.12806068226788433,
        -0.24384353752323842,
        0.30611466036918694,
        0.3226687100775349,
        -0.042203182498782486,
        -0.22821020087226276,
        -0.2061203039228099,
        0.10801024523725332,
        0.18597446461066766,
        0.16608112465579478,
        0.06767936123429033,
        0.03646997133758482,
        0.029171452285182056,
        0.19126770629664028,
        0.21803399865309736,
        0.05589888719367057
      ],
      [
        0.16972839076797372,
        -0.003305410358411623,
        0.14833975203515254,
        0.1780348749082911,
        -0.37114711400644845,
        -0.08900334490514071,
        -0.11759316357319888,
        -0.18703843792029645,
        -0.06870510190176739,
        0.3888816065983473,
        -0.09942938489507887,
        0.2312844089333226,
        -0.4207174429039512,
        -0.015423478939250201,
        0.04077666835927632,
        0.14655558283981954
      ],
      [
        0.17780664494821374,
        0.1781366310693468,
        -0.011121365699452868,
        -0.09537512971748588,
        0.2076358112717566,
        -0.056911622036219106,
        -0.31892158083448047,
        -0.31064077936033113,
        -0.2297826105954993,
        0.1394364648031891,
        0.15263482804587325,
        0.16183615880239446,
        -0.10681316158413356,
        0.10793270132637206,
        0.15648600057485898,
        -0.0773366349300596
      ],
      [
        0.11419380938935286,
        -0.18568166299729733,
        -0.014703559278611424,
        -0.07522165505092636,
        -0.30581807043979176,
        0.11265757938058008,
        -0.11735058505068097,
        -0.024195446177539114,
        0.12026712563138078,
        0.12677907279723405,
        0.2833746712714287,
        -0.03540655084190348,
        -0.10582457801103844,
        0.048368225830593775,
        -0.42174520640648255,
        -0.3617781181057718
      ],
      [
        -0.3306749030886006,
        -0.269511884631005,
        0.1760034590435156,
        -0.2061569453913592,
        -0.10139879755237927,
        0.31572153363070093,
        -0.08906599276535648,
        0.1570599162573107,
        -0.2333239590975657,
        -0.03621311067715945,
        -0.12047711969941331,
        -0.09554344868968814,
        0.21007703436434888,
        -0.36353232724089357,
        0.10869431296948928,
        0.05943390058306947
      ],
      [
        -0.1485374889241986,
        -0.3817146413277482,
        0.09409227929112392,
        -0.11216035881729476,
        0.05131089379614413,
        -0.003622504434954661,
        0.40044472283022886,
        -0.0871578827277171,
        -0.2557939122505627,
        0.05996518752882709,
        0.17202756502117322,
        0.3290117140955615,
        0.20877781147864463,
        0.15751554334457082,
        0.36591412488791536,
        -0.2971907635807127
      ],
      [
        -0.15993788318743693,
        -0.25184416308201574,
        -0.021392548426285476,
        -0.32395871844042096,
        0.1519295776610692,
        -0.06464121509050873,
        -0.36770157362566447,
        -0.28121374616134637,
        0.07845892276745237,
        0.2246779207633434,
        0.6162111169511783,
        0.7176804367872848,
        0.1036023583189991,
        -0.1790867514507725,
        -0.532923168099802,
        0.06692786558595895
      ],
      [
        -0.2032352738275815,
        -0.12403949277555584,
        -0.07696429740229545,
        -0.014984903155440345,
        0.25963689865437906,
        0.030176601045520772,
        -0.039658709259672076,
        -0.2862324140659139,
        -0.4185902752711857,
        -0.1064306984785847,
        0.1035827563236518,
        0.4311972986804231,
        0.03256863036822146,
        0.31398265631295796,
        -0.12473549755176307,
        -0.29623594160425615
      ],
      [
        -0.24127919055809297,
        0.07084387149287578,
        0.5121155047590056,
        -0.2126062287413809,
        0.1409276539935229,
        -0.2257317945217566,
        0.23289325321856102,
        0.3147108312680111,
        -0.061682480659330956,
        -0.010190631533858506,
        -0.25031633928082353,
        0.1538377413524708,
        -0.14619540398131378,
        -0.34767774117135947,
        -0.23970935717419625,
        0.03500225485634666
      ],
      [
        0.3947728141026087,
        0.07611594750180455,
        0.02834923810686513,
        0.08646650282836406,
        0.3065543544157609,
        0.0474176003916003,
        -0.10273180770843429,
        0.29984045324482717,
        0.1025535160729043,
        0.3963220733734902,
        0.12340634801180117,
        -0.3061011809044952,
        -0.34881320498556384,
        0.45995401794570817,
        0.44764067405662233,
        -0.04657990538527113
      ],
      [
        -0.09579683028399694,
        0.4184334668164179,
        -0.6028310998102833,
        -0.2236817547389566,
        0.1603233493878002,
        -0.0986512807148974,
        -0.001280466680017824,
        -0.2701795047601556,
        0.08489786742252024,
        0.5450988250842456,
        -0.22544522322565838,
        0.3475506988737798,
        -0.5125430252577556,
        0.34509877021105495,
        0.3209812132168678,
        -0.304703265105907
      ],
      [
        -0.2195380917321877,
        -0.03045846641933559,
        -0.09709404371040795,
        -0.331598179434891,
        0.007149523864143442,
        -0.12104235833339462,
        -0.08191827359049021,
        0.0213706761971236,
        0.13503308947376835,
        0.5275778866165023,
        -0.2867178697635698,
        0.012580347636889583,
        -0.05596470422012488,
        0.4179025685113898,
        0.5759321204035134,
        -0.27109701805834163
      ],
      [
        0.022622445406968554,
        -0.5692153658333219,
        0.2964296242332946,
        -0.07529483816205863,
        -0.21331083763970501,
        -0.07184584038729402,
        -0.3658605004592508,
        -0.20084214669308642,
        0.07890125089758512,
        0.6314761186986951,
        1.1659966468975071,
        -0.13094156112629013,
        -0.5368222574346637,
        -0.0877532138411189,
        -0.3427677753300153,
        -0.13235985684151844
      ],
      [
        -0.21921519454189706,
        0.2790148265890376,
        -0.4634344118588997,
        -0.3754727820700889,
        0.4498782016783986,
        -0.32185564531850774,
        -0.2741963946136599,
        0.7213960897701827,
        0.6992391848163317,
        -0.2928916572063354,
        -0.19600553770517876,
        0.1361725169134681,
        0.39323497042605554,
        -0.29624582988251635,
        0.03441058220132301,
        0.18456072452641614
      ],
      [
        0.10869151861665466,
        -0.08423748021165978,
        0.026640645701376444,
        -0.3279563163626394,
