{
  "labels": [
    "Gemology (Art)",
    "Goldsmithing",
    "Silversmithing",
    "research"
  ],
  "feature_extractor": {
    "max_features": 32,
    "vocabulary": {
      "goldsmithing": 14,
      "core": 8,
      "concept": 6,
      "jewelry": 16,
      "arts": 2,
      "broader": 3,
      "researchers": 19,
      "experiments": 11,
      "solve": 23,
      "common": 5,
      "techniques": 28,
      "applications": 0,
      "settings": 21,
      "core concept": 9,
      "broader domain": 4,
      "studying definitions": 26,
      "solve practical": 24,
      "vocabulary foundational": 31,
      "techniques awareness": 29,
      "contemporary applications": 7,
      "silversmithing": 22,
      "gemology": 12,
      "art": 1,
      "gemology art": 13,
      "test": 30,
      "data": 10,
      "hand": 15,
      "synthetic": 27,
      "real": 18,
      "safety": 20,
      "map": 17,
      "stage": 25
    },
    "idf": [
      1.0,
      1.916290731874155,
      1.2231435513142097,
      1.2231435513142097,
      1.2231435513142097,
      1.2231435513142097,
      1.2231435513142097,
      1.2231435513142097,
      1.2231435513142097,
      1.2231435513142097,
      1.916290731874155,
      1.0,
      1.916290731874155,
      1.916290731874155,
      1.916290731874155,
      1.916290731874155,
      1.0,
      1.916290731874155,
      1.916290731874155,
      1.2231435513142097,
      1.916290731874155,
      1.0,
      1.916290731874155,
      1.2231435513142097,
      1.2231435513142097,
      1.916290731874155,
      1.2231435513142097,
      1.916290731874155,
      1.2231435513142097,
      1.2231435513142097,
      1.916290731874155,
      1.2231435513142097
    ]
  },
  "scope": "jewelry",
  "grade": "preschool"
}