{
  "layer_sizes": [
    32,
    16,
    3
  ],
  "learning_rate": 0.3,
  "seed": 42,
  "output_activation": "softmax",
  "weights": [
    [
      [
        0.07617926993860784,
        -0.2617297815493097,
        0.23513468997393772,
        0.24577684620042722,
        -0.45841488478619646,
        -0.31404856534519227,
        0.03196010079182134,
        -0.03383825043639811,
        -0.004200289376072199,
        -0.213260981893395,
        0.22939182159726695,
        0.20438563497400486,
        0.016056621907992074,
        0.27470902439978195,
        0.1168773355630114,
        -0.21482311572080956
      ],
      [
        0.09218769602062471,
        -0.24145440519643555,
        0.26713446634914156,
        -0.0018458106439395335,
        -0.016871678509052468,
        -0.15873607473059823,
        0.30563533466850756,
        0.006590027132296917,
        -0.1070819555407768,
        -0.0880333876220574,
        0.142619624269897,
        0.10129866720778741,
        0.10273210041668517,
        0.10060397340974443,
        0.5354119002176153,
        -0.1016037540961539
      ],
      [
        -0.12806068226788433,
        -0.20517693705115525,
        0.20151674666619732,
        0.2928787402828465,
        0.0008570479635439058,
        -0.1985428078702449,
        -0.2061203039228099,
        0.20787059460567267,
        0.18581354280086057,
        0.13578856707629874,
        -0.15683509894061376,
        0.06797798188344775,
        0.028720399802870118,
        0.04757087184002698,
        0.21785719448704746,
        0.05589888719367057
      ],
      [
        0.16972839076797372,
        0.015161012383037046,
        0.11980174069481946,
        0.16845772356225885,
        -0.334945042586654,
        -0.0684214927189382,
        -0.11759316357319888,
        -0.114497064411338,
        -0.06878556280667093,
        0.37373532780859897,
        -0.206915451041751,
        0.2520072397646381,
        -0.4211684953862631,
        -0.09082253483866996,
        0.0406882662762514,
        0.14655558283981954
      ],
      [
        0.17780664494821374,
        0.1966030538107955,
        -0.03965937703978594,
        -0.10495228106351816,
        0.24383788269155113,
        -0.0363297698500166,
        -0.31892158083448047,
        -0.23809940585137282,
        -0.22986307150040283,
        0.12429018601344101,
        0.04514876189920123,
        0.18255898963370984,
        -0.1072642140664455,
        0.0325336454269523,
        0.15639759849183418,
        -0.0773366349300596
      ],
      [
        0.11419380938935286,
        -0.16721524025584864,
        -0.04324157061894451,
        -0.08479880639695864,
        -0.2696159990199973,
        0.13323943156678256,
        -0.11735058505068097,
        0.048345927331419306,
        0.12018666472647724,
        0.11163279400748602,
        0.17588860512475638,
        -0.014683720010588088,
        -0.10627563049335037,
        -0.027030830068826023,
        -0.42183360848950746,
        -0.3617781181057718
      ],
      [
        -0.3306749030886006,
        -0.25104546188955623,
        0.14746544770318257,
        -0.2157340967373914,
        -0.06519672613258473,
        0.3363033858169036,
        -0.08906599276535648,
        0.22960128976626906,
        -0.23340442000246925,
        -0.051359389466907504,
        -0.2279631858460855,
        -0.0748206178583728,
        0.20962598188203693,
        -0.43893138314031344,
        0.10860591088646433,
        0.05943390058306947
      ],
      [
        -0.1485374889241986,
        -0.36324821858629947,
        0.06555426795079082,
        -0.12173751016332686,
        0.08751296521593871,
        0.01695934775124787,
        0.40044472283022886,
        -0.014616509218758622,
        -0.25587437315546624,
        0.04481890873907904,
        0.06454149887450117,
        0.34973454492687706,
        0.20832675899633268,
        0.08211648744515108,
        0.36582572280489045,
        -0.2971907635807127
      ],
      [
        -0.15993788318743693,
        -0.23337774034056705,
        -0.04993055976661855,
        -0.3335358697864536,
        0.18813164908086374,
        -0.04405936290430622,
        -0.36770157362566447,
        -0.208672372652388,
        0.07837846186254882,
        0.20953164197359528,
        0.5087250508045067,
        0.7384032676186,
        0.10315130583668716,
        -0.25448580735019233,
        -0.5330115701828273,
        0.06692786558595895
      ],
      [
        -0.2032352738275815,
        -0.11424184498003624,
        0.13210714636898882,
        0.028616281011645796,
        0.4425585319604868,
        0.10824001008365901,
        -0.039658709259672076,
        0.012420947690531807,
        -0.41867073617608924,
        -0.12157697726833272,
        0.04380832958477926,
        0.5016083850955776,
        0.029862315474349834,
        0.20307721370240686,
        -0.12482389963478802,
        -0.29623594160425615
      ],
      [
        -0.24127919055809297,
        -0.18304027112312413,
        0.5796393241311146,
        -0.19471100270347275,
        0.2389662133113489,
        -0.21423548315136948,
        0.23289325321856102,
        0.14146013917596315,
        -0.0391594744145226,
        -0.010190631533858506,
        -0.1541545959757878,
        0.12145570148728796,
        -0.11419692256750694,
        -0.3135027182840383,
        -0.3194843935799048,
        0.04314697943052987
      ],
      [
        0.3947728141026087,
        0.03826414840417374,
        0.017862309494852832,
        0.08209220200325935,
        0.35584434780396884,
        0.06634193671135122,
        -0.10273180770843429,
        0.32179457516446974,
        0.10718910961540337,
        0.383938997998998,
        0.05535093718703645,
        -0.29617960681335714,
        -0.34249085229372817,
        0.4056307057155861,
        0.43091643019582426,
        -0.04487980332065016
      ],
      [
        -0.09579683028399694,
        0.3636273180713647,
        -0.2292395294885485,
        -0.21304608763633281,
        0.19017561104952377,
        -0.08715496934451027,
        -0.001280466680017824,
        0.004361673018369313,
        0.08439363719973339,
        0.3518704653284292,
        0.0321885546069963,
        0.17092234943598225,
        -0.5129940777400676,
        -0.019280877824755745,
        -0.21080756757321778,
        -0.304703265105907
      ],
      [
        -0.2195380917321877,
        -0.08526461516438884,
        0.27649752661132665,
        -0.3209625123322674,
        0.03700178552586704,
        -0.10954604696300749,
        -0.08191827359049021,
        0.29591185397564856,
        0.13452885925098151,
        0.3343495268606859,
        -0.029084091930915223,
        -0.16404800180090798,
        -0.05641575670243682,
        0.05352292047557914,
        0.04414333961342776,
        -0.27109701805834163
      ],
      [
        0.022622445406968554,
        0.055323327545540465,
        0.6768904004058036,
        0.4798468199230411,
        -0.18396692526244235,
        -0.060349529016906905,
        -0.3658605004592508,
        -0.1024543558413741,
        0.07890125089758512,
        0.3014634052220584,
        -0.17272863155434232,
        -0.15359895890018135,
        -0.5372733099169756,
        -0.047767757478453174,
        -0.2656036029648908,
        -0.13235985684151844
      ],
      [
        -0.21921519454189706,
        -0.025299393552325068,
        -0.39191020681683436,
        -0.35612564424512405,
        0.5616556903843369,
        -0.3103593339481205,
        -0.2741963946136599,
        0.5044507797298261,
        0.7262667923101017,
        -0.2928916572063354,
        -0.08251991131544775,
        0.09532653885189521,
        0.4317233586190862,
        -0.25381554694928565,
        -0.061319461485527436,
        0.194334394015436
      ],
      [
        0.10869151861665466,
        -0.09577277279671063,
        0.014066149893313193,
