{
  "layer_sizes": [
    32,
    16,
    4
  ],
  "learning_rate": 0.3,
  "seed": 42,
  "output_activation": "softmax",
  "weights": [
    [
      [
        0.07617926993860784,
        -0.2599960265601239,
        0.2064003628694103,
        0.3002551192104731,
        -0.4400880529354547,
        -0.3348584290580332,
        0.016690000412909068,
        -0.057755872094171865,
        0.0501256802964858,
        -0.1982046043843995,
        0.28065102935194525,
        0.20697131896864362,
        0.05964718824955015,
        0.31174518436634735,
        0.11395603970530313,
        -0.21482311572080956
      ],
      [
        0.09218769602062471,
        -0.23972065020724972,
        0.23840013924461412,
        0.05263246236610651,
        0.0014551533416891258,
        -0.17954593844343905,
        0.2903652342895953,
        -0.017327594525476817,
        -0.05275598586821882,
        -0.07297701011306189,
        0.19387883202457523,
        0.10388435120242605,
        0.1463226667582433,
        0.1376401333763098,
        0.532490604359907,
        -0.1016037540961539
      ],
      [
        -0.12806068226788433,
        -0.20344318206196943,
        0.1727824195616699,
        0.34735701329289254,
        0.019183879814285494,
        -0.21935267158308572,
        -0.2213904043017221,
        0.18395297294789895,
        0.2401395124734186,
        0.15084494458529427,
        -0.10557589118593548,
        0.0705636658780864,
        0.0723109661444282,
        0.0846070318065923,
        0.21493589862933918,
        0.05589888719367057
      ],
      [
        0.16972839076797372,
        0.016894767372222865,
        0.09106741359029204,
        0.22293599657230476,
        -0.31661821073591223,
        -0.08923135643177903,
        -0.13286326395211112,
        -0.1384146860691118,
        -0.014459593134112915,
        0.38879170531759466,
        -0.15565624328707278,
        0.2545929237592767,
        -0.37757792904470505,
        -0.05378637487210465,
        0.03776697041854312,
        0.14655558283981954
      ],
      [
        0.17780664494821374,
        0.1983368087999813,
        -0.06839370414431338,
        -0.05047400805347206,
        0.2621647145422928,
        -0.057139633562857416,
        -0.3341916812133927,
        -0.2620170275091465,
        -0.1755371018278448,
        0.13934656352243655,
        0.09640796965387943,
        0.1851446736283486,
        -0.06367364772488739,
        0.06956980539351762,
        0.1534763026341259,
        -0.0773366349300596
      ],
      [
        0.11419380938935286,
        -0.16548148526666281,
        -0.07197589772347195,
        -0.030320533386912516,
        -0.25128916716925553,
        0.11242956785394176,
        -0.1326206854295932,
        0.024428305673645567,
        0.17451263439903528,
        0.12668917151648149,
        0.22714781287943459,
        -0.012098036015949384,
        -0.06268506415179226,
        0.010005329897739279,
        -0.42475490434721574,
        -0.3617781181057718
      ],
      [
        -0.3306749030886006,
        -0.24931170690037044,
        0.11873112059865516,
        -0.16125582372734557,
        -0.04686989428184316,
        0.3154935221040627,
        -0.10433609314426873,
        0.2056836681084953,
        -0.1790784503299112,
        -0.03630301195791198,
        -0.17670397809140725,
        -0.07223493386373415,
        0.253216548223595,
        -0.40189522317374804,
        0.10568461502875606,
        0.05943390058306947
      ],
      [
        -0.1485374889241986,
        -0.36151446359711364,
        0.03681994084626343,
        -0.06725923715328086,
        0.10583979706668024,
        -0.003850515961592971,
        0.3851746224513166,
        -0.038534130876532346,
        -0.20154840348290823,
        0.05987528624807456,
        0.11580070662917943,
        0.35232022892151565,
        0.25191732533789074,
        0.1191526474117164,
        0.36290442694718217,
        -0.2971907635807127
      ],
      [
        -0.15993788318743693,
        -0.23164398535138123,
        -0.20029294990200544,
        -0.11220984645195747,
        0.27231285787047793,
        -0.0767223050959329,
        -0.42309757140457666,
        -0.3496018210800456,
        0.07115029912543064,
        0.4134713402499327,
        0.5543121214696888,
        0.913668678459716,
        0.18988138603749147,
        0.027004731760600517,
        -0.5388541618982439,
        0.06692786558595895
      ],
      [
        -0.2032352738275815,
        -0.10383931504492133,
        -0.3730124131213458,
        0.12418795100776732,
        0.2949832321210834,
        0.03528348343389587,
        -0.07860011839654596,
        -0.4756131245610098,
        -0.6002193086148873,
        0.15075651944845106,
        -0.11758949131938515,
        0.6928984144701485,
        0.03256863036822146,
        0.5817711225351975,
        -0.12482389963478802,
        -0.29623594160425615
      ],
      [
        -0.24127919055809297,
        -0.1813065161339383,
        0.7612151370077556,
        -0.5531957812900103,
        -0.11125575385640095,
        -0.2257317945217566,
        0.750085959667182,
        0.24919917086090212,
        -0.20950960761252616,
        -0.01351845708989516,
        -0.37826791796808745,
        0.008269782716178387,
        -0.29563986532549075,
        -0.3170623930524733,
        -0.3194843935799048,
        -0.09599061984650226
      ],
      [
        0.3947728141026087,
        0.03999790339335956,
        -0.24964779488386427,
        0.23084220751249923,
        0.3549886098508787,
        0.0508669669135238,
        -0.14167321684530815,
        0.059872491160415445,
        -0.07435946282339465,
        0.6562724947157818,
        -0.05833524430932849,
        -0.05520132185494714,
        -0.34203979981141625,
        0.7488182278372457,
        0.43091643019582426,
        -0.04487980332065016
      ],
      [
        -0.09579683028399694,
        0.36536107306055055,
        -0.4967496338672658,
        -0.06429608212709305,
        0.1893198730964335,
        -0.10262993914233769,
        -0.04022187581689169,
        -0.257560410985685,
        -0.09715493523906464,
        0.6242039620452128,
        -0.08149762688936862,
        0.41190063439439256,
        -0.5125430252577556,
        0.3239066442969034,
        -0.21080756757321778,
        -0.304703265105907
      ],
      [
        -0.2195380917321877,
        -0.08353086017520302,
        0.27422387161876244,
        -0.3237437909529825,
        0.0047699600897943666,
        -0.12865679764630006,
        -0.02692942881832817,
        0.28806291153409236,
        0.15671995758910603,
        0.3462249526903889,
        -0.016910191910563775,
        -0.17721681318206392,
        -0.04442528303069086,
        0.08370709408565596,
        0.04175498883107724,
        -0.2892489608928397
      ],
      [
        0.022622445406968554,
        0.057057082534726286,
        0.6746167454132396,
        0.477065541302326,
        -0.21619875069851502,
        -0.07946027970019946,
        -0.31087165568708874,
        -0.11030329828293031,
        0.10109234923570963,
        0.31333883105176136,
        -0.1605547315339908,
        -0.1667677702813373,
        -0.5252828362452294,
        -0.01758358386837638,
        -0.2679919537472413,
        -0.1505117996760165
      ],
      [
        -0.21921519454189706,
        -0.023565638563139247,
        -0.6992943072553149,
        -0.5552617709923506,
        1.0045845831054272,
        -0.32185564531850774,
        -0.14735710458499604,
        0.5447729706294852,
        1.0288938548038788,
        -0.4234209298178652,
        0.39299870150036986,
        -0.06379436491381611,
        0.7025199498477124,
        -0.32689212976870946,
        -0.061319461485527436,
        0.194334394015436
      ],
      [
        0.10869151861665466,
        -0.09403901780752481,
        -0.2933179505451673,
