{
  "layer_sizes": [
    32,
    16,
    3
  ],
  "learning_rate": 0.3,
  "seed": 42,
  "output_activation": "softmax",
  "weights": [
    [
      [
        0.07558689287250799,
        -0.2599960265601239,
        0.21816041259505978,
        0.25586877813214687,
        -0.4630953353007911,
        -0.3255448767155795,
        0.03196010079182134,
        -0.05765438953223358,
        0.03204061502987093,
        -0.20021988737513935,
        0.23527474100079937,
        0.18543328499744657,
        0.022585822121709207,
        0.2818103017420082,
        0.1168773355630114,
        -0.21482311572080956
      ],
      [
        0.09159531895452486,
        -0.23972065020724972,
        0.2501601889702636,
        0.008246121287780125,
        -0.021552129023647046,
        -0.17023238610098534,
        0.30563533466850756,
        -0.017226111963538543,
        -0.07084105113483373,
        -0.07499229310380179,
        0.1485025436734294,
        0.08234631723122904,
        0.10926130063040224,
        0.10770525075197068,
        0.5354119002176153,
        -0.1016037540961539
      ],
      [
        -0.1286530593339842,
        -0.20344318206196943,
        0.18454246928731938,
        0.30297067221456625,
        -0.0038234025510506856,
        -0.210039119240632,
        -0.2061203039228099,
        0.1840544555098373,
        0.22205444720680362,
        0.1488296615945544,
        -0.15095217953708134,
        0.0490256319068894,
        0.03524960001658728,
        0.05467214918225324,
        0.21785719448704746,
        0.05589888719367057
      ],
      [
        0.16913601370187387,
        0.016894767372222865,
        0.1028274633159415,
        0.1785496554939785,
        -0.3396254931012486,
        -0.07991780408932533,
        -0.11759316357319888,
        -0.13831320350717347,
        -0.03254465840072784,
        0.38677642232685466,
        -0.20103253163821858,
        0.2330548897880797,
        -0.4146392951725462,
        -0.08372125749644371,
        0.0406882662762514,
        0.14655558283981954
      ],
      [
        0.1772142678821139,
        0.1983368087999813,
        -0.05663365441866393,
        -0.09486034913179837,
        0.23915743217695667,
        -0.04782608122040372,
        -0.31892158083448047,
        -0.26191554494720864,
        -0.19362216709445979,
        0.13733128053169666,
        0.051031681302733625,
        0.16360663965715155,
        -0.10073501385272843,
        0.03963492276917856,
        0.15639759849183418,
        -0.0773366349300596
      ],
      [
        0.11360143232325301,
        -0.16548148526666281,
        -0.06021584799782249,
        -0.07470687446523885,
        -0.2742964495345919,
        0.12174312019639545,
        -0.11735058505068097,
        0.024529788235583848,
        0.15642756913242029,
        0.12467388852574163,
        0.1817715245282888,
        -0.03363606998714644,
        -0.0997464302796333,
        -0.019929552726599763,
        -0.42183360848950746,
        -0.3617781181057718
      ],
      [
        -0.33126728015470047,
        -0.24931170690037044,
        0.13049117032430463,
        -0.20564216480567182,
        -0.06987717664717938,
        0.32480707444651635,
        -0.08906599276535648,
        0.20578515067043365,
        -0.19716351559652617,
        -0.03831829494865193,
        -0.22208026644255308,
        -0.09377296783493116,
        0.2161551820957541,
        -0.43183010579808717,
        0.10860591088646433,
        0.05943390058306947
      ],
      [
        -0.14912986599029845,
        -0.36151446359711364,
        0.048579990571912805,
        -0.11164557823160716,
        0.08283251470134406,
        0.00546303638086072,
        0.40044472283022886,
        -0.038432648314594094,
        -0.21963346874952316,
        0.05786000325733461,
        0.07042441827803357,
        0.3307821949503186,
        0.21485595921004985,
        0.08921776478737733,
        0.36582572280489045,
        -0.2971907635807127
      ],
      [
        -0.16053026025353678,
        -0.23164398535138123,
        -0.06690483714549653,
        -0.32344393785473385,
        0.1834511985662693,
        -0.055555674274693344,
        -0.36770157362566447,
        -0.23248851174822346,
        0.11461936626849188,
        0.22257273649185094,
        0.5146079702080391,
        0.7194509176420419,
        0.10968050605040423,
        -0.24738453000796604,
        -0.5330115701828273,
        0.06692786558595895
      ],
      [
        -0.20382765089368135,
        -0.10383931504492133,
        -0.12247658612150655,
        -0.014470122569752974,
        0.2911585195595789,
        0.039262141861336156,
        -0.039658709259672076,
        -0.23750717965279097,
        -0.38242983177014606,
        -0.10853588275007711,
        0.0019796095805121694,
        0.4329677795351802,
        0.038646778099626695,
        0.2456848777557644,
        -0.12482389963478802,
        -0.29623594160425615
      ],
      [
        -0.24187156762419282,
        -0.1813065161339383,
        0.5626650467522367,
        -0.18461907077175316,
        0.23428576279675445,
        -0.2257317945217566,
        0.23289325321856102,
        0.11764400008012778,
        -0.002918570008579486,
        0.0028504629843970684,
        -0.14827167657225537,
        0.10250335151072959,
        -0.10766772235378987,
        -0.30640144094181204,
        -0.3194843935799048,
        0.04314697943052987
      ],
      [
        0.39418043703650885,
        0.03999790339335956,
        0.0008880321159747833,
        0.09218413393497914,
        0.3511638972893742,
        0.054845625340964085,
        -0.10273180770843429,
        0.2979784360686337,
        0.14343001402134647,
        0.3969800925172537,
        0.06123385659056885,
        -0.3151319567899156,
        -0.3359616520800113,
        0.4127319830578124,
        0.43091643019582426,
        -0.04487980332065016
      ],
      [
        -0.09638920735009679,
        0.36536107306055055,
        -0.24621380686742675,
        -0.20295415570461323,
        0.18549516053492932,
        -0.0986512807148974,
        -0.001280466680017824,
        -0.019454466077466148,
        0.12063454160567645,
        0.3649115598466849,
        0.03807147401052868,
        0.15196999945942397,
        -0.5064648775263504,
        -0.012179600482529487,
        -0.21080756757321778,
        -0.304703265105907
      ],
      [
        -0.22013046879828754,
        -0.08353086017520302,
        0.2595232492324486,
        -0.31087058040054766,
        0.03232133501127244,
        -0.12104235833339462,
        -0.08191827359049021,
        0.27209571487981266,
        0.1707697636569246,
        0.3473906213789416,
        -0.02320117252738281,
        -0.18300035177746626,
        -0.04988655648871965,
        0.0606241978178054,
        0.04414333961342776,
        -0.27109701805834163
      ],
      [
        0.022030068340868698,
        0.057057082534726286,
        0.6599161230269257,
        0.4899387518547609,
        -0.1886473757770368,
        -0.07184584038729402,
        -0.3658605004592508,
        -0.1262704949372096,
        0.11514215530352818,
        0.3145044997403141,
        -0.1668457121508099,
        -0.17255130887673964,
        -0.5307441097032585,
        -0.04066648013622692,
        -0.2656036029648908,
        -0.13235985684151844
      ],
      [
        -0.2198075716079969,
        -0.023565638563139247,
        -0.4088844841957125,
        -0.3460337123134043,
        0.5569752398697423,
        -0.32185564531850774,
        -0.2741963946136599,
        0.48063464063399003,
        0.7625076967160448,
        -0.27985056268807973,
        -0.07663699191191536,
        0.07637418887533684,
        0.43825255883280306,
        -0.24671426960705936,
        -0.061319461485527436,
        0.194334394015436
      ],
      [
        0.1080991415505548,
        -0.09403901780752481,
