{
  "layer_sizes": [
    32,
    16,
    3
  ],
  "learning_rate": 0.3,
  "seed": 42,
  "output_activation": "softmax",
  "weights": [
    [
      [
        0.07244332338021431,
        -0.2695549918921496,
        0.22503827002952997,
        0.2230665903142361,
        -0.47402511991428664,
        -0.32637519239349017,
        0.03196010079182134,
        -0.058844262409151055,
        0.04660397267046568,
        -0.21777836747539686,
        0.2279481639974774,
        0.21263994122341667,
        0.027566881132220573,
        0.3101940936534394,
        0.1418967635424321,
        -0.19938817830216887
      ],
      [
        0.08845174946223118,
        -0.24927961553927536,
        0.2570380464047339,
        -0.024556066530130597,
        -0.03248191363714269,
        -0.171062701778896,
        0.30563533466850756,
        -0.01841598484045602,
        -0.05627769349423893,
        -0.09255077320405924,
        0.14117596667010743,
        0.10955297345719923,
        0.11424235964091364,
        0.1360890426634022,
        0.5604313281970361,
        -0.08616881667751329
      ],
      [
        -0.13179662882627788,
        -0.21300214739399506,
        0.19142032672178957,
        0.27016848439665553,
        -0.014753187164546308,
        -0.21086943491854265,
        -0.2061203039228099,
        0.1828645826329198,
        0.23661780484739844,
        0.1312711814942969,
        -0.15827875654040333,
        0.07623228813285958,
        0.040230659027098596,
        0.08305594109368468,
        0.24287662246646816,
        0.0713338246123112
      ],
      [
        0.16599244420958018,
        0.007335802040197188,
        0.10970532075041169,
        0.14574746767606772,
        -0.35055527771474415,
        -0.08074811976723599,
        -0.11759316357319888,
        -0.13950307638409096,
        -0.01798130076013305,
        0.36921794222659704,
        -0.20835910864154056,
        0.2602615460140499,
        -0.4096582361620348,
        -0.055337465585012256,
        0.06570769425567202,
        0.16199052025846022
      ],
      [
        0.1740706983898202,
        0.18877784346795567,
        -0.04975579698419373,
        -0.12766253694970917,
        0.22822764756346095,
        -0.04865639689831437,
        -0.31892158083448047,
        -0.2631054178241255,
        -0.17905880945386496,
        0.11977280043143916,
        0.04370510429941149,
        0.19081329588312165,
        -0.09575395484221702,
        0.06801871468060999,
        0.18141702647125488,
        -0.06190169751141898
      ],
      [
        0.11045786283095933,
        -0.17504045059868845,
        -0.05333799056335228,
        -0.10750906228314965,
        -0.28522623414808745,
        0.1209128045184848,
        -0.11735058505068097,
        0.023339915358666384,
        0.1709909267730151,
        0.10711540842548417,
        0.1744449475249668,
        -0.006429413761176291,
        -0.09476537126912189,
        0.008454239184831661,
        -0.3968141805100869,
        -0.34634318068713116
      ],
      [
        -0.3344108496469942,
        -0.2588706722323961,
        0.1373690277587748,
        -0.23844435262358257,
        -0.08080696126067495,
        0.3239767587686057,
        -0.08906599276535648,
        0.20459527779351616,
        -0.18260015795593137,
        -0.055876775048909366,
        -0.22940684344587506,
        -0.06656631160896097,
        0.22113624110626545,
        -0.40344631388665597,
        0.133625338865885,
        0.0748688380017101
      ],
      [
        -0.15227343548259215,
        -0.37107342892913936,
        0.05545784800638304,
        -0.14444776604951798,
        0.07190273008784848,
        0.004632720702950068,
        0.40044472283022886,
        -0.03962252119151155,
        -0.20507011110892834,
        0.040301523157077176,
        0.06309784127471146,
        0.3579888511762887,
        0.2198370182205612,
        0.11760155669880877,
        0.39084515078431104,
        -0.28175582616207206
      ],
      [
        -0.16367382974583047,
        -0.24120295068340686,
        -0.06002697971102633,
        -0.3562461256726446,
        0.17252141395277357,
        -0.05638598995260399,
        -0.36770157362566447,
        -0.2336783846251408,
        0.12918272390908672,
        0.20501425639159343,
        0.5072813932047167,
        0.746657573868012,
        0.11466156506091564,
        -0.2190007380965346,
        -0.5079921422034065,
        0.08236280300459956
      ],
      [
        -0.20697122038597504,
        -0.113398280376947,
        -0.11559872868703636,
        -0.047272310387663684,
        0.28022873494608336,
        0.038431826183425506,
        -0.039658709259672076,
        -0.23869705252970835,
        -0.36786647412955115,
        -0.12609436285033457,
        -0.005346967422809939,
        0.4601744357611503,
        0.04362783711013801,
        0.27406866966719556,
        -0.09980447165536739,
        -0.2808010041856155
      ],
      [
        -0.2450151371164865,
        -0.19086548146596394,
        0.5695429041867068,
        -0.2174212585896639,
        0.22335597818325872,
        -0.22656211019966724,
        0.23289325321856102,
        0.11645412720321026,
        0.011644787632015291,
        -0.014708017115860365,
        -0.15559825357557736,
        0.12971000773669975,
        -0.10268666334327846,
        -0.27801764903038084,
        -0.29446496560048424,
        0.05858191684917051
      ],
      [
        0.3910368675442151,
        0.03043893806133389,
        0.007765889550445023,
        0.05938194611706834,
        0.34023411267587866,
        0.054015309663053436,
        -0.10273180770843429,
        0.29678856319171687,
        0.15799337166194125,
        0.37942161241699607,
        0.05390727958724671,
        -0.2879253005639455,
        -0.33098059306949984,
        0.4411157749692436,
        0.45593585817524485,
        -0.029444865902009527
      ],
      [
        -0.09953277684239047,
        0.35580210772852483,
        -0.23933594943295636,
        -0.23575634352252398,
        0.1745653759214336,
        -0.09948159639280806,
        -0.001280466680017824,
        -0.020644338954383626,
        0.13519789924627126,
        0.34735307974642726,
        0.03074489700720656,
        0.17917665568539407,
        -0.5014838185158391,
        0.016204191428901938,
        -0.18578813959379709,
        -0.28926832768726635
      ],
      [
        -0.22327403829058123,
        -0.09308982550722869,
        0.2664011066669191,
        -0.3436727682184584,
        0.021391550397776835,
        -0.12187267401130528,
        -0.08191827359049021,
        0.2709058420028957,
        0.1853331212975194,
        0.329832141278684,
        -0.030527749530704945,
        -0.15579369555149616,
        -0.04490549747820833,
        0.08900798972923683,
        0.06916276759284838,
        -0.255662080639701
      ],
      [
        0.01888649884857502,
        0.04749811720270061,
        0.6667939804613958,
        0.45713656403685016,
        -0.19957716039053253,
        -0.07267615606520468,
        -0.3658605004592508,
        -0.1274603678141271,
        0.12970551294412302,
        0.29694601964005646,
        -0.17417228915413188,
        -0.14534465265076954,
        -0.5257630506927472,
        -0.012282688224795491,
        -0.24058417498547013,
        -0.11692491942287779
      ],
      [
        -0.2229511411002906,
        -0.033124603895164924,
        -0.40200662676124205,
        -0.378835900131315,
        0.546045455256247,
        -0.3226859609964184,
        -0.2741963946136599,
        0.4794447677570732,
        0.7770710543566397,
        -0.29740904278833735,
        -0.08396356891523746,
        0.10358084510130704,
        0.4432336178433145,
        -0.2183304776956279,
        -0.03630003350610681,
        0.2097693314340767
      ],
      [
        0.08338948908838807,
        -0.09403901780752481,
