{
  "layer_sizes": [
    32,
    16,
    4
  ],
  "learning_rate": 0.3,
  "seed": 42,
  "output_activation": "softmax",
  "weights": [
    [
      [
        0.05129047627586773,
        -0.2672448221131665,
        -0.16043368989646142,
        1.0146136989806476,
        -0.6434671630751203,
        -0.3255448767155795,
        0.03196010079182134,
        -0.5338392984908479,
        -0.025539065009455974,
        -0.3355709412635675,
        0.29925187480375853,
        0.46434791699747135,
        0.01650767439030401,
        0.9302810452180182,
        0.2907275013684239,
        -0.21482311572080956
      ],
      [
        0.09218769602062471,
        -0.23972065020724972,
        0.18050142180098602,
        -0.08311646471534799,
        -0.2342956707672494,
        -0.17023238610098534,
        0.30563533466850756,
        0.18329299390252288,
        -0.18735256969998634,
        0.006496705121364422,
        -0.03223879901984964,
        0.26495260296086015,
        0.1031831528989971,
        -0.028774345454515828,
        0.630663404247974,
        -0.1016037540961539
      ],
      [
        -0.12806068226788433,
        -0.20344318206196943,
        0.12270593282320824,
        0.22573508360519517,
        -0.17895092831846618,
        -0.210039119240632,
        -0.2061203039228099,
        0.3401884884919539,
        0.12159705147349294,
        0.2114126412710362,
        -0.29863030314872296,
        0.1969136002625524,
        0.029171452285182056,
        -0.05451152778293595,
        0.2940583977113342,
        0.05589888719367057
      ],
      [
        0.1657568421190381,
        0.03208397846563683,
        0.08525167099988173,
        0.25687438275465624,
        -0.3180579558792052,
        -0.07991780408932533,
        -0.1213361590365723,
        -0.20678453284557044,
        -0.012911885861931215,
        0.3722169625187819,
        -0.1584424812042646,
        0.23860468019955605,
        -0.4207174429039512,
        0.017250004905903144,
        0.04828392551725556,
        0.14213227323472927
      ],
      [
        0.17455964369094648,
        0.21075498414587085,
        -0.08065791862723685,
        -0.0419782342800207,
        0.2326612437513413,
        -0.04782608122040372,
        -0.3219817248865435,
        -0.2986386105009491,
        -0.19256038674958348,
        0.13291476768064941,
        0.06578398204698167,
        0.18790600709457164,
        -0.10681316158413356,
        0.10794140293739418,
        0.17254878487918937,
        -0.08095298037073793
      ],
      [
        0.11094680813208559,
        -0.15306330992077327,
        -0.0842401122063954,
        -0.02182475961346114,
        -0.28079263796020726,
        0.12174312019639545,
        -0.12041072910274399,
        -0.012193277318156833,
        0.15748934947729656,
        0.12025737567469447,
        0.1965238252725369,
        -0.009336702549726312,
        -0.10582457801103844,
        0.04837692744161586,
        -0.4056824221021521,
        -0.3653944635464502
      ],
      [
        -0.3306749030886006,
        -0.24931170690037044,
        0.053010172449860615,
        -0.3111317482025568,
        -0.32023673436696853,
        0.32480707444651635,
        -0.08906599276535648,
        0.4506893294204397,
        -0.32972915699352057,
        0.06207672182519867,
        -0.4358848282174696,
        0.12355163526866805,
        0.21007703436434888,
        -0.5956056212458708,
        0.22290771572289428,
        0.05943390058306947
      ],
      [
        -0.1485374889241986,
        -0.36151446359711364,
        -0.013256545892198306,
        -0.18888116684097842,
        -0.09229501106607138,
        0.00546303638086072,
        0.40044472283022886,
        0.11770138466752271,
        -0.32009086448283386,
        0.12044298293381644,
        -0.07725370533360813,
        0.4786701633059815,
        0.20877781147864463,
        -0.01996591217781187,
        0.44202692602917726,
        -0.2971907635807127
      ],
      [
        -0.15993788318743693,
        -0.23164398535138123,
        -0.14438583501994054,
        -0.4289335212516189,
        -0.06690835915351995,
        -0.055555674274693344,
        -0.36770157362566447,
        0.012415667001782772,
        -0.017946275128502616,
        0.32296775326570176,
        0.30080340843312237,
        0.9367755207456412,
        0.1036023583189991,
        -0.41116004545574986,
        -0.4187097653463977,
        0.06692786558595895
      ],
      [
        -0.2032352738275815,
        -0.10383931504492133,
        -0.1843131225856177,
        -0.09170571117912413,
        0.11603099379216346,
        0.039262141861336156,
        -0.039658709259672076,
        -0.08137314667067405,
        -0.48288722750345686,
        -0.045952903073595286,
        -0.14569851403112963,
        0.5808557478908432,
        0.03256863036822146,
        0.1365012007905751,
        -0.048622696410501466,
        -0.29623594160425615
      ],
      [
        -0.24127919055809297,
        -0.00239102493953973,
        1.187875547372177,
        -0.04902601640119696,
        0.12963782319886302,
        -0.2257317945217566,
        0.2094367504778883,
        0.34435174543990177,
        0.14810819984885606,
        -0.04700022298442295,
        -0.3129549020051161,
        -0.011456174078742005,
        -0.113745870085195,
        -0.30640144094181204,
        -0.4410471484796616,
        0.04314697943052987
      ],
      [
        0.3947728141026087,
        0.03999790339335956,
        -0.07659296575846916,
        -0.013305449461905976,
        0.10080433956958525,
        0.054845625340964085,
        -0.10273180770843429,
        0.5428826148186401,
        0.01086437262435195,
        0.4973751092911044,
        -0.15257070518434762,
        -0.09780735368631645,
        -0.34203979981141625,
        0.2489564676100286,
        0.5452182350322544,
        -0.04487980332065016
      ],
      [
        -0.09579683028399694,
        0.36536107306055055,
        -0.3236948047418705,
        -0.3084437391014982,
        -0.06486439718485995,
        -0.0986512807148974,
        -0.001280466680017824,
        0.22544971267254,
        -0.011931099791318034,
        0.4653065766205356,
        -0.17573308776438776,
        0.36929460256302304,
        -0.5125430252577556,
        -0.1759551159303133,
        -0.09650576273678785,
        -0.304703265105907
      ],
      [
        -0.2195380917321877,
        -0.16001021852809358,
        0.0025554692456498922,
        -0.6466529131640785,
        0.533069891543627,
        -0.12104235833339462,
        -0.08191827359049021,
        0.16240799009726478,
        0.31874760819642806,
        0.4839538271473386,
        0.39479787597103955,
        -0.3426251561642015,
        -0.05596470422012488,
        0.04491743080017401,
        0.03945620061492927,
        -0.2988168950632507
      ],
      [
        0.022622445406968554,
        -0.019422275818164227,
        0.4029483430401266,
        0.15415641909123012,
        0.3121011807553177,
        -0.07184584038729402,
        -0.3658605004592508,
        -0.23595821971975786,
        0.2631199998430317,
        0.45106770550871106,
        0.25115333634761255,
        -0.3321761132634749,
        -0.5368222574346637,
        -0.05637324715385831,
        -0.2702907419633892,
        -0.16007973384642749
      ],
      [
        -0.2289561983136989,
        -0.02622121441178124,
        -0.529853556265296,
        -0.2955966930162693,
        0.9002545811277457,
        -0.32185564531850774,
        -0.283376826769849,
        0.32088508506611857,
        0.9510632465380475,
        -0.20868007164126398,
        0.2591567014104475,
        0.007004888224615152,
        0.4321744111013981,
        -0.021502985689417855,
        -0.035194320396430556,
        0.16901997593068763
      ],
      [
        0.10869151861665466,
        -0.1543362223844745,
        -0.21813513749970237,
