{
  "layer_sizes": [
    32,
    16,
    3
  ],
  "learning_rate": 0.3,
  "seed": 42,
  "output_activation": "softmax",
  "weights": [
    [
      [
        0.07069071210145415,
        -0.2700766498970866,
        0.2195878739538988,
        0.2622270052187837,
        -0.4652544122950663,
        -0.3255448767155795,
        0.03196010079182134,
        -0.08086347107967094,
        0.038167490199647,
        -0.19307477770356757,
        0.2268160789173139,
        0.18966892339087293,
        0.03458574868043462,
        0.3124470539341196,
        0.15045606591667346,
        -0.20129296030248095
      ],
      [
        0.08669913818347103,
        -0.24980127354421242,
        0.2515876503291025,
        0.014604348374417049,
        -0.023711206017922457,
        -0.17023238610098534,
        0.30563533466850756,
        -0.040435193510975936,
        -0.06471417596505759,
        -0.06784718343223001,
        0.14004388158994394,
        0.08658195562465552,
        0.12126122718912771,
        0.13834200294408197,
        0.568990630571277,
        -0.08807359867782533
      ],
      [
        -0.13354924010503805,
        -0.2135238053989321,
        0.1859699306461584,
        0.30932889930120294,
        -0.005982479545326094,
        -0.210039119240632,
        -0.2061203039228099,
        0.16084537396239987,
        0.2281813223765798,
        0.1559747712661262,
        -0.15941084162056682,
        0.053261270300315876,
        0.04724952657531267,
        0.08530890137436446,
        0.25143592484070953,
        0.06942904261199913
      ],
      [
        0.16423983293082,
        0.006814144035260177,
        0.10425492467478054,
        0.18490788258061547,
        -0.3417845700955238,
        -0.07991780408932533,
        -0.11759316357319888,
        -0.1615222850546109,
        -0.026417783230951716,
        0.3939215319984263,
        -0.20949119372170405,
        0.23729052818150606,
        -0.4026393686138205,
        -0.05308450530433246,
        0.07426699662991341,
        0.16008573825814815
      ],
      [
        0.17231808711106003,
        0.18825618546301862,
        -0.0552061930598249,
        -0.08850212204516159,
        0.23699835518268117,
        -0.04782608122040372,
        -0.31892158083448047,
        -0.28512462649464554,
        -0.18749529192468362,
        0.14447639020326844,
        0.042573019219248096,
        0.16784227805057791,
        -0.08873508729400295,
        0.07027167496128978,
        0.18997632884549623,
        -0.06380647951173103
      ],
      [
        0.10870525155219918,
        -0.1755621086036255,
        -0.058788386638983475,
        -0.06834864737860205,
        -0.2764555265288671,
        0.12174312019639545,
        -0.11735058505068097,
        0.0013207066881464604,
        0.16255444430219645,
        0.13181899819731344,
        0.17331286244480332,
        -0.029400431593719974,
        -0.08774650372090782,
        0.010707199465511496,
        -0.38825487813584564,
        -0.34824796268744335
      ],
      [
        -0.3306749030886006,
        -0.24931170690037044,
        0.4112865276938765,
        -0.6048550952463632,
        0.1992734246115585,
        0.32480707444651635,
        -0.08906599276535648,
        0.19876151585450386,
        -0.510270179094504,
        0.2072665127443042,
        -0.39076430185084976,
        0.016776642933117727,
        0.3464429098113158,
        -0.6988948786709138,
        0.5932998716543785,
        0.045625166592299427
      ],
      [
        -0.1485374889241986,
        -0.36151446359711364,
        0.32937534794148465,
        -0.5108585086722987,
        0.3519831159600821,
        0.00546303638086072,
        0.40044472283022886,
        -0.045456283130523856,
        -0.532740132247501,
        0.3034448109502908,
        -0.09825961713026328,
        0.44133180571836766,
        0.34514368692561154,
        -0.17784700808544923,
        0.8505196835728046,
        -0.3109994975714828
      ],
      [
        -0.16542644102459064,
        -0.24172460868834392,
        -0.0654773757866575,
        -0.31708571076809716,
        0.1812921215719938,
        -0.055555674274693344,
        -0.36770157362566447,
        -0.2556975932956608,
        0.12074624143826805,
        0.22971784616342272,
        0.5061493081245533,
        0.7236865560354684,
        0.12168043260912971,
        -0.21674777781585478,
        -0.4994328398291658,
        0.08045802100428752
      ],
      [
        -0.2087238316647352,
        -0.11391993838188402,
        -0.12104912476266756,
        -0.008111895483116052,
        0.2889994425653037,
        0.039262141861336156,
        -0.039658709259672076,
        -0.2607162612002283,
        -0.3763029566003699,
        -0.10139077307850533,
        -0.006479052502973346,
        0.43720341792860645,
        0.05064670465835208,
        0.27632162994787574,
        -0.09124516928112598,
        -0.2827057861859277
      ],
      [
        -0.24676774839524668,
        -0.191387139470901,
        0.5640925081110753,
        -0.17826084368511616,
        0.23212668580247894,
        -0.2257317945217566,
        0.23289325321856102,
        0.0944349185326904,
        0.0032083051611966167,
        0.009995572655968865,
        -0.15673033865574085,
        0.10673898990415608,
        -0.09566779579506439,
        -0.27576468874970067,
        -0.285905663226243,
        0.0566771348488584
      ],
      [
        0.389284256265455,
        0.029917280056396878,
        0.002315493474813827,
        0.09854236102161593,
        0.349004820295099,
        0.054845625340964085,
        -0.10273180770843429,
        0.27476935452119683,
        0.14955688919112253,
        0.4041252021888253,
        0.05277519450708332,
        -0.31089631839648935,
        -0.32396172552128555,
        0.44336873524992376,
        0.4644951605494861,
        -0.031349647902321635
      ],
      [
        -0.10128538812115062,
        0.35528044972358785,
        -0.24478634550858736,
        -0.19659592861797623,
        0.1833360835406538,
        -0.0986512807148974,
        -0.001280466680017824,
        -0.04266354762490354,
        0.12676141677545258,
        0.37205666951825644,
        0.029612811927043157,
        0.15620563785285033,
        -0.4944649509676248,
        0.018457151709581763,
        -0.17722883721955573,
        -0.29117310968757854
      ],
      [
        -0.2250266495693414,
        -0.09361148351216571,
        0.2609507105912876,
        -0.30451235331391097,
        0.030162258016997037,
        -0.12104235833339462,
        -0.08191827359049021,
        0.24888663333237562,
        0.1768966388267007,
        0.35453573105051317,
        -0.03165983461086834,
        -0.1787647133840399,
        -0.03788662992999426,
        0.09126095000991662,
        0.07772206996708977,
        -0.25756686264001316
      ],
      [
        0.01713388756981486,
        0.0469764591977636,
        0.6613435843857642,
        0.49629697894139757,
        -0.1908064527713123,
        -0.07184584038729402,
        -0.3658605004592508,
        -0.14947957648464702,
        0.12126903047330435,
        0.3216496094118857,
        -0.17530437423429537,
        -0.16831567048331328,
        -0.5187441831445331,
        -0.010029727944115658,
        -0.2320248726112289,
        -0.11882970142318985
      ],
      [
        -0.22470375237905077,
        -0.033646261900101934,
        -0.4074570228368734,
        -0.3396754852267676,
        0.5548161628754674,
        -0.32185564531850774,
        -0.2741963946136599,
        0.45742555908655314,
        0.7686345718858208,
        -0.27270545301650817,
        -0.08509565399540085,
        0.08060982726876333,
        0.4502524853915288,
        -0.2160775174149481,
        -0.02774073113186538,
        0.20786454943376462
      ],
      [
        0.10320296077950097,
        -0.1041196411444875,
        -0.001480666126725813,
