{
  "layer_sizes": [
    32,
    16,
    4
  ],
  "learning_rate": 0.3,
  "seed": 42,
  "output_activation": "softmax",
  "weights": [
    [
      [
        0.07617926993860784,
        -0.07492940504281,
        0.11067657366512407,
        0.23758122278169383,
        -0.5252175752292753,
        -0.3255448767155795,
        0.03196010079182134,
        -0.10332890486564837,
        -0.04804599596554371,
        -0.2507857465190915,
        0.1844722942658052,
        0.28890445382549357,
        0.01650767439030401,
        0.21163902430633277,
        0.05167253829665198,
        -0.21482311572080956
      ],
      [
        0.09218769602062471,
        -0.2930383129552731,
        0.2880186698203254,
        0.014671751542878385,
        -0.049778965674838124,
        -0.17414475407701002,
        0.30563533466850756,
        0.02452357993039442,
        -0.0350194286075325,
        -0.0355303661760232,
        0.13089571872982625,
        0.04885800538835167,
        0.1031831528989971,
        0.2072367878210471,
        0.6339526988237052,
        -0.1016037540961539
      ],
      [
        -0.12806068226788433,
        -0.2567608448099927,
        0.22240095013738131,
        0.30939630246966454,
        -0.03205023920224176,
        -0.2139514872166567,
        -0.2061203039228099,
        0.22580414740377033,
        0.2578760697341048,
        0.18829158852233294,
        -0.1685590044806845,
        0.01553732006401209,
        0.029171452285182056,
        0.15420368625132963,
        0.31639799309313704,
        0.05589888719367057
      ],
      [
        0.16972839076797372,
        -0.036422895375800374,
        0.14068594416600333,
        0.1849752857490767,
        -0.36785232975243953,
        -0.08383017206535001,
        -0.11759316357319888,
        -0.09656351161324045,
        0.003276964126573351,
        0.42623834925463316,
        -0.21863935658182174,
        0.19956657794520244,
        -0.4207174429039512,
        0.015810279572632743,
        0.139229064882341,
        0.14655558283981954
      ],
      [
        0.17780664494821374,
        0.2513215663290836,
        -0.07140331749155927,
        -0.09211508798166111,
        0.1920331335851665,
        -0.05102469839973727,
        -0.31892158083448047,
        -0.244351858840761,
        -0.19382774242634984,
        0.1476328674469687,
        0.015361561059677306,
        0.18716364674294006,
        -0.10681316158413356,
        0.08439019257614462,
        0.20293459007054723,
        -0.0773366349300596
      ],
      [
        0.11419380938935286,
        0.08127401008975568,
        -0.19334509535658834,
        -0.09218108192106181,
        -0.34890494881834816,
        0.12174312019639545,
        -0.11735058505068097,
        -0.029234146024415257,
        0.061725722607181954,
        0.06159977450655726,
        0.11917667797666061,
        0.10132058883031948,
        -0.10582457801103844,
        -0.11349125597416704,
        -0.5087733381779868,
        -0.3617781181057718
      ],
      [
        -0.3306749030886006,
        -0.23147961580022902,
        -0.14272984831891278,
        -0.17232726404250925,
        -0.08896634971215334,
        0.32127558805067635,
        -0.08906599276535648,
        -0.08096819133709292,
        -0.32900766318982155,
        0.1957116182622767,
        -0.24464634705876767,
        0.2536548713810045,
        0.21007703436434888,
        -0.394779343059288,
        0.46607749195592924,
        0.05943390058306947
      ],
      [
        -0.1485374889241986,
        -0.3436823724969721,
        -0.22464102807130454,
        -0.07833067746844463,
        0.06374334163637009,
        0.0019315499850207111,
        0.40044472283022886,
        -0.32518599032212053,
        -0.3514776163428186,
        0.2918899164682632,
        0.04785833766181892,
        0.6782100341662541,
        0.20877781147864463,
        0.12626852752617637,
        0.7232973038743553,
        -0.2971907635807127
      ],
      [
        -0.15993788318743693,
        -0.11230721533469178,
        0.26220488181384405,
        -0.03050012160389836,
        0.1411818295905798,
        -0.07488588545531424,
        -0.36770157362566447,
        -0.12021687191128069,
        0.10405568994286826,
        0.2853947088103248,
        0.4884039932368934,
        0.8720278682909164,
        0.1036023583189991,
        -0.152420179472395,
        -0.43927192460893244,
        0.06692786558595895
      ],
      [
        -0.2032352738275815,
        -0.08304637100894811,
        -0.1238634111927023,
        -0.012149300092256163,
        0.2505500690839359,
        0.03606352468200261,
        -0.039658709259672076,
        -0.21572209916602816,
        -0.37500857089877904,
        -0.09170696954387263,
        -0.027536747237982304,
        0.44009435178886686,
        0.03256863036822146,
        0.30264624208838514,
        -0.06694471865829874,
        -0.29623594160425615
      ],
      [
        -0.24127919055809297,
        -0.1927053855910941,
        0.5746610596827401,
        -0.18272268696689703,
        0.20019316043725813,
        -0.22893041170109016,
        0.23289325321856102,
        0.14365047494720593,
        0.01212952706604453,
        0.026206702481533933,
        -0.1716342699661879,
        0.09319948893231456,
        -0.113745870085195,
        -0.23723398208353674,
        -0.2502630232056393,
        0.04314697943052987
      ],
      [
        0.3947728141026087,
        0.05782999449350104,
        -0.27233298652724247,
        0.1254990346981417,
        0.3320747242244004,
        0.05131413894512408,
        -0.10273180770843429,
        0.01122509406110766,
        0.011585866428050963,
        0.6310100057281822,
        0.03866777597435416,
        0.03229588242602006,
        -0.34203979981141625,
        0.44978274579661154,
        0.788388011265289,
        -0.04487980332065016
      ],
      [
        -0.09579683028399694,
        0.3831931641606921,
        -0.519434825510644,
        -0.16963925494145066,
        0.16640598746995522,
        -0.10218276711073741,
        -0.001280466680017824,
        -0.30620780808499265,
        -0.01120960598761903,
        0.5989414730576134,
        0.015505393394314018,
        0.4993978386753596,
        -0.5125430252577556,
        0.024871162256269605,
        0.14666401349624703,
        -0.304703265105907
      ],
      [
        -0.2195380917321877,
        -0.5690241080381793,
        0.20148137646908573,
        -0.5592874734052834,
        0.007657873148604361,
        -0.12104235833339462,
        -0.08191827359049021,
        0.4769199947172515,
        0.5535600461462047,
        0.5671513608296176,
        -0.03862641981247512,
        -0.6224328836750266,
        -0.05596470422012488,
        0.5639155052689517,
        0.542779297011178,
        -0.27109701805834163
      ],
      [
        0.022622445406968554,
        0.42719032556935405,
        0.4754960588104999,
        0.47409124018819826,
        -0.2882283937713374,
        -0.07184584038729402,
        -0.3658605004592508,
        -0.19621326705037725,
        -0.00879016228135787,
        0.2264138759706654,
        -0.25302535833570605,
        0.025376329919563997,
        -0.5368222574346637,
        -0.18100903500757776,
        -0.39601319749760977,
        -0.13235985684151844
      ],
      [
        -0.21921519454189706,
        0.2231898567932792,
        -0.5420137315544781,
        -0.3635079197692273,
        0.4823667405859863,
        -0.32185564531850774,
        -0.2741963946136599,
        0.4268707063739915,
        0.6678058501908063,
        -0.34292467670726406,
        -0.13923183846354356,
        0.2113308476928028,
        0.4321744111013981,
        -0.34027597285462663,
        -0.14825919117400665,
        0.194334394015436
      ],
      [
        0.10869151861665466,
        -0.20067434330357128,
        0.10335644785800437,
        -0.28941749351361223,
