{
  "layer_sizes": [
    32,
    16,
    3
  ],
  "learning_rate": 0.3,
  "seed": 42,
  "output_activation": "softmax",
  "weights": [
    [
      [
        0.07617926993860784,
        -0.23580655805645456,
        0.2126718853840204,
        0.2427310831946685,
        -0.452640849112035,
        -0.28929880849119705,
        0.03196010079182134,
        -0.04044858782998155,
        -0.014889029837880001,
        -0.2145453714094879,
        0.2316648817861465,
        0.19267102280193277,
        0.01650767439030401,
        0.2811549647995883,
        0.11887469126105842,
        -0.21482311572080956
      ],
      [
        0.09218769602062471,
        -0.21553118170358043,
        0.24467166175922422,
        -0.0048915736496982255,
        -0.011097642834891086,
        -0.13398631787660303,
        0.30563533466850756,
        -2.0310261286544376e-05,
        -0.11777069600258461,
        -0.0893177771381503,
        0.14489268445877654,
        0.08958405503571529,
        0.1031831528989971,
        0.10704991380955063,
        0.537409255915663,
        -0.1016037540961539
      ],
      [
        -0.12806068226788433,
        -0.1792537135583001,
        0.17905394207628,
        0.2898329772770876,
        0.0066310836377052864,
        -0.1737930510162497,
        -0.2061203039228099,
        0.20126025721208915,
        0.17512480233905278,
        0.13450417756020586,
        -0.15456203875173422,
        0.05626336971137559,
        0.029171452285182056,
        0.05401681223983317,
        0.21985455018509453,
        0.05589888719367057
      ],
      [
        0.16972839076797372,
        0.04108423587589213,
        0.09733893610490207,
        0.16541196055650012,
        -0.3291710069124925,
        -0.04367173586494291,
        -0.11759316357319888,
        -0.12110740180492154,
        -0.07947430326847874,
        0.3724509382925061,
        -0.20464239085287145,
        0.2402926275925659,
        -0.4207174429039512,
        -0.08437659443886376,
        0.0426856219742984,
        0.14655558283981954
      ],
      [
        0.17780664494821374,
        0.2225262773036506,
        -0.06212218162970336,
        -0.10799804406927678,
        0.24961191836571242,
        -0.011580012996021325,
        -0.31892158083448047,
        -0.2447097432449561,
        -0.24055181196221062,
        0.12300579649734811,
        0.04742182208808065,
        0.17084437746163775,
        -0.10681316158413356,
        0.0389795858267585,
        0.15839495418988125,
        -0.0773366349300596
      ],
      [
        0.11419380938935286,
        -0.14129201676299352,
        -0.06570437520886191,
        -0.08784456940271726,
        -0.2638419633458358,
        0.15798918842077778,
        -0.11735058505068097,
        0.04173558993783585,
        0.10949792426466944,
        0.11034840449139312,
        0.17816166531363592,
        -0.026398332182660255,
        -0.10582457801103844,
        -0.02058488966901979,
        -0.41983625279146075,
        -0.3617781181057718
      ],
      [
        -0.3306749030886006,
        -0.22512223839670115,
        0.1250026431132652,
        -0.21877985974315017,
        -0.059422690458423306,
        0.36105314267089883,
        -0.08906599276535648,
        0.2229909523726855,
        -0.24409316046427704,
        -0.052643778983000405,
        -0.22569012565720595,
        -0.08653523003044492,
        0.21007703436434888,
        -0.4324854427405071,
        0.11060326658451135,
        0.05943390058306947
      ],
      [
        -0.1485374889241986,
        -0.31313552658977506,
        0.06815054979327947,
        -0.11719336907222075,
        0.12840494894152413,
        0.07795517282962551,
        0.40044472283022886,
        0.01738521364357193,
        -0.2772518540790818,
        0.04225012970689324,
        0.07862994713382002,
        0.3362429716995005,
        0.20877781147864463,
        0.08790709090253722,
        0.3698204342009846,
        -0.2971907635807127
      ],
      [
        -0.15993788318743693,
        -0.20745451684771193,
        -0.07239336435653596,
        -0.3365816327922125,
        0.19390568475502504,
        -0.01930960605031095,
        -0.36770157362566447,
        -0.21528271004597155,
        0.06768972140074102,
        0.2082472524575024,
        0.5109981109933858,
        0.7266886554465275,
        0.1036023583189991,
        -0.24803986695038605,
        -0.5310142144847796,
        0.06692786558595895
      ],
      [
        -0.2032352738275815,
        -0.0796498465412521,
        -0.12796511333254593,
        -0.027607817507231302,
        0.301613005748335,
        0.07550821008571856,
        -0.039658709259672076,
        -0.22030137795053903,
        -0.4293594766378971,
        -0.12286136678442562,
        -0.0016302496341407656,
        0.4402055173396665,
        0.03256863036822146,
        0.24502954081334447,
        -0.122826543936741,
        -0.29623594160425615
      ],
      [
        -0.24127919055809297,
        -0.157117047630269,
        0.5571765195411977,
        -0.1977567657092315,
        0.2447402489855102,
        -0.18948572629737429,
        0.23289325321856102,
        0.13484980178237976,
        -0.049848214876330406,
        -0.011475021049951404,
        -0.15188153578690824,
        0.10974108931521584,
        -0.113745870085195,
        -0.30705677788423197,
        -0.3174870378818581,
        0.04314697943052987
      ],
      [
        0.3947728141026087,
        0.06418737189702882,
        -0.004600495095064588,
        0.07904643899750073,
        0.3616183834781303,
        0.09109169356534652,
        -0.10273180770843429,
        0.31518423777088633,
        0.09650036915359557,
        0.3826546084829051,
        0.05762399737591587,
        -0.3078942189854293,
        -0.34203979981141625,
        0.41207664611539246,
        0.432913785893871,
        -0.04487980332065016
      ],
      [
        -0.09579683028399694,
        0.38955054156421975,
        -0.2517023340784661,
        -0.21609185064209158,
        0.19594964672368506,
        -0.06240521249051496,
        -0.001280466680017824,
        -0.002248664375214149,
        0.07370489673792559,
        0.3505860758123363,
        0.03446161479587574,
        0.15920773726391016,
        -0.5125430252577556,
        -0.012834937424949509,
        -0.2088102118751707,
        -0.304703265105907
      ],
      [
        -0.2195380917321877,
        -0.059341391671533766,
        0.2540347220214093,
        -0.3240082753380263,
        0.04277582120002844,
        -0.08479629010901218,
        -0.08191827359049021,
        0.28930151658206515,
        0.12384011878917371,
        0.33306513734459303,
        -0.026811031742035786,
        -0.17576261397298007,
        -0.05596470422012488,
        0.05996886087538534,
        0.04614069531147476,
        -0.27109701805834163
      ],
      [
        0.022622445406968554,
        0.08124655103839554,
        0.6544275958158867,
        0.47680105691728225,
        -0.17819288958828106,
        -0.035599772162911617,
        -0.3658605004592508,
        -0.10906469323495761,
        0.06821251043577732,
        0.3001790157059655,
        -0.17045557136546277,
        -0.16531357107225345,
        -0.5368222574346637,
        -0.04132181707864698,
        -0.26360624726684406,
        -0.13235985684151844
      ],
      [
        -0.21921519454189706,
        0.0006238299405300228,
        -0.4143730114067519,
        -0.3591714072508829,
        0.5674297260584983,
        -0.28560957709412527,
        -0.2741963946136599,
        0.49784044233624264,
        0.7155780518482939,
        -0.2941760467224283,
        -0.08024685112656826,
        0.08361192667982309,
        0.4321744111013981,
        -0.2473696065494794,
        -0.059322105787480435,
        0.194334394015436
      ],
      [
        0.10869151861665466,
        -0.06984954930385556,
        -0.00839665469660424,
