{
  "labels": [
    "Galactic Structure",
    "Large Scale Structure",
    "Stellar Evolution"
  ],
  "feature_extractor": {
    "max_features": 32,
    "vocabulary": {
      "stellar": 28,
      "evolution": 21,
      "core": 15,
      "concept": 11,
      "theoretical": 31,
      "astronomy": 7,
      "definitions": 17,
      "development": 20,
      "analysis": 2,
      "apply": 6,
      "awareness": 9,
      "contemporary": 13,
      "applications": 4,
      "academic": 0,
      "stellar evolution": 29,
      "core concept": 16,
      "concept theoretical": 12,
      "astronomy astronomy": 8,
      "definitions historical": 18,
      "analysis relationships": 3,
      "design experiments": 19,
      "awareness open": 10,
      "contemporary applications": 14,
      "applications academic": 5,
      "academic professional": 1,
      "galactic": 22,
      "structure": 30,
      "galactic structure": 23,
      "large": 24,
      "scale": 26,
      "large scale": 25,
      "scale structure": 27
    },
    "idf": [
      1.0,
      1.0,
      1.0,
      1.0,
      1.0,
      1.0,
      1.0,
      1.0,
      1.0,
      1.0,
      1.0,
      1.0,
      1.0,
      1.0,
      1.0,
      1.0,
      1.0,
      1.0,
      1.0,
      1.0,
      1.0,
      1.6931471805599454,
      1.6931471805599454,
      1.6931471805599454,
      1.6931471805599454,
      1.6931471805599454,
      1.6931471805599454,
      1.6931471805599454,
      1.6931471805599454,
      1.6931471805599454,
      1.2876820724517808,
      1.0
    ]
  },
  "scope": "theoretical_astronomy",
  "grade": "preschool"
}