{
  "layer_sizes": [
    32,
    16,
    3
  ],
  "learning_rate": 0.3,
  "seed": 42,
  "output_activation": "softmax",
  "weights": [
    [
      [
        0.09271068099020591,
        -0.26916952397794947,
        0.25085078091539953,
        0.3131144620592641,
        -0.5014771953527171,
        -0.3255448767155795,
        0.03196010079182134,
        -0.08463379336950858,
        -0.005031944304889298,
        -0.21166425799027533,
        0.21407998487272464,
        0.1964841523059136,
        0.03427280203873894,
        0.31143509184399637,
        0.1225628530488397,
        -0.20310024858805756
      ],
      [
        0.10871910707222278,
        -0.24889414762507536,
        0.28285055729060327,
        0.06549180521489711,
        -0.05993398907557286,
        -0.17023238610098534,
        0.30563533466850756,
        -0.04420551580081357,
        -0.1079136104695939,
        -0.08643666371893775,
        0.12730778754535468,
        0.09339718453969609,
        0.12094828054743201,
        0.13733004085395883,
        0.5410974177034434,
        -0.08988088696340185
      ],
      [
        -0.11152927121628634,
        -0.21261667947979507,
        0.21723283760765918,
        0.3602163561416835,
        -0.04220526260297649,
        -0.210039119240632,
        -0.2061203039228099,
        0.15707505167256225,
        0.18498188787204348,
        0.13738529097941843,
        -0.17214693566515607,
        0.06007649921535646,
        0.04693657993361698,
        0.08429693928424145,
        0.22354271197287573,
        0.06762175432642259
      ],
      [
        0.18625980181957175,
        0.007721269954397236,
        0.1355178316362813,
        0.2357953394210954,
        -0.37800735315317446,
        -0.07991780408932533,
        -0.11759316357319888,
        -0.1652926073444485,
        -0.06961721773548803,
        0.37533205171171874,
        -0.2222272877662933,
        0.24410575709654672,
        -0.40295231525551645,
        -0.05409646739445549,
        0.04637378376207965,
        0.15827844997257154
      ],
      [
        0.19433805599981177,
        0.18916331138215567,
        -0.02394328609832407,
        -0.037614665204681465,
        0.20077557212503072,
        -0.04782608122040372,
        -0.31892158083448047,
        -0.2888949487844832,
        -0.23069472642921993,
        0.1258869099165606,
        0.029836925174658913,
        0.17465750696561858,
        -0.08904803393569866,
        0.06925971287116679,
        0.16208311597766245,
        -0.06561376779730756
      ],
      [
        0.13072522044095095,
        -0.17465498268448845,
        -0.027525479677482628,
        -0.017461190538121937,
        -0.31267830958651777,
        0.12174312019639545,
        -0.11735058505068097,
        -0.002449615601691172,
        0.11935500979766014,
        0.11322951791060566,
        0.16057676840021406,
        -0.022585202678679403,
        -0.08805945036260354,
        0.009695237375388443,
        -0.4161480910036795,
        -0.3500552509730197
      ],
      [
        -0.31414349203700265,
        -0.25848520431819605,
        0.16318153864464444,
        -0.1483964808785549,
        -0.10825903669910517,
        0.32480707444651635,
        -0.08906599276535648,
        0.1788057468331586,
        -0.23423607493128634,
        -0.04976266556378784,
        -0.2432750225706278,
        -0.08272210052646412,
        0.22784216201278382,
        -0.402205315696099,
        0.11429142837229263,
        0.0711567677158215
      ],
      [
        -0.13200607787260057,
        -0.3706879610149392,
        0.08127035889225268,
        -0.05439989430449027,
        0.04445065464941827,
        0.00546303638086072,
        0.40044472283022886,
        -0.0654120521518691,
        -0.25670602808428333,
        0.0464156326421987,
        0.049229662149958886,
        0.34183306225878546,
        0.22654293912707957,
        0.11884255488936556,
        0.3715112402907184,
        -0.2854678964479606
      ],
      [
        -0.1434064721358389,
        -0.24081748276920686,
        -0.03421446882515667,
        -0.2661982539276166,
        0.14506933851434334,
        -0.055555674274693344,
        -0.36770157362566447,
        -0.2594679155854984,
        0.07754680693373173,
        0.21112836587671496,
        0.49341321407996436,
        0.7305017849505091,
        0.12136748596743399,
        -0.21775973990597788,
        -0.5273260526969992,
        0.078650732718711
      ],
      [
        -0.18670386277598347,
        -0.11301281246274697,
        -0.08978621780116675,
        0.042775561357364,
        0.25277665950765305,
        0.039262141861336156,
        -0.039658709259672076,
        -0.26448658349006593,
        -0.41950239110490634,
        -0.11998025336521308,
        -0.01921514654756251,
        0.44401864684364706,
        0.05033375801665638,
        0.2753096678577525,
        -0.11913838214895972,
        -0.28451307447150403
      ],
      [
        -0.22474777950649494,
        -0.19048001355176394,
        0.5953554150725766,
        -0.12737338684463623,
        0.1959039027448285,
        -0.2257317945217566,
        0.23289325321856102,
        0.09066459624285277,
        -0.039991129343339704,
        -0.008593907630738834,
        -0.1694664327003301,
        0.11355421881919664,
        -0.09598074243676011,
        -0.2767766508398239,
        -0.31379887609407686,
        0.05486984656328191
      ],
      [
        0.41130422515420667,
        0.030824405975533934,
        0.03357840043631466,
        0.14942981786209597,
        0.31278203723744835,
        0.054845625340964085,
        -0.10273180770843429,
        0.2709990322313592,
        0.10635745468658628,
        0.38553572190211777,
        0.04003910046249413,
        -0.30408108948144874,
        -0.32427467216298145,
        0.44235677315980054,
        0.4366019476816522,
        -0.033156936187898126
      ],
      [
        -0.09579683028399694,
        0.3032327479050889,
        -0.5692155345132465,
        -0.25461426174563234,
        0.3569305790642807,
        -0.0986512807148974,
        -0.001280466680017824,
        -0.040860724631128144,
        0.08439363719973339,
        0.5383939622823638,
        0.09483470214161163,
        -0.08391420127047727,
        -0.5125430252577556,
        0.5758921893039048,
        -0.21080756757321778,
        -0.304703265105907
      ],
      [
        -0.20300668068058966,
        -0.09270435759302866,
        0.29221361755278846,
        -0.2536248964734304,
        -0.006060525040653367,
        -0.12104235833339462,
        -0.08191827359049021,
        0.245116311042538,
        0.13369720432216442,
        0.3359462507638057,
        -0.04439592865545752,
        -0.17194948446899924,
        -0.03819957657168996,
        0.09024898791979362,
        0.04982885709925601,
        -0.2593741509255895
      ],
      [
        0.03915385645856658,
        0.04788358511690066,
        0.6926064913472656,
        0.5471844357818779,
        -0.22702923582896276,
        -0.07184584038729402,
        -0.3658605004592508,
        -0.15324989877448464,
        0.07806959596876803,
        0.30306012912517816,
        -0.18804046827888463,
        -0.16150044156827262,
        -0.5190571297862291,
        -0.011041690034238707,
        -0.2599180854790628,
        -0.1206369897087664
      ],
      [
        -0.20268378349029903,
        -0.032739135980964874,
        -0.37619411587537266,
        -0.28878802838628703,
        0.5185933798178165,
        -0.32185564531850774,
        -0.2741963946136599,
        0.4536552367967155,
        0.7254351373812846,
        -0.29129493330321565,
        -0.09783174803999002,
        0.08742505618380389,
        0.44993953874983283,
        -0.2170894795050712,
        -0.05563394399969918,
        0.206057261148188
      ],
      [
        0.12522292966825274,
        -0.10321251522535045,
