{
  "layer_sizes": [
    32,
    16,
    3
  ],
  "learning_rate": 0.3,
  "seed": 42,
  "output_activation": "softmax",
  "weights": [
    [
      [
        0.07617926993860784,
        -0.2258199952961219,
        0.23346575562420324,
        0.27331381228621515,
        -0.465065711089083,
        -0.28457290016641834,
        0.03196010079182134,
        -0.05796077241589282,
        -0.006459313249583655,
        -0.20716702749825977,
        0.2211193953838553,
        0.19376645551732474,
        0.01650767439030401,
        0.3190217955319883,
        0.15226209673765517,
        -0.21482311572080956
      ],
      [
        0.09218769602062471,
        -0.20554461894324777,
        0.26546553199940703,
        0.025691155441848513,
        -0.023522504811939057,
        -0.12926040955182427,
        0.30563533466850756,
        -0.01753249484719781,
        -0.10934097941428825,
        -0.08193943322692225,
        0.13434719805648535,
        0.09067948775110728,
        0.1031831528989971,
        0.14491674454195086,
        0.570796661392259,
        -0.1016037540961539
      ],
      [
        -0.12806068226788433,
        -0.16926715079796747,
        0.19984781231646284,
        0.32041570636863465,
        -0.005793778339342686,
        -0.16906714269147094,
        -0.2061203039228099,
        0.18374807262617807,
        0.18355451892734911,
        0.141882521471434,
        -0.1651075251540254,
        0.05735880242676762,
        0.029171452285182056,
        0.0918836429722334,
        0.25324195566169133,
        0.05589888719367057
      ],
      [
        0.16972839076797372,
        0.05107079863622495,
        0.11813280634508497,
        0.19599468964804673,
        -0.3415958688895405,
        -0.03894582754016423,
        -0.11759316357319888,
        -0.1386195863908327,
        -0.07104458668018238,
        0.379829282203734,
        -0.21518787725516264,
        0.24138806030795787,
        -0.4207174429039512,
        -0.04650976370646352,
        0.07607302745089524,
        0.14655558283981954
      ],
      [
        0.17780664494821374,
        0.23251284006398326,
        -0.04132831138952046,
        -0.07741531497772997,
        0.23718705638866455,
        -0.006854104671242638,
        -0.31892158083448047,
        -0.2622219278308673,
        -0.2321220953739143,
        0.1303841404085762,
        0.03687633568578939,
        0.17193981017702972,
        -0.10681316158413356,
        0.07684641655915873,
        0.19178235966647797,
        -0.0773366349300596
      ],
      [
        0.11419380938935286,
        -0.13130545400266086,
        -0.044910504968678995,
        -0.05726184031117047,
        -0.2762668253228838,
        0.1627150967455565,
        -0.11735058505068097,
        0.024223405351924587,
        0.1179276408529658,
        0.11772674840262116,
        0.16761617891134473,
        -0.025302899467268214,
        -0.10582457801103844,
        0.017281941063380435,
        -0.3864488473148635,
        -0.3617781181057718
      ],
      [
        -0.3306749030886006,
        -0.21513567563636848,
        0.1457965133534481,
        -0.1881971306516036,
        -0.07184755243547135,
        0.36577905099567753,
        -0.08906599276535648,
        0.20547876778677443,
        -0.2356634438759807,
        -0.045265435071772366,
        -0.23623561205949714,
        -0.08543979731505293,
        0.21007703436434888,
        -0.3946186120081071,
        0.1439906720611081,
        0.05943390058306947
      ],
      [
        -0.1485374889241986,
        -0.32733843233311166,
        0.0638853336010563,
        -0.0942005440775388,
        0.08086213891305208,
        0.04643501293002183,
        0.40044472283022886,
        -0.03873903119825333,
        -0.2581333970289777,
        0.05091286313421418,
        0.05626907266108937,
        0.33911536547019694,
        0.20877781147864463,
        0.12642925857735748,
        0.4012104839795344,
        -0.2971907635807127
      ],
      [
        -0.15993788318743693,
        -0.19746795408737927,
        -0.051599494116353055,
        -0.30599890370066546,
        0.18148082277797717,
        -0.01458369772553226,
        -0.36770157362566447,
        -0.23279489463188258,
        0.07611943798903738,
        0.21562559636873052,
        0.5004526245910946,
        0.72778408816192,
        0.1036023583189991,
        -0.21017303621798586,
        -0.4976268090081833,
        0.06692786558595895
      ],
      [
        -0.2032352738275815,
        -0.06966328378091935,
        -0.10717124309236312,
        0.0029749115843154227,
        0.289188143771287,
        0.0802341184104972,
        -0.039658709259672076,
        -0.2378135625364501,
        -0.4209297600496007,
        -0.11548302287319757,
        -0.01217573603643202,
        0.44130095005505854,
        0.03256863036822146,
        0.2828963715457445,
        -0.08943913846014415,
        -0.29623594160425615
      ],
      [
        -0.24127919055809297,
        -0.14713048486993635,
        0.57797038978138,
        -0.16717403661768493,
        0.23231538700846233,
        -0.18475981797259552,
        0.23289325321856102,
        0.11733761719646851,
        -0.04141849828803406,
        -0.004096677138723358,
        -0.16242702218919944,
        0.11083652203060783,
        -0.113745870085195,
        -0.269189947151832,
        -0.28409963240526087,
        0.04314697943052987
      ],
      [
        0.3947728141026087,
        0.07417393465736158,
        0.0161933751451183,
        0.10962916808904755,
        0.3491935215010823,
        0.09581760189012511,
        -0.10273180770843429,
        0.29767205318497514,
        0.10493008574189193,
        0.39003295239413305,
        0.04707851097362461,
        -0.30679878627003726,
        -0.34203979981141625,
        0.44994347684779246,
        0.4663011913704682,
        -0.04487980332065016
      ],
      [
        -0.09579683028399694,
        0.39953710432455253,
        -0.2309084638382829,
        -0.185509121550545,
        0.1835247847466372,
        -0.05767930416573636,
        -0.001280466680017824,
        -0.019760848961125416,
        0.08213461332622195,
        0.35796441972356424,
        0.02391612839358449,
        0.16030316997930213,
        -0.5125430252577556,
        0.0250318933074507,
        -0.175422806398574,
        -0.304703265105907
      ],
      [
        -0.2195380917321877,
        -0.049354828911200965,
        0.2748285922615922,
        -0.29342554624647926,
        0.03035095922298043,
        -0.08007038178423359,
        -0.08191827359049021,
        0.27178933199615396,
        0.13226983537747006,
        0.34044348125582097,
        -0.03735651814432704,
        -0.1746671812575881,
        -0.05596470422012488,
        0.09783569160778556,
        0.0795281007880716,
        -0.27109701805834163
      ],
      [
        0.022622445406968554,
        0.09123311379872825,
        0.675221466056069,
        0.5073837860088293,
        -0.19061775156532892,
        -0.030873863838132915,
        -0.3658605004592508,
        -0.12657687782086882,
        0.07664222702407368,
        0.30755735961719344,
        -0.18100105776775396,
        -0.16421813835686147,
        -0.5368222574346637,
        -0.0034549863462467276,
        -0.23021884179024704,
        -0.13235985684151844
      ],
      [
        -0.21921519454189706,
        0.010610392700862819,
        -0.3935791411665688,
        -0.3285886781593359,
        0.5550048640814506,
        -0.28088366876934656,
        -0.2741963946136599,
        0.4803282577503314,
        0.7240077684365902,
        -0.2867977028112004,
        -0.09079233752885953,
        0.08470735939521508,
        0.4321744111013981,
        -0.20950277581707918,
        -0.025934700310883577,
        0.194334394015436
      ],
      [
        0.10869151861665466,
        -0.05986298654352281,
        0.01239721554357865,
