{
  "layer_sizes": [
    32,
    16,
    3
  ],
  "learning_rate": 0.3,
  "seed": 42,
  "output_activation": "softmax",
  "weights": [
    [
      [
        0.07331860919779097,
        -0.2398671573307542,
        0.18525995995605848,
        0.26668217835680413,
        -0.45667328961124914,
        -0.3255448767155795,
        0.03196010079182134,
        -0.019206823615446168,
        -0.004200289376072199,
        -0.21043804332748536,
        0.21567645239095212,
        0.19428582211473633,
        0.010066697655282956,
        0.27575027909023103,
        0.12205073365612562,
        -0.16129120792659374
      ],
      [
        0.08932703527980784,
        -0.21959178097788004,
        0.2172597363312623,
        0.019059521512437595,
        -0.015130083334105222,
        -0.17023238610098534,
        0.30563533466850756,
        0.021221453953248853,
        -0.1070819555407768,
        -0.08521044905614768,
        0.12890425506358216,
        0.09119885434851888,
        0.09674217616397605,
        0.10164522810019344,
        0.5405852983107294,
        -0.04807184630193797
      ],
      [
        -0.13092134300870123,
        -0.18331431283259975,
        0.15164201664831808,
        0.31378407243922357,
        0.0025986431384911485,
        -0.210039119240632,
        -0.2061203039228099,
        0.22250202142662476,
        0.18581354280086057,
        0.1386115056422084,
        -0.1705504681469286,
        0.05787816902417921,
        0.022730475550161007,
        0.04861212653047601,
        0.22303059258016167,
        0.10943079498788653
      ],
      [
        0.16686773002715682,
        0.03702363660159258,
        0.06992701067694017,
        0.18936305571863585,
        -0.33320344741170665,
        -0.07991780408932533,
        -0.11759316357319888,
        -0.09986563759038602,
        -0.06878556280667093,
        0.3765582663745087,
        -0.22063082024806582,
        0.24190742690536945,
        -0.42715841963897233,
        -0.08978128014822095,
        0.0458616643693656,
        0.20008749063403536
      ],
      [
        0.17494598420739685,
        0.218465678029351,
        -0.08953410705766526,
        -0.08404694890714096,
        0.24557947786649842,
        -0.04782608122040372,
        -0.31892158083448047,
        -0.22346797903042065,
        -0.22986307150040283,
        0.12711312457935067,
        0.031433392692886364,
        0.1724591767744413,
        -0.11325413831915461,
        0.03357490011740133,
        0.1615709965849484,
        -0.023804727135843702
      ],
      [
        0.111333148648536,
        -0.14535261603729313,
        -0.09311630063682381,
        -0.06389347424058144,
        -0.26787440384504996,
        0.12174312019639545,
        -0.11735058505068097,
        0.06297735415237127,
        0.12018666472647724,
        0.11445573257339574,
        0.16217323591844154,
        -0.024783532869856642,
        -0.11226555474605948,
        -0.025989575378376994,
        -0.4166602103963932,
        -0.30824621031155586
      ],
      [
        -0.33353556382941746,
        -0.22918283767100076,
        0.09759071768530328,
        -0.19482876458101445,
        -0.06345513095763755,
        0.32480707444651635,
        -0.08906599276535648,
        0.24423271658722112,
        -0.23340442000246925,
        -0.04853645090099785,
        -0.24167855505240032,
        -0.08492043071764133,
        0.20363605762932782,
        -0.43789012844986436,
        0.11377930897957855,
        0.11296580837728543
      ],
      [
        -0.1513981496650155,
        -0.3413855943677439,
        0.015679537932911533,
        -0.10083217800694977,
        0.08925456039088589,
        0.00546303638086072,
        0.40044472283022886,
        1.4917602193322476e-05,
        -0.25587437315546624,
        0.047641847304988695,
        0.05082612966818633,
        0.3396347320676084,
        0.20233683474362357,
        0.0831577421356001,
        0.3709991208980047,
        -0.24365885578649676
      ],
      [
        -0.16279854392825382,
        -0.21151511612201154,
        -0.09980528978449786,
        -0.31263053763007653,
        0.18987324425581104,
        -0.055555674274693344,
        -0.36770157362566447,
        -0.1940409458314359,
        0.07837846186254882,
        0.21235458053950493,
        0.49500968159819186,
        0.7283034547593317,
        0.09716138158397805,
        -0.25344455265974325,
        -0.5278381720897132,
        0.12045977338017491
      ],
      [
        -0.2060959345683984,
        -0.08371044581555158,
        -0.15537703876050785,
        -0.0036567223450954993,
        0.29758056524912085,
        0.039262141861336156,
        -0.039658709259672076,
        -0.19905961373600342,
        -0.41867073617608924,
        -0.118754038702423,
        -0.017618679029335064,
        0.44182031665247,
        0.026127653633200413,
        0.23962485510398715,
        -0.11965050154167381,
        -0.24270403381004016
      ],
      [
        -0.256013676763359,
        0.11272180605104198,
        1.0722919145139478,
        -0.3637916258024668,
        -0.007142553975575851,
        -0.2257317945217566,
        0.23289325321856102,
        0.10992258432527441,
        -0.0391594744145226,
        0.09343165749909194,
        -0.07630726750142254,
        0.480962587102769,
        -0.113745870085195,
        -0.3376149710511931,
        -0.14750101056405485,
        -0.06284952216082701
      ],
      [
        0.3753987354311983,
        0.21026307806264122,
        0.41838775278621704,
        -0.1368795414170261,
        0.5144612819477422,
        0.054845625340964085,
        -0.10273180770843429,
        0.7818535989356457,
        0.10718910961540337,
        0.7258511600623554,
        0.04499330841658025,
        -0.4370140916463997,
        -0.34203979981141625,
        0.3716899419898683,
        0.6570539110896977,
        -0.17235552001255294
      ],
      [
        -0.09579683028399694,
        0.5817078077769318,
        -0.014544226205194237,
        -0.2236817547389566,
        -0.3121488827558351,
        -0.0986512807148974,
        -0.001280466680017824,
        -0.5281482223210073,
        0.08439363719973339,
        0.14620916073430013,
        0.1383684238386548,
        0.7776567005524104,
        -0.5125430252577556,
        -0.012179600482529487,
        -0.21080756757321778,
        -0.31660021008111316
      ],
      [
        -0.22525941321382142,
        -0.04327312171646359,
        0.22426995759789153,
        -0.2685161809168895,
        0.06982888825302418,
        -0.12104235833339462,
        -0.08191827359049021,
        0.37039710526705,
        0.13452885925098151,
        0.3399954039925052,
        -0.046972502461984984,
        -0.17430997640267717,
        -0.06884665769016698,
        0.048504152514250935,
        0.054490135799656135,
        -0.16403320246990974
      ],
      [
        0.01976178466615167,
        0.07718595176409605,
        0.6270156703879245,
        0.5007521520794183,
        -0.18222533008749509,
        -0.07184584038729402,
        -0.3658605004592508,
        -0.08782292902042216,
        0.07890125089758512,
        0.3042863437879681,
        -0.18644400076065715,
        -0.16369877175944988,
        -0.5432632341696847,
        -0.046726502788004144,
        -0.26043020487177654,
        -0.07882794904730248
      ],
      [
        -0.22207585528271395,
        -0.0034367693337695325,
        -0.44178493683471376,
        -0.335220312088747,
        0.5633972855592843,
        -0.32185564531850774,
        -0.2741963946136599,
        0.5190822065507777,
        0.7262667923101017,
        -0.2900687186404257,
        -0.09623528052176256,
        0.08522672599262668,
        0.42573343436637695,
        -0.2527742922588366,
        -0.05614606339241324,
        0.24786630180965183
      ],
      [
        0.10583085787583779,
        -0.07391014857815507,
