{
  "layer_sizes": [
    32,
    16,
    4
  ],
  "learning_rate": 0.3,
  "seed": 42,
  "output_activation": "softmax",
  "weights": [
    [
      [
        0.07523209983108006,
        -0.26518431440083934,
        0.18078729517735284,
        0.3016617310365195,
        -0.4252610047163665,
        -0.29648040393375596,
        0.03196010079182134,
        -0.09693262191576946,
        -0.0034521212152445976,
        -0.24897112128288112,
        0.2569207934974755,
        0.18144176359766195,
        0.03808733563970606,
        0.33657660266853806,
        0.15611266146588504,
        -0.12232884608382251
      ],
      [
        0.09124052591309693,
        -0.24490893804796515,
        0.21278707155255666,
        0.05403907419215285,
        0.016282201560777306,
        -0.1411679133191618,
        0.30563533466850756,
        -0.056504344347074444,
        -0.1063337873799492,
        -0.12374352701154348,
        0.1701485961701054,
        0.0783547958314445,
        0.12476281414839915,
        0.1624715516785007,
        0.5746472261204887,
        -0.00910948445916677
      ],
      [
        -0.12806068226788433,
        -0.20344318206196943,
        0.28443396967307505,
        0.16103791745364934,
        -0.08612621270814264,
        -0.1621301120979015,
        -0.2061203039228099,
        0.17324050557200457,
        0.1355340358492354,
        0.42611136149535866,
        -0.20808349949262592,
        0.11538401621016701,
        0.029171452285182056,
        -0.017246891506926158,
        0.2057576045881297,
        -0.06039674418351961
      ],
      [
        0.16972839076797372,
        0.016894767372222865,
        0.2027189637016972,
        0.03661690073306144,
        -0.4219283032583406,
        -0.03200879694659479,
        -0.11759316357319888,
        -0.14912715344500618,
        -0.11906506975829612,
        0.6640581222276594,
        -0.25816385159376315,
        0.2994132740913574,
        -0.4207174429039512,
        -0.15564029818562308,
        0.028588676377333616,
        0.030259951462629345
      ],
      [
        0.1768594748406859,
        0.19314852095926588,
        -0.09400677183637088,
        -0.04906739622742574,
        0.276991762761381,
        -0.018761608438580206,
        -0.31892158083448047,
        -0.30119377733074404,
        -0.22911490333957524,
        0.0885800466239549,
        0.07267773379940963,
        0.15961511825736693,
        -0.08523350033473151,
        0.09440122369570855,
        0.19563292439470778,
        0.01515763470692748
      ],
      [
        0.11341943576288029,
        -0.1697232505403634,
        -0.04529235255625463,
        -0.08848697229611324,
        -0.2704228231915229,
        0.16425591170414067,
        -0.11735058505068097,
        -0.007342350451534117,
        0.1011198918162089,
        0.19606427362929246,
        0.18033152476929057,
        -0.012811572977358505,
        -0.08818179092671315,
        -0.003302267353611546,
        -0.39449170962374447,
        -0.3316739056438171
      ],
      [
        -0.3316220731961282,
        -0.2544999947410859,
        0.09311805290659766,
        -0.15984921190129914,
        -0.03204284606275494,
        0.3538715472283399,
        -0.08906599276535648,
        0.1665069182868977,
        -0.23265625184164165,
        -0.08706952885639359,
        -0.2004342139458771,
        -0.0977644892347157,
        0.2316566956137509,
        -0.37706380487155733,
        0.14784123678933797,
        0.15192817022005647
      ],
      [
        -0.14948465903172645,
        -0.3667027514378291,
        0.011206873154205875,
        -0.06585262532723457,
        0.12066684528576846,
        0.03452750916268425,
        0.40044472283022886,
        -0.07771088069812998,
        -0.2551262049946386,
        0.00910876934959293,
        0.09207047077470963,
        0.3267906735505341,
        0.23035747272804666,
        0.14398406571390734,
        0.405061048707764,
        -0.2046964939437258
      ],
      [
        -0.15993788318743693,
        -0.23164398535138123,
        0.0003768847329589087,
        -0.43507540368400743,
        0.1155582254827832,
        -0.01962391891764543,
        -0.36770157362566447,
        -0.24595053884001344,
        0.04066883164882993,
        0.42727373778789013,
        0.4679031684201074,
        0.771473380584448,
        0.1036023583189991,
        -0.30132381052485063,
        -0.5420862626070153,
        -0.020293857946933686
      ],
      [
        -0.20418244393510934,
        -0.10902760288563679,
        -0.1598497035392135,
        0.03132283033461976,
        0.3289928501440035,
        0.06832661464315967,
        -0.039658709259672076,
        -0.2767854120363268,
        -0.4179225680152616,
        -0.1572871166578189,
        0.02362566207718821,
        0.4289762581353957,
        0.054148291617623516,
        0.3004511786822942,
        -0.08558857373191445,
        -0.20374167196726922
      ],
      [
        -0.2422263606656208,
        -0.18649480397465373,
        0.5252919293345296,
        -0.13882611786738047,
        0.2721200933811787,
        -0.19666732173993304,
        0.23289325321856102,
        0.07836576769659188,
        -0.038411306253695,
        -0.045900770923344617,
        -0.1266256240755794,
        0.09851183011094505,
        -0.09216620883579295,
        -0.2516351400152822,
        -0.2802490676770313,
        0.13564124906751693
      ],
      [
        0.40952081920375966,
        0.05127623563266277,
        -0.4933216858559113,
        0.4048242890538489,
        0.2669421649177434,
        -0.1931258735836411,
        -0.10273180770843429,
        0.17024884583587174,
        0.10718910961540337,
        0.5171449205492944,
        -0.23798893682738448,
        -0.35226237160719603,
        -0.34203979981141625,
        1.1701241279917793,
        1.1724788862669835,
        -0.003224407308270876
      ],
      [
        -0.09769117049905254,
        0.3549844973791197,
        -0.29041242805939493,
        -0.09064065086152444,
        0.2858272835664461,
        -0.04052233515125035,
        -0.001280466680017824,
        -0.07660467229087595,
        0.0858899735213886,
        0.28045018654945697,
        0.09678882628897303,
        0.1349722578000643,
        -0.4693837027589515,
        0.09735300137053042,
        -0.13233691576747064,
        -0.11971472583193266
      ],
      [
        -0.2195380917321877,
        -0.08353086017520302,
        0.4246343066328051,
        -0.5134059130247514,
        -0.07880114929303145,
        -0.04917884761929879,
        -0.08191827359049021,
        0.26657791924989493,
        0.059109598823543726,
        0.769833718489276,
        -0.10118552881815358,
        -0.08797012475244513,
        -0.05596470422012488,
        -0.047254363215963685,
        0.02599395476505112,
        -0.4455404651241268
      ],
      [
        0.022622445406968554,
        0.057057082534726286,
        0.7924174019199817,
        0.31770470816220053,
        -0.28536002300773483,
        -0.01195958145888084,
        -0.3658605004592508,
        -0.13443636772108503,
        0.016051867208053638,
        0.6643668982458836,
        -0.23440355027396753,
        -0.0918570032125903,
        -0.5368222574346637,
        -0.13056528099770115,
        -0.28072809033853796,
        -0.2777293960630062
      ],
      [
        -0.2199895681683698,
        -0.02780740383683985,
        -0.4279952591964043,
        -0.3281888709556322,
        0.5758881677487673,
        -0.2918433075117191,
        -0.2741963946136599,
        0.4459987489213935,
        0.7203189856702729,
        -0.284211416577143,
        -0.06719501223617941,
        0.08223652891967191,
        0.4498171981857234,
        -0.21132181476032386,
        -0.03082052864322284,
        0.254782548929028
      ],
      [
        0.10774434850912688,
        -0.09922730564824027,
        -0.040281244903271785,
