{
  "labels": [
    "Elastomers",
    "Thermoplastics",
    "Thermosets",
    "research"
  ],
  "feature_extractor": {
    "max_features": 32,
    "vocabulary": {
      "thermoplastics": 28,
      "composites": 5,
      "engineering": 12,
      "studying": 25,
      "researchers": 21,
      "solve": 23,
      "problems": 15,
      "vocabulary": 30,
      "techniques": 27,
      "questions": 19,
      "contemporary": 9,
      "academic": 0,
      "professional": 17,
      "settings": 22,
      "concept polymers": 7,
      "composites materials": 6,
      "requires studying": 20,
      "studying definitions": 26,
      "solve practical": 24,
      "problems extend": 16,
      "vocabulary foundational": 31,
      "common techniques": 4,
      "contemporary applications": 10,
      "academic professional": 1,
      "professional settings": 18,
      "thermosets": 29,
      "elastomers": 11,
      "carbon": 2,
      "fiber": 13,
      "conductivity": 8,
      "network": 14,
      "carbon fiber": 3
    },
    "idf": [
      1.2231435513142097,
      1.2231435513142097,
      1.916290731874155,
      1.916290731874155,
      1.2231435513142097,
      1.0,
      1.2231435513142097,
      1.2231435513142097,
      1.916290731874155,
      1.2231435513142097,
      1.2231435513142097,
      1.916290731874155,
      1.2231435513142097,
      1.916290731874155,
      1.916290731874155,
      1.0,
      1.2231435513142097,
      1.2231435513142097,
      1.2231435513142097,
      1.2231435513142097,
      1.2231435513142097,
      1.2231435513142097,
      1.2231435513142097,
      1.2231435513142097,
      1.2231435513142097,
      1.2231435513142097,
      1.2231435513142097,
      1.2231435513142097,
      1.916290731874155,
      1.916290731874155,
      1.2231435513142097,
      1.2231435513142097
    ]
  },
  "scope": "polymers_and_composites",
  "grade": "preschool"
}