{
  "layer_sizes": [
    32,
    16,
    4
  ],
  "learning_rate": 0.3,
  "seed": 42,
  "output_activation": "softmax",
  "weights": [
    [
      [
        0.08043245792178827,
        -0.25217423168379366,
        0.185449090259506,
        0.2593285619116409,
        -0.5042648997071382,
        -0.29765528487734233,
        0.03196010079182134,
        -0.054953834604161686,
        -0.004200289376072199,
        -0.20149023192424662,
        0.2509132306613668,
        0.20647773331207353,
        0.01751319212096769,
        0.32352228644254466,
        0.1513657466260808,
        -0.21913757521283003
      ],
      [
        0.11475539993287716,
        -0.27226724563642113,
        0.001079354989952958,
        0.33615666180604753,
        -0.04621559088631514,
        -0.23989357035678702,
        0.30563533466850756,
        -0.19999762853508693,
        -0.1070819555407768,
        -0.00889612779031017,
        0.026981323209804956,
        0.17563472469531508,
        0.1031831528989971,
        0.39283372197408506,
        1.0204177115161814,
        -0.1016037540961539
      ],
      [
        -0.11955430630152351,
        -0.1877995923093091,
        0.14966743825965714,
        0.33598087045616093,
        -0.047430885288255974,
        -0.1542599355641576,
        -0.2061203039228099,
        0.205034838552402,
        0.18581354280086057,
        0.163605789709464,
        -0.08064830050474041,
        0.039932306394140554,
        0.03012969462784454,
        0.14789916724912863,
        0.29389911058501783,
        0.051584427701650115
      ],
      [
        0.19229609468022615,
        -0.01565182805694847,
        -0.1462533706643692,
        0.5064601960122459,
        -0.3642889549639166,
        -0.14957898834512692,
        -0.11759316357319888,
        -0.32108472007872196,
        -0.06878556280667093,
        0.4528725876403462,
        -0.3225537521018429,
        0.3263432972521658,
        -0.4207174429039512,
        0.2014072137256708,
        0.5256940775748178,
        0.14655558283981954
      ],
      [
        0.20037434886046618,
        0.16579021337080999,
        -0.30571448839897447,
        0.23305019138646918,
        0.21449397031428846,
        -0.11748726547620524,
        -0.31892158083448047,
        -0.44468706151875664,
        -0.22986307150040283,
        0.2034274458451882,
        -0.07048953916089093,
        0.25689504712123756,
        -0.10681316158413356,
        0.32476339399129295,
        0.6414034097904004,
        -0.0773366349300596
      ],
      [
        0.11419380938935286,
        -0.16933351958758852,
        -0.3109384139692294,
        -0.37920400439612445,
        -0.2989599113972599,
        0.49720997070896567,
        -0.11735058505068097,
        0.07637149224150729,
        0.12018666472647724,
        0.11163279400748602,
        0.7466044616954566,
        -0.276034449618561,
        -0.1061869515625282,
        0.10586305842017868,
        -0.4221249590487222,
        -0.3617781181057718
      ],
      [
        -0.3306749030886006,
        -0.25316374122129615,
        -0.12023139564710238,
        -0.5101392947365576,
        -0.09454063850984742,
        0.7002739249590862,
        -0.08906599276535648,
        0.25762685467635704,
        -0.23340442000246925,
        -0.051359389466907504,
        0.34275267072461507,
        -0.33617134746634564,
        0.2097146608128591,
        -0.30603749465130897,
        0.10831456032724959,
        0.05943390058306947
      ],
      [
        -0.1485374889241986,
        -0.36151446359711364,
        0.01803237692846738,
        -0.18375881647752124,
        -0.07662460226795975,
        0.00546303638086072,
        0.40044472283022886,
        -0.004007916598204562,
        -0.25587437315546624,
        0.0038512698778771937,
        -0.17113896801244183,
        0.7438230640690644,
        0.21886509995803646,
        -0.004709691724568312,
        0.29813185231468714,
        -0.33852955726873907
      ],
      [
        -0.15993788318743693,
        -0.23164398535138123,
        -0.09745245078894199,
        -0.3852800482583336,
        0.0509528126182925,
        -0.055555674274693344,
        -0.36770157362566447,
        -0.20922997808584426,
        0.07837846186254882,
        0.1767575308846338,
        0.3182722117186401,
        1.051686552708997,
        0.1116721891025127,
        -0.3225264952175225,
        -0.58716666657499,
        0.03385683063553785
      ],
      [
        -0.19898208584440122,
        -0.09601752016859116,
        -0.15518790845706032,
        -0.01101033879025876,
        0.24998895515323177,
        0.0671517336995734,
        -0.039658709259672076,
        -0.2348066247247189,
        -0.41867073617608924,
        -0.10980622729918434,
        0.017618099241079654,
        0.4540122278498072,
        0.033574148098885134,
        0.28739686245630086,
        -0.09033548857171862,
        -0.30055040109627656
      ],
      [
        -0.23702600257491271,
        -0.1734847212576081,
        0.5299537244166826,
        -0.18115928699225906,
        0.19311619839040717,
        -0.19784220268351926,
        0.23289325321856102,
        0.12034455500819963,
        -0.0391594744145226,
        0.0015801184352898909,
        -0.13263318691168788,
        0.12354779982535666,
        -0.1127403523545313,
        -0.2646894562412756,
        -0.2849959825168355,
        0.03883251993850942
      ],
      [
        0.40480648904270455,
        0.136351865255986,
        0.3924634114847046,
        0.23309666767161985,
        0.3078133942167482,
        -0.03718177549433582,
        -0.10273180770843429,
        0.5048073337574943,
        0.10718910961540337,
        0.42780056554856066,
        -0.009334485938566537,
        -0.3699888347020947,
        -0.34203979981141625,
        0.3966820246573328,
        0.26471635575753927,
        -0.04487980332065016
      ],
      [
        -0.085763155343901,
        0.4617150349231773,
        0.14536157250130316,
        -0.06204162196797241,
        0.14214465746230312,
        -0.19067868155019735,
        -0.001280466680017824,
        0.1873744316113939,
        0.08439363719973339,
        0.39573203287799186,
        -0.03249686851860669,
        0.09711312154724488,
        -0.5125430252577556,
        -0.028229558883008862,
        -0.37700764201150283,
        -0.304703265105907
      ],
      [
        -0.20950441679209172,
        0.01282310168742353,
        0.6510986286011782,
        -0.16995804666390685,
        -0.011029168061353616,
        -0.21306975916869456,
        -0.08191827359049021,
        0.47892461256867325,
        0.13452885925098151,
        0.3782110944102486,
        -0.09376951505651819,
        -0.23785722968964537,
        -0.05596470422012488,
        0.04457423941732603,
        -0.12205673482485727,
        -0.27109701805834163
      ],
      [
        0.0326561203470645,
        0.1534110443973527,
        1.0514915023956544,
        0.6308512855914017,
        -0.231997878849663,
        -0.16387324122259397,
        -0.3658605004592508,
        0.08055840275165047,
        0.07890125089758512,
        0.34532497277162105,
        -0.23741405467994514,
        -0.22740818678891875,
        -0.5368222574346637,
        -0.056716438536706285,
        -0.4318036774031758,
        -0.13235985684151844
      ],
      [
        -0.21921519454189706,
        -0.023565638563139247,
        -0.4394320978391578,
        -0.4181469505593182,
        0.39751812290043875,
        -0.32185564531850774,
        -0.2741963946136599,
        0.5150593723503802,
        0.7262667923101017,
        -0.33385929606753717,
        -0.31820037820239094,
        0.48941505799408236,
        0.44226169958079,
        -0.34064172611900506,
        -0.12901333197573076,
        0.1529956003274096
      ],
      [
        0.11294470659983509,
        -0.08621722293119465,
        -0.03561944982111866,
