{
  "layer_sizes": [
    32,
    16,
    3
  ],
  "learning_rate": 0.3,
  "seed": 42,
  "output_activation": "softmax",
  "weights": [
    [
      [
        0.07675186192923464,
        -0.2599960265601239,
        0.21872303512669852,
        0.2604691145916105,
        -0.47537622914746835,
        -0.3342935407734818,
        0.03196010079182134,
        -0.06084318718115632,
        0.03627218500065245,
        -0.21672968179147942,
        0.22447371924139486,
        0.19258365510770753,
        0.01650767439030401,
        0.32066627915277174,
        0.13110328969478516,
        -0.2174965019062026
      ],
      [
        0.09276028801125151,
        -0.23972065020724972,
        0.25072281150190234,
        0.01284645774724386,
        -0.03383302287032418,
        -0.17898105015888757,
        0.30563533466850756,
        -0.020414909612461264,
        -0.06660948116405213,
        -0.0915020875201418,
        0.1377015219140249,
        0.08949668734149002,
        0.1031831528989971,
        0.1465612281627343,
        0.5496378543493893,
        -0.10427714028154687
      ],
      [
        -0.12748809027725758,
        -0.20344318206196943,
        0.18510509181895815,
        0.3075710086740299,
        -0.01610429639772781,
        -0.21878778329853424,
        -0.2061203039228099,
        0.18086565786091455,
        0.2262860171775852,
        0.13231986717821434,
        -0.16175320129648585,
        0.05617600201715036,
        0.029171452285182056,
        0.09352812659301693,
        0.23208314861882123,
        0.05322550100827758
      ],
      [
        0.17030098275860048,
        0.016894767372222865,
        0.1033900858475804,
        0.1831499919534422,
        -0.35190638694792586,
        -0.0886664681472275,
        -0.11759316357319888,
        -0.1415020011560962,
        -0.028313088429946266,
        0.3702666279105145,
        -0.21183355339762308,
        0.24020525989834066,
        -0.4207174429039512,
        -0.04486528008568008,
        0.05491422040802517,
        0.1438821966544265
      ],
      [
        0.1783792369388405,
        0.1983368087999813,
        -0.05607103188702506,
        -0.09026001267233473,
        0.22687653833027938,
        -0.05657474527830592,
        -0.31892158083448047,
        -0.2651043425961306,
        -0.1893905971236782,
        0.1208214861153566,
        0.04023065954332896,
        0.1707570097674125,
        -0.10681316158413356,
        0.07849090017994223,
        0.17062355262360795,
        -0.08001002111545258
      ],
      [
        0.11476640137997966,
        -0.16548148526666281,
        -0.05965322546618361,
        -0.07010653800577522,
        -0.28657734338126917,
        0.11299445613849328,
        -0.11735058505068097,
        0.021340990586661134,
        0.1606591391032019,
        0.10816409410940162,
        0.17097050276888429,
        -0.026485699876885465,
        -0.10582457801103844,
        0.018926424684163886,
        -0.4076076543577336,
        -0.3644515042911648
      ],
      [
        -0.33010231109797383,
        -0.24931170690037044,
        0.13105379285594346,
        -0.2010418283462081,
        -0.08215807049385644,
        0.3160584103886141,
        -0.08906599276535648,
        0.2025963530215109,
        -0.19293194562574462,
        -0.05482808936499193,
        -0.23288128820195758,
        -0.08662259772467018,
        0.21007703436434888,
        -0.39297412838732365,
        0.12283186501823813,
        0.05676051439767649
      ],
      [
        -0.14796489693357184,
        -0.36151446359711364,
        0.0491426131035517,
        -0.10704524177214357,
        0.07055162085466694,
        -0.003285627677041471,
        0.40044472283022886,
        -0.04162144596351677,
        -0.2154018987787416,
        0.041350208840994614,
        0.05962339651862894,
        0.3379325650605796,
        0.20877781147864463,
        0.128073742198141,
        0.3800516769366643,
        -0.2998641497661057
      ],
      [
        -0.15936529119681017,
        -0.23164398535138123,
        -0.06634221461385763,
        -0.3188436013952702,
        0.171170304719592,
        -0.06430433833259554,
        -0.36770157362566447,
        -0.23567730939714618,
        0.11885093623927348,
        0.20606294207551087,
        0.5038069484486343,
        0.7266012877523035,
        0.1036023583189991,
        -0.20852855259720238,
        -0.5187856160510533,
        0.06425447940056597
      ],
      [
        -0.20266268183695474,
        -0.10383931504492133,
        -0.1219139635898678,
        -0.009869786110289217,
        0.27887762571290164,
        0.030513477803433952,
        -0.039658709259672076,
        -0.24069597730171363,
        -0.37819826179936444,
        -0.12504567716641712,
        -0.008821412178892468,
        0.4401181496454412,
        0.03256863036822146,
        0.28454085516652794,
        -0.11059794550301422,
        -0.2989093277896491
      ],
      [
        -0.2407065985674662,
        -0.1813065161339383,
        0.5632276692838754,
        -0.18001873431228943,
        0.22200486895007715,
        -0.23448045857965882,
        0.23289325321856102,
        0.114455202431205,
        0.0013129999622020292,
        -0.013659331431942923,
        -0.15907269833165988,
        0.10965372162099057,
        -0.113745870085195,
        -0.2675454635310485,
        -0.30525843944813097,
        0.040473593245136885
      ],
      [
        0.3953454060932355,
        0.03999790339335956,
        0.0014506546476136708,
        0.09678447039444278,
        0.33888300344269695,
        0.046096961283061885,
        -0.10273180770843429,
        0.2947896384197118,
        0.14766158399212803,
        0.38047029810091354,
        0.05043283483116418,
        -0.3079815866796546,
        -0.34203979981141625,
        0.4515879604685759,
        0.4451423843275981,
        -0.04755318950604315
      ],
      [
        -0.09522423829337014,
        0.36536107306055055,
        -0.24565118433578773,
        -0.1983538192451495,
        0.17321426668825202,
        -0.10739994477279957,
        -0.001280466680017824,
        -0.02264326372638887,
        0.12486611157645805,
        0.34840176543034473,
        0.02727045225112405,
        0.15912036956968492,
        -0.5125430252577556,
        0.026676376928234154,
        -0.196581613441444,
        -0.3073766512913
      ],
      [
        -0.21896549974156093,
        -0.08353086017520302,
        0.2600858717640876,
        -0.306270243941084,
        0.020040441164595316,
        -0.12979102239129683,
        -0.08191827359049021,
        0.2689069172308906,
        0.17500133362770615,
        0.33088082696260146,
        -0.03400219428678747,
        -0.1758499816672053,
        -0.05596470422012488,
        0.09948017522856908,
        0.05836929374520153,
        -0.2737704042437346
      ],
      [
        0.0231950373975954,
        0.057057082534726286,
        0.6604787455585643,
        0.4945390883142246,
        -0.2009282696237141,
        -0.0805945044451962,
        -0.3658605004592508,
        -0.12945929258613234,
        0.11937372527430978,
        0.29799470532397393,
        -0.1776467339102144,
        -0.16540093876647868,
        -0.5368222574346637,
        -0.0018105027254632748,
        -0.2513776488331169,
        -0.13503324302691147
      ],
      [
        -0.2186426025512703,
        -0.023565638563139247,
        -0.4083218616640735,
        -0.34143337585394057,
        0.5446943460230654,
        -0.33060430937641,
        -0.2741963946136599,
        0.4774458429850681,
        0.7667392666868267,
        -0.2963603571044199,
        -0.08743801367131995,
        0.08352455898559782,
        0.4321744111013981,
        -0.2078582921962957,
        -0.047093507353753665,
        0.19166100783004297
      ],
      [
        0.10926411060728146,
        -0.09403901780752481,
        -0.0023455049539259664,
