{
  "layer_sizes": [
    32,
    16,
    4
  ],
  "learning_rate": 0.3,
  "seed": 42,
  "output_activation": "softmax",
  "weights": [
    [
      [
        0.14020793151286057,
        -0.28028192125656576,
        0.24626986034185633,
        0.3463543308898479,
        -0.4376188418586422,
        -0.33906538984026396,
        0.03196010079182134,
        -0.06822924865313137,
        0.029270619116456568,
        -0.19549035782986574,
        0.199621109886051,
        0.1744257072406364,
        0.01650767439030401,
        0.2818103017420082,
        0.1331389539276377,
        -0.21482311572080956
      ],
      [
        0.15621635759487748,
        -0.2600065449036916,
        0.27826963671706023,
        0.0987316740454812,
        0.0039243644185017355,
        -0.18375289922566973,
        0.30563533466850756,
        -0.02780097108443636,
        -0.07361104704824799,
        -0.0702627635585281,
        0.11284891255868106,
        0.07133873947441896,
        0.1031831528989971,
        0.10770525075197068,
        0.5516735185822415,
        -0.1016037540961539
      ],
      [
        -0.06403202069363163,
        -0.22372907675841128,
        0.21265191703411593,
        0.39345622497226734,
        0.021653090891098112,
        -0.2235596323653164,
        -0.2061203039228099,
        0.17347959638893948,
        0.2192844512933894,
        0.15355919113982802,
        -0.1866058106518297,
        0.03801805415007935,
        0.029171452285182056,
        0.05467214918225324,
        0.23411881285167377,
        0.05589888719367057
      ],
      [
        0.23375705234222646,
        -0.0033911273242189593,
        0.13093691106273805,
        0.2690352082516794,
        -0.3141489996590997,
        -0.09343831721400975,
        -0.11759316357319888,
        -0.14888806262807128,
        -0.03531465431414216,
        0.3915059518721284,
        -0.23668616275296694,
        0.22204731203126954,
        -0.4207174429039512,
        -0.08372125749644371,
        0.056949884640877704,
        0.14655558283981954
      ],
      [
        0.24183530652246651,
        0.17805091410353943,
        -0.02852420667186735,
        -0.004374796374097322,
        0.26463392561910537,
        -0.06134659434508813,
        -0.31892158083448047,
        -0.2724904040681061,
        -0.19639216300787402,
        0.1420608100769703,
        0.01537805018798521,
        0.1525990619003414,
        -0.10681316158413356,
        0.03963492276917856,
        0.1726592168564605,
        -0.0773366349300596
      ],
      [
        0.17822247096360563,
        -0.1857673799631047,
        -0.032106400251025895,
        0.015778678292462177,
        -0.24881995609244298,
        0.10822260707171105,
        -0.11735058505068097,
        0.013954929114686047,
        0.15365757321900606,
        0.12940341807101535,
        0.14611789341354042,
        -0.04464364774395649,
        -0.10582457801103844,
        -0.019929552726599763,
        -0.4055719901248811,
        -0.3617781181057718
      ],
      [
        -0.2666462415143478,
        -0.26959760159681245,
        0.15860061807110118,
        -0.11515661204797079,
        -0.04440068320503055,
        0.3112865613218319,
        -0.08906599276535648,
        0.19521029154953584,
        -0.19993351150994043,
        -0.03358876540337815,
        -0.2577338975573014,
        -0.10478054559174124,
        0.21007703436434888,
        -0.43183010579808717,
        0.12486752925109067,
        0.05943390058306947
      ],
      [
        -0.08450882734994587,
        -0.3818003582935555,
        0.0766894383187094,
        -0.021160025473906136,
        0.10830900814349283,
        -0.00805747674382369,
        0.40044472283022886,
        -0.049007507435491884,
        -0.2224034646629374,
        0.0625895328026084,
        0.03477078716328518,
        0.3197746171935085,
        0.20877781147864463,
        0.08921776478737733,
        0.3820873411695168,
        -0.2971907635807127
      ],
      [
        -0.09590922161318423,
        -0.25192988004782313,
        -0.038795389398699955,
        -0.2329583850970327,
        0.20892769200841801,
        -0.06907618739937775,
        -0.36770157362566447,
        -0.2430633708691213,
        0.11184937035507762,
        0.22730226603712456,
        0.4789543390932906,
        0.7084433398852318,
        0.1036023583189991,
        -0.24738453000796604,
        -0.5167499518182012,
        0.06692786558595895
      ],
      [
        -0.25097451925274683,
        0.2856320699805971,
        -0.1485748098164689,
        -0.08581363448981177,
        0.1270960494125592,
        0.039262141861336156,
        0.022275221990199674,
        -0.1692915971281085,
        -0.49734051023978704,
        -0.09026545350298126,
        -0.09589123693046793,
        0.4918532264726147,
        0.03256863036822146,
        0.22948601394894796,
        -0.03977913962874657,
        -0.29623594160425615
      ],
      [
        -0.17725052898384022,
        -0.20159241083038018,
        0.5907744944990331,
        -0.09413351801405218,
        0.2597622562389031,
        -0.239252307646441,
        0.23289325321856102,
        0.10706914095922997,
        -0.005688565921993825,
        0.00757999252967083,
        -0.18392530768700374,
        0.09149577375391951,
        -0.113745870085195,
        -0.30640144094181204,
        -0.30322277521527846,
        0.04314697943052987
      ],
      [
        0.4911639605343111,
        0.07457524898098201,
        0.06702635963585589,
        0.24450011825130102,
        0.3842377714166137,
        0.03273781451179811,
        -0.09195857616972794,
        0.30987239990810483,
        0.14823404748998847,
        0.41844284787226865,
        -0.001608627156133302,
        -0.33018142906029835,
        -0.34203979981141625,
        0.40991423667980953,
        0.4722996019152988,
        -0.04487980332065016
      ],
      [
        -0.0317681687097442,
        0.34507517836410867,
        -0.21810435912062995,
        -0.1124686029469122,
        0.21097165397707804,
        -0.11217179383958181,
        -0.001280466680017824,
        -0.030029325198363963,
        0.1178645456922622,
        0.3696410893919586,
        0.002417842895780283,
        0.1409624217026138,
        -0.5125430252577556,
        -0.012179600482529487,
        -0.19454594920859147,
        -0.304703265105907
      ],
      [
        -0.2991035007741299,
        0.5655881148673279,
        0.23639128550314187,
        -0.4159580342444168,
        -0.22467380732531517,
        -0.12104235833339462,
        0.021304945159296044,
        0.40005919145672497,
        0.0034125691448184314,
        0.3865353998029384,
        -0.17603575185562148,
        -0.09086773945493588,
        -0.05596470422012488,
        0.033626091473111325,
        0.18588460629016357,
        -0.27109701805834163
      ],
      [
        -0.10929089992873933,
        -0.09991712207863845,
        0.2219789434462632,
        0.6124384283840985,
        0.06727392223397824,
        -0.07184584038729402,
        -0.3658605004592508,
        -0.4762843175507769,
        0.29963388983650896,
        0.5301509225374367,
        -0.04541202065279566,
        -0.13967731980181966,
        -0.5368222574346637,
        -0.04066648013622692,
        0.14073130396264844,
        -0.13235985684151844
      ],
      [
        -0.35112853987760523,
        -0.18053984317650404,
        -0.8468216637763749,
        -0.22353403578406644,
        0.812896537880758,
        -0.32185564531850774,
        -0.2741963946136599,
        0.13062081802042336,
        0.9469994312490256,
        -0.06420413989095704,
        0.04479669958609884,
        0.10924817795025678,
        0.4321744111013981,
        -0.24671426960705936,
        0.34501544544201174,
        0.194334394015436
      ],
      [
        0.04503919138310082,
        0.42525616222649976,
        -0.027523221197699416,
