{
  "layer_sizes": [
    32,
    16,
    3
  ],
  "learning_rate": 0.3,
  "seed": 42,
  "output_activation": "softmax",
  "weights": [
    [
      [
        0.07388558604826145,
        -0.2599960265601239,
        0.21005709359160385,
        0.2632108484286608,
        -0.4660495159377717,
        -0.3255448767155795,
        0.03196010079182134,
        -0.059083686116765864,
        0.0504199545187638,
        -0.1927411707023226,
        0.24917446448815608,
        0.18595943225387174,
        0.024240873176752113,
        0.27853466873349364,
        0.13727006688190535,
        -0.21482311572080956
      ],
      [
        0.08989401213027833,
        -0.23972065020724972,
        0.24205686996680767,
        0.01558819158429433,
        -0.0245063096606279,
        -0.17023238610098534,
        0.30563533466850756,
        -0.018655408548070854,
        -0.052461711645940844,
        -0.067513576430985,
        0.16240226716078612,
        0.08287246448765413,
        0.11091635168544522,
        0.10442961774345615,
        0.5558046315365094,
        -0.1016037540961539
      ],
      [
        -0.13035436615823068,
        -0.20344318206196943,
        0.17643915028386345,
        0.3103127425110802,
        -0.006777583188031518,
        -0.210039119240632,
        -0.2061203039228099,
        0.1826251589253051,
        0.24043378669569662,
        0.15630837826737115,
        -0.13705245604972463,
        0.04955177916331454,
        0.036904651071630185,
        0.05139651617373869,
        0.2382499258059414,
        0.05589888719367057
      ],
      [
        0.16743470687762738,
        0.016894767372222865,
        0.09472414431248556,
        0.18589172579049257,
        -0.34257967373822923,
        -0.07991780408932533,
        -0.11759316357319888,
        -0.13974250009170566,
        -0.01416531891183493,
        0.39425513899967124,
        -0.18713280815086186,
        0.23358103704450486,
        -0.4129842441175031,
        -0.08699689050495825,
        0.06108099759514532,
        0.14655558283981954
      ],
      [
        0.1755129610578674,
        0.1983368087999813,
        -0.06473697342211987,
        -0.08751827883528428,
        0.2362032515399757,
        -0.04782608122040372,
        -0.31892158083448047,
        -0.26334484153174065,
        -0.17524282760556678,
        0.1448099972045134,
        0.06493140479009019,
        0.16413278691357672,
        -0.09907996279768544,
        0.036359289760664014,
        0.17679032981072812,
        -0.0773366349300596
      ],
      [
        0.11190012549900648,
        -0.16548148526666281,
        -0.06831916700127842,
        -0.06736480416872476,
        -0.27725063017157253,
        0.12174312019639545,
        -0.11735058505068097,
        0.023100491651051543,
        0.1748069086213133,
        0.13215260519855848,
        0.1956712480156455,
        -0.03310992273072132,
        -0.09809137922459031,
        -0.0232051857351143,
        -0.40144087717061366,
        -0.3617781181057718
      ],
      [
        -0.332968586978947,
        -0.24931170690037044,
        0.12238785132084867,
        -0.19830009450915773,
        -0.07283135728416015,
        0.32480707444651635,
        -0.08906599276535648,
        0.20435585408590146,
        -0.1787841761076332,
        -0.03083957827583513,
        -0.20818054295519636,
        -0.09324682057850607,
        0.21781023315079684,
        -0.43510573880660175,
        0.1289986422053582,
        0.05943390058306947
      ],
      [
        -0.15083117281454494,
        -0.36151446359711364,
        0.04047667156845689,
        -0.1043035079350931,
        0.07987833406436323,
        0.00546303638086072,
        0.40044472283022886,
        -0.03986194489912638,
        -0.20125412926063016,
        0.06533871993015138,
        0.08432414176539016,
        0.3313083422067439,
        0.2165110102650926,
        0.0859421317788628,
        0.38621845412378425,
        -0.2971907635807127
      ],
      [
        -0.16223156707778327,
        -0.23164398535138123,
        -0.07500815614895247,
        -0.3161018675582199,
        0.18049701792928832,
        -0.055555674274693344,
        -0.36770157362566447,
        -0.23391780833275558,
        0.13299870575738487,
        0.23005145316466769,
        0.5285076936953955,
        0.7199770648984674,
        0.11133555710544722,
        -0.25066016301648053,
        -0.5126188388639332,
        0.06692786558595895
      ],
      [
        -0.20552895771792784,
        -0.10383931504492133,
        -0.13057990512496248,
        -0.007128052273238756,
        0.2882043389225983,
        0.039262141861336156,
        -0.039658709259672076,
        -0.23893647623732306,
        -0.36405049228125336,
        -0.10105716607726033,
        0.015879333067868776,
        0.4334939267916055,
        0.04030182915466959,
        0.24240924474724987,
        -0.10443116831589408,
        -0.29623594160425615
      ],
      [
        -0.2435728744484393,
        -0.1813065161339383,
        0.5545617277487809,
        -0.17727700047523906,
        0.23133158215977348,
        -0.2257317945217566,
        0.23289325321856102,
        0.11621470349559548,
        0.015460769480313368,
        0.010329179657213871,
        -0.13437195308489866,
        0.10302949876715468,
        -0.10601267129874688,
        -0.3096770739503266,
        -0.299091662261011,
        0.04314697943052987
      ],
      [
        0.37923863645446576,
        0.03999790339335956,
        0.16329407797407264,
        -0.23192753429668822,
        0.5322532089894373,
        0.054845625340964085,
        -0.10273180770843429,
        0.7178421070946872,
        0.2638839667911812,
        0.8280844348758386,
        -0.13294717858640934,
        -0.33439784522399485,
        -0.34203979981141625,
        0.39054746788615047,
        0.7831555535737191,
        -0.04487980332065016
      ],
      [
        -0.1113310079321399,
        0.36536107306055055,
        -0.08380776100932882,
        -0.5270658239362807,
        0.3665844722349923,
        -0.0986512807148974,
        -0.001280466680017824,
        0.40040920494858645,
        0.24108849437551122,
        0.7960159022052696,
        -0.15610956116644945,
        0.13270411102534468,
        -0.5125430252577556,
        -0.03436411565419141,
        0.1414315558046772,
        -0.304703265105907
      ],
      [
        -0.22183177562253403,
        -0.08353086017520302,
        0.25141993022899295,
        -0.3035285101040337,
        0.029367154374291618,
        -0.12104235833339462,
        -0.08191827359049021,
        0.27066641829528054,
        0.18914910314581757,
        0.3548693380517582,
        -0.009301449040026222,
        -0.1824742045210411,
        -0.04823150543367675,
        0.057348564809290854,
        0.06453607093232169,
        -0.27109701805834163
      ],
      [
        0.020328761516622173,
        0.057057082534726286,
        0.6518128040234699,
        0.49728082215127484,
        -0.1916015564140178,
        -0.07184584038729402,
        -0.3658605004592508,
        -0.1276997915217418,
        0.13352149479242117,
        0.32198321641313066,
        -0.1529459886634532,
        -0.17202516162031448,
        -0.5290890586482158,
        -0.04394211314474146,
        -0.24521087164599692,
        -0.13235985684151844
      ],
      [
        -0.2215088784322434,
        -0.023565638563139247,
        -0.4169878031991682,
        -0.33869164201689034,
        0.5540210592327616,
        -0.32185564531850774,
        -0.2741963946136599,
        0.479205344049458,
        0.7808870362049375,
        -0.27237184601526315,
        -0.06273726842455876,
        0.07690033613176193,
        0.43990760988784616,
        -0.24998990261557388,
        -0.040926730166633514,
        0.194334394015436
      ],
      [
        0.10639783472630827,
        -0.09403901780752481,
        -0.011011446489020752,
