{
  "layer_sizes": [
    32,
    16,
    4
  ],
  "learning_rate": 0.3,
  "seed": 42,
  "output_activation": "softmax",
  "weights": [
    [
      [
        0.07617926993860784,
        -0.2457524253143925,
        0.20648607577865802,
        0.23959782247645972,
        -0.44468655762428244,
        -0.31677534779027466,
        0.03156160408157633,
        -0.06842526157194023,
        0.02130232817309824,
        -0.20054464645481437,
        0.24421179240583146,
        0.17920584583991422,
        0.0119764963667642,
        0.3192097350248468,
        0.11462192904089857,
        -0.21482311572080956
      ],
      [
        0.09218769602062471,
        -0.22229868119604249,
        0.24752756388188749,
        -0.007030363137452719,
        0.0291992348260574,
        -0.18590171570547454,
        0.30563533466850756,
        -0.02562376608692202,
        -0.07217518414644208,
        -0.07045356081180834,
        0.17666364890135297,
        0.0421717465774193,
        0.1031831528989971,
        0.16203146902801585,
        0.532653214274501,
        -0.1016037540961539
      ],
      [
        -0.12806068226788433,
        -0.1891995808162381,
        0.17286813247091765,
        0.28669971655887916,
        0.014585375125457965,
        -0.20126959031532732,
        -0.2065188006330549,
        0.1732835834701306,
        0.2113161603500311,
        0.14850490251487938,
        -0.14201512813204925,
        0.042798192749357096,
        0.02464027426164225,
        0.09207158246509185,
        0.21560178796493462,
        0.05589888719367057
      ],
      [
        0.16972839076797372,
        0.0311383686179542,
        0.0911531264995397,
        0.16227869983829135,
        -0.32121671542473995,
        -0.07114827516402059,
        -0.11799166028344389,
        -0.14908407554688016,
        -0.04328294525750049,
        0.38645166324717983,
        -0.19209548023318648,
        0.22682745063054735,
        -0.4252486209274911,
        -0.04632182421360511,
        0.038432859754138564,
        0.14655558283981954
      ],
      [
        0.17780664494821374,
        0.21258041004571265,
        -0.06830799123506574,
        -0.11113130478748562,
        0.25756620985346523,
        -0.03905655229509896,
        -0.31932007754472547,
        -0.2726864169869149,
        -0.2043604539512323,
        0.13700652145202166,
        0.05996873270776568,
        0.1573792004996192,
        -0.11134433960767337,
        0.07703435605201718,
        0.15414219196972134,
        -0.0773366349300596
      ],
      [
        0.11419380938935286,
        -0.14805951625545558,
        -0.06284847308619855,
        -0.08998335889047178,
        -0.22354508568488735,
        0.10607379059190634,
        -0.11735058505068097,
        0.01613213411220038,
        0.15509343612081197,
        0.12921262081773505,
        0.20993262975621235,
        -0.07381064064095617,
        -0.10582457801103844,
        0.03439666554944535,
        -0.4245922944326218,
        -0.3617781181057718
      ],
      [
        -0.3306749030886006,
        -0.2318897378891632,
        0.12785854523592857,
        -0.22091864923090468,
        -0.019125812797474908,
        0.3091377448420273,
        -0.08906599276535648,
        0.1973874965470501,
        -0.1984976486081345,
        -0.03377956265665839,
        -0.19391916121462952,
        -0.13394753848874094,
        0.21007703436434888,
        -0.3775038875220424,
        0.10584722494335001,
        0.05943390058306947
      ],
      [
        -0.1485374889241986,
        -0.36151446359711364,
        -0.06521054509169084,
        -0.1323731772659506,
        -0.333573552433834,
        0.4603570336273856,
        0.3920447317524554,
        -0.05983890686825607,
        -0.319869877061441,
        0.009904908103334635,
        -0.18261399157647704,
        0.8662143034584524,
        0.11326421251785157,
        -0.0586698815268322,
        0.36582572280489045,
        -0.2971907635807127
      ],
      [
        -0.15993788318743693,
        -0.23164398535138123,
        -0.18069537280910017,
        -0.3441715368890772,
        -0.23295486856890876,
        0.3993383229718316,
        -0.3761015647034379,
        -0.2538947703018854,
        0.014382957956574,
        0.17461764133785102,
        0.26156956035352846,
        1.254883026150175,
        0.008088759358206018,
        -0.39527217632217565,
        -0.5330115701828273,
        0.06692786558595895
      ],
      [
        -0.2032352738275815,
        -0.10383931504492133,
        -0.1832943532268278,
        -0.035197721604096316,
        0.12404320123418003,
        0.2046781408600724,
        -0.042713251469771514,
        -0.2589134382064529,
        -0.44194182850553465,
        -0.13427297749951247,
        -0.09985042409345957,
        0.6334069909943679,
        -0.0021635874357032966,
        0.19190755182332453,
        -0.12482389963478802,
        -0.29623594160425615
      ],
      [
        -0.24127919055809297,
        0.04954515212898706,
        0.23235284830956063,
        -0.20534666980609653,
        0.34089972415743913,
        -0.3937312479223025,
        0.23289325321856102,
        -0.15031172337169113,
        -0.21645525444616276,
        0.31434772391435156,
        -0.3203704168305332,
        -0.012604422985350715,
        -0.113745870085195,
        0.21399761397427258,
        -0.3194843935799048,
        0.04314697943052987
      ],
      [
        0.3947728141026087,
        0.27084957165628504,
        -0.32942416632670096,
        0.07145653490063572,
        0.45777785865005893,
        -0.11315382805958199,
        -0.10273180770843429,
        0.030022712616815356,
        -0.07010667041623686,
        0.7084773534472082,
        -0.11086488366770897,
        -0.4302397312859958,
        -0.34203979981141625,
        0.9331310379738965,
        0.43091643019582426,
        -0.04487980332065016
      ],
      [
        -0.09579683028399694,
        0.5962127413234762,
        -0.5765260053101027,
        -0.2236817547389566,
        0.292109121895614,
        -0.26665073411544354,
        -0.001280466680017824,
        -0.287410189529285,
        -0.09290214283190683,
        0.6764088207766392,
        -0.1340272662477491,
        0.036862224963343626,
        -0.5125430252577556,
        0.5082194544335552,
        -0.21080756757321778,
        -0.304703265105907
      ],
      [
        -0.2195380917321877,
        -0.0882117535990561,
        0.9780177963049985,
        -0.04607807306004848,
        -0.16201772736336092,
        -0.23428241041549777,
        -0.08191827359049021,
        0.5255598725611329,
        0.14228910673380316,
        0.2251603606382996,
        -0.17252973655951812,
        -0.25876639625807163,
        -0.05596470422012488,
        -0.057168681274253876,
        0.02685528115369439,
        -0.27109701805834163
      ],
      [
        0.022622445406968554,
        -0.05993416808152142,
        0.35502782878362765,
        0.21785194405272387,
        0.29769492983159,
        0.1111975341064743,
        -0.3658605004592508,
        -0.09447573440132882,
        0.467189594367875,
        0.1962829992048346,
        0.3814516254213465,
        -0.2628913771862499,
        -0.5368222574346637,
        -0.10282258051881475,
        -0.2656036029648908,
        -0.13235985684151844
      ],
      [
        -0.21921519454189706,
        -0.1405568891793869,
        -0.7137727784390102,
        -0.6181205201154413,
        1.0433175454783694,
        -0.1388122708247395,
        -0.2741963946136599,
        0.5124294011698713,
        1.1145551357803911,
        -0.3980720632235591,
        0.4716603456602409,
        -0.013965879434173382,
        0.4321744111013981,
        -0.30887036998964723,
        -0.061319461485527436,
        0.194334394015436
      ],
      [
        0.10869151861665466,
        -0.07661704879631745,
        -0.005540752573940935,
