{
  "labels": [
    "Labor Markets",
    "Occupational Sociology",
    "Union Movements",
    "research"
  ],
  "feature_extractor": {
    "max_features": 32,
    "vocabulary": {
      "labor": 10,
      "markets": 12,
      "concept": 6,
      "sociology": 19,
      "work": 30,
      "social": 18,
      "requires": 16,
      "studying": 22,
      "analysis": 2,
      "common": 4,
      "techniques": 24,
      "awareness": 3,
      "academic": 0,
      "labor markets": 11,
      "sociology work": 20,
      "work sociology": 31,
      "studying definitions": 23,
      "researchers practitioners": 17,
      "solve practical": 21,
      "common techniques": 5,
      "techniques awareness": 25,
      "academic professional": 1,
      "occupational": 14,
      "occupational sociology": 15,
      "union": 26,
      "movements": 13,
      "union movements": 27,
      "gender": 8,
      "data": 7,
      "visualizations": 29,
      "visual": 28,
      "gender data": 9
    },
    "idf": [
      1.0,
      1.2231435513142097,
      1.0,
      1.0,
      1.0,
      1.2231435513142097,
      1.2231435513142097,
      1.916290731874155,
      1.916290731874155,
      1.916290731874155,
      1.916290731874155,
      1.916290731874155,
      1.916290731874155,
      1.916290731874155,
      1.916290731874155,
      1.916290731874155,
      1.2231435513142097,
      1.2231435513142097,
      1.0,
      1.0,
      1.0,
      1.2231435513142097,
      1.2231435513142097,
      1.2231435513142097,
      1.2231435513142097,
      1.2231435513142097,
      1.916290731874155,
      1.916290731874155,
      1.916290731874155,
      1.916290731874155,
      1.0,
      1.2231435513142097
    ]
  },
  "scope": "sociology_of_work",
  "grade": "preschool"
}