{
  "layer_sizes": [
    32,
    16,
    3
  ],
  "learning_rate": 0.3,
  "seed": 42,
  "output_activation": "softmax",
  "weights": [
    [
      [
        0.08075688103682373,
        -0.2599960265601239,
        0.21863052264121385,
        0.2662163739173578,
        -0.4691297475894931,
        -0.32693317135192024,
        0.03196010079182134,
        -0.04781000629718613,
        0.02992986359926563,
        -0.20416589076067404,
        0.2253130257067463,
        0.19256377153374413,
        0.01650767439030401,
        0.31673470805593146,
        0.1168773355630114,
        -0.2134246918090714
      ],
      [
        0.0967653071188406,
        -0.23972065020724972,
        0.2506302990164176,
        0.01859371707299113,
        -0.027586541312348927,
        -0.17162068073732606,
        0.30563533466850756,
        -0.00738172872849106,
        -0.07295180256543894,
        -0.07893829648933648,
        0.13854082837937634,
        0.0894768037675267,
        0.1031831528989971,
        0.14262965706589387,
        0.5354119002176153,
        -0.10020533018441559
      ],
      [
        -0.12348307116966843,
        -0.20344318206196943,
        0.18501257933347345,
        0.31331826799977713,
        -0.009857814839752567,
        -0.21142741387697273,
        -0.2061203039228099,
        0.19389883874488492,
        0.21994369577619838,
        0.14488365820901972,
        -0.1609138948311344,
        0.05615611844318707,
        0.029171452285182056,
        0.08959655549617644,
        0.21785719448704746,
        0.05729731110540883
      ],
      [
        0.17430600186618964,
        0.016894767372222865,
        0.10329757336209547,
        0.1888972512791895,
        -0.3456599053899506,
        -0.08130609872566603,
        -0.11759316357319888,
        -0.12846882027212583,
        -0.03465540983133313,
        0.38283041894131986,
        -0.21099424693227165,
        0.24018537632437728,
        -0.4207174429039512,
        -0.04879685118252054,
        0.0406882662762514,
        0.1479540067515577
      ],
      [
        0.20880892224679032,
        0.1983368087999813,
        0.2950304985547213,
        -0.5142939861472899,
        0.7386530830518809,
        -0.05722842981763075,
        -0.31892158083448047,
        0.05514183840558726,
        -0.05533367620948105,
        0.23732217678786766,
        -0.11121925908208356,
        0.24936920494468595,
        -0.10681316158413356,
        -0.2982043374694214,
        0.15639759849183418,
        -0.0773366349300596
      ],
      [
        0.11877142048756875,
        -0.16548148526666281,
        -0.05974573795166853,
        -0.06435927868002791,
        -0.2803308618232939,
        0.12035482556005475,
        -0.11735058505068097,
        0.03437417147063132,
        0.15431681770181502,
        0.12072788514020694,
        0.17180980923423572,
        -0.02650558345084878,
        -0.10582457801103844,
        0.014994853587323437,
        -0.42183360848950746,
        -0.36037969419403343
      ],
      [
        -0.32609729199038484,
        -0.24931170690037044,
        0.1309612803704586,
        -0.1952945690204608,
        -0.07591158893588114,
        0.32341877981017564,
        -0.08906599276535648,
        0.21562953390548126,
        -0.19927426702713144,
        -0.04226429833418659,
        -0.23204198173660615,
        -0.0866424812986335,
        0.21007703436434888,
        -0.39690569948416393,
        0.10860591088646433,
        0.06083232449480774
      ],
      [
        -0.14395987782598269,
        -0.36151446359711364,
        0.04905010061806676,
        -0.10129798244639623,
        0.07679810241264225,
        0.004074741744520017,
        0.40044472283022886,
        -0.028588265079546624,
        -0.2217442201801285,
        0.053913999871799956,
        0.06046270298398056,
        0.33791268148661635,
        0.20877781147864463,
        0.12414217110130053,
        0.36582572280489045,
        -0.29579233966897434
      ],
      [
        -0.155360272089221,
        -0.23164398535138123,
        -0.06643472709934256,
        -0.31309634206952297,
        0.17741678627756732,
        -0.056943968911034044,
        -0.36770157362566447,
        -0.22264412851317575,
        0.11250861483788668,
        0.21862673310631625,
        0.5046462549139856,
        0.7265814041783397,
        0.1036023583189991,
        -0.21246012369404282,
        -0.5330115701828273,
        0.06832628949769726
      ],
      [
        -0.19865766272936558,
        -0.10383931504492133,
        -0.12200647607535249,
        -0.004122526784541955,
        0.2851241072708769,
        0.037873847224995455,
        -0.039658709259672076,
        -0.22766279641774329,
        -0.3845405832007516,
        -0.1124818861356118,
        -0.007982105713540874,
        0.44009826607147795,
        0.03256863036822146,
        0.28060928406968766,
        -0.12482389963478802,
        -0.29483751769251776
      ],
      [
        -0.23670157945987705,
        -0.1813065161339383,
        0.5631351567983904,
        -0.17427147498654214,
        0.22825135050805248,
        -0.2271200891580973,
        0.23289325321856102,
        0.12748838331517534,
        -0.005029321439184786,
        -0.00109554040113761,
        -0.15823339186630844,
        0.10963383804702725,
        -0.113745870085195,
        -0.2714770346278888,
        -0.3194843935799048,
        0.044545403342268135
      ],
      [
        0.40392803629904056,
        0.03999790339335956,
        0.032375865851728164,
        0.13360692453974446,
        0.3637585345746387,
        0.05206903606828268,
        -0.10273180770843429,
        0.3390734610923915,
        0.17544941556607907,
        0.40212918026443994,
        0.05673567328755502,
        -0.30988568257711097,
        -0.34203979981141625,
        0.4825807956856588,
        0.43091643019582426,
        -0.042082955497173696
      ],
      [
        -0.09121921918578105,
        0.36536107306055055,
        -0.24574369682127267,
        -0.1926065599194022,
        0.17946074824622735,
        -0.1000395753512381,
        -0.001280466680017824,
        -0.009610082842418667,
        0.11852379017507125,
        0.3609655564611501,
        0.02810975871647563,
        0.15910048599572155,
        -0.5125430252577556,
        0.022744805831393704,
        -0.21080756757321778,
        -0.3033048411941686
      ],
      [
        -0.21496048063397177,
        -0.08353086017520302,
        0.25999335927860273,
        -0.3005229846153368,
        0.026286922722570584,
        -0.12243065296973532,
        -0.08191827359049021,
        0.2819400981148603,
        0.16865901222631932,
        0.3434446179934068,
        -0.03316288782143585,
        -0.17586986524116868,
        -0.05596470422012488,
        0.0955486041317286,
        0.04414333961342776,
        -0.26969859414660324
      ],
      [
        0.027200056505184412,
        0.057057082534726286,
        0.6603862330730794,
        0.5002863476399718,
        -0.19468178806573877,
        -0.07323413502363472,
        -0.3658605004592508,
        -0.11642611170216205,
        0.11303140387292299,
        0.3105584963547793,
        -0.17680742744486297,
        -0.16542082234044206,
        -0.5368222574346637,
        -0.005742073822303719,
        -0.2656036029648908,
        -0.13096143292978027
      ],
      [
        -0.21463758344368114,
        -0.023565638563139247,
        -0.40841437414955856,
        -0.3356861165281934,
        0.5509408275810403,
        -0.32324393995484846,
        -0.2741963946136599,
        0.4904790238690378,
        0.7603969452854394,
        -0.28379656607361453,
        -0.08659870720596842,
        0.0835046754116345,
        0.4321744111013981,
        -0.21178986329313615,
        -0.061319461485527436,
        0.19573281792717417
      ],
      [
        0.11326912971487055,
        -0.09403901780752481,
