{
  "labels": [
    "Hamiltonian Mechanics",
    "Lagrangian Mechanics",
    "Newtonian Mechanics",
    "literature",
    "research"
  ],
  "feature_extractor": {
    "max_features": 32,
    "vocabulary": {
      "newtonian": 14,
      "mechanics": 10,
      "science": 27,
      "natural": 13,
      "understanding": 30,
      "requires": 23,
      "researchers": 25,
      "vocabulary": 31,
      "newtonian mechanics": 15,
      "science natural": 28,
      "requires studying": 24,
      "questions contemporary": 20,
      "lagrangian": 7,
      "lagrangian mechanics": 8,
      "hamiltonian": 3,
      "hamiltonian mechanics": 4,
      "pride": 18,
      "prejudice": 17,
      "illustration": 5,
      "jane": 6,
      "austen": 0,
      "critical": 2,
      "miss": 11,
      "character": 1,
      "pride prejudice": 19,
      "miss austen": 12,
      "rsx": 26,
      "rad": 21,
      "sex": 29,
      "marker": 9,
      "radsex": 22,
      "posterior": 16
    },
    "idf": [
      2.09861228866811,
      2.09861228866811,
      2.09861228866811,
      2.09861228866811,
      2.09861228866811,
      2.09861228866811,
      2.09861228866811,
      2.09861228866811,
      2.09861228866811,
      2.09861228866811,
      1.4054651081081644,
      2.09861228866811,
      2.09861228866811,
      1.1823215567939547,
      2.09861228866811,
      2.09861228866811,
      2.09861228866811,
      2.09861228866811,
      2.09861228866811,
      2.09861228866811,
      1.4054651081081644,
      2.09861228866811,
      2.09861228866811,
      1.4054651081081644,
      1.4054651081081644,
      1.4054651081081644,
      2.09861228866811,
      1.4054651081081644,
      1.4054651081081644,
      2.09861228866811,
      1.4054651081081644,
      1.4054651081081644
    ]
  },
  "scope": "classical_mechanics",
  "grade": "preschool"
}