{
  "layer_sizes": [
    32,
    16,
    3
  ],
  "learning_rate": 0.3,
  "seed": 42,
  "output_activation": "softmax",
  "weights": [
    [
      [
        0.07617926993860784,
        -0.2465093302697002,
        0.19821757742874227,
        0.2922300372308551,
        -0.4712356319511255,
        -0.3255448767155795,
        0.03196010079182134,
        -0.06597715359344525,
        0.034115241538027814,
        -0.19005996835155428,
        0.22821355771631913,
        0.20526579707978057,
        0.013115868960375743,
        0.27706275732565183,
        0.1168773355630114,
        -0.17571341021948195
      ],
      [
        0.09218769602062471,
        -0.226233953916826,
        0.2302173538039461,
        0.0446073803864882,
        -0.02969242567398169,
        -0.17023238610098534,
        0.30563533466850756,
        -0.025548876024750214,
        -0.06876642462667681,
        -0.06483237408021666,
        0.14144136038894917,
        0.10217882931356297,
        0.09979134746906884,
        0.10295770633561432,
        0.5354119002176153,
        -0.0624940485948263
      ],
      [
        -0.12806068226788433,
        -0.1899564857715457,
        0.16459963412100187,
        0.3393319313132745,
        -0.011963699201385318,
        -0.210039119240632,
        -0.2061203039228099,
        0.17573169144862552,
        0.22412907371496066,
        0.15898958061813948,
        -0.1580133628215616,
        0.06885814398922332,
        0.02577964685525379,
        0.049924604765896885,
        0.21785719448704746,
        0.09500859269499816
      ],
      [
        0.16972839076797372,
        0.030381463662646532,
        0.08288462814962388,
        0.21491091459268646,
        -0.347765789751583,
        -0.07991780408932533,
        -0.11759316357319888,
        -0.14663596756838523,
        -0.030470031892570925,
        0.3969363413504394,
        -0.20809371492269882,
        0.2528874018704137,
        -0.4241092483338795,
        -0.08846880191280007,
        0.0406882662762514,
        0.18566528834114715
      ],
      [
        0.17780664494821374,
        0.21182350509040504,
        -0.07657648958498155,
        -0.0584990900330904,
        0.23101713552662193,
        -0.04782608122040372,
        -0.31892158083448047,
        -0.27023830900842,
        -0.19154754058630274,
        0.14749119955528173,
        0.04397049801825327,
        0.18343915173948555,
        -0.11020496701406182,
        0.0348873783528222,
        0.15639759849183418,
        -0.03822692942873199
      ],
      [
        0.11419380938935286,
        -0.15199478897623908,
        -0.0801586831641401,
        -0.038345615366530854,
        -0.2824367461849263,
        0.12174312019639545,
        -0.11735058505068097,
        0.01620702417437216,
        0.15850219564057733,
        0.13483380754932675,
        0.17471034124380855,
        -0.013803557904812525,
        -0.10921638344096668,
        -0.024677097142956114,
        -0.42183360848950746,
        -0.322668412604444
      ],
      [
        -0.3306749030886006,
        -0.2358250106099467,
        0.110548335157987,
        -0.16928090570696383,
        -0.07801747329751402,
        0.32480707444651635,
        -0.08906599276535648,
        0.19746238660922188,
        -0.19508888908836916,
        -0.028158375925066825,
        -0.22914144972703332,
        -0.07394045575259724,
        0.20668522893442057,
        -0.43657765021444356,
        0.10860591088646433,
        0.09854360608439706
      ],
      [
        -0.1485374889241986,
        -0.34802776730668983,
        0.02863715540559524,
        -0.07528431913289925,
        0.0746922180510094,
        0.00546303638086072,
        0.40044472283022886,
        -0.04675541237580574,
        -0.21755884224136612,
        0.06801992228091976,
        0.06336323499355324,
        0.35061470703265235,
        0.20538600604871632,
        0.08447022037102098,
        0.36582572280489045,
        -0.2580810580793849
      ],
      [
        -0.15993788318743693,
        -0.2181572890609575,
        -0.08684767231181414,
        -0.2870826787560256,
        0.17531090191593454,
        -0.055555674274693344,
        -0.36770157362566447,
        -0.2408112758094352,
        0.1166939927766488,
        0.232732655515436,
        0.5075467869235587,
        0.739283429724376,
        0.10021055288907085,
        -0.2521320744243224,
        -0.5330115701828273,
        0.10603757108728655
      ],
      [
        -0.2032352738275815,
        -0.09035261875449771,
        -0.14241942128782406,
        0.021891136528955083,
        0.2830182229092445,
        0.039262141861336156,
        -0.039658709259672076,
        -0.24582994371400282,
        -0.380355205261989,
        -0.09837596372649199,
        -0.005081573703968181,
        0.45280029161751395,
        0.029176824938293197,
        0.24093733333940806,
        -0.12482389963478802,
        -0.25712623610292834
      ],
      [
        -0.24127919055809297,
        -0.16781981984351457,
        0.5427222115859192,
        -0.14825781167304516,
        0.2261454661464197,
        -0.2257317945217566,
        0.23289325321856102,
        0.1093212360189161,
        -0.0008439435004225837,
        0.013010382007982175,
        -0.15533285985673562,
        0.12233586359306352,
        -0.11713767551512325,
        -0.31114898535816843,
        -0.3194843935799048,
        0.08225668493185745
      ],
      [
        0.3947728141026087,
        0.05348459968378321,
        -0.01905480305034279,
        0.1285453930336871,
        0.3430236006390398,
        0.054845625340964085,
        -0.10273180770843429,
        0.28965567200742237,
        0.14550464052950346,
        0.40714001154083845,
        0.05417267330608849,
        -0.29529944470758185,
        -0.34543160524134453,
        0.407984438641456,
        0.43091643019582426,
        -0.005770097819322555
      ],
      [
        -0.09579683028399694,
        0.6148263020693945,
        -0.27263155497619135,
        -0.456363943833601,
        0.4889324599289475,
        -0.0986512807148974,
        -0.001280466680017824,
        -0.03386318246065697,
        0.11066284972784825,
        0.6638151470718758,
        0.2924954086679964,
        0.3265041915038742,
        -0.5125430252577556,
        -0.04433276625507696,
        -0.21080756757321778,
        -0.3402612895071321
      ],
      [
        -0.2195380917321877,
        0.1659343688336411,
        0.23310550112368372,
        -0.5642803685295354,
        0.33575863440529086,
        -0.12104235833339462,
        -0.08191827359049021,
        0.2576869984966222,
        0.16079807177909633,
        0.6462942086041328,
        0.23122276213008494,
        -0.008466159733016147,
        -0.05596470422012488,
        0.02847103204525793,
        0.04414333961342776,
        -0.3066550424595667
      ],
      [
        0.022622445406968554,
        0.07054377882514992,
        0.6399732878606081,
        0.5263000109534692,
        -0.19678767242737158,
        -0.07184584038729402,
        -0.3658605004592508,
        -0.13459325899842137,
        0.1172167818116851,
        0.32466441876389884,
        -0.17390689543529014,
        -0.15271879679440564,
        -0.540214062864592,
        -0.04541402455258327,
        -0.2656036029648908,
        -0.09325015134019086
      ],
      [
        -0.21921519454189706,
        -0.01007894227271559,
        -0.4288273193620299,
        -0.30967245321469605,
        0.548834943219408,
        -0.32185564531850774,
        -0.2741963946136599,
        0.4723118765727787,
        0.7645823232242018,
        -0.26969064366449497,
        -0.08369817519639572,
        0.09620670095767077,
        0.4287826056714698,
        -0.2514618140234157,
        -0.061319461485527436,
        0.23344409951676362
      ],
      [
        0.10869151861665466,
        -0.08055232151710118,
        -0.022850962651882432,
