{
  "layer_sizes": [
    32,
    16,
    3
  ],
  "learning_rate": 0.3,
  "seed": 42,
  "output_activation": "softmax",
  "weights": [
    [
      [
        0.07617926993860784,
        -0.26236404901328597,
        0.2229399914749278,
        0.2244513176901588,
        -0.4808809661916046,
        -0.33283651327385555,
        0.03196010079182134,
        -0.07906064808589555,
        -0.004200289376072199,
        -0.18674512383816497,
        0.2666967220755321,
        0.2106173308290379,
        0.01650767439030401,
        0.2770144009799231,
        0.1168773355630114,
        -0.17493175881550976
      ],
      [
        0.09218769602062471,
        -0.24208867266041184,
        0.2549397678501315,
        -0.023171339154207857,
        -0.03933775991446039,
        -0.17752402265926148,
        0.30563533466850756,
        -0.03863237051720054,
        -0.1070819555407768,
        -0.06151752956682737,
        0.1799245247481621,
        0.10753036306282038,
        0.1031831528989971,
        0.10290934998988546,
        0.5354119002176153,
        -0.06171239719085403
      ],
      [
        -0.12806068226788433,
        -0.20344318206196943,
        0.49804632250420044,
        0.2210845458185651,
        0.07654537138728738,
        -0.210039119240632,
        -0.2061203039228099,
        0.16264819695617527,
        0.18581354280086057,
        0.5207436430675856,
        -0.38548114557374924,
        -0.0931362840482205,
        0.029171452285182056,
        0.022191485767973654,
        0.21785719448704746,
        -0.01777845676024857
      ],
      [
        0.16972839076797372,
        0.016894767372222865,
        0.4163313165328225,
        0.09666352909797729,
        -0.25925671916291054,
        -0.07991780408932533,
        -0.11759316357319888,
        -0.15971946206083548,
        -0.06878556280667093,
        0.7586904037998857,
        -0.4355614976748865,
        0.09089297383296967,
        -0.4207174429039512,
        -0.1162019209107233,
        0.0406882662762514,
        0.07287823888590042
      ],
      [
        0.17780664494821374,
        0.1959687863468192,
        -0.05185407553879598,
        -0.12627780957378643,
        0.22137180128614317,
        -0.055117717778679846,
        -0.31892158083448047,
        -0.28332180350087016,
        -0.22986307150040283,
        0.15080604406867104,
        0.08245366237746628,
        0.1887906854887429,
        -0.10681316158413356,
        0.03483902200709333,
        0.15639759849183418,
        -0.03744527802475974
      ],
      [
        0.11419380938935286,
        -0.16784950771982493,
        -0.055436269117954504,
        -0.10612433490722689,
        -0.2920820804254054,
        0.11445148363811934,
        -0.11735058505068097,
        0.0031235296819218574,
        0.12018666472647724,
        0.13814865206271604,
        0.2131935056030215,
        -0.008452024155555085,
        -0.10582457801103844,
        -0.02472545348868499,
        -0.42183360848950746,
        -0.32188676120047177
      ],
      [
        -0.3306749030886006,
        -0.25167972935353256,
        0.13527074920417262,
        -0.23705962524765986,
        -0.08766280753799274,
        0.3175154378882403,
        -0.08906599276535648,
        0.18437889211677164,
        -0.23340442000246925,
        -0.024843531411677482,
        -0.1906582853678204,
        -0.06858892200333983,
        0.21007703436434888,
        -0.4366260065601723,
        0.10860591088646433,
        0.09932525748836936
      ],
      [
        -0.1485374889241986,
        -0.36388248605027573,
        0.0533595694517808,
        -0.14306303867359527,
        0.0650468838105307,
        -0.0018286001774154028,
        0.40044472283022886,
        -0.05983890686825607,
        -0.25587437315546624,
        0.0713347667943091,
        0.10184639935276626,
        0.3559662407819099,
        0.20877781147864463,
        0.08442186402529211,
        0.36582572280489045,
        -0.2572994066754127
      ],
      [
        -0.15993788318743693,
        -0.23401200780454334,
        -0.062125258265628557,
        -0.35486139829672186,
        0.1656655676754558,
        -0.06284731083296947,
        -0.36770157362566447,
        -0.2538947703018854,
        0.07837846186254882,
        0.23604750002882532,
        0.5460299512827717,
        0.7446349634736332,
        0.1036023583189991,
        -0.2521804307700512,
        -0.5330115701828273,
        0.10681922249125882
      ],
      [
        -0.2032352738275815,
        -0.10620733749808345,
        -0.11769700724163859,
        -0.04588758301174095,
        0.2733728886687654,
        0.03197050530306003,
        -0.039658709259672076,
        -0.2589134382064529,
        -0.41867073617608924,
        -0.09506111921310269,
        0.033401590655244826,
        0.4581518253667715,
        0.03256863036822146,
        0.24088897699367917,
        -0.12482389963478802,
        -0.2563445846989561
      ],
      [
        -0.24127919055809297,
        -0.18367453858710042,
        0.5674446256321051,
        -0.2160365312137412,
        0.21650013190594095,
        -0.23302343108003273,
        0.23289325321856102,
        0.09623774152646579,
        -0.0391594744145226,
        0.016325226521371514,
        -0.11684969549752268,
        0.12768739734232093,
        -0.113745870085195,
        -0.3111973417038972,
        -0.3194843935799048,
        0.08303833633582977
      ],
      [
        0.3947728141026087,
        0.037629880940197445,
        0.005667610995842799,
        0.0607666734929911,
        0.3333782663985607,
        0.04755398878268796,
        -0.10273180770843429,
        0.2765721775149722,
        0.10718910961540337,
        0.41045485605422805,
        0.0926558376653015,
        -0.2899479109583243,
        -0.34203979981141625,
        0.40793608229572725,
        0.43091643019582426,
        -0.00498844641535027
      ],
      [
        -0.09579683028399694,
        0.36299305060738846,
        -0.2414342279875586,
        -0.23437161614660126,
        0.1677095296441158,
        -0.10594291727317351,
        -0.001280466680017824,
        -0.040860724631128144,
        0.08439363719973339,
        0.37838632338365924,
        0.06949345508526134,
        0.1771540452910153,
        -0.5125430252577556,
        -0.01697550124461471,
        -0.21080756757321778,
        -0.26481190820060696
      ],
      [
        -0.2195380917321877,
        -0.08589888262836513,
        0.2643028281123166,
        -0.34228804084253567,
        0.01453570412045908,
        -0.12833399489167072,
        -0.08191827359049021,
        0.25068945632615103,
        0.13452885925098151,
        0.36086538491591597,
        0.008220808547349828,
        -0.15781630594587492,
        -0.05596470422012488,
        0.05582829705572017,
        0.04414333961342776,
        -0.23120566115304175
      ],
      [
        0.022622445406968554,
        0.05468906008156417,
        0.6646957019067941,
        0.45852129141277287,
        -0.2064330066678503,
        -0.07913747694557013,
        -0.3658605004592508,
        -0.14767675349087162,
        0.07890125089758512,
        0.32797926327728844,
        -0.13542373107607722,
        -0.1473672630451483,
        -0.5368222574346637,
        -0.045462380898312144,
        -0.2656036029648908,
        -0.09246849993621857
      ],
      [
        -0.21921519454189706,
        -0.025933661016301363,
        -0.40410490531584453,
        -0.3774511727553923,
        0.5391896089789291,
        -0.32914728187678377,
        -0.2741963946136599,
        0.4592283820803285,
        0.7262667923101017,
        -0.2663757991511054,
        -0.045215010837182656,
        0.10155823470692818,
        0.4321744111013981,
        -0.2515101703691445,
        -0.061319461485527436,
        0.2342257509207358
      ],
      [
        0.10869151861665466,
        -0.09640704026068693,
        0.0018714513943031551,
