{
  "labels": [
    "Internal Alchemy (Neidan)",
    "Philosophical Taoism",
    "Religious Taoism"
  ],
  "feature_extractor": {
    "max_features": 32,
    "vocabulary": {
      "philosophical": 27,
      "taoism": 31,
      "core": 18,
      "concept": 14,
      "asian": 9,
      "definitions": 20,
      "development": 23,
      "analysis": 4,
      "apply": 8,
      "design": 21,
      "awareness": 11,
      "contemporary": 16,
      "applications": 6,
      "academic": 0,
      "philosophical taoism": 28,
      "core concept": 19,
      "concept taoism": 15,
      "asian religions": 10,
      "analysis relationships": 5,
      "design experiments": 22,
      "common techniques": 13,
      "awareness open": 12,
      "contemporary applications": 17,
      "applications academic": 7,
      "academic professional": 1,
      "religious": 29,
      "religious taoism": 30,
      "internal": 24,
      "alchemy": 2,
      "neidan": 26,
      "internal alchemy": 25,
      "alchemy neidan": 3
    },
    "idf": [
      1.0,
      1.0,
      1.6931471805599454,
      1.6931471805599454,
      1.0,
      1.0,
      1.0,
      1.0,
      1.0,
      1.0,
      1.0,
      1.0,
      1.0,
      1.0,
      1.0,
      1.0,
      1.0,
      1.0,
      1.0,
      1.0,
      1.0,
      1.0,
      1.0,
      1.0,
      1.6931471805599454,
      1.6931471805599454,
      1.6931471805599454,
      1.6931471805599454,
      1.6931471805599454,
      1.6931471805599454,
      1.6931471805599454,
      1.0
    ]
  },
  "scope": "taoism",
  "grade": "preschool"
}