{
  "layer_sizes": [
    32,
    16,
    3
  ],
  "learning_rate": 0.3,
  "seed": 42,
  "output_activation": "softmax",
  "weights": [
    [
      [
        0.07862321663190186,
        -0.23443101052380955,
        0.21774870433063773,
        0.26591399068769095,
        -0.46653599684870106,
        -0.3255448767155795,
        0.03196010079182134,
        -0.07906064808589555,
        -0.004200289376072199,
        -0.1890608427961395,
        0.2243338370538412,
        0.19419335034975774,
        0.01650767439030401,
        0.27372541416949664,
        0.1168773355630114,
        -0.19334646628826316
      ],
      [
        0.09463164271391873,
        -0.21415563417093544,
        0.24974848070584155,
        0.018291333843324275,
        -0.024992790571557146,
        -0.17023238610098534,
        0.30563533466850756,
        -0.03863237051720054,
        -0.1070819555407768,
        -0.06383324852480185,
        0.13756163972647123,
        0.09110638258354026,
        0.1031831528989971,
        0.09962036317945913,
        0.5354119002176153,
        -0.08012710466360742
      ],
      [
        -0.1256167355745904,
        -0.17787816602565515,
        0.18413076102289733,
        0.3130158847701102,
        -0.007264064098960748,
        -0.210039119240632,
        -0.2061203039228099,
        0.16264819695617527,
        0.18581354280086057,
        0.15998870617355426,
        -0.16189308348403952,
        0.05778569725920059,
        0.029171452285182056,
        0.04658726160974169,
        0.21785719448704746,
        0.07737553662621705
      ],
      [
        0.17217233746126764,
        0.04245978340853715,
        0.10241575505151945,
        0.18859486804952258,
        -0.3430661546491586,
        -0.07991780408932533,
        -0.11759316357319888,
        -0.15971946206083548,
        -0.06878556280667093,
        0.3979354669058546,
        -0.21197343558517676,
        0.24181495514039086,
        -0.4207174429039512,
        -0.09180614506895526,
        0.0406882662762514,
        0.16803223227236594
      ],
      [
        0.1802505916415077,
        0.2239018248362956,
        -0.05704536268308601,
        -0.08481513657625425,
        0.23571677062904645,
        -0.04782608122040372,
        -0.31892158083448047,
        -0.28332180350087016,
        -0.22986307150040283,
        0.14849032511069654,
        0.04009077735577543,
        0.17236670500946272,
        -0.10681316158413356,
        0.03155003519666701,
        0.15639759849183418,
        -0.05585998549751314
      ],
      [
        0.11663775608264688,
        -0.13991646923034853,
        -0.060627556262244524,
        -0.06466166190969473,
        -0.2777371110825019,
        0.12174312019639545,
        -0.11735058505068097,
        0.0031235296819218574,
        0.12018666472647724,
        0.13583293310474154,
        0.1708306205813306,
        -0.024876004634835237,
        -0.10582457801103844,
        -0.028014440299111303,
        -0.42183360848950746,
        -0.3403014686732254
      ],
      [
        -0.3282309563953067,
        -0.22374669086405616,
        0.13007946205988255,
        -0.19559695225012771,
        -0.07331783819508941,
        0.32480707444651635,
        -0.08906599276535648,
        0.18437889211677164,
        -0.23340442000246925,
        -0.027159250369652013,
        -0.23302117038951126,
        -0.08501290248261995,
        0.21007703436434888,
        -0.43991499337059875,
        0.10860591088646433,
        0.08091055001561594
      ],
      [
        -0.14609354223090465,
        -0.33594944756079914,
        0.048168282307490776,
        -0.10160036567606305,
        0.079391853153434,
        0.00546303638086072,
        0.40044472283022886,
        -0.05983890686825607,
        -0.25587437315546624,
        0.06901904783633458,
        0.05948351433107541,
        0.3395422603026298,
        0.20877781147864463,
        0.08113287721486578,
        0.36582572280489045,
        -0.2757141141481663
      ],
      [
        -0.157493936494143,
        -0.20607896931506695,
        -0.06731654540991858,
        -0.3133987252991899,
        0.18001053701835906,
        -0.055555674274693344,
        -0.36770157362566447,
        -0.2538947703018854,
        0.07837846186254882,
        0.2337317810708508,
        0.503667066261081,
        0.7282109829943527,
        0.1036023583189991,
        -0.2554694175804776,
        -0.5330115701828273,
        0.08840451501850542
      ],
      [
        -0.20079132713428754,
        -0.07827429900860713,
        -0.12288829438592859,
        -0.004424910014208823,
        0.28771785801166894,
        0.039262141861336156,
        -0.039658709259672076,
        -0.2589134382064529,
        -0.41867073617608924,
        -0.09737683817107717,
        -0.008961294366445969,
        0.4417278448874914,
        0.03256863036822146,
        0.23759999018325284,
        -0.12482389963478802,
        -0.27475929217170975
      ],
      [
        -0.22472734474533482,
        0.059122654500907666,
        0.9204623612072717,
        -0.882955401334237,
        0.7168966997105194,
        -0.2257317945217566,
        0.23289325321856102,
        0.09623774152646579,
        -0.0391594744145226,
        0.3233614615406982,
        -0.11557761937375842,
        0.13910230127515677,
        -0.113745870085195,
        -0.3192217649125725,
        -0.3194843935799048,
        -0.10052133509191956
      ],
      [
        0.4113246599153669,
        0.28042707402820555,
        0.3586853465710105,
        -0.6061521966275045,
        0.8337748342031394,
        0.054845625340964085,
        -0.10273180770843429,
        0.2765721775149722,
        0.10718910961540337,
        0.7174910910735542,
        0.09392791378906572,
        -0.2785330070254886,
        -0.34203979981141625,
        0.39991165908705195,
        0.43091643019582426,
        -0.18854811784309958
      ],
      [
        -0.09335288359070291,
        0.39092608909686505,
        -0.24662551513184858,
        -0.19290894314906912,
        0.1820544989870191,
        -0.0986512807148974,
        -0.001280466680017824,
        -0.040860724631128144,
        0.08439363719973339,
        0.3760706044256848,
        0.02713057006357054,
        0.16073006481173513,
        -0.5125430252577556,
        -0.020264488055041028,
        -0.21080756757321778,
        -0.2832266156733606
      ],
      [
        -0.21709414503889374,
        -0.05796584413888877,
        0.2591115409680268,
        -0.3008253678450037,
        0.02888067346336236,
        -0.12104235833339462,
        -0.08191827359049021,
        0.25068945632615103,
        0.13452885925098151,
        0.3585496659579415,
        -0.034142076474341,
        -0.1742402864251551,
        -0.05596470422012488,
        0.05253931024529385,
        0.04414333961342776,
        -0.24962036862579529
      ],
      [
        0.02506639210026257,
        0.08262209857104047,
        0.6595044147625033,
        0.4999839644103049,
        -0.19208803732494703,
        -0.07184584038729402,
        -0.3658605004592508,
        -0.14767675349087162,
        0.07890125089758512,
        0.325663544319314,
        -0.17778661609776808,
        -0.16379124352442848,
        -0.5368222574346637,
        -0.04875136770873846,
        -0.2656036029648908,
        -0.11088320740897199
      ],
      [
        -0.21677124784860313,
        0.0019993774731750288,
        -0.40929619246013443,
        -0.33598849975786027,
        0.5535345783218328,
        -0.32185564531850774,
        -0.2741963946136599,
        0.4592283820803285,
        0.7262667923101017,
        -0.2686915181090798,
        -0.08757789585887342,
        0.08513425422764806,
        0.4321744111013981,
        -0.2547991571795709,
        -0.061319461485527436,
        0.2158110434479824
      ],
      [
        0.11113546530994868,
        -0.06847400177121062,
        -0.0033198357499868987,
