{
  "layer_sizes": [
    32,
    16,
    3
  ],
  "learning_rate": 0.3,
  "seed": 42,
  "output_activation": "softmax",
  "weights": [
    [
      [
        0.07209432885662129,
        -0.2621166050960524,
        0.22640890539177835,
        0.2604408820378349,
        -0.46540482135277206,
        -0.32694767571864763,
        0.03196010079182134,
        -0.04817444502691245,
        0.02781511574188673,
        -0.1994671507290721,
        0.23016680312035717,
        0.19931116527524867,
        0.01650767439030401,
        0.31289676936278504,
        0.1168773355630114,
        -0.2167667885014568
      ],
      [
        0.08810275493863816,
        -0.24184122874317823,
        0.2584086817669821,
        0.01281822519346818,
        -0.023861615075628034,
        -0.17163518510405346,
        0.30563533466850756,
        -0.007746167458217428,
        -0.0750665504228179,
        -0.07423955645773458,
        0.1433946057929872,
        0.09622419750903108,
        0.1031831528989971,
        0.1387917183727475,
        0.5354119002176153,
        -0.10354742687680113
      ],
      [
        -0.1321456233498708,
        -0.20556376059789794,
        0.19279096208403795,
        0.30754277612025444,
        -0.0061328886030316805,
        -0.21144191824370012,
        -0.2061203039228099,
        0.19353440001515848,
        0.21782894791881957,
        0.14958239824062167,
        -0.15606011741752354,
        0.06290351218469145,
        0.029171452285182056,
        0.08575861680303005,
        0.21785719448704746,
        0.053955214413023346
      ],
      [
        0.16564344968598727,
        0.014774188836294366,
        0.1110759561126601,
        0.18312175939966643,
        -0.34193497915322957,
        -0.08132060309239345,
        -0.11759316357319888,
        -0.12883325900185227,
        -0.036770157688712,
        0.3875291589729218,
        -0.20614046951866077,
        0.2469327700658818,
        -0.4207174429039512,
        -0.05263478987566686,
        0.0406882662762514,
        0.1446119100591723
      ],
      [
        0.1737217038662273,
        0.1962162302640528,
        -0.048385161621945325,
        -0.09028824522611037,
        0.23684794612497548,
        -0.049228880223471834,
        -0.31892158083448047,
        -0.2524356004418871,
        -0.19784766638244383,
        0.13808401717776392,
        0.045923743422291365,
        0.17748451993495365,
        -0.10681316158413356,
        0.07072139038995537,
        0.15639759849183418,
        -0.07928030771070683
      ],
      [
        0.11010886830736631,
        -0.16760206380259132,
        -0.05196735520110389,
        -0.07013477055955085,
        -0.27660593558657287,
        0.12034032119332734,
        -0.11735058505068097,
        0.03400973274090497,
        0.15220206984443624,
        0.1254266251718089,
        0.1766635866478466,
        -0.019758189709344415,
        -0.10582457801103844,
        0.011156914894177063,
        -0.42183360848950746,
        -0.36372179088641904
      ],
      [
        -0.3347598441705872,
        -0.2514322854362989,
        0.1387396631210232,
        -0.20107006089998386,
        -0.07218666269916033,
        0.32340427544344824,
        -0.08906599276535648,
        0.21526509517575482,
        -0.20138901488451025,
        -0.03756555830258467,
        -0.22718820432299527,
        -0.07989508755712912,
        0.21007703436434888,
        -0.40074363817731035,
        0.10860591088646433,
        0.05749022780242225
      ],
      [
        -0.15262243000618506,
        -0.36363504213304215,
        0.056828483368631444,
        -0.10707347432591918,
        0.08052302864936309,
        0.004060237377792609,
        0.40044472283022886,
        -0.028952703809272975,
        -0.22385896803750724,
        0.05861273990340187,
        0.06531648039759134,
        0.34466007522812053,
        0.20877781147864463,
        0.12030423240815417,
        0.36582572280489045,
        -0.29913443636135995
      ],
      [
        -0.16402282426942338,
        -0.23376456388730973,
        -0.05865634434877796,
        -0.31887183394904567,
        0.1811417125142881,
        -0.056958473277761455,
        -0.36770157362566447,
        -0.2230085672429022,
        0.11039386698050771,
        0.2233254731379182,
        0.5095000323275967,
        0.7333287979198435,
        0.1036023583189991,
        -0.2162980623871892,
        -0.5330115701828273,
        0.06498419280531172
      ],
      [
        -0.20732021490956795,
        -0.10595989358084983,
        -0.11422809332478794,
        -0.009898018664064916,
        0.28884903350759794,
        0.037859342858268044,
        -0.039658709259672076,
        -0.22802723514746975,
        -0.38665533105813027,
        -0.10778314610400991,
        -0.003128328299930058,
        0.44684565981298213,
        0.03256863036822146,
        0.2767713453765412,
        -0.12482389963478802,
        -0.29817961438490337
      ],
      [
        -0.26894481646096907,
        -0.1813065161339383,
        0.8686127408702867,
        -0.48119402200243494,
        0.5390680363759592,
        -0.23523237522950488,
        0.23289325321856102,
        0.46280390414799244,
        0.11041578084434359,
        0.123447819801768,
        -0.28762812927252934,
        0.0741907283010958,
        -0.113745870085195,
        -0.5658308260912255,
        -0.3194843935799048,
        0.04314697943052987
      ],
      [
        0.3671071881997326,
        0.03999790339335956,
        0.3068357262340248,
        -0.20439081729570258,
        0.6559461708685789,
        0.04534504463321579,
        -0.10273180770843429,
        0.643138340136499,
        0.2567643648742696,
        0.5175774493346244,
        -0.07812259610970515,
        -0.3434445799995496,
        -0.34203979981141625,
        0.15330259790839884,
        0.43091643019582426,
        -0.04487980332065016
      ],
      [
        -0.09988177136598349,
        0.36324049452462204,
        -0.23796531407070784,
        -0.19838205179892526,
        0.18318567448294812,
        -0.10005407971796551,
        -0.001280466680017824,
        -0.009974521572145026,
        0.11640904231769228,
        0.365664296492752,
        0.03296353613008645,
        0.16584787973722606,
        -0.5125430252577556,
        0.018906867138247338,
        -0.21080756757321778,
        -0.3066469378865542
      ],
      [
        -0.22362303281417414,
        -0.08565143871113151,
        0.26777174202916737,
        -0.3062984764948595,
        0.03001184895929146,
        -0.12244515733646273,
        -0.08191827359049021,
        0.28157565938513407,
        0.16654426436894051,
        0.34814335802500873,
        -0.02830911040782505,
        -0.16912247149966417,
        -0.05596470422012488,
        0.09171066543858224,
        0.04414333961342776,
        -0.27304069083898885
      ],
      [
        0.018537504324982,
        0.054936503998797785,
        0.668164615823644,
        0.49451085576044906,
        -0.190956861829018,
        -0.07324863939036214,
        -0.3658605004592508,
        -0.1167905504318884,
        0.11091665601554401,
        0.3152572363863812,
        -0.1719536500312521,
        -0.15867342859893754,
        -0.5368222574346637,
        -0.009580012515450091,
        -0.2656036029648908,
        -0.13430352962216568
      ],
      [
        -0.2233001356238835,
        -0.025686217099067748,
        -0.40063599139899364,
        -0.3414616084077161,
        0.5546657538177617,
        -0.32325844432157586,
        -0.2741963946136599,
        0.49011458513931155,
        0.7582821974280607,
        -0.2790978260420126,
        -0.08174492979235759,
        0.09025206915313888,
        0.4321744111013981,
        -0.21562780198628254,
        -0.061319461485527436,
        0.19239072123478876
      ],
      [
        0.10460657753466811,
        -0.09615959634345331,
        0.005340365311153773,
