{
  "labels": [
    "Gynecology",
    "Maternal-Fetal Medicine",
    "Obstetrics",
    "research"
  ],
  "feature_extractor": {
    "max_features": 32,
    "vocabulary": {
      "obstetrics": 18,
      "concept": 7,
      "gynecology": 11,
      "clinical": 3,
      "medicine": 16,
      "broader": 1,
      "health": 12,
      "sciences": 27,
      "requires": 23,
      "relationships": 21,
      "researchers": 25,
      "vocabulary": 28,
      "models": 17,
      "common": 5,
      "concept obstetrics": 8,
      "obstetrics gynecology": 19,
      "clinical medicine": 4,
      "broader domain": 2,
      "requires studying": 24,
      "relationships neighboring": 22,
      "researchers practitioners": 26,
      "vocabulary foundational": 29,
      "common techniques": 6,
      "maternal": 14,
      "fetal": 9,
      "maternal fetal": 15,
      "fetal medicine": 10,
      "women": 30,
      "benchmark": 0,
      "query": 20,
      "women health": 31,
      "health benchmark": 13
    },
    "idf": [
      1.916290731874155,
      1.2231435513142097,
      1.2231435513142097,
      1.2231435513142097,
      1.2231435513142097,
      1.2231435513142097,
      1.2231435513142097,
      1.2231435513142097,
      1.2231435513142097,
      1.916290731874155,
      1.916290731874155,
      1.0,
      1.0,
      1.916290731874155,
      1.916290731874155,
      1.916290731874155,
      1.0,
      1.0,
      1.0,
      1.0,
      1.916290731874155,
      1.2231435513142097,
      1.2231435513142097,
      1.2231435513142097,
      1.2231435513142097,
      1.2231435513142097,
      1.2231435513142097,
      1.2231435513142097,
      1.2231435513142097,
      1.2231435513142097,
      1.916290731874155,
      1.916290731874155
    ]
  },
  "scope": "obstetrics_and_gynecology",
  "grade": "preschool"
}