{
  "labels": [
    "Aggregations",
    "JOINs",
    "SELECT Statements",
    "research"
  ],
  "feature_extractor": {
    "max_features": 32,
    "vocabulary": {
      "select": 21,
      "statements": 27,
      "concept": 4,
      "sql": 25,
      "queries": 18,
      "generation": 14,
      "definitions": 8,
      "development": 12,
      "methods": 16,
      "design": 10,
      "experiments": 13,
      "solve": 24,
      "vocabulary": 30,
      "models": 17,
      "common": 3,
      "contemporary": 6,
      "academic": 0,
      "settings": 23,
      "select statements": 22,
      "core concept": 7,
      "concept sql": 5,
      "sql queries": 26,
      "code generation": 2,
      "definitions historical": 9,
      "design experiments": 11,
      "vocabulary foundational": 31,
      "joins": 15,
      "aggregations": 1,
      "text": 28,
      "rewards": 20,
      "reward": 19,
      "text sql": 29
    },
    "idf": [
      1.2231435513142097,
      1.916290731874155,
      1.2231435513142097,
      1.2231435513142097,
      1.2231435513142097,
      1.2231435513142097,
      1.2231435513142097,
      1.2231435513142097,
      1.2231435513142097,
      1.2231435513142097,
      1.2231435513142097,
      1.2231435513142097,
      1.2231435513142097,
      1.0,
      1.0,
      1.916290731874155,
      1.0,
      1.0,
      1.0,
      1.916290731874155,
      1.916290731874155,
      1.916290731874155,
      1.916290731874155,
      1.2231435513142097,
      1.2231435513142097,
      1.0,
      1.0,
      1.916290731874155,
      1.916290731874155,
      1.916290731874155,
      1.2231435513142097,
      1.2231435513142097
    ]
  },
  "scope": "sql_queries",
  "grade": "preschool"
}