{
  "layer_sizes": [
    32,
    16,
    3
  ],
  "learning_rate": 0.3,
  "seed": 42,
  "output_activation": "softmax",
  "weights": [
    [
      [
        0.07513642493508561,
        -0.264518215842446,
        0.22022730029312113,
        0.26291063010323434,
        -0.46840548132994436,
        -0.3267547459151969,
        0.03196010079182134,
        -0.08751498223905271,
        0.042788141456280855,
        -0.213260981893395,
        0.2309763035453772,
        0.21056698759658918,
        0.02254716288330993,
        0.31795889745969724,
        0.1168773355630114,
        -0.21482311572080956
      ],
      [
        0.09114485101710249,
        -0.24424283948957182,
        0.25222707666832495,
        0.01528797325886781,
        -0.026862275052800234,
        -0.1714422553006027,
        0.30563533466850756,
        -0.04708670467035769,
        -0.06009352470842374,
        -0.0880333876220574,
        0.14420410621800725,
        0.1074800198303716,
        0.109222641392003,
        0.14385384646965974,
        0.5354119002176153,
        -0.1016037540961539
      ],
      [
        -0.12910352727140653,
        -0.20796537134429152,
        0.1866093569853807,
        0.3100125241856537,
        -0.00913354858020386,
        -0.21124898844024936,
        -0.2061203039228099,
        0.1541938628030181,
        0.23280197363321356,
        0.13578856707629874,
        -0.1552506169925035,
        0.07415933450603196,
        0.035210940778187955,
        0.09082074489994227,
        0.21785719448704746,
        0.05589888719367057
      ],
      [
        0.16868554576445152,
        0.012372578089900766,
        0.10489435101400287,
        0.18559150746506617,
        -0.34493563913040187,
        -0.08112767328894269,
        -0.11759316357319888,
        -0.16817379621399264,
        -0.021797131974317856,
        0.37373532780859897,
        -0.20533096909364074,
        0.25818859238722236,
        -0.41467795441094557,
        -0.047572661778754695,
        0.0406882662762514,
        0.14655558283981954
      ],
      [
        0.17676379994469155,
        0.19381461951765921,
        -0.054566766720602546,
        -0.08781849716071076,
        0.2338472861478033,
        -0.04903595042002108,
        -0.31892158083448047,
        -0.2917761376540273,
        -0.18287464066804984,
        0.12429018601344101,
        0.046733243847311326,
        0.18874034225629416,
        -0.10077367309112767,
        0.0757835184868676,
        0.15639759849183418,
        -0.0773366349300596
      ],
      [
        0.11315096438583064,
        -0.1700036745489849,
        -0.05814896029976109,
        -0.06766502249415124,
        -0.2796065955637452,
        0.1205332509967781,
        -0.11735058505068097,
        -0.0053308044712353005,
        0.16717509555883023,
        0.11163279400748602,
        0.17747308707286663,
        -0.008502367388003881,
        -0.09978508951803254,
        0.016219042991089273,
        -0.42183360848950746,
        -0.3617781181057718
      ],
      [
        -0.33171774809212284,
        -0.25383389618269253,
        0.13255805802236603,
        -0.19860031283458413,
        -0.07518732267633252,
        0.323597205246899,
        -0.08906599276535648,
        0.1759245579636145,
        -0.18641598917011626,
        -0.051359389466907504,
        -0.22637870389797524,
        -0.0686392652357886,
        0.21611652285735483,
        -0.39568151008039815,
        0.10860591088646433,
        0.05943390058306947
      ],
      [
        -0.1495803339277208,
        -0.36603665287943576,
        0.05064687826997421,
        -0.1046037262605196,
        0.0775223686721909,
        0.004253167181243363,
        0.40044472283022886,
        -0.06829324102141322,
        -0.20888594232311322,
        0.04481890873907904,
        0.06612598082261131,
        0.3559158975494612,
        0.21481729997165058,
        0.1253663605050664,
        0.36582572280489045,
        -0.2971907635807127
      ],
      [
        -0.16098072819095913,
        -0.23616617463370332,
        -0.06483794944743516,
        -0.3164020858836464,
        0.17814105253711593,
        -0.0567655434743107,
        -0.36770157362566447,
        -0.26234910445504256,
        0.12536689269490187,
        0.20953164197359528,
        0.5103095327526165,
        0.7445846202411849,
        0.10964184681200499,
        -0.21123593429027698,
        -0.5330115701828273,
        0.06692786558595895
      ],
      [
        -0.2042781188311037,
        -0.10836150432724344,
        -0.12040969842344527,
        -0.007428270598665281,
        0.28584837353042564,
        0.038052272661718796,
        -0.039658709259672076,
        -0.26736777235961007,
        -0.37168230534373625,
        -0.12157697726833272,
        -0.0023188278749101177,
        0.4581014821343228,
        0.03860811886122737,
        0.28183347347345344,
        -0.12482389963478802,
        -0.29623594160425615
      ],
      [
        -0.24232203556161516,
        -0.1858287054162604,
        0.564731934450298,
        -0.17757721880066546,
        0.2289756167676011,
        -0.22694166372137395,
        0.23289325321856102,
        0.08778340737330863,
        0.007828956417830454,
        -0.010190631533858506,
        -0.15257011402767753,
        0.1276370541098722,
        -0.10770638159218911,
        -0.270252845224123,
        -0.3194843935799048,
        0.04314697943052987
      ],
      [
        0.3937299690990865,
        0.03547571411103746,
        0.0029549198140361947,
        0.09922598590606675,
        0.34585375126022094,
        0.053635756141346726,
        -0.10273180770843429,
        0.26811784336181504,
        0.1541775404477564,
        0.383938997998998,
        0.05693541913514655,
        -0.289998254190773,
        -0.3360003113184106,
        0.4488805787755014,
        0.43091643019582426,
        -0.04487980332065016
      ],
      [
        -0.09683967528751916,
        0.3608388837782284,
        -0.244146919169365,
        -0.19591230373352553,
        0.18018501450577595,
        -0.09986114991451475,
        -0.001280466680017824,
        -0.0493150587842853,
        0.1313820680320864,
        0.3518704653284292,
        0.033773036555106405,
        0.17710370205856657,
        -0.5065035367647491,
        0.02396899523515954,
        -0.21080756757321778,
        -0.304703265105907
      ],
      [
        -0.2205809367357099,
        -0.08805304945752512,
        0.2615901369305102,
        -0.3038287284294602,
        0.027011188982119284,
        -0.12225222753301197,
        -0.08191827359049021,
        0.24223512217299387,
        0.1815172900833345,
        0.3343495268606859,
        -0.02749960998280511,
        -0.15786664917832366,
        -0.04992521572711897,
        0.09677279353549442,
        0.04414333961342776,
        -0.27109701805834163
      ],
      [
        0.02157960040344633,
        0.05253489325240419,
        0.661983010724987,
        0.49698060382584835,
        -0.19395752180619016,
        -0.07305570958691138,
        -0.3658605004592508,
        -0.15613108764402878,
        0.1258896817299381,
        0.3014634052220584,
        -0.17114414960623206,
        -0.14741760627759704,
        -0.5307827689416572,
        -0.004517884418537878,
        -0.2656036029648908,
        -0.13235985684151844
      ],
      [
        -0.22025803954541925,
        -0.028087827845461346,
        -0.4068175964976508,
        -0.3389918603423168,
        0.5516650938405896,
        -0.3230655145181251,
        -0.2741963946136599,
        0.45077404792717135,
        0.773255223142455,
        -0.2928916572063354,
        -0.08093542936733761,
        0.1015078914744794,
        0.4382138995944037,
        -0.2105656738893703,
        -0.061319461485527436,
        0.194334394015436
      ],
      [
        0.10764867361313243,
        -0.09856120708984692,
        -0.00084123978750345,
