{
  "layer_sizes": [
    32,
    16,
    3
  ],
  "learning_rate": 0.3,
  "seed": 42,
  "output_activation": "softmax",
  "weights": [
    [
      [
        0.07617926993860784,
        -0.24919019152666738,
        0.23500835461235334,
        0.22067851942695751,
        -0.46868857983959844,
        -0.309251914927874,
        0.03196010079182134,
        -0.02491276192234214,
        0.016703154631719015,
        -0.16511101608192208,
        0.2169752180538545,
        0.20470660699440515,
        0.01650767439030401,
        0.27360911864433,
        0.16213887373159147,
        -0.217144910229896
      ],
      [
        0.09218769602062471,
        -0.22891481517379328,
        0.2670081309875571,
        -0.02694413741740921,
        -0.027145373562454677,
        -0.15393942431327995,
        0.30563533466850756,
        0.015515515646352881,
        -0.08617851153298557,
        -0.03988342181058443,
        0.13020302072648454,
        0.10161963922818766,
        0.1031831528989971,
        0.09950406765429252,
        0.5806734383861959,
        -0.10392554860524035
      ],
      [
        -0.12806068226788433,
        -0.31579766879486565,
        0.5133292096775303,
        -0.21056528489726495,
        0.12233563202502007,
        -0.427496972929714,
        -0.2061203039228099,
        0.7205944662044987,
        0.32738397194399793,
        0.6059108360422156,
        -0.3200520636309513,
        0.24860030802150418,
        0.029171452285182056,
        0.04045055414429908,
        0.5814632567380111,
        0.05589888719367057
      ],
      [
        0.16972839076797372,
        0.027700602405679325,
        0.11967540533323504,
        0.14335939678878915,
        -0.34521873764005595,
        -0.0636248423016199,
        -0.11759316357319888,
        -0.10557157589728211,
        -0.04788211879887971,
        0.4218852936200721,
        -0.21933205458516344,
        0.25232821178503834,
        -0.4207174429039512,
        -0.09192244059412187,
        0.0859498044448315,
        0.1442337883307331
      ],
      [
        0.17780664494821374,
        0.20914264383343775,
        -0.03978571240137036,
        -0.13005060783698777,
        0.23356418763814887,
        -0.031533119432698334,
        -0.31892158083448047,
        -0.22917391733731676,
        -0.20895962749261168,
        0.17244015182491396,
        0.03273215835578864,
        0.18287996165411013,
        -0.10681316158413356,
        0.03143373967150039,
        0.20165913666041427,
        -0.07965842943914606
      ],
      [
        0.11419380938935286,
        -0.15467565023320637,
        -0.04336790598052891,
        -0.10989713317042825,
        -0.27988969407339925,
        0.13803608198410086,
        -0.11735058505068097,
        0.057271415845475265,
        0.14109010873426842,
        0.15978275981895895,
        0.16347200158134392,
        -0.014362747990187795,
        -0.10582457801103844,
        -0.02813073582427792,
        -0.3765720703209276,
        -0.3640999126148583
      ],
      [
        -0.3306749030886006,
        -0.238505871866914,
        0.1473391123415982,
        -0.24083242351086112,
        -0.07547042118598699,
        0.34110003623422186,
        -0.08906599276535648,
        0.2385267782803251,
        -0.2125009759946781,
        -0.003209423655434542,
        -0.24037978938949794,
        -0.07449964583797254,
        0.21007703436434888,
        -0.44003128889576537,
        0.1538674490550444,
        0.05711210607398307
      ],
      [
        -0.1485374889241986,
        -0.35070862856365714,
        0.06542793258920641,
        -0.14683583693679655,
        0.07723927016253644,
        0.02175599816856614,
        0.40044472283022886,
        -0.0056910207047026476,
        -0.23497092914767503,
        0.09296887455055204,
        0.05212489533108862,
        0.3500555169472772,
        0.20877781147864463,
        0.08101658168969918,
        0.4110872609734703,
        -0.2995125580897992
      ],
      [
        -0.15993788318743693,
        -0.22083815031792478,
        -0.050056895128202966,
        -0.35863419655992324,
        0.1778579540274615,
        -0.039262712486987955,
        -0.36770157362566447,
        -0.19974688413833197,
        0.09928190587034004,
        0.25768160778506816,
        0.49630844726109413,
        0.7387242396390009,
        0.1036023583189991,
        -0.2555857131056442,
        -0.48775003201424744,
        0.0646060710768725
      ],
      [
        -0.2032352738275815,
        -0.09303348001146486,
        -0.10562864410421305,
        -0.049660381274942315,
        0.28556527502077156,
        0.05555510364904154,
        -0.039658709259672076,
        -0.20476555204289945,
        -0.39776729216829804,
        -0.0734270114568597,
        -0.016319913366432803,
        0.4522411015321388,
        0.03256863036822146,
        0.23748369465808622,
        -0.07956236146620793,
        -0.29855773611334263
      ],
      [
        -0.24127919055809297,
        -0.17050068110048186,
        0.5795129887695302,
        -0.21980932947694246,
        0.22869251825794665,
        -0.2094388327340512,
        0.23289325321856102,
        0.1503856276900193,
        -0.01825603040673138,
        0.03795933427761444,
        -0.16657119951920024,
        0.12177667350768821,
        -0.113745870085195,
        -0.31460262403949024,
        -0.2742228554113249,
        0.04082518492144347
      ],
      [
        0.3947728141026087,
        0.05080373842681599,
        0.017735974133268394,
        0.05699387522978971,
        0.34557065275056686,
        0.07113858712866951,
        -0.10273180770843429,
        0.3307200636785256,
        0.12809255362319463,
        0.4320889638104711,
        0.04293433364362386,
        -0.295858634792957,
        -0.34203979981141625,
        0.4045307999601342,
        0.4761779683644041,
        -0.04720159782973656
      ],
      [
        -0.09579683028399694,
        0.38697274312746344,
        -0.181970309189394,
        -0.2526070740806486,
        0.19897213331998198,
        -0.06606535713948666,
        -0.001280466680017824,
        0.0674350476959787,
        0.12620052521531586,
        0.44817039695137506,
        0.01689767540173103,
        0.18150194459355062,
        -0.5125430252577556,
        -0.028581966677885803,
        -0.1202844912360576,
        -0.30934685412407986
      ],
      [
        -0.2195380917321877,
        -0.07272502514174654,
        0.2763711912497423,
        -0.34606083910573704,
        0.02672809047246481,
        -0.1047493965456892,
        -0.08191827359049021,
        0.3048373424897044,
        0.15543230325877266,
        0.38249949267215905,
        -0.04150069547432779,
        -0.16372702978050768,
        -0.05596470422012488,
        0.05242301472012723,
        0.08940487778200784,
        -0.2734188125674281
      ],
      [
        0.022622445406968554,
        0.06786291756818275,
        0.6767640650442192,
        0.4547484931495715,
        -0.1942406203158446,
        -0.05555287859958863,
        -0.3658605004592508,
        -0.09352886732731822,
        0.09980469490537634,
        0.3496133710335315,
        -0.18514523509775477,
        -0.15327798687978106,
        -0.5368222574346637,
        -0.048867663233905075,
        -0.22034206479631072,
        -0.13468165135060486
      ],
      [
        -0.21921519454189706,
        -0.012759803529682789,
        -0.3920365421784188,
        -0.3812239710185937,
        0.5513819953309349,
        -0.30556268353080224,
        -0.2741963946136599,
        0.5133762682438817,
        0.7471702363178928,
        -0.2447416913948623,
        -0.09493651485886037,
        0.09564751087229546,
        0.4321744111013981,
        -0.25491545270473753,
        -0.016057923316947317,
        0.19201259950634958
      ],
      [
        0.10869151861665466,
        -0.08323318277406834,
        0.013939814531728743,
