{
  "layer_sizes": [
    32,
    16,
    4
  ],
  "learning_rate": 0.3,
  "seed": 42,
  "output_activation": "softmax",
  "weights": [
    [
      [
        0.07617926993860784,
        -0.24631210715155186,
        0.2082123564893405,
        0.2796284020850734,
        -0.43655508025208606,
        -0.3292249760876776,
        0.02802660204031218,
        -0.07677175542035966,
        0.013684280743193184,
        -0.20628495457790466,
        0.24075694389299854,
        0.2026208906325371,
        0.037342068362990824,
        0.28011606432875846,
        0.1496493523109511,
        -0.21482311572080956
      ],
      [
        0.09218769602062471,
        -0.23590851725412898,
        0.28745267474495917,
        0.1328033899977986,
        0.12737550471715028,
        -0.1792349657313397,
        0.2960128674044857,
        -0.10974318568959829,
        -0.032665557225425905,
        -0.12723754303738255,
        0.21464275254969636,
        0.1250081740357192,
        0.1541500621654601,
        0.10770525075197068,
        0.6184255330540298,
        -0.1016037540961539
      ],
      [
        -0.12806068226788433,
        -0.20153711558540896,
        0.18791490535294442,
        0.3548855070524037,
        0.05830868338801394,
        -0.2145404090558092,
        -0.21093153755482083,
        0.12709278936997645,
        0.22302174195853616,
        0.11618648936863615,
        -0.12559469874149387,
        0.07486390973902972,
        0.05465490691841353,
        0.05467214918225324,
        0.2593640109052546,
        0.05589888719367057
      ],
      [
        0.16972839076797372,
        0.06695544228623566,
        0.07148249005155781,
        0.15760109959383964,
        -0.3723572302049859,
        -0.08359790346142336,
        -0.12152666232470803,
        -0.06335726496143614,
        -0.0885077049947095,
        0.4497173859423862,
        -0.232855635728737,
        0.23349808121116475,
        -0.3998830489312645,
        -0.09049820714944276,
        0.06997270676740043,
        0.14655558283981954
      ],
      [
        0.17780664494821374,
        0.20024287527654178,
        -0.053261218353038806,
        -0.042945514293960825,
        0.3012895181160212,
        -0.0523273710355809,
        -0.3237328144664913,
        -0.318877211087069,
        -0.19265487234272724,
        0.10468810830577839,
        0.07638916209832093,
        0.18944491748929188,
        -0.08132970695090204,
        0.03963492276917856,
        0.1979044149100414,
        -0.0773366349300596
      ],
      [
        0.11419380938935286,
        -0.15179756585809087,
        -0.07016390410354184,
        -0.050947250512312275,
        -0.24775619448588695,
        0.11806302082429743,
        -0.12128408380219012,
        0.005412422347457769,
        0.13807123484574269,
        0.11860882132297641,
        0.187253727420488,
        -0.016448464352055964,
        -0.08499018403835167,
        -0.021623790139849525,
        -0.38906159174156757,
        -0.3617781181057718
      ],
      [
        -0.3306749030886006,
        -0.3154681969031136,
        -0.16569261157127443,
        -0.017301016535419475,
        -0.24840278825721737,
        0.2965985131700069,
        -0.0926705939078242,
        -0.22722242734442882,
        -0.23340442000246925,
        0.049313313442308104,
        -0.45627346430791377,
        0.0929099975464888,
        0.3477477141651561,
        -0.43183010579808717,
        0.8678364955219715,
        0.05943390058306947
      ],
      [
        -0.1485374889241986,
        -0.42767095359985685,
        -0.24760379132366622,
        0.07669557003864512,
        -0.0956930969086939,
        -0.022745524895648732,
        0.3968401216877611,
        -0.4714402263294563,
        -0.25587437315546624,
        0.1454916116482946,
        -0.1637687795873272,
        0.5174651603317386,
        0.3464484912794519,
        0.08921776478737733,
        1.1250563074403976,
        -0.2971907635807127
      ],
      [
        -0.15993788318743693,
        -0.21796006594280928,
        -0.07685289325121589,
        -0.2996843139018073,
        0.20999145361497396,
        -0.059235773646791376,
        -0.37163507237717364,
        -0.25160587763634923,
        0.09626303198181418,
        0.21650766928908563,
        0.5200901731002376,
        0.7366385232771325,
        0.12443675229168587,
        -0.2490787674212158,
        -0.5002395534348874,
        0.06692786558595895
      ],
      [
        -0.2032352738275815,
        -0.34054608960212074,
        -0.3572541799903469,
        -0.28063175672579505,
        1.0150001553134513,
        0.039262141861336156,
        -0.039658709259672076,
        -0.32120241121165966,
        -0.41867073617608924,
        -0.16845448300341886,
        0.6390368289078815,
        0.5063029017570658,
        0.028823335987644673,
        0.2456848777557644,
        -0.2177969416585801,
        -0.29623594160425615
      ],
      [
        -0.24127919055809297,
        -0.41801329069113774,
        0.3278874528833962,
        -0.4507807049277954,
        0.9581273985506268,
        -0.2257317945217566,
        0.23289325321856102,
        0.03394876852125883,
        -0.0391594744145226,
        -0.05706813726894468,
        0.48878554275511416,
        0.1758384737326153,
        -0.11749116446577179,
        -0.30640144094181204,
        -0.41245743560369685,
        0.04314697943052987
      ],
      [
        0.3947728141026087,
        0.1561786357779067,
        -0.09799743826384992,
        -0.07133324958501824,
        0.13719648672430174,
        0.054845625340964085,
        -0.10273180770843429,
        0.5770251798539532,
        -0.012919880802503864,
        0.6043316934998716,
        -0.07333774739569307,
        -0.3595958675386715,
        -0.34203979981141625,
        0.39649872579478757,
        0.4197777467665034,
        -0.04487980332065016
      ],
      [
        -0.09579683028399694,
        0.38527832942949014,
        -0.14523440994402215,
        0.0583652666681475,
        0.4958796060990482,
        -0.11705177757538755,
        -0.02094796043756363,
        -0.1548473338819332,
        0.22395877087246568,
        0.2947425608148186,
        0.1769238869221829,
        0.22417511781172145,
        -0.40837105539432167,
        -0.013873837895779253,
        -0.04229738215779799,
        -0.304703265105907
      ],
      [
        -0.2195380917321877,
        0.055886018686253404,
        0.14697020750534828,
        -0.5029459208176756,
        -0.2195068652942809,
        -0.12104235833339462,
        -0.08191827359049021,
        0.6112330591329278,
        -0.009601929250507145,
        0.5988207614617342,
        -0.18160204785387865,
        -0.23815998444793152,
        -0.05596470422012488,
        0.0411442891021756,
        0.03077691949824299,
        -0.27109701805834163
      ],
      [
        0.022622445406968554,
        0.1500016684423639,
        0.5746982239943768,
        0.3549793252318943,
        -0.3647539966016285,
        -0.07184584038729402,
        -0.3658605004592508,
        0.09268564838031294,
        -0.017185941436740668,
        0.47777756162275725,
        -0.27758804479683785,
        -0.20631949770378621,
        -0.5368222574346637,
        -0.05365308594664678,
        -0.2745145497083472,
        -0.13235985684151844
      ],
      [
        -0.21921519454189706,
        0.09261509382140777,
        -0.507769954575537,
        -0.5095510958334015,
        0.34300782930467005,
        -0.32185564531850774,
        -0.2741963946136599,
        0.7596813844193093,
        0.6061578018921944,
        -0.07249896170546186,
        -0.2112085958981773,
        0.03191027812658096,
        0.4321744111013981,
        -0.26294752687008416,
        -0.07245814491484813,
        0.194334394015436
      ],
      [
        0.10869151861665466,
        -0.08035509839895277,
        -0.012856183591284171,
