{
  "labels": [
    "Documentary Film",
    "Experimental Film",
    "Narrative Film",
    "research"
  ],
  "feature_extractor": {
    "max_features": 32,
    "vocabulary": {
      "narrative": 17,
      "film": 12,
      "cinema": 3,
      "arts": 1,
      "domain": 8,
      "analysis": 0,
      "relationships": 20,
      "researchers": 24,
      "solve": 29,
      "models": 16,
      "common": 5,
      "settings": 28,
      "narrative film": 18,
      "cinema film": 4,
      "broader domain": 2,
      "requires studying": 23,
      "researchers practitioners": 25,
      "solve practical": 30,
      "documentary": 6,
      "documentary film": 7,
      "experimental": 9,
      "experimental film": 10,
      "sdr": 26,
      "hdr": 13,
      "mastering": 14,
      "source": 31,
      "exr": 11,
      "release": 21,
      "masters": 15,
      "regions": 19,
      "sdr hdr": 27,
      "release masters": 22
    },
    "idf": [
      1.0,
      1.2231435513142097,
      1.2231435513142097,
      1.0,
      1.2231435513142097,
      1.0,
      1.916290731874155,
      1.916290731874155,
      1.0,
      1.916290731874155,
      1.916290731874155,
      1.916290731874155,
      1.0,
      1.916290731874155,
      1.916290731874155,
      1.916290731874155,
      1.0,
      1.916290731874155,
      1.916290731874155,
      1.916290731874155,
      1.0,
      1.916290731874155,
      1.916290731874155,
      1.2231435513142097,
      1.2231435513142097,
      1.2231435513142097,
      1.916290731874155,
      1.916290731874155,
      1.2231435513142097,
      1.2231435513142097,
      1.2231435513142097,
      1.916290731874155
    ]
  },
  "scope": "cinema",
  "grade": "preschool"
}