{
  "layer_sizes": [
    32,
    16,
    4
  ],
  "learning_rate": 0.3,
  "seed": 42,
  "output_activation": "softmax",
  "weights": [
    [
      [
        0.07617926993860784,
        0.14232984012541902,
        0.1876127989516143,
        0.14874436437902544,
        -0.6745013183541448,
        0.022555299010423836,
        -0.022932081746774288,
        -0.07906064808589555,
        -0.004200289376072199,
        -0.213260981893395,
        0.11293493163048067,
        0.1465676484787562,
        -0.0001854434235792242,
        0.19139413800362884,
        0.04600389678751072,
        -0.2933138796148614
      ],
      [
        0.08792178427422037,
        -0.2774507506752201,
        0.20471120678662535,
        0.048878028058615824,
        0.02341774608767243,
        -0.19600309267031482,
        0.40589895420288097,
        -0.03864891959214774,
        -0.1070819555407768,
        -0.05633384614332459,
        0.18607798514629162,
        0.10915776062082663,
        0.1031831528989971,
        0.13245871643505414,
        0.6380092167355406,
        -0.04466122091236128
      ],
      [
        -0.13154834464555112,
        -0.19229994597513445,
        0.14181201044620112,
        0.3233914013661132,
        0.008952952414588614,
        -0.1947777380114805,
        -0.12987722875682248,
        0.1626346670030234,
        0.18581354280086057,
        0.1617050193558968,
        -0.13420438163437476,
        0.06759314649895069,
        0.027429220009439932,
        0.0654731483362756,
        0.2943402833578498,
        0.09426119189786404
      ],
      [
        0.14299489040705746,
        -0.009584505842188206,
        -0.4285558717966028,
        0.8843834850486421,
        -0.40759343321330643,
        -0.21135598848177634,
        -0.07322205464400669,
        -0.1890416667571536,
        -0.06878556280667093,
        0.7703547314486625,
        -0.5370992743477605,
        0.3821281765437752,
        -0.4207174429039512,
        -0.08372125749644371,
        0.7494870872165089,
        0.19738263004085033
      ],
      [
        0.17780664494821374,
        0.5201975021484153,
        -0.0871812680621094,
        -0.18470539994116417,
        0.06509995336173979,
        0.23065405936039898,
        -0.3628353268653569,
        -0.28332180350087016,
        -0.22986307150040283,
        0.12429018601344101,
        -0.049925215650539784,
        0.13431707021415745,
        -0.12016765583524015,
        -0.032698008221525014,
        0.09969884747143368,
        -0.14012924604530094
      ],
      [
        0.10566198589654421,
        -0.24094168620260378,
        -0.12056619872165357,
        0.02728453811077583,
        -0.15969323744928476,
        0.07020170705773636,
        0.08317665401806565,
        0.0030904315320274506,
        0.12018666472647724,
        0.17503187696495173,
        0.27234765475910533,
        0.010972117932258182,
        -0.10582457801103844,
        0.029577378639567,
        -0.2166389754536567,
        -0.2478930517381866
      ],
      [
        -0.33416256546626744,
        -0.23816847081353545,
        0.08776071148318634,
        -0.18522143565412516,
        -0.057100821681540084,
        0.3400684556756677,
        -0.012822917599369047,
        0.18436536216361976,
        -0.23340442000246925,
        -0.02544293718730946,
        -0.2053324685398465,
        -0.07520545324286983,
        0.20833480208860677,
        -0.42102910664406495,
        0.1850889997572666,
        0.09779620528726295
      ],
      [
        -0.1485374889241986,
        -0.6210446891179643,
        -0.09517615745171643,
        -0.6823959499870652,
        0.6072611132292812,
        0.1067469364871199,
        1.2132829962062432,
        -0.030620411467247848,
        -0.25587437315546624,
        -0.06117516826992119,
        0.6380318646015736,
        0.3243194243853021,
        0.20877781147864463,
        0.2443421140734154,
        0.5215214615873345,
        -0.3595661056893622
      ],
      [
        -0.15993788318743693,
        -0.1820804598194046,
        0.4232083116997086,
        -0.13618410124299746,
        0.08937646747954023,
        -0.18690055694921923,
        -0.59658161665933,
        -0.2538947703018854,
        0.07837846186254882,
        0.11756014456834255,
        0.5689348076451348,
        0.7154126553377278,
        0.1036023583189991,
        -0.24738453000796604,
        -0.7545520414922261,
        0.43532208744073203
      ],
      [
        -0.2075011855739858,
        -0.1415694155128918,
        -0.1679255683051448,
        0.02616178420108274,
        0.33612839467089856,
        0.013491435292006563,
        0.06060491027470126,
        -0.2589299872813999,
        -0.41867073617608924,
        -0.08987743578959988,
        0.03955505105337418,
        0.4597792229247778,
        0.03256863036822146,
        0.27043834343884776,
        -0.022226583116862698,
        -0.23929340842046357
      ],
      [
        -0.24554510230449728,
        -0.21903661660190865,
        0.5172160645685984,
        -0.14398716400091752,
        0.2792556379080738,
        -0.2515025010910861,
        0.33315687275293443,
        0.0962211924515186,
        -0.0391594744145226,
        0.021508909944874324,
        -0.11069623509939328,
        0.1293147949003272,
        -0.113745870085195,
        -0.2816479752587287,
        -0.21688707706197957,
        0.10008951261432249
      ],
      [
        0.3905069023562044,
        0.002267802925389084,
        -0.04456095006766345,
        0.13281604070581474,
        0.39613377240069386,
        0.02907491877163451,
        -0.0024681881740609545,
        0.27655562844002524,
        0.10718910961540337,
        0.4156385394777309,
        0.09880929806343083,
        -0.288320513400318,
        -0.34203979981141625,
        0.43748544874089573,
        0.5335137467137496,
        0.012062729863142468
      ],
      [
        -0.10006274203040127,
        0.3276309725925799,
        -0.29166278905106485,
        -0.16232224893377759,
        0.23046503564624868,
        -0.12442198728422703,
        0.09898315285435551,
        -0.04087727370607534,
        0.08439363719973339,
        0.3835700068071621,
        0.0756469154833907,
        0.17878144284902162,
        -0.5125430252577556,
        0.012573865200553896,
        -0.1082102510552924,
        -0.2477607319221144
      ],
      [
        -0.223804003478592,
        -0.1212609606431735,
        0.2140742670488105,
        -0.2702386736297119,
        0.07729121012259192,
        -0.14681306490272417,
        0.018345345943883127,
        0.2506729072512039,
        0.13452885925098151,
        0.3660490683394188,
        0.014374268945479194,
        -0.1561889083878686,
        -0.05596470422012488,
        0.08537766350088878,
        0.14674065613135304,
        -0.21415448487454905
      ],
      [
        0.018356533660564223,
        0.01932698206675578,
        0.6144671408432874,
        0.5305706586255966,
        -0.14367750066571744,
        -0.09761654695662365,
        -0.2655968809248774,
        -0.14769330256581878,
        0.07890125089758512,
        0.3331629467007913,
        -0.1292702706779477,
        -0.145739865487142,
        -0.5368222574346637,
        -0.015913014453143526,
        -0.16300628644696538,
        -0.07541732365772584
      ],
      [
        -0.21921519454189706,
        0.29829505478529494,
        -0.4394320978391578,
        -0.4358787631227701,
        0.3829177610545258,
        -0.04337550473770511,
        -0.31811014064453635,
        0.4592283820803285,
        0.7262667923101017,
        -0.2928916572063354,
        -0.17759388886518868,
        0.047084619432342704,
        0.4188199168502915,
        -0.31904720059776287,
        -0.11801821250592792,
        0.13154178290019464
      ],
      [
        0.10520385623898787,
        -0.08289578172068988,
        -0.045638586326683134,
        -0.30257562390660514,
