{
  "labels": [
    "Endourology",
    "Neurourology",
    "Urologic Oncology",
    "research"
  ],
  "feature_extractor": {
    "max_features": 32,
    "vocabulary": {
      "urologic": 29,
      "oncology": 8,
      "medicine": 5,
      "sciences": 17,
      "requires": 16,
      "studying": 23,
      "principles": 9,
      "methods": 6,
      "solve": 20,
      "problems": 11,
      "theoretical": 26,
      "techniques": 24,
      "applications": 2,
      "professional": 13,
      "settings": 19,
      "urologic oncology": 30,
      "sciences understanding": 18,
      "principles methods": 10,
      "analysis relationships": 1,
      "solve practical": 21,
      "problems extend": 12,
      "theoretical frameworks": 27,
      "techniques awareness": 25,
      "professional settings": 14,
      "endourology": 3,
      "neurourology": 7,
      "events": 4,
      "stage": 22,
      "uds": 28,
      "pves": 15,
      "void": 31,
      "accuracy": 0
    },
    "idf": [
      1.916290731874155,
      1.2231435513142097,
      1.0,
      1.916290731874155,
      1.916290731874155,
      1.2231435513142097,
      1.0,
      1.916290731874155,
      1.916290731874155,
      1.2231435513142097,
      1.2231435513142097,
      1.2231435513142097,
      1.2231435513142097,
      1.2231435513142097,
      1.2231435513142097,
      1.916290731874155,
      1.0,
      1.2231435513142097,
      1.2231435513142097,
      1.2231435513142097,
      1.2231435513142097,
      1.2231435513142097,
      1.916290731874155,
      1.2231435513142097,
      1.2231435513142097,
      1.2231435513142097,
      1.2231435513142097,
      1.2231435513142097,
      1.916290731874155,
      1.916290731874155,
      1.916290731874155,
      1.916290731874155
    ]
  },
  "scope": "urology",
  "grade": "preschool"
}