{
  "layer_sizes": [
    32,
    16,
    3
  ],
  "learning_rate": 0.3,
  "seed": 42,
  "output_activation": "softmax",
  "weights": [
    [
      [
        0.07617926993860784,
        -0.2599960265601239,
        0.21478030706472603,
        0.25908759413879,
        -0.4728475913938939,
        -0.32659098114475654,
        0.027689815495140428,
        -0.08315207133650676,
        0.038380853960686426,
        -0.1951708542078045,
        0.22789842706580293,
        0.19481554518170283,
        0.02916155211613493,
        0.31383631911395676,
        0.13201920051737906,
        -0.21482311572080956
      ],
      [
        0.09218769602062471,
        -0.23972065020724972,
        0.24678008343992985,
        0.011464937294423353,
        -0.0313043851167499,
        -0.17127849053016236,
        0.3013650493718267,
        -0.042723793767811755,
        -0.0645008122040182,
        -0.06994325993646676,
        0.14112622973843297,
        0.09172857741548533,
        0.11583703062482802,
        0.13973126812391942,
        0.5505537651719831,
        -0.1016037540961539
      ],
      [
        -0.12806068226788433,
        -0.20344318206196943,
        0.18116236375698563,
        0.30618948822120956,
        -0.013575658644153539,
        -0.21108522366980903,
        -0.2103905892194908,
        0.15855677370556406,
        0.22839468613761918,
        0.15387869476188926,
        -0.15832849347207778,
        0.05840789209114569,
        0.04182533001101297,
        0.08669816655420194,
        0.23299905944141505,
        0.05589888719367057
      ],
      [
        0.16972839076797372,
        0.016894767372222865,
        0.09944735778560783,
        0.18176847150062161,
        -0.3493777491943514,
        -0.08096390851850237,
        -0.12186344886987979,
        -0.1638108853114467,
        -0.026204419469912327,
        0.3918254554941893,
        -0.208408845573215,
        0.24243714997233595,
        -0.4080635651781203,
        -0.051695240124495015,
        0.05583013123061901,
        0.14655558283981954
      ],
      [
        0.17780664494821374,
        0.1983368087999813,
        -0.06001375994899762,
        -0.09164153312515519,
        0.2294051760838536,
        -0.048872185649580756,
        -0.32319186613116135,
        -0.2874132267514814,
        -0.18728192816364422,
        0.1423803136990315,
        0.04365536736773708,
        0.1729888998414078,
        -0.09415928385830265,
        0.07166094014112731,
        0.17153946344620177,
        -0.0773366349300596
      ],
      [
        0.11419380938935286,
        -0.16548148526666281,
        -0.06359595352815615,
        -0.07148805845859567,
        -0.2840487056276947,
        0.12069701576721842,
        -0.12162087034736188,
        -0.0009678935686893578,
        0.16276780806323585,
        0.12972292169307653,
        0.17439521059329235,
        -0.02425380980289016,
        -0.09317070028520752,
        0.012096464645348953,
        -0.40669174353513976,
        -0.3617781181057718
      ],
      [
        -0.3306749030886006,
        -0.24931170690037044,
        0.12711106479397088,
        -0.20242334879902868,
        -0.07962943274028214,
        0.32376097001733933,
        -0.0933362780620374,
        0.18028746886616043,
        -0.19082327666571064,
        -0.03326926178131691,
        -0.2294565803775495,
        -0.08439070765067487,
        0.2227309120901798,
        -0.3998040884261386,
        0.12374777584083202,
        0.05943390058306947
      ],
      [
        -0.1485374889241986,
        -0.36151446359711364,
        0.18103742560713815,
        0.011305312979968828,
        0.14763628745606744,
        -0.000813590194201479,
        0.37482301105014343,
        -0.08438744637192336,
        -0.00038751313491454994,
        0.15335967485262267,
        0.10329277109351592,
        0.34200226175690374,
        0.2847010778336301,
        0.2813738690190697,
        0.45667691253109627,
        -0.2971907635807127
      ],
      [
        -0.15993788318743693,
        -0.23164398535138123,
        -0.0702849426758302,
        -0.32022512184809054,
        0.17369894247316622,
        -0.05660177870387038,
        -0.37197185892234536,
        -0.25798619355249663,
        0.12095960519930742,
        0.2276217696591858,
        0.5072316562730423,
        0.7288331778262982,
        0.11625623604483001,
        -0.21535851263601727,
        -0.5178697052284595,
        0.06692786558595895
      ],
      [
        -0.2032352738275815,
        -0.10383931504492133,
        -0.1258566916518403,
        -0.01125130656310974,
        0.2814062634664761,
        0.03821603743215912,
        -0.04392899455635299,
        -0.26300486145706414,
        -0.37608959283933063,
        -0.10348684958274208,
        -0.005396704354484351,
        0.44235003971943654,
        0.04522250809405238,
        0.27771089512771296,
        -0.10968203468042033,
        -0.29623594160425615
      ],
      [
        -0.24127919055809297,
        -0.1813065161339383,
        0.5592849412219032,
        -0.18140025476511001,
        0.22453350670365138,
        -0.22677789895093362,
        0.2286229679218801,
        0.09214631827585458,
        0.0034216689222360056,
        0.007899496151732084,
        -0.1556479905072518,
        0.11188561169498588,
        -0.10109199235936409,
        -0.2743754235698635,
        -0.3043425286255371,
        0.04314697943052987
      ],
      [
        0.3947728141026087,
        0.03999790339335956,
        -0.0024920734143588277,
        0.09540294994162232,
        0.34141164119627143,
        0.05379952091178705,
        -0.1070020930051152,
        0.27248075426436097,
        0.14977025295216198,
        0.4020291256845883,
        0.0538575426555723,
        -0.30574969660565926,
        -0.32938592208558537,
        0.44475800042976094,
        0.44605829515019196,
        -0.04487980332065016
      ],
      [
        -0.09579683028399694,
        0.36536107306055055,
        -0.24959391239776008,
        -0.19973533969797008,
        0.17574290444182625,
        -0.09969738514407443,
        -0.005550751976698739,
        -0.04495214788173936,
        0.126974780536492,
        0.3699605930140195,
        0.030695160075532153,
        0.16135225964368022,
        -0.4998891475319247,
        0.01984641688941922,
        -0.1956657026188502,
        -0.304703265105907
      ],
      [
        -0.2195380917321877,
        -0.08353086017520302,
        0.2561431437021153,
        -0.30765176439390435,
        0.0225690789181696,
        -0.12208846276257165,
        -0.08618855888717113,
        0.24659803307553982,
        0.17711000258774012,
        0.35243965454627624,
        -0.030577486462379358,
        -0.17361809159321,
        -0.04331082649429397,
        0.09265021518975411,
        0.05928520456779537,
        -0.27109701805834163
      ],
      [
        0.022622445406968554,
        0.057057082534726286,
        0.6565360174965922,
        0.4931575678614042,
        -0.19839963187013987,
        -0.07289194481647106,
        -0.37013078575593167,
        -0.15176817674148282,
        0.12148239423434372,
        0.3195535329076487,
        -0.17422202608580634,
        -0.1631690486924834,
        -0.5241683797088328,
        -0.008640462764278198,
        -0.25046173801052307,
        -0.13235985684151844
      ],
      [
        -0.21921519454189706,
        -0.023565638563139247,
        -0.4122645897260459,
        -0.342814896306761,
        0.5472229837766399,
        -0.32290174974768476,
        -0.2784666799103408,
        0.4551369588297173,
        0.7688479356468603,
        -0.2748015295207451,
        -0.08401330584691181,
        0.08575644905959313,
        0.44482828882722897,
        -0.2146882522351106,
        -0.046177596531159826,
        0.194334394015436
      ],
      [
        0.10869151861665466,
        -0.09403901780752481,
        -0.006288233015898472,
