{
  "labels": [
    "Bearing Design",
    "Gear Design",
    "Spring Design",
    "engineering"
  ],
  "feature_extractor": {
    "max_features": 32,
    "vocabulary": {
      "gear": 26,
      "design": 21,
      "core": 17,
      "concept": 15,
      "machine": 28,
      "engineering": 25,
      "broader": 10,
      "definitions": 19,
      "analysis": 1,
      "apply": 5,
      "common": 13,
      "awareness": 6,
      "applications": 3,
      "academic": 0,
      "gear design": 27,
      "design core": 22,
      "core concept": 18,
      "concept machine": 16,
      "machine design": 29,
      "broader domain": 11,
      "definitions historical": 20,
      "analysis relationships": 2,
      "design explain": 24,
      "design experiments": 23,
      "common techniques": 14,
      "awareness open": 7,
      "applications academic": 4,
      "bearing": 8,
      "bearing design": 9,
      "spring": 30,
      "spring design": 31,
      "cft": 12
    },
    "idf": [
      1.2231435513142097,
      1.2231435513142097,
      1.2231435513142097,
      1.2231435513142097,
      1.2231435513142097,
      1.0,
      1.2231435513142097,
      1.2231435513142097,
      1.916290731874155,
      1.916290731874155,
      1.2231435513142097,
      1.2231435513142097,
      1.916290731874155,
      1.2231435513142097,
      1.2231435513142097,
      1.2231435513142097,
      1.2231435513142097,
      1.2231435513142097,
      1.2231435513142097,
      1.2231435513142097,
      1.2231435513142097,
      1.0,
      1.2231435513142097,
      1.2231435513142097,
      1.2231435513142097,
      1.2231435513142097,
      1.916290731874155,
      1.916290731874155,
      1.0,
      1.0,
      1.916290731874155,
      1.916290731874155
    ]
  },
  "scope": "machine_design",
  "grade": "preschool"
}