{
  "layer_sizes": [
    32,
    16,
    4
  ],
  "learning_rate": 0.3,
  "seed": 42,
  "output_activation": "softmax",
  "weights": [
    [
      [
        0.0754881882429506,
        -0.24274221803091608,
        0.203093679813827,
        0.26037455709972396,
        -0.45163867952566833,
        -0.3255448767155795,
        0.03196010079182134,
        -0.1136142702935678,
        0.029333511242966098,
        -0.1732104580063578,
        0.2657580021321343,
        0.21125456758077765,
        0.07917260116518385,
        0.35320059923706165,
        0.10730126852008884,
        -0.13505811870973114
      ],
      [
        0.09149661432496747,
        -0.2224668416780419,
        0.23509345618903082,
        0.012751900255357353,
        -0.010095473248524221,
        -0.17023238610098534,
        0.30563533466850756,
        -0.07318599272487279,
        -0.07354815492173852,
        -0.0479828637350202,
        0.17898580480476423,
        0.10816759981456012,
        0.16584807967387688,
        0.1790955482470242,
        0.5258358331746927,
        -0.021838757085075523
      ],
      [
        -0.12806068226788433,
        -0.1975994054028202,
        0.21251610874258547,
        0.2529800107184132,
        -0.16012637009514025,
        -0.210039119240632,
        -0.2061203039228099,
        0.36504630703902574,
        0.10397558346484946,
        0.08492275487451405,
        -0.22829818083109646,
        0.02802941037990576,
        -0.07314836575522163,
        -0.012617603709084884,
        0.4219068331679733,
        -0.03792120489546961
      ],
      [
        0.16916338619846533,
        0.03201739476720018,
        0.09511609002746663,
        0.1733617697491566,
        -0.35765671036359303,
        -0.07991780408932533,
        -0.11759316357319888,
        -0.15276273561782097,
        -0.055604964215388304,
        0.39763129175965106,
        -0.18969550452092576,
        0.25058975768370056,
        -0.3872830010385841,
        -0.037059872936852235,
        0.0683530594389721,
        0.19544895581222022
      ],
      [
        0.1771155632525565,
        0.21559061732918913,
        -0.07170038719989666,
        -0.09035457016422119,
        0.25061408795207923,
        -0.04782608122040372,
        -0.31892158083448047,
        -0.31787542570854244,
        -0.19632927088136448,
        0.16434070990047825,
        0.08151494243406834,
        0.18942792224048263,
        -0.04414823480925371,
        0.11102522026423199,
        0.1468215314489115,
        0.0024283620810187684
      ],
      [
        0.11350272769369563,
        -0.148227676737455,
        -0.07528258077905521,
        -0.07020109549766168,
        -0.26283979375946914,
        0.12174312019639545,
        -0.11735058505068097,
        -0.03143009252575041,
        0.15372046534551556,
        0.1516833178945232,
        0.2122547856596236,
        -0.007814787403815353,
        -0.043159651236158586,
        0.051460744768453755,
        -0.43140967553243004,
        -0.28201312109469345
      ],
      [
        -0.33136598478425777,
        -0.2320578983711626,
        0.11542443754307188,
        -0.2011363858380946,
        -0.05842052087205646,
        0.32480707444651635,
        -0.08906599276535648,
        0.1498252699090994,
        -0.1998706193834309,
        -0.011308865579870316,
        -0.19159700531121826,
        -0.06795168525160009,
        0.2727419611392285,
        -0.36043980830303374,
        0.09902984384354178,
        0.1391988975941478
      ],
      [
        -0.14922857061985584,
        -0.34426065506790565,
        0.03351325779068008,
        -0.10713979926403004,
        0.09428917047646698,
        0.00546303638086072,
        0.40044472283022886,
        -0.09439252907592832,
        -0.22234057253642792,
        0.08486943262611622,
        0.1009076794093683,
        0.3566034775336498,
        0.2714427382535243,
        0.16060806228243085,
        0.3562496557619679,
        -0.21742576656963436
      ],
      [
        -0.16062896488309417,
        -0.2143901768221734,
        -0.08197156992672926,
        -0.31893815888715665,
        0.1949078543413919,
        -0.055555674274693344,
        -0.36770157362566447,
        -0.28844839250955767,
        0.11191226248158709,
        0.2495821658606325,
        0.5450912313393736,
        0.7452722002253728,
        0.1662672850938789,
        -0.17599423251291255,
        -0.54258763722575,
        0.1466928625970373
      ],
      [
        -0.2038002783970899,
        -0.08770017928790405,
        -0.12000835354863126,
        -0.02474823496530684,
        0.25022898394852267,
        0.039262141861336156,
        -0.039658709259672076,
        -0.2167501350305328,
        -0.4197256183106309,
        -0.1065289769649187,
        0.002545697302757473,
        0.4452823330168495,
        0.048204830324798664,
        0.2806414008048535,
        -0.06166525102746355,
        -0.26366230733827156
      ],
      [
        -0.2419702722537502,
        -0.16405270760473048,
        0.547598313971004,
        -0.18011329180417593,
        0.24574241857187706,
        -0.2257317945217566,
        0.23289325321856102,
        0.06168411931879355,
        -0.00562567379548429,
        0.029859892353178687,
        -0.11778841544092049,
        0.1283246340940606,
        -0.051080943310315166,
        -0.23501114344675858,
        -0.3290604606228274,
        0.12291197644160826
      ],
      [
        0.39044196202254694,
        0.2096203106830598,
        -0.3413281888697556,
        0.07145653490063572,
        0.2830863453723722,
        0.054845625340964085,
        -0.10273180770843429,
        -0.17342895536498568,
        0.11429544849570795,
        0.7503096405497985,
        -0.2130878274147553,
        -0.1564322147871476,
        -0.34203979981141625,
        0.8352401904863328,
        0.7809974609378998,
        0.1337220875631198
      ],
      [
        -0.10012768236405871,
        0.5349834803502507,
        -0.5884300278531568,
        -0.2236817547389566,
        0.11741760861792669,
        -0.0986512807148974,
        -0.001280466680017824,
        -0.49086185751108574,
        0.09149997608003797,
        0.7182411078792298,
        -0.23625020999479543,
        0.3106697414621921,
        -0.5125430252577556,
        0.4103286069459908,
        0.13927346316885827,
        -0.12610137422213719
      ],
      [
        -0.22010309630169608,
        -0.06840823278022569,
        0.2518118759439737,
        -0.3160584661453695,
        0.014290117748927833,
        -0.12104235833339462,
        -0.08191827359049021,
        0.2576461827691656,
        0.14770945784226425,
        0.358245490811738,
        -0.011864145410090076,
        -0.16546548388184543,
        -0.02253026235475796,
        0.10728558237739687,
        0.07180813277614845,
        -0.22220364508594076
      ],
      [
        0.022622445406968554,
        0.06484878474692522,
        0.7073968468484286,
        0.430193736204671,
        -0.388830178548267,
        -0.07184584038729402,
        -0.3658605004592508,
        0.12218739328626195,
        -0.030216028217096277,
        0.23364232228634546,
        -0.26483196478113263,
        -0.20355117053264804,
        -0.6732486814885351,
        -0.13038615065801107,
        0.006462581943010002,
        -0.25745331296037205
      ],
      [
        -0.22091020825042218,
        0.025868277069952525,
        -0.33020495332884553,
        -0.34050307808211117,
        0.4606152384131973,
        -0.32185564531850774,
        -0.2741963946136599,
        0.6209248683409947,
        0.7088666651806522,
        -0.2565956199437314,
        -0.054859173570042254,
        0.09006813718681161,
        0.4612847690623401,
        -0.15354956197029404,
        0.1636503397810496,
        0.2757355581069732
      ],
      [
        0.10812651404714628,
        -0.07891639041254749,
        -0.010619500774039742,
