{
  "labels": [
    "Concrete Structures",
    "Steel Structures",
    "Timber Structures",
    "research"
  ],
  "feature_extractor": {
    "max_features": 32,
    "vocabulary": {
      "steel": 23,
      "structures": 27,
      "concept": 9,
      "structural": 25,
      "engineering": 15,
      "civil": 6,
      "broader": 4,
      "understanding": 30,
      "key": 17,
      "design": 13,
      "foundational": 16,
      "common": 8,
      "applications": 3,
      "academic": 0,
      "professional": 22,
      "steel structures": 24,
      "concept structural": 10,
      "structural engineering": 26,
      "civil engineering": 7,
      "broader domain": 5,
      "problems extend": 21,
      "vocabulary foundational": 31,
      "academic professional": 1,
      "concrete": 11,
      "concrete structures": 12,
      "timber": 28,
      "timber structures": 29,
      "material": 18,
      "neural": 20,
      "adaptive": 2,
      "materials": 19,
      "emnns": 14
    },
    "idf": [
      1.2231435513142097,
      1.2231435513142097,
      1.916290731874155,
      1.0,
      1.2231435513142097,
      1.2231435513142097,
      1.2231435513142097,
      1.2231435513142097,
      1.2231435513142097,
      1.0,
      1.2231435513142097,
      1.916290731874155,
      1.916290731874155,
      1.0,
      1.916290731874155,
      1.0,
      1.0,
      1.0,
      1.916290731874155,
      1.916290731874155,
      1.916290731874155,
      1.2231435513142097,
      1.2231435513142097,
      1.916290731874155,
      1.916290731874155,
      1.0,
      1.0,
      1.0,
      1.916290731874155,
      1.916290731874155,
      1.2231435513142097,
      1.2231435513142097
    ]
  },
  "scope": "structural_engineering",
  "grade": "preschool"
}