{
  "layer_sizes": [
    32,
    16,
    3
  ],
  "learning_rate": 0.3,
  "seed": 42,
  "output_activation": "softmax",
  "weights": [
    [
      [
        0.07617926993860784,
        -0.24408565171398966,
        0.19873775293935173,
        0.2231630829988617,
        -0.4906103038199521,
        -0.3255448767155795,
        0.03196010079182134,
        -0.09629107217326908,
        0.04603525760417017,
        -0.2055872232555289,
        0.22955930301708047,
        0.19699343221513285,
        0.01650767439030401,
        0.3320078041041009,
        0.1168773355630114,
        -0.21482311572080956
      ],
      [
        0.09218769602062471,
        -0.22381027536111556,
        0.23073752931455555,
        -0.02445957384550498,
        -0.04906709754280834,
        -0.17023238610098534,
        0.30563533466850756,
        -0.055862794604574065,
        -0.05684640856053444,
        -0.08035962898419127,
        0.1427871056897105,
        0.09390646444891534,
        0.1031831528989971,
        0.1579027531140634,
        0.5354119002176153,
        -0.1016037540961539
      ],
      [
        -0.12806068226788433,
        -0.18753280721583526,
        0.16511980963161133,
        0.27026497708128117,
        -0.03133837107021199,
        -0.210039119240632,
        -0.2061203039228099,
        0.14541777286880173,
        0.23604908978110284,
        0.14346232571416487,
        -0.15666761752080025,
        0.06058577912457572,
        0.029171452285182056,
        0.10486965154434605,
        0.21785719448704746,
        0.05589888719367057
      ],
      [
        0.16972839076797372,
        0.03280514221835707,
        0.08340480366023348,
        0.14584396036069333,
        -0.3671404616204096,
        -0.07991780408932533,
        -0.11759316357319888,
        -0.17694988614820903,
        -0.018550015826428585,
        0.38140908644646504,
        -0.20674796962193748,
        0.24461503700576598,
        -0.4207174429039512,
        -0.03352375513435095,
        0.0406882662762514,
        0.14655558283981954
      ],
      [
        0.17780664494821374,
        0.21424718364611547,
        -0.07605631407437194,
        -0.12756604426508356,
        0.2116424636577951,
        -0.04782608122040372,
        -0.31892158083448047,
        -0.3005522275882437,
        -0.17962752452016056,
        0.13196394465130712,
        0.04531624331901457,
        0.17516678687483783,
        -0.10681316158413356,
        0.08983242513127136,
        0.15639759849183418,
        -0.0773366349300596
      ],
      [
        0.11419380938935286,
        -0.14957111042052865,
        -0.0796385076535305,
        -0.10741256959852401,
        -0.3018114180537529,
        0.12174312019639545,
        -0.11735058505068097,
        -0.014106894405451669,
        0.1704222117067195,
        0.11930655264535214,
        0.1760560865445699,
        -0.022075922769460125,
        -0.10582457801103844,
        0.030267949635493018,
        -0.42183360848950746,
        -0.3617781181057718
      ],
      [
        -0.3306749030886006,
        -0.23340133205423627,
        0.1110685106685966,
        -0.23834785993895696,
        -0.0973921451663407,
        0.32480707444651635,
        -0.08906599276535648,
        0.1671484680293981,
        -0.18316887302222695,
        -0.043685630829041366,
        -0.22779570442627198,
        -0.08221282061724486,
        0.21007703436434888,
        -0.3816326034359945,
        0.10860591088646433,
        0.05943390058306947
      ],
      [
        -0.1485374889241986,
        -0.3296937139048453,
        0.04028228490394223,
        -0.15632936946383408,
        0.05246603952568954,
        0.00546303638086072,
        0.40044472283022886,
        -0.09429975504300311,
        -0.1554032791949815,
        0.06016642601481131,
        0.07441878959568786,
        0.3448877905259007,
        0.20877781147864463,
        0.18961276951156295,
        0.36582572280489045,
        -0.2971907635807127
      ],
      [
        -0.15993788318743693,
        -0.21573361050524706,
        -0.08632749680120455,
        -0.35614963298801894,
        0.15593623004710772,
        -0.055555674274693344,
        -0.36770157362566447,
        -0.2711251943892589,
        0.12861400884279112,
        0.2172054006114614,
        0.5088925322243197,
        0.7310110648597286,
        0.1036023583189991,
        -0.1971870276458733,
        -0.5330115701828273,
        0.06692786558595895
      ],
      [
        -0.2032352738275815,
        -0.0879289401987871,
        -0.1418992457772146,
        -0.04717581770303808,
        0.2636435510404179,
        0.039262141861336156,
        -0.039658709259672076,
        -0.2761438622938264,
        -0.36843518919584684,
        -0.1139032186304666,
        -0.0037358284032068477,
        0.4445279267528664,
        0.03256863036822146,
        0.2958823801178571,
        -0.12482389963478802,
        -0.29623594160425615
      ],
      [
        -0.24127919055809297,
        -0.16539614128780414,
        0.5432423870965283,
        -0.2173247659050383,
        0.20677079427759287,
        -0.2257317945217566,
        0.23289325321856102,
        0.07900731743909227,
        0.011076072565719745,
        -0.0025168728959923813,
        -0.15398711455597427,
        0.1140634987284159,
        -0.113745870085195,
        -0.25620393857971935,
        -0.3194843935799048,
        0.04314697943052987
      ],
      [
        0.3947728141026087,
        0.05590827823949374,
        -0.018534627539733214,
        0.05947843880169396,
        0.32364892877021323,
        0.054845625340964085,
        -0.10273180770843429,
        0.2593417534275987,
        0.15742465659564564,
        0.39161275663686407,
        0.05551841860684979,
        -0.3035718095722294,
        -0.34203979981141625,
        0.4629294854199051,
        0.43091643019582426,
        -0.04487980332065016
      ],
      [
        -0.09579683028399694,
        0.44491294729122177,
        -0.2211366505721848,
        -0.2835722352336654,
        0.14657416538979487,
        -0.0986512807148974,
        -0.001280466680017824,
        -0.1270128450679958,
        0.33557137210094534,
        0.3902392585177598,
        0.07119527323230276,
        0.17371194010869334,
        -0.5125430252577556,
        0.23880791132793439,
        -0.21080756757321778,
        -0.304703265105907
      ],
      [
        -0.2195380917321877,
        -0.06762048532906878,
        0.2401005895767407,
        -0.34357627553383274,
        0.004806366492111131,
        -0.12104235833339462,
        -0.08191827359049021,
        0.23345903223877748,
        0.1847644062312238,
        0.342023285498552,
        -0.028916610511101844,
        -0.17144020455977999,
        -0.05596470422012488,
        0.11082170017989822,
        0.04414333961342776,
        -0.27109701805834163
      ],
      [
        0.022622445406968554,
        0.05923792016230633,
        1.0276569541370462,
        0.38808843426682027,
        0.02081756054293112,
        -0.07184584038729402,
        -0.3658605004592508,
        -0.14767675349087162,
        -0.09331505193289631,
        0.3652157615802038,
        -0.239546347553273,
        -0.2187843913041629,
        -0.5368222574346637,
        -0.2046605002244247,
        -0.2656036029648908,
        -0.13235985684151844
      ],
      [
        -0.21921519454189706,
        0.22811043213598975,
        -0.4910267548962926,
        -0.36676131134774764,
        0.07543518747659082,
        -0.32185564531850774,
        -0.2741963946136599,
        0.3425338062267739,
        1.4895930905721395,
        -0.5100057370675043,
        -0.141693591919573,
        0.3140427685299235,
        0.4321744111013981,
        -0.4000003889483419,
        -0.061319461485527436,
        0.194334394015436
      ],
      [
        0.10869151861665466,
        -0.24014150088469788,
        -0.304804790912655,
