{
  "layer_sizes": [
    32,
    16,
    4
  ],
  "learning_rate": 0.3,
  "seed": 42,
  "output_activation": "softmax",
  "weights": [
    [
      [
        0.09260346434377018,
        -0.2599960265601239,
        0.1925687240751189,
        0.2561211117287691,
        -0.402532816383874,
        -0.3687049525078536,
        0.03196010079182134,
        -0.08928744044612573,
        0.057187456933892065,
        -0.19472582571197078,
        0.30118121905059364,
        0.20378292951527963,
        0.01650767439030401,
        0.36749641482093837,
        0.1168773355630114,
        -0.21482311572080956
      ],
      [
        0.10861189042578705,
        -0.23972065020724972,
        0.22456850045032273,
        0.008498454884402413,
        0.03901038989326985,
        -0.21339246189325914,
        0.30563533466850756,
        -0.04885916287743073,
        -0.04569420923081256,
        -0.06949823144063325,
        0.21440902172322363,
        0.10069596174906208,
        0.1031831528989971,
        0.19339136383090083,
        0.5354119002176153,
        -0.1016037540961539
      ],
      [
        -0.11163648786272201,
        -0.20344318206196943,
        0.1589507807673785,
        0.3032230058111885,
        0.05673911636586622,
        -0.25319919503290583,
        -0.2061203039228099,
        0.15242140459594508,
        0.24720128911082478,
        0.15432372325772298,
        -0.08504570148728705,
        0.06737527642472246,
        0.029171452285182056,
        0.14035826226118342,
        0.21785719448704746,
        0.05589888719367057
      ],
      [
        0.18315624589382165,
        0.016894767372222865,
        0.08451532980903696,
        0.15602574425691002,
        -0.35816054978754996,
        -0.015971398679367296,
        -0.12442708284403936,
        -0.1660572718887588,
        -0.05233596377129574,
        0.3837353439932154,
        -0.19641904132144905,
        0.2610216990990382,
        -0.4207174429039512,
        -0.05193195735249493,
        0.0406882662762514,
        0.14655558283981954
      ],
      [
        0.1942308393533761,
        0.1983368087999813,
        -0.08222534293860488,
        -0.09460801553517614,
        0.2997199510938735,
        -0.09098615701267748,
        -0.31892158083448047,
        -0.2935485958611003,
        -0.16847532519043862,
        0.14282534219486523,
        0.11693815935252783,
        0.1819562841749846,
        -0.10681316158413356,
        0.12532103584810872,
        0.15639759849183418,
        -0.0773366349300596
      ],
      [
        0.13061800379451524,
        -0.16548148526666281,
        -0.08580753651776343,
        -0.07445454086861661,
        -0.21373393061767473,
        0.0785830444041217,
        -0.11735058505068097,
        -0.007103262678308326,
        0.18157441103644148,
        0.13016795018891023,
        0.24767800257808298,
        -0.015286425469313374,
        -0.10582457801103844,
        0.06575656035233036,
        -0.42183360848950746,
        -0.3617781181057718
      ],
      [
        -0.3142507086834383,
        -0.24931170690037044,
        0.10489948180436366,
        -0.20538983120904958,
        -0.009314657730262426,
        0.28164699865424225,
        -0.08906599276535648,
        0.17415209975654147,
        -0.17201667369250503,
        -0.032824233285483354,
        -0.15617378839275886,
        -0.07542332331709813,
        0.21007703436434888,
        -0.346143992719157,
        0.10860591088646433,
        0.05943390058306947
      ],
      [
        -0.13211329451903625,
        -0.36151446359711364,
        0.022988302051971877,
        -0.11139324463498498,
        0.14339503361826106,
        -0.03769703941141309,
        0.40044472283022886,
        -0.07006569922848624,
        -0.194486626845502,
        0.06335406492050319,
        0.13633089632782774,
        0.3491318394681518,
        0.20877781147864463,
        0.1749038778663075,
        0.36582572280489045,
        -0.2971907635807127
      ],
      [
        -0.14351368878227458,
        -0.23164398535138123,
        -0.09249652566543748,
        -0.3231916042581116,
        0.24401371748318618,
        -0.0987157500669671,
        -0.36770157362566447,
        -0.26412156266211556,
        0.13976620817251306,
        0.2280667981550195,
        0.5805144482578333,
        0.7378005621598749,
        0.1036023583189991,
        -0.16169841692903586,
        -0.5330115701828273,
        0.06692786558595895
      ],
      [
        -0.2032352738275815,
        -0.10383931504492133,
        -0.10597723135625382,
        -0.14413184668858314,
        -0.09884242774279445,
        0.6097376507167325,
        -0.07894603774293572,
        -0.24728195757248692,
        -0.6126313949116798,
        -0.15120487387508677,
        -0.28051108880587755,
        0.5070607504761757,
        0.03256863036822146,
        0.02570593942302486,
        -0.12482389963478802,
        -0.29623594160425615
      ],
      [
        -0.24127919055809297,
        -0.1813065161339383,
        0.5791644015174893,
        -0.3142807948905833,
        -0.15571518450561908,
        0.3447437143336396,
        0.1936059247352974,
        0.10786922216043177,
        -0.233120133150113,
        -0.03981852814061254,
        -0.430762374958645,
        0.17659632245172546,
        -0.113745870085195,
        -0.5263803792745516,
        -0.3194843935799048,
        0.04314697943052987
      ],
      [
        0.411197008507771,
        0.03999790339335956,
        -0.024703656403966125,
        0.09243646753160137,
        0.4117264162062913,
        0.011685549548690315,
        -0.10273180770843429,
        0.26634538515474204,
        0.1685768559253676,
        0.4024741541804222,
        0.127140334640363,
        -0.2967823122720824,
        -0.34203979981141625,
        0.49841809613674254,
        0.43091643019582426,
        -0.04487980332065016
      ],
      [
        -0.0793726358788346,
        0.36536107306055055,
        -0.2718054953873676,
        -0.20270182210799098,
        0.2460576794518462,
        -0.14181135650717114,
        -0.001280466680017824,
        -0.051087516991358335,
        0.14578138350969763,
        0.3704056215098534,
        0.10397795206032287,
        0.17031964397725702,
        -0.5125430252577556,
        0.07350651259640065,
        -0.21080756757321778,
        -0.304703265105907
      ],
      [
        -0.20311389732702534,
        -0.08353086017520302,
        0.23393156071250787,
        -0.3106182468039254,
        0.09288385392818935,
        -0.1642024341256684,
        -0.08191827359049021,
        0.24046266396592084,
        0.19591660556094573,
        0.3528846830421101,
        0.04270530552241133,
        -0.1646507072596332,
        -0.05596470422012488,
        0.14631031089673555,
        0.04414333961342776,
        -0.27109701805834163
      ],
      [
        0.013917684506389888,
        0.057057082534726286,
        0.5009058224470497,
        0.5017197799004505,
        -0.10418847988040364,
        -0.18876875295838777,
        -0.3726944197300913,
        -0.19509412408769258,
        0.44916430147111996,
        0.4794920428296858,
        -0.17764596387559015,
        -0.059897837923063364,
        -0.5368222574346637,
        0.2533296667766174,
        -0.2656036029648908,
        -0.13235985684151844
      ],
      [
        -0.3130910701586904,
        -0.023565638563139247,
        -0.7245795201583427,
        -0.36676131134774764,
        0.46263219907308484,
        -0.5332166451899394,
        -0.2741963946136599,
        0.41255249339933353,
        1.2119246961322847,
        -0.028977775021341756,
        -0.37644317857207166,
        0.21842316006117704,
        0.4321744111013981,
        -0.012737427342267446,
        -0.061319461485527436,
        0.194334394015436
      ],
      [
        0.014815642999861387,
        -0.09403901780752481,
        -0.31860316344819517,
