{
  "layer_sizes": [
    32,
    16,
    4
  ],
  "learning_rate": 0.3,
  "seed": 42,
  "output_activation": "softmax",
  "weights": [
    [
      [
        0.07566913114265318,
        -0.2599960265601239,
        0.19961044595989358,
        0.2963657947751926,
        -0.44780791538553816,
        -0.3196521782000923,
        0.03196010079182134,
        -0.09580917748916368,
        -0.004200289376072199,
        -0.2072620966444034,
        0.2728925709797766,
        0.20455217767730652,
        0.0157335202502256,
        0.3564251817880387,
        0.11966601982770478,
        -0.17889377715498397
      ],
      [
        0.09156372304207758,
        -0.23972065020724972,
        0.23886661276754206,
        0.06664579482555798,
        0.02973817336941188,
        -0.2094055795497521,
        0.30563533466850756,
        -0.09682908036440693,
        -0.1070819555407768,
        -0.08373890566491587,
        0.21649928542062194,
        0.1008655167600473,
        0.1031831528989971,
        0.2076386494609312,
        0.5344023488197329,
        -0.0570982437947164
      ],
      [
        -0.12868465524643147,
        -0.20344318206196943,
        0.17324889308459784,
        0.3613703457523443,
        0.04746689984200828,
        -0.24921231268939878,
        -0.2061203039228099,
        0.10445148710896891,
        0.18581354280086057,
        0.14008304903344015,
        -0.0829554377898888,
        0.06754483143570762,
        0.029171452285182056,
        0.15460554789121367,
        0.2168476430891651,
        0.10040439749510807
      ],
      [
        0.1691044177894266,
        0.016894767372222865,
        0.09153388711322004,
        0.23694932903175622,
        -0.2883351907081896,
        -0.11909099753809207,
        -0.11759316357319888,
        -0.21791617190804188,
        -0.06878556280667093,
        0.37802980976574035,
        -0.13303578989102605,
        0.2515740893168978,
        -0.4207174429039512,
        0.016212141212516778,
        0.03967871487836904,
        0.19106109314125702
      ],
      [
        0.1771826719696666,
        0.1983368087999813,
        -0.06792723062138538,
        -0.036460675594020615,
        0.29044773457001555,
        -0.08699927466917043,
        -0.31892158083448047,
        -0.34151851334807676,
        -0.22986307150040283,
        0.1285846679705825,
        0.11902842304992604,
        0.18212583918596972,
        -0.10681316158413356,
        0.139568321478139,
        0.15538804709395182,
        -0.03283112462862213
      ],
      [
        0.1111108863309312,
        -0.16548148526666281,
        -0.6731708799310533,
        0.36347869894265683,
        -0.6497633748688676,
        0.10906258232699415,
        -0.11735058505068097,
        -0.16771177222318742,
        0.12018666472647724,
        0.2872036962176975,
        0.2005820974128832,
        0.2262424542731177,
        -0.10699418992261342,
        0.7782219541191389,
        -0.4163733960245591,
        -0.3734350510909321
      ],
      [
        -0.3306749030886006,
        -0.24931170690037044,
        0.04255003259359539,
        -0.27952175867960255,
        -0.4340505940012105,
        0.906123081388038,
        -0.08906599276535648,
        0.6570296134572704,
        -0.23340442000246925,
        -0.013219610602922052,
        -0.46991118436273027,
        -0.04898278069894338,
        0.1982089991349548,
        -0.5404795217285152,
        0.16401060816483262,
        0.05243051193773705
      ],
      [
        -0.1485374889241986,
        -0.36151446359711364,
        -0.010664385115164501,
        -0.15894917468574424,
        -0.11158592490700557,
        0.2961210398516215,
        0.40044472283022886,
        0.17648645380199363,
        -0.25587437315546624,
        0.06388879817107178,
        -0.06120366432460115,
        0.35768463794820776,
        0.2028437938639476,
        0.034893056822163315,
        0.39352807144407453,
        -0.30069245790337895
      ],
      [
        -0.16095816077934624,
        -0.23164398535138123,
        -0.07345715677238322,
        -0.22172230553429872,
        0.2386895002594426,
        -0.04377027724371898,
        -0.36770157362566447,
        -0.28739182910842137,
        0.07837846186254882,
        0.2215294124715783,
        0.6052688774510856,
        0.7486740041419712,
        0.10205405003884228,
        -0.0981547699159045,
        -0.5274342016534405,
        0.13878654271761026
      ],
      [
        -0.20374541262353615,
        -0.10383931504492133,
        -0.14102655275667275,
        0.026026894073292867,
        0.30644593947483184,
        0.04515484037682335,
        -0.039658709259672076,
        -0.2756619676097207,
        -0.41867073617608924,
        -0.1155780920193412,
        0.03959743955948922,
        0.4520866722150401,
        0.031794476228143055,
        0.32029975780179487,
        -0.12203521537009464,
        -0.26030660303843034
      ],
      [
        -0.24127919055809297,
        -0.1813065161339383,
        0.6035133194190649,
        -0.9947193746279129,
        1.2731293399809591,
        -0.18392301393814584,
        0.23289325321856102,
        -0.06803600810959413,
        -0.0391594744145226,
        -0.061112394353963276,
        0.6226215066825638,
        0.15276638299788023,
        -0.113745870085195,
        -0.2774904829952247,
        -0.3194843935799048,
        -0.28001540614837167
      ],
      [
        0.3942626753066541,
        0.03999790339335956,
        -0.017661934519191236,
        0.1326811505780249,
        0.36645131720462715,
        0.060738323856451275,
        -0.10273180770843429,
        0.2598236481117044,
        0.10718910961540337,
        0.3899378832479895,
        0.09885168656954585,
        -0.2960130641100557,
        -0.34281395395149467,
        0.4873468631038429,
        0.4337051144605177,
        -0.008950464754824482
      ],
      [
        -0.09579683028399694,
        0.36536107306055055,
        -0.312632373065412,
        -0.2569017515136987,
        -0.05136202350984084,
        0.2646712236235535,
        -0.001280466680017824,
        0.25454597620668373,
        0.08439363719973339,
        0.37570782711842016,
        -0.12260731742149168,
        0.18334437849183782,
        -0.519960547276127,
        -0.080085485439047,
        -0.1761796317742375,
        -0.30908038300923973
      ],
      [
        -0.22004823052814235,
        -0.08353086017520302,
        0.22225433147056206,
        -0.28770913618510124,
        -0.06312273203034906,
        0.07444709515001816,
        -0.08191827359049021,
        0.38809639818005515,
        0.13452885925098151,
        0.3527877363695602,
        -0.06138266763561131,
        -0.15221325040635253,
        -0.06060962906059533,
        0.09980297006087,
        0.06500231729602736,
        -0.23745184119644072
      ],
      [
        0.022112306611013904,
        0.057057082534726286,
        0.6413661563917602,
        0.5304357684978067,
        -0.17335995586178424,
        -0.0659531418718068,
        -0.3658605004592508,
        -0.16442528289413963,
        0.07890125089758512,
        0.3074622904710499,
        -0.12922788217183281,
        -0.1534324161968797,
        -0.5375964115747421,
        0.033948399909803834,
        -0.26281491870019735,
        -0.09643051827569274
      ],
      [
        -0.21921519454189706,
        -0.023565638563139247,
        -0.4681288598827896,
        -0.39333730876754136,
        0.3625568002613931,
        -0.031197641847747,
        -0.2741963946136599,
        0.6955537427505781,
        0.7262667923101017,
        -0.27382176777434264,
        -0.20826507451455012,
        0.10327663187322603,
        0.42624039348670106,
        -0.3010389775722735,
        -0.03361711284634329,
        0.19083269969276978
      ],
      [
        0.10806754563810753,
        -0.09403901780752481,
        -0.01420170368828631,
        -0.2645966795203741,
