{
  "layer_sizes": [
    32,
    16,
    4
  ],
  "learning_rate": 0.3,
  "seed": 42,
  "output_activation": "softmax",
  "weights": [
    [
      [
        0.0728710056398755,
        -0.27794379585336976,
        0.19445079958092726,
        0.22325000944504575,
        -0.4279584543065851,
        -0.3270790906006017,
        0.019493414352404953,
        -0.09635832208071944,
        0.04370817782491738,
        -0.18735444849552305,
        0.2828646947644038,
        0.2258375701844254,
        0.01650767439030401,
        0.33706587063661064,
        0.1058362919264709,
        -0.2159565891969328
      ],
      [
        0.08887943172189237,
        -0.2576684195004957,
        0.2264505759561311,
        -0.024372647399320924,
        0.013584751970559037,
        -0.1717665999860075,
        0.2931686482290912,
        -0.055930044512024435,
        -0.05917348833978722,
        -0.06212685422418552,
        0.19609249743703377,
        0.12275060241820801,
        0.1031831528989971,
        0.1629608196465731,
        0.5243708565810749,
        -0.10273722757227714
      ],
      [
        -0.13136894656661668,
        -0.2213909513552154,
        0.16083285627318689,
        0.27035190352746524,
        0.0313134784431554,
        -0.21157333312565416,
        -0.21858699036222629,
        0.14535052296135137,
        0.2337220100018501,
        0.1616951004741707,
        -0.10336222577347694,
        0.08942991709386836,
        0.029171452285182056,
        0.10992771807685568,
        0.20681615085050695,
        0.05476541371754732
      ],
      [
        0.16642012646924137,
        -0.00105300192102304,
        0.07911785030180904,
        0.14593088680687738,
        -0.3044886121070426,
        -0.08145201797434748,
        -0.13005985001261527,
        -0.17701713605565939,
        -0.020877095605681375,
        0.39964186120647077,
        -0.1534425778746142,
        0.2734591749750585,
        -0.4207174429039512,
        -0.028465688601841278,
        0.02964722263971088,
        0.1454221093636963
      ],
      [
        0.1744983806494814,
        0.18038903950673535,
        -0.08034326743279639,
        -0.1274791178188995,
        0.2742943131711626,
        -0.049360295105425875,
        -0.3313882672738968,
        -0.30061947749569384,
        -0.1819546042994133,
        0.15019671941131296,
        0.098621635066338,
        0.20401092484413041,
        -0.10681316158413356,
        0.09489049166378098,
        0.14535655485529367,
        -0.07847010840618285
      ],
      [
        0.11148908655025702,
        -0.1801549626961615,
        -0.09619431751989663,
        -0.10515628386270866,
        -0.32865835892299805,
        0.12048879981562437,
        -0.03941150183731511,
        0.1180272196613162,
        0.07443789692645644,
        0.11612874440061106,
        0.15968449702298804,
        0.008876962864343422,
        -0.10582457801103844,
        -0.011909157872972814,
        -0.34932919334222046,
        -0.3830886989319572
      ],
      [
        -0.3333796259276965,
        -0.2639851843298691,
        0.10277872789338226,
        -0.23609157420314156,
        -0.06529722635234872,
        0.3235527540657453,
        -0.07722547174734574,
        0.20249832816758942,
        -0.21546537858874895,
        -0.03435018542978113,
        -0.2005316668240861,
        -0.05713640275222713,
        0.21007703436434888,
        -0.39594372092949076,
        0.11996193219318141,
        0.05341123874811591
      ],
      [
        -0.1485374889241986,
        -0.36151446359711364,
        -0.003087771210459135,
        -0.1323731772659506,
        -0.09243059973520862,
        0.00546303638086072,
        0.5693301389971173,
        0.18745011819132537,
        -0.4186001845283483,
        0.012846866094292036,
        -0.05649222612278224,
        0.3548115881054178,
        0.20877781147864463,
        0.018018646920465398,
        0.5220631899857907,
        -0.3362522268774332
      ],
      [
        -0.15993788318743693,
        -0.23164398535138123,
        -0.3104853742127826,
        -0.3441715368890772,
        0.24316308878396056,
        -0.06517024435658338,
        -0.36770157362566447,
        -0.4821759447604047,
        0.07837846186254882,
        0.25076427198195983,
        0.4765054088229897,
        1.2982715580216513,
        0.1036023583189991,
        -0.2825822971566479,
        -0.5330115701828273,
        0.06692786558595895
      ],
      [
        -0.2032352738275815,
        -0.10383931504492133,
        -0.3660571231887926,
        -0.035197721604096316,
        0.3508704097772703,
        0.02964757177944612,
        -0.039658709259672076,
        -0.4871946126649722,
        -0.41867073617608924,
        -0.08034434725996815,
        -0.03612295180453714,
        1.011788419914789,
        0.03256863036822146,
        0.21048711060708275,
        -0.12482389963478802,
        -0.29623594160425615
      ],
      [
        -0.24127919055809297,
        -0.1813065161339383,
        0.4951571738656698,
        -0.20534666980609653,
        -0.05392709107021178,
        -0.2257317945217566,
        0.5284427315106158,
        0.5289935353807332,
        -0.3239296443170661,
        -0.06614170616223575,
        -0.3588068688098638,
        0.13779376538731017,
        -0.113745870085195,
        -0.43099989720890775,
        -0.0460688260133297,
        -0.025210581338731046
      ],
      [
        0.3947728141026087,
        0.03999790339335956,
        -0.050779729666397155,
        0.07145653490063572,
        0.17590078285282162,
        0.054845625340964085,
        0.06615360845845421,
        0.5238612025745537,
        -0.055536701757478706,
        0.3519669553542109,
        -0.065682787810247,
        -0.2911025636348164,
        -0.34203979981141625,
        0.3415328651909006,
        0.5871538973767243,
        -0.08394126661737068
      ],
      [
        -0.10241335888146162,
        0.32946553447405863,
        0.07020074233461983,
        -0.247464094044472,
        0.20455416601185714,
        -0.1017197084849417,
        -0.0814797631589439,
        0.03224490953835065,
        0.3718444404056708,
        0.53178141025692,
        0.06133753024176984,
        0.1477707907628352,
        -0.5125430252577556,
        0.06101226726152363,
        -0.277702359566464,
        -0.3069702120581535
      ],
      [
        -0.2195380917321877,
        -0.08353086017520302,
        0.7511328115186798,
        -0.331598179434891,
        -0.11122001854716665,
        -0.12104235833339462,
        -0.16850302242846057,
        0.4194238568824272,
        0.43476034582313877,
        0.5350396064304792,
        -0.17545999503862109,
        -0.29304349787624506,
        -0.05596470422012488,
        0.002156349762690358,
        -0.026064421882104047,
        -0.27109701805834163
      ],
      [
        0.019917722567872713,
        0.04238360510522762,
        0.6322036805960032,
        0.4594893424572911,
        -0.18406742548220623,
        -0.07310016076806511,
        -0.35401997944123986,
        -0.12955731744005383,
        0.09684029231130535,
        0.3184726092591848,
        -0.14529711253234293,
        -0.13591474379403556,
        -0.5368222574346637,
        -0.004780095267630389,
        -0.2542475816581737,
        -0.138382518676472
      ],
      [
        -0.21921519454189706,
        -0.023565638563139247,
        -0.4658322830128163,
        -0.36676131134774764,
        0.34406221228971884,
        -0.32185564531850774,
        -0.06308962440504925,
        0.7683396634048054,
        0.522859528093999,
        -0.3328567105123191,
        -0.23142648559166198,
        0.10415725560426307,
        0.4321744111013981,
        -0.3357131669406994,
        0.1339773724905977,
        0.14550756489453537
      ],
      [
        0.10869151861665466,
        -0.09403901780752481,
        0.48870143480066636,
        -0.34372395209249546,
