{
  "labels": [
    "Joint Replacement",
    "Spine Surgery",
    "Sports Medicine (Ortho)",
    "research"
  ],
  "feature_extractor": {
    "max_features": 32,
    "vocabulary": {
      "spine": 25,
      "surgery": 30,
      "clinical": 5,
      "medicine": 12,
      "domain": 6,
      "understanding": 31,
      "analysis": 0,
      "relationships": 18,
      "apply": 2,
      "solve": 23,
      "models": 14,
      "awareness": 3,
      "settings": 22,
      "spine surgery": 26,
      "relationships neighboring": 19,
      "solve practical": 24,
      "awareness open": 4,
      "applications academic": 1,
      "joint": 8,
      "replacement": 20,
      "joint replacement": 9,
      "sports": 27,
      "ortho": 16,
      "sports medicine": 28,
      "medicine ortho": 13,
      "multilingual": 15,
      "orthopedic": 17,
      "support": 29,
      "language": 10,
      "indicbert": 7,
      "macro": 11,
      "selective": 21
    },
    "idf": [
      1.2231435513142097,
      1.2231435513142097,
      1.2231435513142097,
      1.2231435513142097,
      1.2231435513142097,
      1.0,
      1.0,
      1.916290731874155,
      1.916290731874155,
      1.916290731874155,
      1.916290731874155,
      1.916290731874155,
      1.2231435513142097,
      1.916290731874155,
      1.0,
      1.916290731874155,
      1.916290731874155,
      1.916290731874155,
      1.2231435513142097,
      1.2231435513142097,
      1.916290731874155,
      1.916290731874155,
      1.0,
      1.2231435513142097,
      1.2231435513142097,
      1.916290731874155,
      1.916290731874155,
      1.916290731874155,
      1.916290731874155,
      1.916290731874155,
      1.916290731874155,
      1.2231435513142097
    ]
  },
  "scope": "orthopedics",
  "grade": "preschool"
}