{
  "layer_sizes": [
    32,
    16,
    4
  ],
  "learning_rate": 0.3,
  "seed": 42,
  "output_activation": "softmax",
  "weights": [
    [
      [
        0.06925192907061982,
        -0.2599960265601239,
        0.18929919197381379,
        0.24716127959148604,
        -0.4469771648539903,
        -0.3255448767155795,
        0.10503713323692586,
        -0.09652853990264244,
        0.02695943069085856,
        -0.1867132493843237,
        0.2765711225227184,
        0.1925493407018089,
        0.03676311888579041,
        0.346243905013043,
        0.1168773355630114,
        -0.21692769678634302
      ],
      [
        0.08526035515263669,
        -0.23972065020724972,
        0.2212989683490176,
        -0.0004613772528806137,
        -0.0054339585768464335,
        -0.17023238610098534,
        0.37871236711361206,
        -0.0561002623339474,
        -0.07592223547384606,
        -0.06148565511298604,
        0.18979892519534858,
        0.08946237293559146,
        0.12343859739448351,
        0.1721388540230055,
        0.5354119002176153,
        -0.10370833516168734
      ],
      [
        -0.13498802313587235,
        -0.20344318206196943,
        0.15568124866607339,
        0.2942631736739056,
        0.012294767895749934,
        -0.210039119240632,
        -0.1330432714777054,
        0.1451803051394284,
        0.21697326286779142,
        0.16233629958537005,
        -0.10965579801516219,
        0.05614168761125185,
        0.04942689678066845,
        0.1191057524532881,
        0.21785719448704746,
        0.05379430612813711
      ],
      [
        0.1628010498999857,
        0.016894767372222865,
        0.07396624269469554,
        0.16984215695331767,
        -0.3235073226544478,
        -0.07991780408932533,
        -0.044516131128094355,
        -0.17718735387758236,
        -0.037625842739740206,
        0.4002830603176703,
        -0.1597361501162994,
        0.24017094549244203,
        -0.4004619984084648,
        -0.019287654225408884,
        0.0406882662762514,
        0.14445100177428608
      ],
      [
        0.17087930408022572,
        0.1983368087999813,
        -0.08549487503990989,
        -0.10356784767245918,
        0.25527560262375715,
        -0.04782608122040372,
        -0.24584454838937603,
        -0.3007896953176172,
        -0.19870335143347198,
        0.15083791852251233,
        0.09232806282465267,
        0.17072269536151388,
        -0.08655771708864715,
        0.10406852604021342,
        0.15639759849183418,
        -0.07944121599559305
      ],
      [
        0.10726646852136484,
        -0.16548148526666281,
        -0.08907706861906844,
        -0.08341437300589966,
        -0.2581782790877911,
        0.12174312019639545,
        -0.044273552605576444,
        -0.014344362134825015,
        0.15134638479340803,
        0.1381805265165574,
        0.22306790605020796,
        -0.026520014282784016,
        -0.08556913351555202,
        0.04450405054443511,
        -0.42183360848950746,
        -0.3638826991713053
      ],
      [
        -0.3376022439565887,
        -0.24931170690037044,
        0.10162994970305865,
        -0.21434966334633263,
        -0.05375900620037874,
        0.32480707444651635,
        -0.015988960320251988,
        0.16691100030002476,
        -0.20224469993553842,
        -0.024811656957836162,
        -0.1807838849206339,
        -0.08665691213056874,
        0.23033247885983524,
        -0.3673965025270524,
        0.10860591088646433,
        0.05732931951753602
      ],
      [
        -0.1485374889241986,
        -0.36151446359711364,
        -0.2111189233197644,
        -0.1323731772659506,
        -0.09358854077021697,
        0.00546303638086072,
        0.32537492883566804,
        -0.360928153073984,
        -0.24180941574325357,
        0.19653276252841334,
        0.14176880184378057,
        0.8465822568115426,
        0.3265753479915312,
        0.34880897855518517,
        0.36582572280489045,
        -0.2971907635807127
      ],
      [
        -0.15993788318743693,
        -0.23164398535138123,
        -0.32660375103717376,
        -0.3441715368890772,
        0.007030143094708126,
        -0.055555674274693344,
        -0.44277136762022523,
        -0.5549840165076134,
        0.09244341927476162,
        0.36124549576292936,
        0.5859523537737856,
        1.2352509795032665,
        0.22139989483188555,
        0.01220668375984182,
        -0.5330115701828273,
        0.06692786558595895
      ],
      [
        -0.2032352738275815,
        -0.10383931504492133,
        -0.15302419976495202,
        -0.035197721604096316,
        0.04725637553137505,
        0.039262141861336156,
        -0.15881588799836288,
        0.135793912408211,
        -0.5098402687345516,
        -0.1738409857123664,
        -0.21113889189689636,
        0.7161880714591212,
        0.00560474844792839,
        0.09826138298783228,
        -0.12482389963478802,
        -0.29623594160425615
      ],
      [
        -0.2846912629598821,
        -0.1813065161339383,
        0.4653491774795538,
        -0.37492853075853055,
        0.6883823963836297,
        -0.2257317945217566,
        0.8493350122306514,
        0.14818472005160746,
        0.03821854471101751,
        0.05230010641307594,
        0.1775561377305544,
        -0.28709779118108375,
        -0.113745870085195,
        -0.1244707031683318,
        -0.3194843935799048,
        0.029958047727374218
      ],
      [
        0.35136074170081955,
        0.03999790339335956,
        -0.09642783715670818,
        -0.09812532605179827,
        0.8052605308762497,
        0.054845625340964085,
        0.5137099513036556,
        0.3285191560401137,
        0.18456712874094355,
        0.44642973594593255,
        0.38706167089337834,
        -0.7047330994817295,
        -0.34203979981141625,
        0.5946627208312927,
        0.43091643019582426,
        -0.058068735023805815
      ],
      [
        -0.09579683028399694,
        0.36536107306055055,
        -0.276761420510872,
        -0.2236817547389566,
        -0.05840698349327473,
        -0.0986512807148974,
        -0.1204376454187087,
        0.3538466259835357,
        -0.006775895358728837,
        0.2996064568843955,
        -0.17504702746687983,
        0.43519029138336474,
        -0.5395069071780487,
        -0.15960309525046162,
        -0.21080756757321778,
        -0.304703265105907
      ],
      [
        -0.2195380917321877,
        -0.08353086017520302,
        0.4706141359373381,
        -0.13850903064279949,
        -0.09187351233736266,
        -0.12104235833339462,
        -0.1711696777458906,
        0.438608747914894,
        0.19841820293145618,
        0.28633370492744736,
        -0.13480035076732144,
        -0.21460184438210037,
        -0.054074278939562764,
        0.001818900743269098,
        0.04414333961342776,
        -0.27109701805834163
      ],
      [
        0.022622445406968554,
        0.057057082534726286,
        0.9358563074440219,
        0.714120254463418,
        -0.2847441090613536,
        -0.07184584038729402,
        -0.44927529491586654,
        -0.008001797828884171,
        0.1827291653616147,
        0.25362742559103874,
        -0.2548320825015498,
        -0.283604497044471,
        -0.5276835221911019,
        -0.0783976693033885,
        -0.2656036029648908,
        -0.13235985684151844
      ],
      [
        -0.21921519454189706,
        -0.023565638563139247,
        -0.4394320978391578,
        -0.36676131134774764,
        0.3130730958415389,
        -0.32185564531850774,
        -0.3933535733523508,
        0.8539357326949922,
        0.6350972597516396,
        -0.3451556656503691,
        -0.2897554933893238,
        0.3595944807992776,
        0.405210529181105,
        -0.3941377643749917,
        -0.061319461485527436,
        0.194334394015436
      ],
      [
        0.06712747340872643,
        -0.09403901780752481,
        -0.21896457438112482,
