{
  "labels": [
    "Clinical Linguistics",
    "Forensic Linguistics",
    "Language Teaching (TESOL, SLA)",
    "research"
  ],
  "feature_extractor": {
    "max_features": 32,
    "vocabulary": {
      "language": 13,
      "teaching": 19,
      "tesol": 23,
      "sla": 18,
      "applied": 1,
      "linguistics": 16,
      "broader": 5,
      "understanding": 28,
      "apply": 2,
      "phenomena": 17,
      "theoretical": 25,
      "vocabulary": 29,
      "techniques": 21,
      "awareness": 3,
      "applications": 0,
      "language teaching": 14,
      "teaching tesol": 20,
      "tesol sla": 24,
      "broader domain": 6,
      "theoretical frameworks": 26,
      "vocabulary foundational": 30,
      "techniques awareness": 22,
      "awareness open": 4,
      "forensic": 10,
      "forensic linguistics": 11,
      "clinical": 7,
      "clinical linguistics": 8,
      "types": 27,
      "web": 31,
      "documents": 9,
      "korean": 12,
      "learning": 15
    },
    "idf": [
      1.2231435513142097,
      1.2231435513142097,
      1.2231435513142097,
      1.2231435513142097,
      1.2231435513142097,
      1.2231435513142097,
      1.2231435513142097,
      1.916290731874155,
      1.916290731874155,
      1.916290731874155,
      1.916290731874155,
      1.916290731874155,
      1.916290731874155,
      1.5108256237659907,
      1.916290731874155,
      1.916290731874155,
      1.2231435513142097,
      1.0,
      1.916290731874155,
      1.916290731874155,
      1.916290731874155,
      1.2231435513142097,
      1.2231435513142097,
      1.916290731874155,
      1.916290731874155,
      1.2231435513142097,
      1.2231435513142097,
      1.916290731874155,
      1.2231435513142097,
      1.2231435513142097,
      1.2231435513142097,
      1.916290731874155
    ]
  },
  "scope": "applied_linguistics",
  "grade": "preschool"
}