{
  "layer_sizes": [
    32,
    16,
    4
  ],
  "learning_rate": 0.3,
  "seed": 42,
  "output_activation": "softmax",
  "weights": [
    [
      [
        0.07462604819878843,
        -0.280096836708633,
        0.15984937189507234,
        0.23278394991216322,
        -0.42522784347836656,
        -0.3295593382910214,
        0.027627218320401943,
        -0.05739226868703182,
        0.014504606328385619,
        -0.20105938249735156,
        0.2715128812824047,
        0.2076946558798522,
        0.045473565839534116,
        0.2970741287574637,
        0.15863414444043092,
        -0.15095140019651743
      ],
      [
        0.08951158648981777,
        -0.1666356930572367,
        0.2390238151342325,
        -0.03136195805938548,
        -0.02546689656232785,
        -0.17351447148755217,
        0.30209291933486665,
        -0.025704243579520284,
        -0.10849198231205467,
        -0.07805778060280483,
        0.13682574825976535,
        0.09254637464611051,
        0.12686466715634462,
        0.11596229504777084,
        0.5897388797036962,
        -0.08033266129385086
      ],
      [
        -0.137794370260151,
        -0.475253967103724,
        0.09555279663187691,
        0.2674708530708425,
        0.327717009162914,
        -0.210039119240632,
        -0.2061203039228099,
        0.052137073951676244,
        0.3088203087185878,
        0.4160220128485707,
        0.5142103269235985,
        -0.0642957662966479,
        -0.05541476777707583,
        0.3249437368927177,
        0.2402287531662917,
        -0.11115492240555347
      ],
      [
        0.1681751690281543,
        -0.003206042776286312,
        0.04451642261595416,
        0.15546482727399485,
        -0.3017580012788241,
        -0.08393226566476707,
        -0.12192604604461826,
        -0.13805108266197177,
        -0.05008066710221311,
        0.38593692720464257,
        -0.16479439135661314,
        0.25531626067048535,
        -0.39175155145472135,
        -0.06845743048098843,
        0.08244507515367087,
        0.21042729836411167
      ],
      [
        0.16807295695594707,
        -0.07347397624177336,
        -0.1456233270741064,
        -0.1303601682755222,
        0.5706978438909212,
        -0.04782608122040372,
        -0.31892158083448047,
        -0.3938329265053691,
        -0.10685630558267563,
        0.404523631785713,
        0.7161941877634137,
        0.050285241453614224,
        -0.19139938164639148,
        0.3099065104796431,
        0.1787691571710784,
        -0.24439044452928363
      ],
      [
        0.10446012139708619,
        -0.4372922703084174,
        -0.14920552065326498,
        -0.11020669360896267,
        0.05724396217937269,
        0.12174312019639545,
        -0.11735058505068097,
        -0.10738759332257714,
        0.24319343064420446,
        0.39186623977975804,
        0.846934030988969,
        -0.14695746819068375,
        -0.19041079807329636,
        0.2503420349838648,
        -0.3994620498102632,
        -0.528831927704996
      ],
      [
        -0.3306749030886006,
        -0.3241810599329712,
        -0.015601478124059936,
        -0.2263697638400152,
        -0.06726710523194522,
        0.2996493552165261,
        -0.11621918345457598,
        -0.11165041552198894,
        -0.23919185139282229,
        -0.15613279658791102,
        -0.5486178288598247,
        0.16887965327267437,
        0.4751176340610026,
        -0.43183010579808717,
        0.6754860446039966,
        0.10163740444623347
      ],
      [
        -0.1485374889241986,
        -0.4363838166297144,
        -0.09751265787645169,
        -0.1323731772659506,
        0.0854425861165782,
        -0.019694682849129574,
        0.3732915321410094,
        -0.3558682145070166,
        -0.2616618045458193,
        -0.05995449838192444,
        -0.25611314413923797,
        0.5934348160579241,
        0.4738184111752983,
        0.08921776478737733,
        0.9327058565224225,
        -0.25498725971754876
      ],
      [
        -0.16149110492725635,
        -0.2517447954998903,
        -0.12521587784548385,
        -0.34652876607471744,
        0.22131869038869334,
        -0.059570135850135174,
        -0.3720344560970841,
        -0.2322263909030216,
        0.09708335756700667,
        0.22173324136963873,
        0.5508461104896439,
        0.7417122885244474,
        0.13256824976822928,
        -0.2321207029925109,
        -0.4912547613054077,
        0.1307995811102511
      ],
      [
        -0.20478849556740092,
        -0.1239401251934305,
        -0.180787626821494,
        -0.03755495078973657,
        0.32902601138200344,
        0.035247680285894326,
        -0.043991591731091476,
        -0.2372450588075891,
        -0.39996584047163136,
        -0.10937537787228924,
        0.038217749862117525,
        0.4552291504175858,
        0.06153452181745159,
        0.2609487047712198,
        -0.08306709075736851,
        -0.2323642260799639
      ],
      [
        -0.2428324122979124,
        -0.20140732628244754,
        0.5043540060522491,
        -0.20770389899173677,
        0.2721532546191788,
        -0.2297462560971984,
        0.22856037074714164,
        0.11790612092532954,
        -0.020454578710064786,
        0.002010967862185006,
        -0.11203353629064991,
        0.12476472239313517,
        -0.08477997863596493,
        -0.29113761392635656,
        -0.27772758470248543,
        0.1070186949548221
      ],
      [
        0.3932195923627893,
        0.019897093244850374,
        -0.05742300858401252,
        0.06909930571499547,
        0.38903138911179874,
        0.050831163765522255,
        -0.10706469017985368,
        0.2982405569138362,
        0.12589400531986114,
        0.3961405973950416,
        0.0974719968721742,
        -0.29287058590751,
        -0.3130739083621864,
        0.42799581007326787,
        0.4726732390732437,
        0.018991912203642058
      ],
      [
        -0.09735005202381634,
        0.3452602629120414,
        -0.3045248475674137,
        -0.22603898392459684,
        0.22336265235735336,
        -0.10266574229033913,
        -0.0056133491514372205,
        -0.01919234523226438,
        0.10309853290419124,
        0.3640720647244728,
        0.07430961429213401,
        0.17423137034182956,
        -0.4835771338085255,
        0.0030842265329257966,
        -0.16905075869579828,
        -0.2408315495816148
      ],
      [
        -0.2210913134720071,
        -0.10363167032371218,
        0.2012122085324613,
        -0.33395540862053125,
        0.07018882683369665,
        -0.12505681990883644,
        -0.0862511560619096,
        0.27235783572501504,
        0.1532337549554392,
        0.3465511262567295,
        0.013036967754222532,
        -0.16073898089506067,
        -0.026998812770894765,
        0.07588802483326067,
        0.08590014849084725,
        -0.20722530253404944
      ],
      [
        0.01588549067372171,
        0.485916655982758,
        0.8311043903618899,
        0.38799256679679595,
        -0.35882656693961357,
        -0.07184584038729402,
        -0.3658605004592508,
        -0.17061088766054425,
        -0.0011158862657592171,
        0.3014634052220584,
        -0.366664850465837,
        -0.20974155971896002,
        -0.5368222574346637,
        -0.06089357295114217,
        -0.16888816011604268,
        -0.2806243240062205
      ],
      [
        -0.22076841628171648,
        0.09721175207542089,
        -0.46719552489569954,
        -0.3691185405333879,
        0.6001978850457088,
        -0.32587010689394963,
        -0.2785292770850795,
        0.8270597697969038,
        0.7449716880145599,
        -0.34387753006013166,
        -0.069576687797884,
        0.06781399366272133,
        0.46182217535864123,
        -0.342905987978516,
        -0.22864713943150716,
        0.5933833045287739
      ],
      [
        0.10347568799072271,
        -0.05382151947199327,
        -0.05944134297065887,
        -0.3664588110399556,
