{
  "labels": [
    "CMOS Technology",
    "Chip Architecture",
    "VLSI Design",
    "research"
  ],
  "feature_extractor": {
    "max_features": 32,
    "vocabulary": {
      "vlsi": 30,
      "design": 15,
      "concept": 10,
      "semiconductor": 21,
      "engineering": 16,
      "technology": 28,
      "studying": 25,
      "analysis": 1,
      "relationships": 18,
      "solve": 23,
      "common": 8,
      "techniques": 27,
      "contemporary": 12,
      "academic": 0,
      "vlsi design": 31,
      "concept semiconductor": 11,
      "semiconductor engineering": 22,
      "broader domain": 3,
      "technology engineering": 29,
      "studying definitions": 26,
      "relationships neighboring": 19,
      "solve practical": 24,
      "common techniques": 9,
      "contemporary applications": 13,
      "cmos": 6,
      "cmos technology": 7,
      "chip": 4,
      "architecture": 2,
      "chip architecture": 5,
      "data": 14,
      "job": 17,
      "report": 20
    },
    "idf": [
      1.2231435513142097,
      1.0,
      1.916290731874155,
      1.2231435513142097,
      1.916290731874155,
      1.916290731874155,
      1.916290731874155,
      1.916290731874155,
      1.2231435513142097,
      1.2231435513142097,
      1.2231435513142097,
      1.2231435513142097,
      1.2231435513142097,
      1.2231435513142097,
      1.916290731874155,
      1.2231435513142097,
      1.0,
      1.916290731874155,
      1.2231435513142097,
      1.2231435513142097,
      1.916290731874155,
      1.0,
      1.0,
      1.2231435513142097,
      1.2231435513142097,
      1.2231435513142097,
      1.2231435513142097,
      1.2231435513142097,
      1.2231435513142097,
      1.2231435513142097,
      1.916290731874155,
      1.916290731874155
    ]
  },
  "scope": "semiconductor_engineering",
  "grade": "preschool"
}