{
  "layer_sizes": [
    32,
    16,
    4
  ],
  "learning_rate": 0.3,
  "seed": 42,
  "output_activation": "softmax",
  "weights": [
    [
      [
        0.07244357889840633,
        -0.25728811038748056,
        0.2336397396606181,
        0.290505838746825,
        -0.4850299785939391,
        -0.3255448767155795,
        0.03196010079182134,
        -0.11020083848426693,
        -0.004200289376072199,
        -0.22462184417295622,
        0.3030589003340261,
        0.20145381008930835,
        0.06205925013105785,
        0.3378994771820803,
        0.11245570184701187,
        -0.21482311572080956
      ],
      [
        0.08913352381312896,
        -0.2375067512991994,
        0.2462596138616323,
        0.02211681951141752,
        -0.04732788817964376,
        -0.17023238610098534,
        0.30563533466850756,
        -0.030198523975194524,
        -0.1121374612156515,
        -0.07886068318906801,
        0.1783919637108256,
        0.0954222682831957,
        0.13019827471325934,
        0.1479705676805479,
        0.5520876987384237,
        -0.1016037540961539
      ],
      [
        -0.13179637330808586,
        -0.20073526588932608,
        0.20002179635287773,
        0.3376077328292444,
        -0.02575804584419881,
        -0.210039119240632,
        -0.2061203039228099,
        0.13150800655780392,
        0.18581354280086057,
        0.12442770479673755,
        -0.08316802020385448,
        0.06504615699875116,
        0.07472302802593585,
        0.1107613246223253,
        0.2134355607710478,
        0.05589888719367057
      ],
      [
        0.1659926997277722,
        0.019602683544866214,
        0.11830679038149977,
        0.21318671610865655,
        -0.3615601363943966,
        -0.07991780408932533,
        -0.11759316357319888,
        -0.19085965245920683,
        -0.06878556280667093,
        0.36237446552903785,
        -0.1332483723049917,
        0.24907541487994148,
        -0.3751658671631974,
        -0.02763208205637169,
        0.03626663256025185,
        0.14655558283981954
      ],
      [
        0.17407095390801222,
        0.20104472497262466,
        -0.041154327353105646,
        -0.06022328851712031,
        0.21722278888380833,
        -0.04782608122040372,
        -0.31892158083448047,
        -0.3144619938992416,
        -0.22986307150040283,
        0.11292932373387997,
        0.11881584063596039,
        0.17962716474901333,
        -0.061261585843379776,
        0.09572409820925062,
        0.15197596477583453,
        -0.0773366349300596
      ],
      [
        0.11113963718185711,
        -0.1632675863586125,
        -0.0860824259506666,
        -0.08216805581935496,
        -0.3067587792515096,
        0.12174312019639545,
        -0.11735058505068097,
        0.0793433615474938,
        0.10502014770185318,
        0.1577274059804721,
        0.16623199475351141,
        -0.023893058557450938,
        -0.09926200846217734,
        0.009153245698876246,
        -0.36457626234401486,
        -0.3617781181057718
      ],
      [
        -0.3306749030886006,
        -0.3292893079731795,
        -0.17732812542016213,
        -0.47809403407860124,
        -0.09454063850984742,
        0.32480707444651635,
        -0.08906599276535648,
        0.031994096856306616,
        -0.23340442000246925,
        -0.08939431632994499,
        0.7256741174153252,
        -0.044992489426733735,
        0.25829740204205315,
        -0.3738691995254466,
        0.26177180317642024,
        0.05943390058306947
      ],
      [
        -0.15600887100460162,
        -0.35609863125182695,
        0.11008625834647487,
        -0.021643857967907642,
        0.06362668997771592,
        0.00546303638086072,
        0.40044472283022886,
        -0.1221192876649989,
        -0.25587437315546624,
        0.022097184179956954,
        0.22141798422957942,
        0.3538085462742517,
        0.29988096296015215,
        0.20139611566752147,
        0.35698245537289114,
        -0.2971907635807127
      ],
      [
        -0.1629920553949327,
        -0.2294300864433309,
        -0.07080541225412759,
        -0.30957323963109645,
        0.1576754394102724,
        -0.055555674274693344,
        -0.36770157362566447,
        -0.24546092375987927,
        0.07332295618767412,
        0.21870434640658465,
        0.5444973902454348,
        0.7325268686940081,
        0.13061748013326135,
        -0.20711921307938888,
        -0.5163357716620189,
        0.06692786558595895
      ],
      [
        -0.20628944603507726,
        -0.10162541613687097,
        -0.1263771612301378,
        -0.0005994243461155788,
        0.26538276040358255,
        0.039262141861336156,
        -0.039658709259672076,
        -0.2504795916644469,
        -0.4237262418509639,
        -0.11240427283534334,
        0.03186902961790834,
        0.44604373058714675,
        0.0595837521824837,
        0.2859501946843415,
        -0.10814810111397961,
        -0.29623594160425615
      ],
      [
        -0.24127919055809297,
        -0.1813065161339383,
        1.374723883077906,
        -0.00670804479820138,
        0.18585154418306857,
        -0.2257317945217566,
        0.23289325321856102,
        0.3442458438504942,
        -0.0391594744145226,
        -0.2417933993030687,
        -0.4825423852159818,
        0.14434362025708836,
        0.12349514514830877,
        -0.4206817954688271,
        -0.5984796791954966,
        0.04314697943052987
      ],
      [
        0.37136208652352193,
        0.13694540030138141,
        -0.3065539621575577,
        0.4714999318843177,
        0.3673720785883783,
        0.054845625340964085,
        -0.10273180770843429,
        -0.014199632551625214,
        0.10718910961540337,
        0.5823807481518596,
        -0.07707110147898939,
        -0.33480468500630856,
        -0.34203979981141625,
        0.8205495590300261,
        0.5290364489329803,
        -0.04487980332065016
      ],
      [
        -0.11920755786308386,
        0.46230856996857256,
        -0.5536558011409591,
        0.17636164224472528,
        0.20170334183393335,
        -0.0986512807148974,
        -0.001280466680017824,
        -0.33163253469772547,
        0.08439363719973339,
        0.5503122154812906,
        -0.10023348405902956,
        0.13229727124303087,
        -0.5125430252577556,
        0.3956379754896847,
        -0.11268754883606183,
        -0.304703265105907
      ],
      [
        -0.2195380917321877,
        -0.08353086017520302,
        0.08164926875559984,
        -0.47467147038395724,
        -0.03718907303010142,
        -0.12104235833339462,
        -0.08191827359049021,
        0.7053312503189254,
        0.06671412856308462,
        0.5819854091377217,
        -0.3433191840059314,
        -0.19633973749586597,
        -0.1931403314428848,
        -0.014377150164958566,
        0.3163244922074492,
        -0.27109701805834163
      ],
      [
        -0.0007882821721183794,
        0.15400457944274806,
        0.35247412875339296,
        0.8692545498040991,
        -0.17243919447803277,
        -0.07184584038729402,
        -0.3658605004592508,
        -0.4384485635574689,
        0.07890125089758512,
        0.49990515537491953,
        -0.3051506702203682,
        -0.19222403709313274,
        -0.5368222574346637,
        0.3671510958359872,
        -0.16748358422773477,
        -0.13235985684151844
      ],
      [
        -0.22295088558209858,
        -0.020857722390495898,
        -0.39340515713015417,
        -0.31139665169872616,
        0.5350405965765941,
        -0.32185564531850774,
        -0.2741963946136599,
        0.42808819168195705,
        0.7262667923101017,
        -0.30425251948589654,
        -0.008852832578688533,
        0.0923947139671986,
        0.4777259868421519,
        -0.1906250941669873,
        -0.06574109520152696,
        0.194334394015436
      ],
      [
        0.10869151861665466,
        -0.14508768457538712,
        0.2870887559968272,
