{
  "layer_sizes": [
    32,
    16,
    4
  ],
  "learning_rate": 0.3,
  "seed": 42,
  "output_activation": "softmax",
  "weights": [
    [
      [
        0.06139694528074867,
        -0.2599960265601239,
        -0.014061934142674972,
        0.6528499833341315,
        -0.4960556323390497,
        -0.3255448767155795,
        0.07780984273126172,
        -0.3220790701245233,
        -0.06564221172071534,
        -0.16829682571553284,
        0.13277942369762624,
        0.17734019816445348,
        0.01650767439030401,
        0.555715128178528,
        0.5834389279313612,
        -0.21482311572080956
      ],
      [
        0.07740537136276554,
        -0.23972065020724972,
        0.017937842232528787,
        0.40522732648976445,
        -0.0545124260619058,
        -0.17023238610098534,
        0.3514850766079479,
        -0.28165079255582814,
        -0.16852387788541998,
        -0.04306923144419525,
        0.04600722637025626,
        0.07425323039823595,
        0.1031831528989971,
        0.38161007718849055,
        1.0019734925859654,
        -0.1016037540961539
      ],
      [
        -0.1299891898283475,
        -0.21066495194927218,
        0.18101668179368804,
        0.31360394211164255,
        0.002091493717090582,
        -0.21523859157192862,
        -0.1605275273182268,
        0.19285321427797233,
        0.21497403190679568,
        0.13724632233481351,
        -0.15726288233421284,
        0.04958928844824432,
        0.02621808508623867,
        0.078163449189769,
        0.2526115510597899,
        0.05589888719367057
      ],
      [
        0.16736954918173252,
        0.008061506105493351,
        0.10982172839262527,
        0.19878478259824797,
        -0.3041493003058665,
        -0.08627750514158747,
        -0.05315489466688403,
        -0.12299991105303966,
        -0.026701473398347723,
        0.3686657284138538,
        -0.1918669626530401,
        0.19376955314712635,
        -0.4207174429039512,
        -0.05195671986388319,
        0.08852879003755502,
        0.14655558283981954
      ],
      [
        0.17544780336197255,
        0.1895035475332518,
        -0.04963938934198021,
        -0.07462522202752889,
        0.27463362497233856,
        -0.05418578227266586,
        -0.25448331192816587,
        -0.2466022524930742,
        -0.18777898209207966,
        0.11922058661869585,
        0.06019725028791202,
        0.12432130301619819,
        -0.10681316158413356,
        0.07139946040173906,
        0.20423812225313792,
        -0.0773366349300596
      ],
      [
        0.11419380938935286,
        -0.15040539119045587,
        0.45177803217897833,
        0.09007633431775257,
        -0.3961987265045104,
        0.08188831763999613,
        -0.36159135170620194,
        0.4855852072121557,
        0.43496516666718427,
        0.0348986094497928,
        0.008498112956731906,
        -0.21750978719053002,
        -0.10582457801103844,
        -0.0951364185062672,
        -0.5790609108497897,
        -0.3617781181057718
      ],
      [
        -0.33303374467484187,
        -0.2581449681671,
        0.13748543540098837,
        -0.1854070377014023,
        -0.03440098385179736,
        0.3184473733942542,
        -0.024627723859041654,
        0.22109844312456747,
        -0.19132033059414608,
        -0.05642898886165264,
        -0.2129146974573746,
        -0.1330583044758845,
        0.21007703436434888,
        -0.40006556816552663,
        0.15644643464776808,
        0.05943390058306947
      ],
      [
        -0.1485374889241986,
        -0.36151446359711364,
        -0.010107353279082345,
        -0.14869111168855823,
        -0.08432441136930947,
        0.00546303638086072,
        0.3461007829701972,
        -0.058425617045365405,
        -0.2960859064541752,
        0.0877628686838405,
        -0.029241422841596205,
        0.5777036337352371,
        0.18613977071401921,
        0.07022126135888965,
        0.332417827913413,
        -0.2971907635807127
      ],
      [
        -0.15993788318743693,
        -0.23164398535138123,
        -0.17483670885970373,
        -0.38904585655124807,
        -0.2330692898683589,
        -0.055555674274693344,
        -0.5171474082407517,
        -0.2500082232889361,
        -0.03220325470890076,
        0.32762753182168936,
        0.26752108987796863,
        1.3827091512959333,
        0.04134774621627932,
        -0.2996249144363072,
        -0.6248832811343907,
        0.06692786558595895
      ],
      [
        -0.2055941154138227,
        -0.15762849693789704,
        -0.18288564408802574,
        -0.21541135542642004,
        0.6345553694973419,
        0.03290244080907402,
        0.409163056472534,
        -0.2281492114984305,
        -0.369951746272906,
        -0.12664657666307783,
        0.26583658003340854,
        0.3345201562677523,
        0.03256863036822146,
        0.2776812314828618,
        -0.08306535115140232,
        -0.29623594160425615
      ],
      [
        -0.24127919055809297,
        -0.25173865302120974,
        0.4265171026271984,
        -0.5518621775299531,
        0.6920395125529073,
        -0.2257317945217566,
        0.8351042787857583,
        0.08690757521140066,
        -0.028764620669394513,
        -0.010190631533858506,
        0.23532637279187002,
        0.018828895923372564,
        -0.113745870085195,
        -0.3060382562338659,
        -0.32901298312611077,
        0.04314697943052987
      ],
      [
        0.3928443065421456,
        0.03277613350605681,
        -0.0026377553776564203,
        0.10281740383205537,
        0.3570787935575155,
        0.04964615300966746,
        -0.05713903110385122,
        0.3067771948367693,
        0.13634959872133856,
        0.38539675325751277,
        0.054923153793437166,
        -0.3145683002485608,
        -0.3449931670103596,
        0.43622328306532804,
        0.46567078676856666,
        -0.04487980332065016
      ],
      [
        -0.10051451345647937,
        0.34769455052709153,
        -0.20167766307061344,
        -0.1417563024617308,
        0.2811110079883611,
        -0.11137068281942167,
        0.1275960711326118,
        0.03257837738446359,
        0.16856181601637982,
        0.3417312665389389,
        0.07182785926597783,
        0.06438462731772666,
        -0.5125430252577556,
        0.05134947478259159,
        -0.11512652005061064,
        -0.304703265105907
      ],
      [
        -0.2195380917321877,
        -0.08353086017520302,
        0.2008359053814536,
        -0.34791611385749854,
        -0.13483559105938106,
        -0.12104235833339462,
        -0.13626221345052197,
        0.2521027461490416,
        0.09431732595227259,
        0.37729348680544744,
        -0.1228670136470126,
        0.06392108700745187,
        -0.07860274498475026,
        0.04162769438931771,
        0.010735444721950203,
        -0.27109701805834163
      ],
      [
        0.007840120749109378,
        0.057057082534726286,
        0.42769377628919075,
        0.8869199570567454,
        -0.2216076728152957,
        -0.07184584038729402,
        -0.3200107585198104,
        -0.3906951755294993,
        0.01745932855294198,
        0.34642756139992065,
        -0.26934102945398314,
        -0.18064439570973273,
        -0.5368222574346637,
        0.23323834630029291,
        0.20095798940345894,
        -0.13235985684151844
      ],
      [
        -0.22114370210236023,
        -0.030787408450442005,
        -0.4124102716893438,
        -0.33540044241632805,
        0.5628901361378836,
        -0.3270551176498044,
        -0.22860361800907686,
        0.4894333994021256,
        0.7554272814160369,
        -0.29143390194782065,
        -0.08294769470904705,
        0.07693784541669173,
        0.42922104390245475,
        -0.22322296959954369,
        -0.02656510491278495,
        0.194334394015436
      ],
      [
        0.1067630110561915,
        -0.10126078769482758,
        -0.01010503462449499,
