{
  "labels": [
    "Agile Methodology",
    "Design Patterns",
    "Software Architecture",
    "research"
  ],
  "feature_extractor": {
    "max_features": 32,
    "vocabulary": {
      "software": 21,
      "architecture": 5,
      "engineering": 12,
      "science": 20,
      "technology": 30,
      "requires": 19,
      "studying": 27,
      "development": 11,
      "methods": 15,
      "analysis": 2,
      "apply": 4,
      "design": 9,
      "solve": 24,
      "models": 16,
      "awareness": 6,
      "software architecture": 22,
      "software engineering": 23,
      "studying definitions": 28,
      "solve practical": 25,
      "techniques awareness": 29,
      "applications academic": 3,
      "patterns": 17,
      "design patterns": 10,
      "agile": 0,
      "methodology": 14,
      "agile methodology": 1,
      "code2lora": 8,
      "code": 7,
      "repository": 18,
      "lora": 13,
      "static": 26,
      "track": 31
    },
    "idf": [
      1.916290731874155,
      1.916290731874155,
      1.0,
      1.2231435513142097,
      1.2231435513142097,
      1.916290731874155,
      1.2231435513142097,
      1.916290731874155,
      1.916290731874155,
      1.2231435513142097,
      1.916290731874155,
      1.0,
      1.2231435513142097,
      1.916290731874155,
      1.916290731874155,
      1.0,
      1.0,
      1.916290731874155,
      1.916290731874155,
      1.2231435513142097,
      1.0,
      1.0,
      1.916290731874155,
      1.2231435513142097,
      1.2231435513142097,
      1.2231435513142097,
      1.916290731874155,
      1.2231435513142097,
      1.2231435513142097,
      1.2231435513142097,
      1.2231435513142097,
      1.916290731874155
    ]
  },
  "scope": "software_engineering",
  "grade": "preschool"
}