{
  "layer_sizes": [
    32,
    16,
    4
  ],
  "learning_rate": 0.3,
  "seed": 42,
  "output_activation": "softmax",
  "weights": [
    [
      [
        0.07617926993860784,
        -0.2961128789101799,
        0.23672546050855167,
        0.3020574310813693,
        -0.42810278433512905,
        -0.3255448767155795,
        0.03196010079182134,
        -0.10926345019146248,
        0.008377494611052028,
        -0.20885338907937306,
        0.21965085516951294,
        0.22795075799401038,
        0.01650767439030401,
        0.31297911942411544,
        0.1787134971733803,
        -0.21482311572080956
      ],
      [
        0.09218769602062471,
        -0.2758375025573056,
        0.26872523688375544,
        0.05443477423700253,
        0.013440421942014938,
        -0.17023238610098534,
        0.30563533466850756,
        -0.06883517262276749,
        -0.0945041715536526,
        -0.08362579480803542,
        0.13287865784214292,
        0.12486379022779293,
        0.1031831528989971,
        0.1388740684340777,
        0.5972480618279843,
        -0.1016037540961539
      ],
      [
        -0.12806068226788433,
        -0.34791059146219294,
        0.3504455018716236,
        0.5499080811144861,
        0.2101371868996016,
        -0.210039119240632,
        -0.2061203039228099,
        0.04183698853390746,
        0.23612467874935755,
        0.15341893833238654,
        -0.16717198100695085,
        0.1920514273137733,
        0.029171452285182056,
        0.17934741991068118,
        0.4652018409285231,
        0.05589888719367057
      ],
      [
        0.16972839076797372,
        -0.019222084977833002,
        0.1213925112294334,
        0.22473830844320095,
        -0.30463294213558656,
        -0.07991780408932533,
        -0.11759316357319888,
        -0.1899222641664025,
        -0.056207778819546694,
        0.37814292062262095,
        -0.216656417469505,
        0.2755723627846434,
        -0.4207174429039512,
        -0.052552439814336736,
        0.1025244278866203,
        0.14655558283981954
      ],
      [
        0.17780664494821374,
        0.16221995644992543,
        -0.038068606505172076,
        -0.048671696182576045,
        0.27414998314261857,
        -0.04782608122040372,
        -0.31892158083448047,
        -0.31352460560643697,
        -0.2172852875132786,
        0.12869777882746297,
        0.035407795471447005,
        0.20612411265371533,
        -0.10681316158413356,
        0.07080374045128557,
        0.21823376010220308,
        -0.0773366349300596
      ],
      [
        0.11419380938935286,
        -0.2015983376167187,
        -0.04165080008433063,
        -0.02851822151601649,
        -0.23930389856892986,
        0.12174312019639545,
        -0.11735058505068097,
        -0.027079272423645096,
        0.1327644487136014,
        0.116040386821508,
        0.16614763869700236,
        0.008881403009417442,
        -0.10582457801103844,
        0.011239264955507226,
        -0.35999744687913876,
        -0.3617781181057718
      ],
      [
        -0.3306749030886006,
        -0.28542855925042643,
        0.14905621823779652,
        -0.15945351185644935,
        -0.03488462568151733,
        0.32480707444651635,
        -0.08906599276535648,
        0.15417609001120464,
        -0.22082663601534502,
        -0.046951796652885555,
        -0.2377041522738395,
        -0.05125549483836729,
        0.21007703436434888,
        -0.40066128811597995,
        0.17044207249683324,
        0.05943390058306947
      ],
      [
        -0.1485374889241986,
        -0.39763131594716966,
        0.06714503848540476,
        -0.06545692528238486,
        0.11782506566700605,
        0.00546303638086072,
        0.40044472283022886,
        -0.090041708973823,
        -0.24329658916834204,
        0.04922650155310099,
        0.05480053244674697,
        0.3732996679468824,
        0.20877781147864463,
        0.12038658246948433,
        0.42766188441525915,
        -0.2971907635807127
      ],
      [
        -0.15993788318743693,
        -0.26776083770143716,
        -0.04833978923200469,
        -0.27725528490551143,
        0.2184437495319312,
        -0.055555674274693344,
        -0.36770157362566447,
        -0.2840975724074522,
        0.09095624584967302,
        0.21393923478761723,
        0.49898408437675223,
        0.7619683906386061,
        0.1036023583189991,
        -0.21621571232585898,
        -0.47117540857245865,
        0.06692786558595895
      ],
      [
        -0.2032352738275815,
        -0.13995616739497724,
        -0.10391153820801467,
        0.031718530379469444,
        0.32615107052524095,
        0.039262141861336156,
        -0.039658709259672076,
        -0.2891162403120197,
        -0.40609295218896496,
        -0.11716938445431074,
        -0.013644276250774433,
        0.475485252531744,
        0.03256863036822146,
        0.27685369543787164,
        -0.06298773802441912,
        -0.29623594160425615
      ],
      [
        -0.24127919055809297,
        -0.21742336848399418,
        0.5812300946657285,
        -0.13843041782253068,
        0.2692783137624164,
        -0.2257317945217566,
        0.23289325321856102,
        0.06603493942089886,
        -0.026581690427398375,
        -0.005783038719836556,
        -0.1638955624035418,
        0.14502082450729342,
        -0.113745870085195,
        -0.2752326232597048,
        -0.2576482319695361,
        0.04314697943052987
      ],
      [
        0.3947728141026087,
        0.0038810510433036926,
        0.01945308002946674,
        0.13837278688420152,
        0.38615644825503626,
        0.054845625340964085,
        -0.10273180770843429,
        0.24636937540940518,
        0.11976689360252757,
        0.38834659081302,
        0.04560997075928221,
        -0.2726144837933518,
        -0.34203979981141625,
        0.4439008007399196,
        0.49275259180619296,
        -0.04487980332065016
      ],
      [
        -0.09579683028399694,
        0.7495892263069599,
        -0.3237392096552013,
        -0.30804326957398004,
        0.005486510699083952,
        -0.0986512807148974,
        -0.001280466680017824,
        0.2278333832314748,
        0.14113352542858096,
        0.33869284088018237,
        0.02248382669807992,
        0.11128244360909331,
        -0.5125430252577556,
        -0.024856456201182285,
        -0.1830612323605826,
        -0.304703265105907
      ],
      [
        -0.2195380917321877,
        -0.11964771252525888,
        0.2780882971459406,
        -0.26468192745132524,
        0.06731388597693444,
        -0.12104235833339462,
        -0.08191827359049021,
        0.220486654220584,
        0.14710664323810574,
        0.3387571196747079,
        -0.03882505835866944,
        -0.1404828787809025,
        -0.05596470422012488,
        0.09179301549991242,
        0.10597950122379667,
        -0.27109701805834163
      ],
      [
        0.022622445406968554,
        0.38222944905642947,
        0.6626963581246929,
        0.49426647938829804,
        -0.27111062668692204,
        -0.07184584038729402,
        -0.3658605004592508,
        0.07163181483613806,
        0.15620746427054197,
        0.29549277264207785,
        -0.1827581595179715,
        -0.1584574384573962,
        -0.5368222574346637,
        -0.002378234254797544,
        -0.1367470398580253,
        -0.13235985684151844
      ],
      [
        -0.21921519454189706,
        0.7744185612920326,
        -0.5735404950705875,
        -0.5901927617192464,
        0.17284870259774007,
        -0.32185564531850774,
        -0.2741963946136599,
        1.0213093675733318,
        0.8294634061957422,
        -0.3228504020369623,
        -0.09222463922436416,
        -0.04140633481995197,
        0.4321744111013981,
        -0.2975505318444059,
        -0.05638190500737197,
        0.194334394015436
      ],
      [
        0.10869151861665466,
        -0.08817782979994535,
        -0.3218156492854932,
