{
  "layer_sizes": [
    32,
    16,
    3
  ],
  "learning_rate": 0.3,
  "seed": 42,
  "output_activation": "softmax",
  "weights": [
    [
      [
        0.07617926993860784,
        -0.23487620086396413,
        0.20355824356325636,
        0.2604753816227104,
        -0.45814653713735976,
        -0.3255448767155795,
        0.03196010079182134,
        -0.04221409209988341,
        -0.01554965398104452,
        -0.19336718832958819,
        0.22343714696288786,
        0.19597026283930372,
        0.013472308520862883,
        0.2685752785746081,
        0.1168773355630114,
        -0.21482311572080956
      ],
      [
        0.09218769602062471,
        -0.21460082451109,
        0.2355580199384602,
        0.012852724778343799,
        -0.016603330860215815,
        -0.17023238610098534,
        0.30563533466850756,
        -0.0017858145311884263,
        -0.11843132014574911,
        -0.06813959405825054,
        0.1366649496355179,
        0.09288329507308621,
        0.10014778702955597,
        0.09447022758457063,
        0.5354119002176153,
        -0.1016037540961539
      ],
      [
        -0.12806068226788433,
        -0.26520846401016995,
        -0.07446109107315783,
        0.4196300167954507,
        0.31020637004112905,
        -0.210039119240632,
        -0.2061203039228099,
        0.3170889021946485,
        0.12906671977599896,
        0.2676428435105018,
        -0.2627509673954384,
        -0.07167680955250642,
        0.013994622937976408,
        0.0414371260148532,
        0.21785719448704746,
        0.05589888719367057
      ],
      [
        0.16972839076797372,
        0.04201459306838267,
        0.08822529428413803,
        0.18315625898454213,
        -0.33467669493781727,
        -0.07991780408932533,
        -0.11759316357319888,
        -0.12287290607482339,
        -0.08013492741164324,
        0.3936291213724058,
        -0.2128701256761301,
        0.24359186762993684,
        -0.4237528087733924,
        -0.09695628066384376,
        0.0406882662762514,
        0.14655558283981954
      ],
      [
        0.17780664494821374,
        0.22345663449614103,
        -0.07123582345046742,
        -0.0902537456412348,
        0.24410623034038786,
        -0.04782608122040372,
        -0.31892158083448047,
        -0.24647524751485805,
        -0.24121243610537516,
        0.14418397957724785,
        0.03919408726482194,
        0.1741436174990087,
        -0.10984852745357469,
        0.02639989960177852,
        0.15639759849183418,
        -0.0773366349300596
      ],
      [
        0.11419380938935286,
        -0.1403616595705031,
        -0.07481801702962596,
        -0.07010027097467529,
        -0.26934765137116057,
        0.12174312019639545,
        -0.11735058505068097,
        0.03997008566793399,
        0.10883730012150492,
        0.13152658757129282,
        0.16993393049037728,
        -0.023099092145289248,
        -0.10885994388047956,
        -0.0331645758939998,
        -0.42183360848950746,
        -0.3617781181057718
      ],
      [
        -0.3306749030886006,
        -0.2241918812042107,
        0.11588900129250113,
        -0.20103556131510814,
        -0.06492837848374815,
        0.32480707444651635,
        -0.08906599276535648,
        0.22122544810278372,
        -0.24475378460744157,
        -0.031465595903100704,
        -0.2339178604804646,
        -0.083235989993074,
        0.20704166849490774,
        -0.4450651289654873,
        0.10860591088646433,
        0.05943390058306947
      ],
      [
        -0.1485374889241986,
        -0.3363946379009536,
        0.03397782154010937,
        -0.10703897474104364,
        0.0877813128647753,
        0.00546303638086072,
        0.40044472283022886,
        -0.022992350882243946,
        -0.26722373776043856,
        0.06471270230288584,
        0.05858682424012192,
        0.34131917279217594,
        0.2057424456092035,
        0.07598274161997728,
        0.36582572280489045,
        -0.2971907635807127
      ],
      [
        -0.15993788318743693,
        -0.2065241596552215,
        -0.0815070061773,
        -0.3188373343641701,
        0.18839999672970048,
        -0.055555674274693344,
        -0.36770157362566447,
        -0.21704821431587332,
        0.0670290972575765,
        0.2294254355374021,
        0.5027703761701275,
        0.7299878954838988,
        0.10056699244955797,
        -0.26061955317536617,
        -0.5330115701828273,
        0.06692786558595895
      ],
      [
        -0.2032352738275815,
        -0.07871948934876154,
        -0.13707875515330997,
        -0.009863519079189286,
        0.29610731772301024,
        0.039262141861336156,
        -0.039658709259672076,
        -0.22206688222044085,
        -0.43002010078106156,
        -0.10168318370452586,
        -0.009857984457399474,
        0.44350475737703754,
        0.029533264498780333,
        0.2324498545883643,
        -0.12482389963478802,
        -0.29623594160425615
      ],
      [
        -0.24127919055809297,
        -0.15618669043777858,
        0.5480628777204328,
        -0.18001246728118947,
        0.23923456096018564,
        -0.2257317945217566,
        0.23289325321856102,
        0.1330842975124779,
        -0.050508839019494926,
        0.009703162029948316,
        -0.1601092706101669,
        0.11304032935258676,
        -0.11678123595463613,
        -0.31963646410921215,
        -0.3194843935799048,
        0.04314697943052987
      ],
      [
        0.3947728141026087,
        0.06511772908951935,
        -0.01371413691582865,
        0.09679073742554271,
        0.35611269545280555,
        0.054845625340964085,
        -0.10273180770843429,
        0.3134187335009843,
        0.09583974501043105,
        0.4038327915628048,
        0.04939626255265716,
        -0.30459497894805826,
        -0.34507516568085744,
        0.3994969598904123,
        0.43091643019582426,
        -0.04487980332065016
      ],
      [
        -0.09579683028399694,
        0.3904808987567106,
        -0.2608159758992299,
        -0.19834755221404954,
        0.1904439586983605,
        -0.0986512807148974,
        -0.001280466680017824,
        -0.004014168645116044,
        0.07304427259476107,
        0.371764258892236,
        0.026233879972617027,
        0.1625069773012811,
        -0.5155783911271967,
        -0.025414623649929528,
        -0.21080756757321778,
        -0.304703265105907
      ],
      [
        -0.2195380917321877,
        -0.058411034479043215,
        0.24492108020064535,
        -0.3062639769099839,
        0.03727013317470371,
        -0.12104235833339462,
        -0.08191827359049021,
        0.28753601231216314,
        0.12317949464600919,
        0.35424332042449275,
        -0.03503876656529449,
        -0.17246337393560912,
        -0.05900007008956601,
        0.04738917465040536,
        0.04414333961342776,
        -0.27109701805834163
      ],
      [
        0.022622445406968554,
        0.08217690823088608,
        0.6453139539951218,
        0.4945453553453246,
        -0.1836985776136056,
        -0.07184584038729402,
        -0.3658605004592508,
        -0.11083019750485952,
        0.0675518862926128,
        0.3213571987858652,
        -0.1786833061887214,
        -0.1620143310348825,
        -0.5398576233041048,
        -0.05390150330362695,
        -0.2656036029648908,
        -0.13235985684151844
      ],
      [
        -0.21921519454189706,
        0.0015541871330205554,
        -0.4234866532275157,
        -0.34142710882284055,
        0.5619240380331739,
        -0.32185564531850774,
        -0.2741963946136599,
        0.4960749380663406,
        0.7149174277051294,
        -0.2729978636425286,
        -0.08847458594982699,
        0.08691116671719401,
        0.4291390452319569,
        -0.2599492927744595,
        -0.061319461485527436,
        0.194334394015436
      ],
      [
        0.10869151861665466,
        -0.06891919211136502,
        -0.01751029651736829,
