{
  "layer_sizes": [
    32,
    16,
    3
  ],
  "learning_rate": 0.3,
  "seed": 42,
  "output_activation": "softmax",
  "weights": [
    [
      [
        0.07217097291852707,
        -0.24912277095847168,
        0.21264732927755103,
        0.2773518560571545,
        -0.4435351646121332,
        -0.3039282806673535,
        0.03196010079182134,
        -0.08254141796792994,
        -0.004200289376072199,
        -0.21730347604105327,
        0.22421432797497645,
        0.21936022032875796,
        0.01650767439030401,
        0.2704950228998111,
        0.1168773355630114,
        -0.21482311572080956
      ],
      [
        0.08817939900054395,
        -0.2288473946055975,
        0.24464710565275485,
        0.029729199212787848,
        -0.001991958334989293,
        -0.1486157900527592,
        0.30563533466850756,
        -0.04211314039923492,
        -0.1070819555407768,
        -0.09207588176971566,
        0.1374421306476065,
        0.1162732525625405,
        0.1031831528989971,
        0.09638997190977362,
        0.5354119002176153,
        -0.1016037540961539
      ],
      [
        -0.1320689792879651,
        -0.19256992646031718,
        0.17902938596981063,
        0.324453750139574,
        0.01573676813760708,
        -0.18842252319240588,
        -0.2061203039228099,
        0.1591674270741409,
        0.18581354280086057,
        0.1317460729286405,
        -0.16201259256290426,
        0.08295256723820087,
        0.029171452285182056,
        0.04335687034005618,
        0.21785719448704746,
        0.05589888719367057
      ],
      [
        0.16572009374789295,
        0.027768022973875123,
        0.09731437999843284,
        0.20003273341898634,
        -0.3200653224125907,
        -0.05830120804109922,
        -0.11759316357319888,
        -0.16320023194286987,
        -0.06878556280667093,
        0.3696928336609407,
        -0.2120929446640415,
        0.2669818251193912,
        -0.4207174429039512,
        -0.09503653633864077,
        0.0406882662762514,
        0.14655558283981954
      ],
      [
        0.17379834792813298,
        0.20921006440163353,
        -0.06214673773617259,
        -0.07337727120679075,
        0.2587176028656144,
        -0.026209485172177627,
        -0.31892158083448047,
        -0.28680257338290455,
        -0.22986307150040283,
        0.12024769186578274,
        0.03997126827691056,
        0.19753357498846294,
        -0.10681316158413356,
        0.028319643926981497,
        0.15639759849183418,
        -0.0773366349300596
      ],
      [
        0.1101855123692721,
        -0.1546082296650106,
        -0.06572893131533114,
        -0.05322379654023123,
        -0.254736278845934,
        0.14335971624462157,
        -0.11735058505068097,
        -0.00035724020011252853,
        0.12018666472647724,
        0.10759029985982775,
        0.17071111150246587,
        0.0002908653441650315,
        -0.10582457801103844,
        -0.031244831568796826,
        -0.42183360848950746,
        -0.3617781181057718
      ],
      [
        -0.33468320010868136,
        -0.2384384512987182,
        0.12497808700679595,
        -0.18415908688066396,
        -0.05031700595852158,
        0.3464236704947424,
        -0.08906599276535648,
        0.18089812223473725,
        -0.23340442000246925,
        -0.05540188361456578,
        -0.233140679468376,
        -0.0598460325036197,
        0.21007703436434888,
        -0.4431453846402843,
        0.10860591088646433,
        0.05943390058306947
      ],
      [
        -0.15254578594427937,
        -0.35064120799546156,
        0.1253300611087454,
        -0.4171308642086497,
        0.30837061030267876,
        -0.25056354200846465,
        0.40044472283022886,
        -0.06331967675029046,
        -0.25587437315546624,
        0.04077641459142076,
        0.15580881253865841,
        0.7491708092164759,
        0.20877781147864463,
        0.03264137057639206,
        0.36582572280489045,
        -0.2971907635807127
      ],
      [
        -0.1639461802075177,
        -0.220770729749729,
        -0.07241792046300519,
        -0.3019608599297261,
        0.20301136925492694,
        -0.03393907822646723,
        -0.36770157362566447,
        -0.2573755401839198,
        0.07837846186254882,
        0.20548914782593702,
        0.503547557182216,
        0.7533778529733535,
        0.1036023583189991,
        -0.25869980885016314,
        -0.5330115701828273,
        0.06692786558595895
      ],
      [
        -0.2032352738275815,
        -0.10383931504492133,
        -0.013740572752505207,
        -0.5888032850771509,
        0.615246000520398,
        -0.4308286161393173,
        -0.039658709259672076,
        -0.2589134382064529,
        -0.41867073617608924,
        -0.12157697726833272,
        0.14984961583211634,
        1.092932686116848,
        0.03256863036822146,
        0.16905114788010223,
        -0.12482389963478802,
        -0.29623594160425615
      ],
      [
        -0.24528748757817373,
        -0.17043326053228608,
        0.557151963434728,
        -0.1631359928467453,
        0.2538459334854122,
        -0.20411519847353046,
        0.23289325321856102,
        0.0927569716444314,
        -0.0391594744145226,
        -0.014233125681516776,
        -0.1593320895980783,
        0.136430286842041,
        -0.113745870085195,
        -0.31771671978400917,
        -0.3194843935799048,
        0.04314697943052987
      ],
      [
        0.39076451708252796,
        0.050871158995011795,
        -0.004625051201533871,
        0.11366721185998677,
        0.3707240679780321,
        0.07646222138919023,
        -0.10273180770843429,
        0.2730914076329378,
        0.10718910961540337,
        0.3798965038513397,
        0.05017344356474578,
        -0.28120502145860393,
        -0.34203979981141625,
        0.40141670421561526,
        0.43091643019582426,
        -0.04487980332065016
      ],
      [
        -0.0998051273040777,
        0.37623432866220263,
        -0.25172689018493505,
        -0.18147107777960536,
        0.20505533122358696,
        -0.07703468466667127,
        -0.001280466680017824,
        -0.04434149451316253,
        0.08439363719973339,
        0.3478279711807709,
        0.02701106098470567,
        0.18589693479073535,
        -0.5125430252577556,
        -0.023494879324726547,
        -0.21080756757321778,
        -0.304703265105907
      ],
      [
        -0.22354638875226845,
        -0.07265760457355076,
        0.2540101659149401,
        -0.2893875024755399,
        0.05188150569993021,
        -0.09942576228516849,
        -0.08191827359049021,
        0.24720868644411664,
        0.13452885925098151,
        0.33030703271302764,
        -0.03426158555320587,
        -0.14907341644615488,
        -0.05596470422012488,
        0.04930891897560835,
        0.04414333961342776,
        -0.27109701805834163
      ],
      [
        0.01861414838688779,
        0.06793033813637853,
        0.6544030397094169,
        0.5114218297797685,
        -0.16908720508837916,
        -0.050229244339067926,
        -0.3658605004592508,
        -0.151157523372906,
        0.07890125089758512,
        0.2974209110744001,
        -0.17790612517663282,
        -0.13862437354542825,
        -0.5368222574346637,
        -0.05198175897842397,
        -0.2656036029648908,
        -0.13235985684151844
      ],
      [
        -0.22322349156197782,
        -0.012692382961487015,
        -0.41439756751322093,
        -0.3245506343883966,
        0.5765354105584004,
        -0.3002390492702817,
        -0.2741963946136599,
        0.4557476121982941,
        0.7262667923101017,
        -0.2969341513539937,
        -0.08769740493773837,
        0.1103011242066483,
        0.4321744111013981,
        -0.25802954844925646,
        -0.061319461485527436,
        0.194334394015436
      ],
      [
        0.1046832215965739,
        -0.08316576220587256,
        -0.008421210803073509,
