{
  "layer_sizes": [
    32,
    16,
    3
  ],
  "learning_rate": 0.3,
  "seed": 42,
  "output_activation": "softmax",
  "weights": [
    [
      [
        0.07261816976794726,
        -0.24348259389920088,
        0.21686214277013638,
        0.2742009465156035,
        -0.480690417563602,
        -0.333606825282724,
        0.03196010079182134,
        -0.0880708233952164,
        0.05472775470091611,
        -0.213260981893395,
        0.21671495805479304,
        0.20181561204988074,
        0.01611976993663372,
        0.26901933970202374,
        0.135282211444701,
        -0.1959718939546161
      ],
      [
        0.08862659584996413,
        -0.22320721754632666,
        0.24886191914534023,
        0.026578289671236953,
        -0.03914721128645817,
        -0.17829433466813005,
        0.30563533466850756,
        -0.04764254582652132,
        -0.0481539114637885,
        -0.0880333876220574,
        0.12994276072742308,
        0.0987286442836632,
        0.10279524844532681,
        0.09491428871198623,
        0.5538167760993047,
        -0.0827525323299603
      ],
      [
        -0.13162178243854494,
        -0.18692974940104637,
        0.183244199462396,
        0.321302840598023,
        -0.02141848481386181,
        -0.21810106780777672,
        -0.2061203039228099,
        0.15363802164685442,
        0.2447415868778489,
        0.13578856707629874,
        -0.16951196248308767,
        0.06540795895932354,
        0.028783547831511765,
        0.0418811871422688,
        0.23626207036873706,
        0.07475010895986418
      ],
      [
        0.1661672905973131,
        0.03340820003314595,
        0.10152919349101827,
        0.1968818238774352,
        -0.3572205753640595,
        -0.08797975265647,
        -0.11759316357319888,
        -0.16872963737015634,
        -0.00985751872968265,
        0.37373532780859897,
        -0.2195923145842249,
        0.24943721684051384,
        -0.4211053473576215,
        -0.09651221953642816,
        0.05909314215794094,
        0.165406804606013
      ],
      [
        0.17424554477755314,
        0.21485024146090437,
        -0.05793192424358714,
        -0.07652818074834157,
        0.22156234991414536,
        -0.055888029787548324,
        -0.31892158083448047,
        -0.29233197881019085,
        -0.17093502742341452,
        0.12429018601344101,
        0.03247189835672715,
        0.1799889667095857,
        -0.10720106603780385,
        0.02684396072919413,
        0.17480247437352378,
        -0.058485413163866
      ],
      [
        0.11063270921869228,
        -0.14896805260573975,
        -0.06151411782274569,
        -0.05637470608178205,
        -0.2918915317974028,
        0.11368117162925079,
        -0.11735058505068097,
        -0.005886645627398941,
        0.17911470880346556,
        0.11163279400748602,
        0.16321174158228247,
        -0.01725374293471233,
        -0.10621248246470873,
        -0.03272051476658421,
        -0.40342873260781803,
        -0.34292689633957824
      ],
      [
        -0.3306749030886006,
        -0.24931170690037044,
        0.23392792433107845,
        -0.413982226857888,
        -0.04974368345139701,
        0.30056663993267885,
        -0.08906599276535648,
        0.3854592285570279,
        -0.3468727979718225,
        -0.051359389466907504,
        -0.19437193968155758,
        0.1918224210408569,
        0.21007703436434888,
        -0.43183010579808717,
        0.32597865364544015,
        0.05320209129911642
      ],
      [
        -0.1485374889241986,
        -0.36151446359711364,
        0.1520167445786867,
        -0.3199856402838234,
        0.10296600789712647,
        -0.01877739813297672,
        0.40044472283022886,
        0.14124142957200006,
        -0.36934275112481957,
        0.04481890873907904,
        0.09813274503902912,
        0.6163775838261065,
        0.20877781147864463,
        0.08921776478737733,
        0.5831984655638665,
        -0.3034225728646658
      ],
      [
        -0.16349898335809754,
        -0.21513055269045817,
        -0.06820310697041976,
        -0.3051117694712771,
        0.16585611630345798,
        -0.06361762284183799,
        -0.36770157362566447,
        -0.2629049456112061,
        0.1373065059395371,
        0.20953164197359528,
        0.4960481872620323,
        0.735833244694476,
        0.1032144538653288,
        -0.26017549204795054,
        -0.5146066943011379,
        0.08577908735215255
      ],
      [
        -0.2067963739982421,
        -0.08732588238399827,
        -0.12377485594642992,
        0.003862045813703866,
        0.273563437296768,
        0.03120019329419154,
        -0.039658709259672076,
        -0.2679236135157736,
        -0.3597426920991011,
        -0.12157697726833272,
        -0.016580173365494295,
        0.44935010658761426,
        0.03218072591455117,
        0.23289391571577986,
        -0.10641902375309849,
        -0.27738471983806257
      ],
      [
        -0.24484029072875357,
        -0.16479308347301524,
        0.5613667769273137,
        -0.16628690238829644,
        0.21669068053394314,
        -0.2337937430889013,
        0.23289325321856102,
        0.08722756621714495,
        0.019768569662465686,
        -0.010190631533858506,
        -0.1668314595182617,
        0.11888567856316375,
        -0.11413377453886529,
        -0.3191924029817965,
        -0.3010795176982154,
        0.06199820119672349
      ],
      [
        0.39121171393194815,
        0.056511336054282636,
        -0.00041023770894840945,
        0.11051630231843594,
        0.3335688150265633,
        0.046783676773819484,
        -0.10273180770843429,
        0.2675620022056515,
        0.1661171536923917,
        0.383938997998998,
        0.04267407364456237,
        -0.29874962973748154,
        -0.34242770426508656,
        0.3999410210178279,
        0.4493213060775137,
        -0.026028581554456563
      ],
      [
        -0.09935793045465752,
        0.38187450572147374,
        -0.2475120766923498,
        -0.1846219873211565,
        0.167900078272118,
        -0.10671322928204206,
        -0.001280466680017824,
        -0.04987089994044892,
        0.14332168127672168,
        0.3518704653284292,
        0.019511691064522205,
        0.1683523265118581,
        -0.512930929711426,
        -0.02497056252251393,
        -0.19240269169152818,
        -0.2858520433397134
      ],
      [
        -0.2230991919028483,
        -0.06701742751427996,
        0.25822497940752565,
        -0.2925384120170909,
        0.014726252748461326,
        -0.1291043069005393,
        -0.08191827359049021,
        0.24167928101683017,
        0.19345690332796986,
        0.3343495268606859,
        -0.04176095547338928,
        -0.16661802472503212,
        -0.05635260867379517,
        0.04783323577782097,
        0.0625482154951173,
        -0.25224579629214805
      ],
      [
        0.019061345236307967,
        0.07357051519564932,
        0.6586178532020027,
        0.5082709202382177,
        -0.20624245803984811,
        -0.07990778895443869,
        -0.3658605004592508,
        -0.15668692880019247,
        0.13782929497457344,
        0.3014634052220584,
        -0.18540549509681623,
        -0.1561689818243055,
        -0.537210161888334,
        -0.05345744217621135,
        -0.24719872708320137,
        -0.11350863507532485
      ],
      [
        -0.22277629471255767,
        -0.0070522059022161765,
        -0.41018275402063553,
        -0.32770154392994755,
        0.5393801576069318,
        -0.3299175938856522,
        -0.2741963946136599,
        0.4502182067710078,
        0.7851948363870898,
        -0.2928916572063354,
        -0.0951967748579218,
        0.092756515927771,
        0.4317865066477278,
        -0.25950523164704387,
        -0.042914585603837895,
        0.2131856157816295
      ],
      [
        0.10513041844599408,
        -0.07752558514660175,
        -0.004206397310488047,
        -0.30466418467469536,
