{
  "layer_sizes": [
    32,
    16,
    4
  ],
  "learning_rate": 0.3,
  "seed": 42,
  "output_activation": "softmax",
  "weights": [
    [
      [
        0.07617926993860784,
        -0.26163227913093634,
        0.13619895621181377,
        0.23039980596706477,
        -0.43247206563007606,
        -0.3255448767155795,
        0.030938501877266267,
        -0.09486698000552116,
        0.01480947087465767,
        -0.20177686121905097,
        0.2988857398876693,
        0.21701402015741098,
        0.01650767439030401,
        0.32167504195500796,
        0.16228665905615147,
        -0.21482311572080956
      ],
      [
        0.09218769602062471,
        -0.24135690277806235,
        0.16819873258701762,
        -0.017222850877301923,
        0.009071140647067856,
        -0.17023238610098534,
        0.3046137357539524,
        -0.05443870243682613,
        -0.08807219529004694,
        -0.07654926694771329,
        0.21211354256029943,
        0.11392705239119341,
        0.1031831528989971,
        0.14756999096497048,
        0.5808212237107554,
        -0.1016037540961539
      ],
      [
        -0.10991230263399066,
        -0.033258935727873265,
        0.380629594109431,
        0.2736478144492647,
        -0.12422302486601033,
        -0.210039119240632,
        -0.2061203039228099,
        0.16264819695617527,
        0.17357219388913556,
        0.1514467399941008,
        -0.31269788621401157,
        0.016103763893603247,
        0.029171452285182056,
        -0.01124132900549658,
        0.2554871765226075,
        0.05589888719367057
      ],
      [
        0.1728852498903095,
        0.04516009025399652,
        0.06966813377057009,
        0.15245055238731625,
        -0.33574146261719506,
        -0.07991780408932533,
        -0.11842838762638332,
        -0.1726421741191564,
        -0.055373186077777414,
        0.38584804369251546,
        -0.17729249738116132,
        0.25322405519991625,
        -0.4207174429039512,
        -0.06259468265723275,
        0.08435899225038816,
        0.14655558283981954
      ],
      [
        0.17780664494821374,
        0.19670055622916868,
        -0.13859511080190995,
        -0.1203293212968805,
        0.26978070184767144,
        -0.04782608122040372,
        -0.31994317974903563,
        -0.29912813542049566,
        -0.21085331124967305,
        0.13577430668778506,
        0.11464268018960352,
        0.19518737481711596,
        -0.10681316158413356,
        0.07949966298217837,
        0.20180692198497427,
        -0.0773366349300596
      ],
      [
        0.11419380938935286,
        -0.16875399040828787,
        -0.19359114712086908,
        -0.10491721976105968,
        -0.1883864483304939,
        0.12174312019639545,
        -0.11939378287979112,
        -0.028489134157329277,
        0.158206185227937,
        0.1346010353561742,
        0.32441876958712107,
        0.020510701472991787,
        -0.10582457801103844,
        0.059799927699399825,
        -0.3310149615032273,
        -0.3617781181057718
      ],
      [
        -0.3306749030886006,
        -0.25094795947118287,
        0.04852971394105861,
        -0.2311111369707539,
        -0.039253906976464414,
        0.32480707444651635,
        -0.09008759167991152,
        0.16857256019714606,
        -0.21439465975173946,
        -0.03987526879256342,
        -0.15846926755568305,
        -0.062192232674966784,
        0.21007703436434888,
        -0.39196536558508743,
        0.15401523437960438,
        0.05943390058306947
      ],
      [
        -0.1485374889241986,
        -0.3631507161679261,
        -0.03338146581133318,
        -0.1371145503966893,
        0.11345578437205905,
        0.00546303638086072,
        0.3994231239156737,
        -0.07564523878788167,
        -0.23686461290473645,
        0.05630302941342312,
        0.13403541716490358,
        0.36236293011028287,
        0.20877781147864463,
        0.12908250500037718,
        0.41123504629803065,
        -0.2971907635807127
      ],
      [
        -0.15993788318743693,
        -0.23328023792219385,
        -0.14886629352874253,
        -0.3489129100198159,
        0.21407446823698403,
        -0.055555674274693344,
        -0.36872317254021963,
        -0.2697011022215109,
        0.09738822211327869,
        0.22101576264793932,
        0.5782189690949091,
        0.7510316528020063,
        0.1036023583189991,
        -0.20751978979496621,
        -0.48760224668968705,
        0.06692786558595895
      ],
      [
        -0.2032352738275815,
        -0.10547556761573386,
        -0.20443804250475256,
        -0.03993909473483502,
        0.32178178923029394,
        0.039262141861336156,
        -0.04068030817422715,
        -0.2747197701260784,
        -0.39966097592535943,
        -0.11009285659398861,
        0.06559060846738213,
        0.46454851469514447,
        0.03256863036822146,
        0.2855496179687641,
        -0.07941457614164793,
        -0.29623594160425615
      ],
      [
        -0.24127919055809297,
        -0.2383576002146297,
        0.24996062193482257,
        -0.20534666980609653,
        0.27646056591248824,
        -0.2257317945217566,
        0.22649112476993816,
        0.011125143134303073,
        0.1428485982929433,
        0.26831130493393907,
        -0.41997208040492184,
        0.08463652998235902,
        -0.113745870085195,
        -0.030017941889481915,
        0.1965609198384645,
        0.04314697943052987
      ],
      [
        0.3947728141026087,
        -0.01705318068733189,
        -0.3118163927014392,
        0.07145653490063572,
        0.39333870040510815,
        0.054845625340964085,
        -0.10913393615705719,
        0.19145957912280953,
        0.2891971823228692,
        0.6624409344667955,
        -0.21046654724209782,
        -0.33299877831828634,
        -0.34203979981141625,
        0.6891154821101424,
        0.9469617436141935,
        -0.04487980332065016
      ],
      [
        -0.09579683028399694,
        0.40225641325095646,
        -0.30833104686767654,
        -0.2471079110885,
        0.3812960926282222,
        -0.0986512807148974,
        -0.001280466680017824,
        -0.05185283246977893,
        0.03481972531024516,
        0.18903703465869576,
        0.6151984552060887,
        0.29367257465140795,
        -0.5125430252577556,
        -0.03311998554809994,
        -0.3933054262056147,
        -0.304703265105907
      ],
      [
        -0.2195380917321877,
        -0.14058194425589446,
        -0.053181175584965296,
        -0.331598179434891,
        0.07449613812700638,
        -0.12104235833339462,
        -0.0883204020391131,
        0.1655768579339883,
        0.3165369319584473,
        0.6128514633284834,
        -0.29490157636004943,
        -0.20086717330583684,
        -0.05596470422012488,
        0.33700769687013565,
        0.5601886530317968,
        -0.27109701805834163
      ],
      [
        0.058919204674755976,
        0.39742557520291866,
        1.0826379863145945,
        0.4520206353585012,
        -0.4047831585442883,
        -0.07184584038729402,
        -0.3658605004592508,
        -0.14767675349087162,
        0.05441855307413503,
        0.3327797510576625,
        -0.47491187821957814,
        -0.24740974376310257,
        -0.5368222574346637,
        -0.17249343651172652,
        -0.1903436388937706,
        -0.13235985684151844
      ],
      [
        -0.21921519454189706,
        -0.025201891133951788,
        -0.4908459405789585,
        -0.37150268447848633,
        0.5875985095404576,
        -0.32185564531850774,
        -0.2752179935282151,
        0.443422050160703,
        0.7452765525608318,
        -0.2814075365319913,
        -0.013025993025045384,
        0.10795492403530121,
        0.4321744111013981,
        -0.20684952939405954,
        -0.015910137992387354,
        0.194334394015436
      ],
      [
        0.10869151861665466,
        -0.09567527037833734,
        -0.08486958386881087,
