{
  "labels": [
    "Bronze Casting",
    "Stone Carving",
    "Wood Carving",
    "research"
  ],
  "feature_extractor": {
    "max_features": 32,
    "vocabulary": {
      "stone": 23,
      "carving": 12,
      "visual": 25,
      "arts": 5,
      "broader": 9,
      "requires": 21,
      "development": 17,
      "analysis": 3,
      "apply": 4,
      "design": 15,
      "vocabulary": 28,
      "models": 19,
      "awareness": 7,
      "academic": 0,
      "stone carving": 24,
      "arts creative": 6,
      "development key": 18,
      "design experiments": 16,
      "vocabulary foundational": 29,
      "awareness open": 8,
      "academic professional": 1,
      "wood": 30,
      "wood carving": 31,
      "bronze": 10,
      "casting": 13,
      "bronze casting": 11,
      "sculpting": 22,
      "visually": 26,
      "aligned": 2,
      "planning": 20,
      "clay": 14,
      "visually aligned": 27
    },
    "idf": [
      1.2231435513142097,
      1.2231435513142097,
      1.916290731874155,
      1.0,
      1.2231435513142097,
      1.2231435513142097,
      1.2231435513142097,
      1.2231435513142097,
      1.2231435513142097,
      1.2231435513142097,
      1.916290731874155,
      1.916290731874155,
      1.5108256237659907,
      1.916290731874155,
      1.916290731874155,
      1.2231435513142097,
      1.2231435513142097,
      1.2231435513142097,
      1.2231435513142097,
      1.0,
      1.916290731874155,
      1.0,
      1.916290731874155,
      1.916290731874155,
      1.916290731874155,
      1.0,
      1.916290731874155,
      1.916290731874155,
      1.2231435513142097,
      1.2231435513142097,
      1.916290731874155,
      1.916290731874155
    ]
  },
  "scope": "sculpture",
  "grade": "preschool"
}