{
  "layer_sizes": [
    32,
    16,
    4
  ],
  "learning_rate": 0.3,
  "seed": 42,
  "output_activation": "softmax",
  "weights": [
    [
      [
        0.054880764732172516,
        -0.2599960265601239,
        0.137248133195338,
        0.20424660465773573,
        -0.5454203490789775,
        -0.3255448767155795,
        0.03196010079182134,
        -0.07906064808589555,
        -0.052134377432906484,
        -0.2287841906637164,
        0.1397282014328149,
        0.36110536026848505,
        -0.0007674844856290445,
        0.2322813531757405,
        0.11826739785175393,
        -0.26015226168233296
      ],
      [
        0.12426273356514421,
        -0.2484871519952696,
        0.28401936222328467,
        -2.2812164930493997e-06,
        -0.04566624174078767,
        -0.14284067095977965,
        0.30563533466850756,
        -0.045782371394380454,
        -0.049319622710473916,
        -0.07089695600945847,
        0.18738698405003118,
        0.06201025408607512,
        0.1031831528989971,
        0.15819985191489674,
        0.5297035380363073,
        -0.04139774032266531
      ],
      [
        -0.09598564472336484,
        -0.2122096838499893,
        0.21840164254034045,
        0.2947222697102931,
        -0.027937515268191295,
        -0.1826474040994263,
        -0.2061203039228099,
        0.15549819607899537,
        0.2435758756311635,
        0.15292499868889756,
        -0.11206773916047948,
        0.028689568761735448,
        0.029171452285182056,
        0.10516675034517933,
        0.21214883230573947,
        0.11610490096715913
      ],
      [
        0.2018034283124933,
        0.008128265584202984,
        0.13668663656896254,
        0.1703012529897053,
        -0.36373960581838916,
        -0.05252608894811964,
        -0.11759316357319888,
        -0.16686946293801538,
        -0.011023229976368008,
        0.3908717594211978,
        -0.1621480912616168,
        0.2127188266429256,
        -0.4207174429039512,
        -0.033226656333517623,
        0.0349799040949434,
        0.20676159661330806
      ],
      [
        0.2098816824927333,
        0.18957030701196143,
        -0.02277448116564296,
        -0.10310875163607157,
        0.21504331945981595,
        -0.02043436607919802,
        -0.31892158083448047,
        -0.2904718043780502,
        -0.1721007386700999,
        0.1414266176260398,
        0.08991612167933553,
        0.14327057651199746,
        -0.10681316158413356,
        0.09012952393210466,
        0.1506892363105262,
        -0.017130621156571036
      ],
      [
        0.14626884693387243,
        -0.1742479870546827,
        -0.026356674744801516,
        -0.08295527696951205,
        -0.29841056225173246,
        0.14913483533760113,
        -0.11735058505068097,
        -0.004026471195258085,
        0.17794899755678015,
        0.1287692256200848,
        0.22065596490489056,
        -0.053972133132300405,
        -0.10582457801103844,
        0.03056504843632633,
        -0.42754197067081545,
        -0.30157210433228326
      ],
      [
        -0.29859986554408113,
        -0.2580782086883904,
        0.16435034357732567,
        -0.213890567309945,
        -0.09399128936431995,
        0.3521987895877221,
        -0.08906599276535648,
        0.17722889123959173,
        -0.1756420871721663,
        -0.03422295785430861,
        -0.1831958260659513,
        -0.11410903098008507,
        0.21007703436434888,
        -0.38133550463516097,
        0.10289754870515633,
        0.11963991435655803
      ],
      [
        -0.18403499760159084,
        -0.36151446359711364,
        -0.06590873266532643,
        -0.18386413466606352,
        -0.03793353368718802,
        0.00546303638086072,
        0.40044472283022886,
        -0.05983890686825607,
        -0.33576451991685674,
        0.018946894121876744,
        -0.07853631614521235,
        0.6175591878288557,
        0.17998588001875623,
        0.006669517176931123,
        0.368142493286128,
        -0.3727393401832518
      ],
      [
        -0.19543539186482917,
        -0.23164398535138123,
        -0.18139356038273585,
        -0.3956624942891901,
        0.06268515017773713,
        -0.055555674274693344,
        -0.36770157362566447,
        -0.2538947703018854,
        -0.0015116848988416713,
        0.18365962735639288,
        0.365647235784793,
        1.0062279105205791,
        0.07481042685911066,
        -0.3299327776184123,
        -0.5306947997015898,
        -0.008620711016580077
      ],
      [
        -0.23163328076949527,
        -0.10383931504492133,
        -0.22017708743998696,
        -0.07639048752418663,
        0.18961298847621977,
        0.039262141861336156,
        -0.039658709259672076,
        -0.2589134382064529,
        -0.4825828535852015,
        -0.14227458896209452,
        -0.12027402741510304,
        0.6641923136099681,
        0.009535085200310723,
        0.1796462796674074,
        -0.12297048324979798,
        -0.3566748028862873
      ],
      [
        -0.2092041530135734,
        -0.1900730179219582,
        0.5965242200052572,
        -0.19286747327602632,
        0.21017165007961372,
        -0.1983400793805509,
        0.23289325321856102,
        0.08908774064928583,
        0.018602858415780302,
        0.006945800078740393,
        -0.1093872361956535,
        0.08216728836557569,
        -0.113745870085195,
        -0.25590683977888584,
        -0.3251927557612128,
        0.10335299320401843
      ],
      [
        0.36637480716069487,
        0.03999790339335956,
        -0.0968124692025057,
        0.030263768980545402,
        0.24961836620601505,
        0.054845625340964085,
        -0.10273180770843429,
        0.2765721775149722,
        0.04327699220629098,
        0.3632413863052361,
        -0.06101978040504636,
        -0.08390742271512791,
        -0.36507334497932703,
        0.3466933849694555,
        0.43276984658081424,
        -0.10531866460268136
      ],
      [
        -0.10742835216717044,
        0.3663495154464367,
        -0.5146038124577623,
        -0.2236817547389566,
        0.16427434504032212,
        -0.17599568176821156,
        -0.001280466680017824,
        -0.10925241515308415,
        0.45496291093016,
        0.554696362891676,
        -0.09269065727772834,
        0.1645540558017613,
        -0.5125430252577556,
        0.1209241463136291,
        -0.21080756757321778,
        -0.1726181776599932
      ],
      [
        -0.2311696136153612,
        -0.08254241778931691,
        -0.008866756357887034,
        -0.331598179434891,
        0.011100519516665379,
        -0.1983867593867088,
        -0.08191827359049021,
        0.18229776580419504,
        0.5050981329814083,
        0.5371754244239326,
        -0.1539633038156398,
        -0.17041629543512893,
        -0.05596470422012488,
        0.19372794461396392,
        0.04414333961342776,
        -0.13901193061242778
      ],
      [
        0.05469748295148806,
        0.048290580746706405,
        0.6937752962799462,
        0.4816903493504877,
        -0.21276148849417753,
        -0.0444541252460883,
        -0.3658605004592508,
        -0.15482675436805152,
        0.13666358372788806,
        0.3185998368346572,
        -0.12796127177420813,
        -0.19288737202189374,
        -0.5368222574346637,
        0.009828121026699183,
        -0.27131196514619876,
        -0.07215384306802987
      ],
      [
        -0.23084671642507057,
        -0.02257719617725314,
        -0.6772744897860481,
        -0.36676131134774764,
        0.5357544243751354,
        -0.3992000463718219,
        -0.2741963946136599,
        0.3908366915583725,
        1.0968360660405285,
        -0.09006575964308891,
        -0.20739912320017231,
        0.08895824521767427,
        0.4321744111013981,
        -0.11361052281090084,
        -0.061319461485527436,
        0.32641948146134986
      ],
      [
        0.09705999673348116,
        -0.0930505754216387,
        -0.2712981330759006,
