{
  "layer_sizes": [
    32,
    16,
    4
  ],
  "learning_rate": 0.3,
  "seed": 42,
  "output_activation": "softmax",
  "weights": [
    [
      [
        0.1255980617624333,
        0.042482595637366775,
        0.16206563229684157,
        0.17560322283431268,
        -0.5394977276608645,
        -0.3255448767155795,
        0.03310570883359289,
        -0.07906064808589555,
        -0.03240293185827395,
        -0.2207198226797597,
        0.19972096195232777,
        0.1822876423553729,
        0.01650767439030401,
        0.1526401699188708,
        0.11205812076388427,
        -0.21482311572080956
      ],
      [
        0.09570041421606114,
        -0.2991522905093339,
        0.21580489078300982,
        0.0070188420436857165,
        -0.019690783836411183,
        -0.17350774880352046,
        0.32836187958964674,
        -0.05152613403595817,
        -0.05729356182301212,
        -0.03012795763192262,
        0.1467043617807124,
        0.09990581329882373,
        0.11530951188210152,
        0.21573531419378345,
        0.5919453771363837,
        -0.10741671884691036
      ],
      [
        -0.12454796407244789,
        -0.2628748223640536,
        0.1501871711000656,
        0.30174339297047176,
        -0.001962057363814822,
        -0.21331448194316713,
        -0.18339375900167096,
        0.1497544334374176,
        0.2356019365186252,
        0.19369399706643362,
        -0.15275036142979836,
        0.06658512797448406,
        0.041297811268286355,
        0.1627022126240661,
        0.2743906714058156,
        0.0500859224429141
      ],
      [
        0.18119652662484373,
        0.020920804883795115,
        0.06472296093557565,
        0.163408387160804,
        -0.3516030272524873,
        -0.08259562771764427,
        -0.09881344867036962,
        -0.17026095860464174,
        -0.03298605815022564,
        0.41977936691141865,
        -0.2088180610125357,
        0.24694026337873787,
        -0.410803349852424,
        -0.017868379710132356,
        0.08606979929343025,
        0.14180310326004275
      ],
      [
        0.24369836737998107,
        0.6016416383966353,
        -0.12124415693513975,
        -0.1949718898507962,
        0.1455087296510813,
        -0.04782608122040372,
        -0.3173941034454517,
        -0.28332180350087016,
        -0.2674665948100051,
        0.11434506496495467,
        0.008768391666468768,
        0.15640754984778982,
        -0.10681316158413356,
        -0.1325919196616712,
        0.14997197875966467,
        -0.0773366349300596
      ],
      [
        0.11770652758478929,
        -0.224913125568747,
        -0.09457114618507641,
        -0.07593415370933335,
        -0.27243510434735585,
        0.11846775749386033,
        -0.09462404012954191,
        -0.00977023383683577,
        0.16997505844424188,
        0.1695382239976208,
        0.17997334263557177,
        -0.016076573919551744,
        -0.09369821902793402,
        0.08810051071521299,
        -0.36530013157073943,
        -0.3675910828565283
      ],
      [
        -0.3271621848931641,
        -0.30874334720245467,
        0.09613587213705069,
        -0.2068694440497663,
        -0.06801583145994344,
        0.3215317117439812,
        -0.06633944784421743,
        0.17148512859801396,
        -0.18361602628470458,
        0.00654604052322728,
        -0.2238784483352701,
        -0.07621347176733648,
        0.2222033933474531,
        -0.3238000423562744,
        0.16513938780523238,
        0.053620935832313005
      ],
      [
        -0.14502477072876221,
        -0.4209461038991979,
        0.014224692384658968,
        -0.11287285747570175,
        0.08469385988857997,
        0.002187673678325602,
        0.42317126775136804,
        -0.07273267038701366,
        -0.20608597943770157,
        0.10272433872921381,
        0.06862623638531654,
        0.34834169101791307,
        0.22090417046174884,
        0.19724782822919015,
        0.4223591997236585,
        -0.3030037283314692
      ],
      [
        -0.15642516499200054,
        -0.29107562565346545,
        -0.10126013533275045,
        -0.32467121709882835,
        0.185312543753505,
        -0.05883103697722846,
        -0.3449750287045253,
        -0.2667885338206431,
        0.12816685558031352,
        0.26743707196373,
        0.5128097883153218,
        0.7370104137096368,
        0.11572871730210352,
        -0.13935446656615327,
        -0.4764780932640589,
        0.06111490083520248
      ],
      [
        -0.1997225556321451,
        -0.16327095534700561,
        -0.15683188430876033,
        -0.01569740181384738,
        0.29301986474681496,
        0.03598677915880104,
        -0.01693216433853306,
        -0.2718072017252106,
        -0.3688823424583244,
        -0.06367154727819797,
        0.00018142768779509687,
        0.45052727560277467,
        0.044694989351325765,
        0.3537149411975771,
        -0.06829042271601989,
        -0.30204890635501264
      ],
      [
        -0.23776647236265658,
        -0.2407381564360225,
        0.5283097485649827,
        -0.18584635001584762,
        0.23614710798399016,
        -0.2290071572242917,
        0.2556197981397001,
        0.08334397800770821,
        0.010628919303242064,
        0.0477147984562763,
        -0.1500698584649724,
        0.12006284757832428,
        -0.10161951110209058,
        -0.19837137749999922,
        -0.2629509166611368,
        0.0373340146797734
      ],
      [
        0.3982855322980452,
        -0.019433736908724696,
        -0.03346726607127905,
        0.09095685469088463,
        0.35302524247661027,
        0.05157026263842897,
        -0.08000526278729524,
        0.2636784139962145,
        0.15697750333316804,
        0.44184442798913276,
        0.05943567469785177,
        -0.29757246072232113,
        -0.329913440828312,
        0.5207620464996249,
        0.4874499071145923,
        -0.05069276807140663
      ],
      [
        -0.013432177244287897,
        0.8694921100563682,
        -0.31934003160216007,
        -0.32291168184477453,
        0.07460014784325213,
        -0.0986512807148974,
        0.0006288800562680838,
        -0.040860724631128144,
        0.03738923306273048,
        0.3394390640178212,
        -0.0109013262135293,
        0.14071746248277409,
        -0.5125430252577556,
        -0.22746315352109175,
        -0.21883959223842966,
        -0.304703265105907
      ],
      [
        -0.2195380917321877,
        -0.17086556157237617,
        -0.25597927835976153,
        -0.331598179434891,
        -0.16281596146445737,
        -0.12104235833339462,
        -0.3107321559041406,
        -0.18590102724987828,
        0.21324090647030358,
        0.9165210026188849,
        -0.2033344203478964,
        -0.10566053454178591,
        -0.2826763612221061,
        0.8263056936822478,
        0.5108459171848937,
        -0.27109701805834163
      ],
      [
        0.1049870984466776,
        0.5611881195305439,
        0.5867898982921922,
        0.3699812257145996,
        -0.29954238846871395,
        -0.07184584038729402,
        -0.3639511537229649,
        -0.14767675349087162,
        0.031896846760582215,
        0.2890320039114504,
        -0.2158185123748678,
        -0.18380384585338952,
        -0.5368222574346637,
        -0.2559500331747892,
        -0.2736356276301027,
        -0.13235985684151844
      ],
      [
        -0.20774705868502705,
        -0.01953960105156699,
        -0.4469889865760785,
        -0.36117498064657866,
        0.544997705718504,
        -0.32453346894682666,
        -0.25541667971083054,
        0.4486868855365222,
        0.7620662969665467,
        -0.2468476181035157,
        -0.08442252128623255,
        0.09025956246599488,
        0.4420885041529253,
        -0.18086139182074792,
        -0.015937928468348555,
        0.18958191443565922
      ],
      [
        0.11220423681209109,
        -0.15347065810960905,
        -0.03726342567281869,
