{
  "labels": [
    "Being & Existence",
    "Property Theory",
    "Substance Theory",
    "research"
  ],
  "feature_extractor": {
    "max_features": 32,
    "vocabulary": {
      "existence": 13,
      "core": 11,
      "concept": 7,
      "ontology": 15,
      "broader": 5,
      "studying": 23,
      "apply": 3,
      "solve": 22,
      "vocabulary": 30,
      "questions": 19,
      "contemporary": 9,
      "academic": 1,
      "settings": 21,
      "concept ontology": 8,
      "studying definitions": 24,
      "researchers practitioners": 20,
      "vocabulary foundational": 31,
      "common techniques": 6,
      "contemporary applications": 10,
      "academic professional": 2,
      "professional settings": 16,
      "substance": 27,
      "theory": 29,
      "substance theory": 28,
      "property": 17,
      "property theory": 18,
      "sub": 25,
      "gaussian": 14,
      "2_": 0,
      "estimator": 12,
      "bound": 4,
      "sub gaussian": 26
    },
    "idf": [
      1.916290731874155,
      1.2231435513142097,
      1.2231435513142097,
      1.0,
      1.916290731874155,
      1.2231435513142097,
      1.2231435513142097,
      1.2231435513142097,
      1.2231435513142097,
      1.2231435513142097,
      1.2231435513142097,
      1.2231435513142097,
      1.916290731874155,
      1.916290731874155,
      1.916290731874155,
      1.0,
      1.2231435513142097,
      1.916290731874155,
      1.916290731874155,
      1.2231435513142097,
      1.2231435513142097,
      1.2231435513142097,
      1.2231435513142097,
      1.2231435513142097,
      1.2231435513142097,
      1.916290731874155,
      1.916290731874155,
      1.916290731874155,
      1.916290731874155,
      1.5108256237659907,
      1.2231435513142097,
      1.2231435513142097
    ]
  },
  "scope": "ontology",
  "grade": "preschool"
}