{
  "layer_sizes": [
    32,
    16,
    3
  ],
  "learning_rate": 0.3,
  "seed": 42,
  "output_activation": "softmax",
  "weights": [
    [
      [
        0.07267267289987737,
        -0.24254090935228004,
        0.2073527525636684,
        0.24367889557798492,
        -0.45060728880660594,
        -0.2878789273628019,
        0.03196010079182134,
        -0.04321858190406566,
        0.020555672925680283,
        -0.19191976873791122,
        0.22908565744589796,
        0.19068072511195797,
        0.035285822400327044,
        0.27315376091825394,
        0.1168773355630114,
        -0.21482311572080956
      ],
      [
        0.08868109898189425,
        -0.22226553299940585,
        0.23935252893887218,
        -0.0039437612663815735,
        -0.009064082529461991,
        -0.1325664367482076,
        0.30563533466850756,
        -0.0027903043353706505,
        -0.08232599323902433,
        -0.06669217446657362,
        0.142313460118528,
        0.08759375734574054,
        0.12196130090902015,
        0.09904870992821642,
        0.5354119002176153,
        -0.1016037540961539
      ],
      [
        -0.12806068226788433,
        -0.3323751447542248,
        0.3699464864813903,
        0.01846605191956423,
        0.3718625431563836,
        -0.5755036720630909,
        -0.2061203039228099,
        0.655226938284956,
        0.4471826306409331,
        0.41608657082529316,
        -0.28713554024688054,
        0.07071766726860504,
        0.23937901943746837,
        0.05467214918225324,
        0.21785719448704746,
        0.05589888719367057
      ],
      [
        0.16622179372924328,
        0.03434988458006666,
        0.09201980328455002,
        0.16635977293981655,
        -0.32713744660706345,
        -0.042251854736547606,
        -0.11759316357319888,
        -0.12387739587900556,
        -0.04402960050491845,
        0.3950765409640828,
        -0.20722161519312,
        0.2383023299025911,
        -0.4019392948939282,
        -0.09237779832019798,
        0.0406882662762514,
        0.14655558283981954
      ],
      [
        0.1743000479094833,
        0.21579192600782518,
        -0.0674413144500554,
        -0.10705023168596016,
        0.25164547867114145,
        -0.010160131867625977,
        -0.31892158083448047,
        -0.2474797373190405,
        -0.20510710919865036,
        0.1456313991689248,
        0.044842597747832176,
        0.16885407977166295,
        -0.08803501357411052,
        0.03097838194542427,
        0.15639759849183418,
        -0.0773366349300596
      ],
      [
        0.1106872123506224,
        -0.14802636805881894,
        -0.07102350802921396,
        -0.08689675701940065,
        -0.26180840304040676,
        0.1594090695491732,
        -0.11735058505068097,
        0.03896559586375174,
        0.14494262702822971,
        0.13297400716296973,
        0.17558244097338738,
        -0.028388629872634998,
        -0.08704643000101539,
        -0.028586093550354044,
        -0.42183360848950746,
        -0.3617781181057718
      ],
      [
        -0.334181500127331,
        -0.23185658969252657,
        0.11968351029291315,
        -0.21783204735983375,
        -0.05738913015299422,
        0.36247302379929397,
        -0.08906599276535648,
        0.22022095829860158,
        -0.20864845770071677,
        -0.030018176311423724,
        -0.2282693499974545,
        -0.08852552772041966,
        0.22885518237437186,
        -0.44048664662184145,
        0.10860591088646433,
        0.05943390058306947
      ],
      [
        -0.15204408596292904,
        -0.34405934638927,
        0.03777233054052139,
        -0.12383546078576908,
        0.09532056119552919,
        0.043128985733638464,
        0.40044472283022886,
        -0.023996840686426178,
        -0.23111841085371373,
        0.06616012189456286,
        0.06423533472313214,
        0.33602963506482997,
        0.2275559594886676,
        0.08056122396362307,
        0.36582572280489045,
        -0.2971907635807127
      ],
      [
        -0.16344448022616737,
        -0.21418886814353735,
        -0.07771249717688801,
        -0.3356338204088953,
        0.19593924506045418,
        -0.01788972492191558,
        -0.36770157362566447,
        -0.21805270412005545,
        0.1031344241643013,
        0.23087285512907907,
        0.5084188866531377,
        0.724698357756553,
        0.12238050632902214,
        -0.2560410708317203,
        -0.5330115701828273,
        0.06692786558595895
      ],
      [
        -0.20674187086631193,
        -0.08638419783707751,
        -0.13328424615289794,
        -0.02666000512391467,
        0.30364656605376406,
        0.07692809121411387,
        -0.039658709259672076,
        -0.223071372024623,
        -0.3939147738743367,
        -0.10023576411284894,
        -0.004209473974389265,
        0.43821521964969157,
        0.05134677837824451,
        0.23702833693201011,
        -0.12482389963478802,
        -0.29623594160425615
      ],
      [
        -0.2447857875968234,
        -0.16385139892609443,
        0.5518573867208455,
        -0.19680895332591508,
        0.24677380929093934,
        -0.18806584516897884,
        0.23289325321856102,
        0.1320798077082957,
        -0.014403512112770113,
        0.011150581621625261,
        -0.1544607601271568,
        0.1077507916252411,
        -0.09496772207517196,
        -0.3150579817655663,
        -0.3194843935799048,
        0.04314697943052987
      ],
      [
        0.3912662170638783,
        0.057453020601203365,
        -0.009919627915416625,
        0.07999425138081735,
        0.36365194378355936,
        0.0925115746937418,
        -0.10273180770843429,
        0.31241424369680193,
        0.13194507191715582,
        0.4052802111544818,
        0.0550447730356674,
        -0.30988451667540423,
        -0.32326165180139327,
        0.4040754422340581,
        0.43091643019582426,
        -0.04487980332065016
      ],
      [
        -0.0993034273227274,
        0.3828161902683942,
        -0.2570214668988181,
        -0.21514403825877515,
        0.1979832070291142,
        -0.06098533136211969,
        -0.001280466680017824,
        -0.0050186584492982545,
        0.10914959950148587,
        0.373211678483913,
        0.03188239045562726,
        0.15721743957393536,
        -0.49376487724773277,
        -0.020836141306283768,
        -0.21080756757321778,
        -0.304703265105907
      ],
      [
        -0.22304468877091813,
        -0.0660757429673592,
        0.24871558920105732,
        -0.3230604629547091,
        0.04480938150545751,
        -0.08337640898061692,
        -0.08191827359049021,
        0.28653152250798075,
        0.159284821552734,
        0.35569074001616974,
        -0.02939025608228425,
        -0.17775291166295487,
        -0.037186556210101834,
        0.05196765699405111,
        0.04414333961342776,
        -0.27109701805834163
      ],
      [
        0.019115848368238115,
        0.0745121997425701,
        0.6491084629955345,
        0.47774886930059945,
        -0.1761593292828519,
        -0.03417989103451629,
        -0.3658605004592508,
        -0.11183468730904171,
        0.1036572131993376,
        0.3228046183775422,
        -0.17303479570571131,
        -0.16730386876222825,
        -0.5180441094246409,
        -0.0493230209599812,
        -0.2656036029648908,
        -0.13235985684151844
      ],
      [
        -0.2227217915806275,
        -0.006110521355295445,
        -0.41969214422710394,
        -0.3582235948675657,
        0.5694632863639273,
        -0.2841896959657301,
        -0.2741963946136599,
        0.49507044826215824,
        0.7510227546118539,
        -0.2715504440508516,
        -0.08282607546681678,
        0.08162162898984834,
        0.45095255911142107,
        -0.2553708104308136,
        -0.061319461485527436,
        0.194334394015436
      ],
      [
        0.1051849215779242,
        -0.076583900599681,
        -0.013715787516956268,
