{
  "layer_sizes": [
    32,
    16,
    4
  ],
  "learning_rate": 0.3,
  "seed": 42,
  "output_activation": "softmax",
  "weights": [
    [
      [
        0.07078341181970964,
        -0.2501611830957912,
        0.19791151674505353,
        0.28529991012412625,
        -0.46589629021526874,
        -0.31948008220268936,
        0.03196010079182134,
        -0.08717121277800853,
        -0.009196371410382848,
        -0.19362008328865427,
        0.2340955836070394,
        0.185591437522544,
        0.015009593129437563,
        0.35005014442681875,
        0.17044561917562723,
        -0.21482311572080956
      ],
      [
        0.09218769602062471,
        -0.23972065020724972,
        -0.04493574652796249,
        0.5012821904273214,
        -0.24558854131857963,
        -0.4467638533223432,
        0.30563533466850756,
        -0.4902975961693386,
        -0.1070819555407768,
        -0.04567400698699656,
        -0.09588453584444286,
        0.16289554052019087,
        0.1031831528989971,
        0.7199201789621892,
        1.4066497711465296,
        -0.1016037540961539
      ],
      [
        -0.13466059132982117,
        -0.19633132447867147,
        0.17269797843134269,
        0.3532514240424844,
        0.02692900744601035,
        -0.24628471186574022,
        -0.2061203039228099,
        0.13190344236917104,
        0.18581354280086057,
        0.16541765637696082,
        -0.12348317227096925,
        0.025847881600873465,
        0.029171452285182056,
        0.1529104970222523,
        0.28337889514278913,
        0.05589888719367057
      ],
      [
        0.1631284817060369,
        0.024006624955520788,
        0.09098297245996481,
        0.22883040732189655,
        -0.30887308310418743,
        -0.11616339671443354,
        -0.11759316357319888,
        -0.19046421664783972,
        -0.06878556280667093,
        0.40336441710926085,
        -0.17356352437210645,
        0.20987713948206374,
        -0.4207174429039512,
        0.014517090343555394,
        0.106209966931993,
        0.14655558283981954
      ],
      [
        0.1364465133332035,
        0.0811923811126778,
        -0.34172386255237436,
        -0.4695691838639506,
        0.8052919929102059,
        0.14139399679455805,
        -0.31892158083448047,
        -0.37436923777670583,
        -0.22986307150040283,
        0.2676095808899709,
        0.7364004362915952,
        0.03239306271297715,
        -0.10681316158413356,
        0.1920236854142268,
        0.07011251169639655,
        -0.0773366349300596
      ],
      [
        0.0728336777743426,
        -0.28262591295396633,
        -0.3453060561315329,
        -0.449415709197391,
        0.2918381111986574,
        0.31096319821135715,
        -0.11735058505068097,
        -0.08792390459391385,
        0.12018666472647724,
        0.25495218888401583,
        0.8671402795171506,
        -0.16484964693132076,
        -0.10582457801103844,
        0.13245920991844845,
        -0.508118695284945,
        -0.3617781181057718
      ],
      [
        -0.3372748121505374,
        -0.2421998493170725,
        0.11864667946832792,
        -0.15536141297775372,
        -0.03912476665011829,
        0.28856148182140834,
        -0.08906599276535648,
        0.15363413752976737,
        -0.23340442000246925,
        -0.02173030016624555,
        -0.19461125917644098,
        -0.11695071814094705,
        0.21007703436434888,
        -0.3335917579580879,
        0.1741276115422059,
        0.05943390058306947
      ],
      [
        -0.15513739798613543,
        -0.35440260601381585,
        0.03673549971593618,
        -0.06136482640368916,
        0.11358492469840517,
        -0.03078255624424745,
        0.40044472283022886,
        -0.0905836614552603,
        -0.25587437315546624,
        0.07444799803974099,
        0.09789342554414565,
        0.30760444464430275,
        0.20877781147864463,
        0.18745611262737646,
        0.4313474234606322,
        -0.2971907635807127
      ],
      [
        -0.15993788318743693,
        -0.2008267045938904,
        -0.1357193250170572,
        -0.40468990410081435,
        -0.020911272585013727,
        0.21807486339050075,
        -0.36770157362566447,
        -0.12339317354602504,
        0.040082679070418924,
        0.1744035543097835,
        0.33957276867206243,
        0.862321515659978,
        0.0921193213758282,
        -0.33995243907280287,
        -0.5330115701828273,
        0.06692786558595895
      ],
      [
        -0.2032352738275815,
        -0.07302203428743044,
        -0.19129107399306725,
        -0.09571608881583339,
        0.08679604840829601,
        0.3128926795265303,
        -0.039658709259672076,
        -0.12841184145059256,
        -0.45696651896821894,
        -0.1567050649321445,
        -0.1730555919554643,
        0.5758383775531164,
        0.021085593425050567,
        0.1531169686909275,
        -0.12482389963478802,
        -0.29623594160425615
      ],
      [
        -0.2478790996200298,
        -0.17419465855064037,
        0.5508205558962598,
        -0.13433831894383505,
        0.2650381727938155,
        -0.26197738714686475,
        0.23289325321856102,
        0.06549298693946155,
        -0.0391594744145226,
        0.019438457766803467,
        -0.12080266930614328,
        0.0793256012047137,
        -0.113745870085195,
        -0.2081630931018129,
        -0.25396269292416307,
        0.04314697943052987
      ],
      [
        0.3881729050406719,
        0.047109760976657505,
        -0.01095645874000183,
        0.1424648857628972,
        0.3819163072864354,
        0.018600032715855908,
        -0.10273180770843429,
        0.24582742292796775,
        0.10718910961540337,
        0.4135680872996599,
        0.08870286385668089,
        -0.33830970709593144,
        -0.34203979981141625,
        0.5109703308978112,
        0.496438130851566,
        -0.04487980332065016
      ],
      [
        -0.10119268840289514,
        0.3751959165248832,
        -0.26646270271743244,
        -0.1735230237126337,
        0.18269420562045155,
        -0.0925864862020073,
        -0.001280466680017824,
        -0.04897128932324104,
        0.07939755516542275,
        0.37151136393316997,
        0.03689231661676865,
        0.1521281519845214,
        -0.5140411065186221,
        0.05606024220228092,
        -0.157239283960602,
        -0.304703265105907
      ],
      [
        -0.22613800079412452,
        -0.07641900259190501,
        0.24767875837647205,
        -0.2605898285726295,
        0.06307374500833347,
        -0.15728795095850276,
        -0.08191827359049021,
        0.2199447017391468,
        0.13452885925098151,
        0.3639786161613478,
        0.004267834738729241,
        -0.20617810208348222,
        -0.05596470422012488,
        0.15886254565780444,
        0.10966504026916934,
        -0.27109701805834163
      ],
      [
        0.01602253634503178,
        0.06416894011802428,
        0.6480716321709488,
        0.5402195036826791,
        -0.15789496577997594,
        -0.10809143301240223,
        -0.3658605004592508,
        -0.17842150807787585,
        0.07890125089758512,
        0.33109249452272027,
        -0.1393767048846978,
        -0.1957290591827556,
        -0.5368222574346637,
        0.0575718677037722,
        -0.2000819023091491,
        -0.13235985684151844
      ],
      [
        -0.21921519454189706,
        0.00725164219435159,
        -0.4776989720672731,
        -0.4272796785594848,
        0.3526127687184597,
        -0.04822510765331374,
        -0.2741963946136599,
        0.589729978836189,
        0.6879710095179716,
        -0.3280197448701473,
        -0.2516721934478918,
        0.21924478689327256,
        0.4206913741582272,
        -0.3392821786718962,
        -0.061319461485527436,
        0.194334394015436
      ],
      [
        0.10869151861665466,
        -0.06322173705003394,
        -0.07172261535712549,
        -0.4042423193042326,
