{
  "labels": [
    "Bioethics",
    "Business Ethics",
    "Environmental Ethics",
    "research"
  ],
  "feature_extractor": {
    "max_features": 32,
    "vocabulary": {
      "bioethics": 1,
      "concept": 10,
      "ethics": 20,
      "broader": 2,
      "requires": 24,
      "researchers": 26,
      "apply": 0,
      "practical": 22,
      "common": 6,
      "contemporary": 12,
      "core concept": 14,
      "concept applied": 11,
      "broader domain": 3,
      "requires studying": 25,
      "researchers practitioners": 27,
      "practitioners apply": 23,
      "vocabulary foundational": 31,
      "common techniques": 7,
      "contemporary applications": 13,
      "business": 4,
      "business ethics": 5,
      "environmental": 17,
      "environmental ethics": 18,
      "computer": 8,
      "science": 28,
      "students": 30,
      "ethical": 19,
      "education": 16,
      "decision": 15,
      "computer science": 9,
      "science students": 29,
      "ethics education": 21
    },
    "idf": [
      1.0,
      1.916290731874155,
      1.2231435513142097,
      1.2231435513142097,
      1.916290731874155,
      1.916290731874155,
      1.2231435513142097,
      1.2231435513142097,
      1.916290731874155,
      1.916290731874155,
      1.2231435513142097,
      1.2231435513142097,
      1.0,
      1.2231435513142097,
      1.2231435513142097,
      1.916290731874155,
      1.916290731874155,
      1.916290731874155,
      1.916290731874155,
      1.916290731874155,
      1.0,
      1.916290731874155,
      1.0,
      1.2231435513142097,
      1.2231435513142097,
      1.2231435513142097,
      1.2231435513142097,
      1.2231435513142097,
      1.916290731874155,
      1.916290731874155,
      1.916290731874155,
      1.2231435513142097
    ]
  },
  "scope": "applied_ethics",
  "grade": "preschool"
}