{
  "layer_sizes": [
    32,
    16,
    3
  ],
  "learning_rate": 0.3,
  "seed": 42,
  "output_activation": "softmax",
  "weights": [
    [
      [
        0.07559404159403947,
        -0.2639440973255485,
        0.21737923196165207,
        0.26559340147381266,
        -0.4815705543180462,
        -0.3255448767155795,
        0.03196010079182134,
        -0.05535304322172274,
        -0.004200289376072199,
        -0.213260981893395,
        0.22725865501520853,
        0.21078323347958755,
        0.01650767439030401,
        0.3074589452795652,
        0.1168773355630114,
        -0.21482311572080956
      ],
      [
        0.09160246767605634,
        -0.24366872097267434,
        0.24937900833685586,
        0.017970744629446155,
        -0.04002734804090223,
        -0.17023238610098534,
        0.30563533466850756,
        -0.01492476565302779,
        -0.1070819555407768,
        -0.0880333876220574,
        0.14048645768783857,
        0.10769626571337003,
        0.1031831528989971,
        0.13335389428952793,
        0.5354119002176153,
        -0.1016037540961539
      ],
      [
        -0.1286459106124527,
        -0.20739125282739404,
        0.18376128865391164,
        0.3126952955562322,
        -0.022298621568305848,
        -0.210039119240632,
        -0.2061203039228099,
        0.18635580182034803,
        0.18581354280086057,
        0.13578856707629874,
        -0.15896826552267218,
        0.0743755803890304,
        0.029171452285182056,
        0.08032079271981042,
        0.21785719448704746,
        0.05589888719367057
      ],
      [
        0.16914316242340535,
        0.012946696606798253,
        0.10204628268253385,
        0.18827427883564446,
        -0.3581007121185037,
        -0.07991780408932533,
        -0.11759316357319888,
        -0.13601185719666273,
        -0.06878556280667093,
        0.37373532780859897,
        -0.2090486176238094,
        0.2584048382702206,
        -0.4207174429039512,
        -0.058072613958886514,
        0.0406882662762514,
        0.14655558283981954
      ],
      [
        0.17722141660364538,
        0.1943887380345567,
        -0.05741483505207158,
        -0.08513572579013244,
        0.22068221315970132,
        -0.04782608122040372,
        -0.31892158083448047,
        -0.25961419863669744,
        -0.22986307150040283,
        0.12429018601344101,
        0.04301559531714273,
        0.18895658813929253,
        -0.10681316158413356,
        0.06528356630673576,
        0.15639759849183418,
        -0.0773366349300596
      ],
      [
        0.1136085810447845,
        -0.16942955603208742,
        -0.060997028631230125,
        -0.06498225112357292,
        -0.292771668551847,
        0.12174312019639545,
        -0.11735058505068097,
        0.02683113454609462,
        0.12018666472647724,
        0.11163279400748602,
        0.17375543854269795,
        -0.008286121505005435,
        -0.10582457801103844,
        0.005719090810957434,
        -0.42183360848950746,
        -0.3617781181057718
      ],
      [
        -0.33126013143316896,
        -0.25325977766579505,
        0.1297099896908969,
        -0.19591754146400583,
        -0.08835239566443448,
        0.32480707444651635,
        -0.08906599276535648,
        0.2080864969809444,
        -0.23340442000246925,
        -0.051359389466907504,
        -0.2300963524281439,
        -0.06842301935279017,
        0.21007703436434888,
        -0.4061814622605302,
        0.10860591088646433,
        0.05943390058306947
      ],
      [
        -0.14912271726876697,
        -0.3654625343625383,
        0.04779880993850521,
        -0.10192095488994125,
        0.0643572956840889,
        0.00546303638086072,
        0.40044472283022886,
        -0.036131302004083314,
        -0.25587437315546624,
        0.04481890873907904,
        0.062408332292442706,
        0.3561321434324596,
        0.20877781147864463,
        0.11486640832493453,
        0.36582572280489045,
        -0.2971907635807127
      ],
      [
        -0.1605231115320053,
        -0.23559205611680584,
        -0.06768601777890418,
        -0.3137193145130679,
        0.16497597954901394,
        -0.055555674274693344,
        -0.36770157362566447,
        -0.2301871654377126,
        0.07837846186254882,
        0.20953164197359528,
        0.5065918842224483,
        0.7448008661241826,
        0.1036023583189991,
        -0.22173588647040873,
        -0.5330115701828273,
        0.06692786558595895
      ],
      [
        -0.20382050217214986,
        -0.10778738581034594,
        -0.1232577667549142,
        -0.004745499228086934,
        0.2726833005423238,
        0.039262141861336156,
        -0.039658709259672076,
        -0.23520583334228012,
        -0.41867073617608924,
        -0.12157697726833272,
        -0.006036476405078719,
        0.4583177280173212,
        0.03256863036822146,
        0.27133352129332144,
        -0.12482389963478802,
        -0.29623594160425615
      ],
      [
        -0.24186441890266133,
        -0.18525458689936292,
        0.5618838661188286,
        -0.17489444743008717,
        0.2158105437794991,
        -0.2257317945217566,
        0.23289325321856102,
        0.11994534639063859,
        -0.0391594744145226,
        -0.010190631533858506,
        -0.1562877625578462,
        0.1278532999928706,
        -0.113745870085195,
        -0.2807527974042551,
        -0.3194843935799048,
        0.04314697943052987
      ],
      [
        0.39418758575804036,
        0.03604983262793495,
        0.00010685148256718906,
        0.10190875727664507,
        0.3326886782721191,
        0.054845625340964085,
        -0.10273180770843429,
        0.30027978237914493,
        0.10718910961540337,
        0.383938997998998,
        0.053217770604977954,
        -0.2897820083077746,
        -0.34203979981141625,
        0.43838062659536936,
        0.43091643019582426,
        -0.04487980332065016
      ],
      [
        -0.0963820586285653,
        0.3614130022951259,
        -0.24699498750083432,
        -0.19322953236294724,
        0.16701994151767396,
        -0.0986512807148974,
        -0.001280466680017824,
        -0.017153119766955383,
        0.08439363719973339,
        0.3518704653284292,
        0.030055388024937787,
        0.17731994794156494,
        -0.5125430252577556,
        0.013469043055027713,
        -0.21080756757321778,
        -0.304703265105907
      ],
      [
        -0.22012332007675606,
        -0.08747893094062763,
        0.25874206859904103,
        -0.3011459570588817,
        0.01384611599401727,
        -0.12104235833339462,
        -0.08191827359049021,
        0.27439706119032375,
        0.13452885925098151,
        0.3343495268606859,
        -0.031217258512973706,
        -0.1576504032953253,
        -0.05596470422012488,
        0.08627284135536259,
        0.04414333961342776,
        -0.27109701805834163
      ],
      [
        0.022037217062400184,
        0.053109011769301676,
        0.6591349423935176,
        0.49966337519642684,
        -0.20712259479429215,
        -0.07184584038729402,
        -0.3658605004592508,
        -0.12396914862669886,
        0.07890125089758512,
        0.3014634052220584,
        -0.17486179813640074,
        -0.14720136039459866,
        -0.5368222574346637,
        -0.015017836598669712,
        -0.2656036029648908,
        -0.13235985684151844
      ],
      [
        -0.21980042288646542,
        -0.02751370932856386,
        -0.4096656648291201,
        -0.33630908897173833,
        0.5385000208524875,
        -0.32185564531850774,
        -0.2741963946136599,
        0.48293598694450124,
        0.7262667923101017,
        -0.2928916572063354,
        -0.0846530778975062,
        0.10172413735747783,
        0.4321744111013981,
        -0.22106562606950206,
        -0.061319461485527436,
        0.194334394015436
      ],
      [
        0.10810629027208629,
        -0.09798708857294942,
        -0.0036893081189724574,
