{
  "layer_sizes": [
    32,
    16,
    3
  ],
  "learning_rate": 0.3,
  "seed": 42,
  "output_activation": "softmax",
  "weights": [
    [
      [
        0.07617926993860784,
        -0.2599960265601239,
        0.2139946781895939,
        0.26053175601797846,
        -0.4852325863010279,
        -0.3255448767155795,
        0.03196010079182134,
        -0.057793737573280976,
        0.042777637913055264,
        -0.18962968365225902,
        0.23321791137225723,
        0.19280020916900736,
        0.024202280885162943,
        0.3247852541554751,
        0.1168773355630114,
        -0.21482311572080956
      ],
      [
        0.09218769602062471,
        -0.23972065020724972,
        0.2459944545647977,
        0.012909099173611868,
        -0.043689380023883735,
        -0.17023238610098534,
        0.30563533466850756,
        -0.01736546000458596,
        -0.06010402825164934,
        -0.06440208938092146,
        0.14644571404488727,
        0.08971324140278973,
        0.11087775939385605,
        0.15068020316543754,
        0.5354119002176153,
        -0.1016037540961539
      ],
      [
        -0.12806068226788433,
        -0.20344318206196943,
        0.1803767348818535,
        0.307633650100398,
        -0.025960653551287346,
        -0.210039119240632,
        -0.2061203039228099,
        0.18391510746878983,
        0.23279147008998813,
        0.15941986531743474,
        -0.1530090091656235,
        0.05639255607845015,
        0.036866058780040956,
        0.09764710159572002,
        0.21785719448704746,
        0.05589888719367057
      ],
      [
        0.16972839076797372,
        0.016894767372222865,
        0.0986617289104756,
        0.1832126333798102,
        -0.3617627441014854,
        -0.07991780408932533,
        -0.11759316357319888,
        -0.13845255154822092,
        -0.021807635517543472,
        0.39736662604973483,
        -0.20308936126676072,
        0.2404218139596405,
        -0.4130228364090924,
        -0.040746305082976844,
        0.0406882662762514,
        0.14655558283981954
      ],
      [
        0.17780664494821374,
        0.1983368087999813,
        -0.0607993888241298,
        -0.09019737124596669,
        0.2170201811767198,
        -0.04782608122040372,
        -0.31892158083448047,
        -0.26205489298825574,
        -0.18288514421127527,
        0.147921484254577,
        0.04897485167419143,
        0.17097356382871234,
        -0.09911855508927461,
        0.08260987518264534,
        0.15639759849183418,
        -0.0773366349300596
      ],
      [
        0.11419380938935286,
        -0.16548148526666281,
        -0.06438158240328838,
        -0.07004389657940718,
        -0.2964337005348287,
        0.12174312019639545,
        -0.11735058505068097,
        0.02439044019453644,
        0.16716459201560477,
        0.13526409224862193,
        0.17971469489974665,
        -0.026269145815585714,
        -0.09812997151617948,
        0.023045399686867068,
        -0.42183360848950746,
        -0.3617781181057718
      ],
      [
        -0.3306749030886006,
        -0.24931170690037044,
        0.12632543591883874,
        -0.2009791869198401,
        -0.09201442764741591,
        0.32480707444651635,
        -0.08906599276535648,
        0.2056458026293862,
        -0.1864264927133417,
        -0.027728091225771523,
        -0.22413709607109522,
        -0.08640604366337047,
        0.21777164085920783,
        -0.3888551533846203,
        0.10860591088646433,
        0.05943390058306947
      ],
      [
        -0.1485374889241986,
        -0.36151446359711364,
        0.044414256166446994,
        -0.1069826003457755,
        0.060695263701107394,
        0.00546303638086072,
        0.40044472283022886,
        -0.03857199635564145,
        -0.2088964458663387,
        0.06845020698021499,
        0.06836758864949144,
        0.3381491191218792,
        0.21647241797350358,
        0.13219271720084416,
        0.36582572280489045,
        -0.2971907635807127
      ],
      [
        -0.15993788318743693,
        -0.23164398535138123,
        -0.07107057155096243,
        -0.3187809599689021,
        0.16131394756603243,
        -0.055555674274693344,
        -0.36770157362566447,
        -0.2326278597892709,
        0.12535638915167632,
        0.23316294021473127,
        0.5125511405794972,
        0.7268178418136024,
        0.11129696481385805,
        -0.20440957759449918,
        -0.5330115701828273,
        0.06692786558595895
      ],
      [
        -0.2032352738275815,
        -0.10383931504492133,
        -0.12664232052697244,
        -0.009807144683921225,
        0.2690212685593421,
        0.039262141861336156,
        -0.039658709259672076,
        -0.23764652769383846,
        -0.37169280888696193,
        -0.09794567902719678,
        -7.722004803001414e-05,
        0.4403347037067408,
        0.040263236863080365,
        0.2886598301692313,
        -0.12482389963478802,
        -0.29623594160425615
      ],
      [
        -0.24127919055809297,
        -0.1813065161339383,
        0.5584993123467711,
        -0.17995609288592143,
        0.21214851179651759,
        -0.2257317945217566,
        0.23289325321856102,
        0.11750465203908039,
        0.00781845287460486,
        0.013440666707277464,
        -0.15032850620079752,
        0.10987027568229028,
        -0.10605126359033605,
        -0.26342648852834516,
        -0.3194843935799048,
        0.04314697943052987
      ],
      [
        0.3947728141026087,
        0.03999790339335956,
        -0.003277702289491044,
        0.09684711182081082,
        0.3290266462891374,
        0.054845625340964085,
        -0.10273180770843429,
        0.29783908802758663,
        0.15416703690453093,
        0.40757029624013386,
        0.05917702696202665,
        -0.307765032618355,
        -0.33434519331655743,
        0.4557069354712793,
        0.43091643019582426,
        -0.04487980332065016
      ],
      [
        -0.09579683028399694,
        0.36536107306055055,
        -0.2503795412728924,
        -0.1982911778187815,
        0.16335790953469245,
        -0.0986512807148974,
        -0.001280466680017824,
        -0.019593814118513558,
        0.13137156448886092,
        0.37550176356956505,
        0.03601464438198649,
        0.15933692363098476,
        -0.5048484187628968,
        0.030795351930937347,
        -0.21080756757321778,
        -0.304703265105907
      ],
      [
        -0.2195380917321877,
        -0.08353086017520302,
        0.6438013036550079,
        -0.7167654993721769,
        0.007657873148604361,
        -0.12104235833339462,
        -0.08191827359049021,
        0.6769873614115527,
        0.05698392364234565,
        0.7231994101834278,
        -0.1877502272563024,
        -0.2687780613294861,
        -0.05596470422012488,
        -0.05522098334595348,
        0.04414333961342776,
        -0.27109701805834163
      ],
      [
        0.022622445406968554,
        0.057057082534726286,
        1.0441941774494843,
        0.08404383288313165,
        -0.21331083763970501,
        -0.07184584038729402,
        -0.3658605004592508,
        0.27862115159452977,
        0.0013563152889492411,
        0.6903132885448003,
        -0.33139476687972963,
        -0.25832901842875955,
        -0.5368222574346637,
        -0.15651166129998578,
        -0.2656036029648908,
        -0.13235985684151844
      ],
      [
        -0.21921519454189706,
        -0.023565638563139247,
        -0.41305021860117824,
        -0.34137073442757254,
        0.5348379888695057,
        -0.32185564531850774,
        -0.2741963946136599,
        0.48049529259294294,
        0.7732447195992288,
        -0.26926035896519956,
        -0.0786938215404575,
        0.08374111304689753,
        0.4398690175962569,
        -0.2037393171935925,
        -0.061319461485527436,
        0.194334394015436
      ],
      [
        0.10869151861665466,
        -0.09403901780752481,
