{
  "layer_sizes": [
    32,
    16,
    4
  ],
  "learning_rate": 0.3,
  "seed": 42,
  "output_activation": "softmax",
  "weights": [
    [
      [
        0.10510633558279475,
        -0.2599960265601239,
        0.5199481060673983,
        0.10735954144008064,
        -0.5918199299547332,
        -0.3255448767155795,
        0.03196010079182134,
        -0.07906064808589555,
        -0.040944997534761975,
        -0.28599969732881664,
        0.035032410239234237,
        0.4996699676599699,
        0.01650767439030401,
        0.22523283450202336,
        0.09358926847703553,
        -0.21482311572080956
      ],
      [
        0.10665122884271813,
        -0.23972065020724972,
        0.38578022888471003,
        -0.07637229657542463,
        -0.09824615728195221,
        -0.17023238610098534,
        0.30563533466850756,
        -0.03863237051720054,
        -0.1254543096201217,
        -0.1244027453397682,
        0.04066875465010072,
        0.24397200799238597,
        0.1031831528989971,
        0.07941651713197827,
        0.523767866674627,
        -0.1016037540961539
      ],
      [
        -0.13014853716393324,
        -0.20576452276686436,
        0.16202115009532464,
        0.29837174525555943,
        0.009617180044490688,
        -0.210039119240632,
        -0.2101519220866565,
        0.16343096676606755,
        0.19065509748987264,
        0.16467169819050556,
        -0.14240650111387762,
        0.07852946366604013,
        0.041477210808929806,
        0.04765318813327833,
        0.264917482307296,
        0.05589888719367057
      ],
      [
        0.18419192359006728,
        0.016894767372222865,
        0.23844750323038796,
        0.09393123763077368,
        -0.4163195213595537,
        -0.07991780408932533,
        -0.11759316357319888,
        -0.15971946206083548,
        -0.08715791688601582,
        0.3373659700908882,
        -0.3088663206615472,
        0.3946805805492365,
        -0.4207174429039512,
        -0.11200999111643613,
        0.02904423273326345,
        0.14655558283981954
      ],
      [
        0.1958860609758306,
        0.1983368087999813,
        0.12052829888525549,
        -0.19545147170221852,
        0.1494557623197421,
        -0.04782608122040372,
        -0.31892158083448047,
        -0.28332180350087016,
        -0.25282851409958396,
        0.07882848886630252,
        -0.07990424315515426,
        0.36338507839365003,
        -0.10681316158413356,
        0.004274005744188008,
        0.14184255656309927,
        -0.0773366349300596
      ],
      [
        0.12504145900592295,
        -0.16548148526666281,
        0.03386227852715095,
        -0.1433525876212283,
        -0.33798283619398767,
        0.12174312019639545,
        -0.11735058505068097,
        0.0031235296819218574,
        0.10640739916696855,
        0.08435577571920291,
        0.0970398709395192,
        0.0898368727986689,
        -0.10582457801103844,
        -0.0411461029415941,
        -0.43056663364674846,
        -0.3617781181057718
      ],
      [
        -0.3378445921636294,
        -0.25215103981396586,
        0.05672953658077944,
        -0.18625174157825394,
        -0.03132870397789716,
        0.32480707444651635,
        -0.09399724052382664,
        0.18533633196190488,
        -0.22161908579580092,
        -0.004424128944037281,
        -0.17869404294385194,
        -0.10840192783261549,
        0.22512874354670082,
        -0.43138713662754924,
        0.1698835163460286,
        0.05943390058306947
      ],
      [
        -0.15570717799922748,
        -0.36435379651070904,
        -0.10262505057059683,
        -0.0867167055427123,
        0.12663531217432253,
        0.00546303638086072,
        0.37578848403787796,
        -0.24074544361228664,
        -0.18939638655943458,
        0.4234719936153762,
        -0.04517552064736004,
        0.32650729151048297,
        0.22382952066099657,
        0.11307139921709355,
        0.7127280498746906,
        -0.2971907635807127
      ],
      [
        -0.14547435036534337,
        -0.23164398535138123,
        0.06871520276894988,
        -0.40806235571793853,
        0.10675717030796399,
        -0.055555674274693344,
        -0.36770157362566447,
        -0.2538947703018854,
        0.06000610778320392,
        0.17316228425588448,
        0.4067741811847102,
        0.8810766084031988,
        0.1036023583189991,
        -0.27567326362795846,
        -0.5446556037258156,
        0.06692786558595895
      ],
      [
        -0.20721004658289857,
        -0.10616065574981626,
        -0.1666761990601105,
        -0.010733829594990226,
        0.3113870291552094,
        0.039262141861336156,
        -0.043690327423518645,
        -0.2581306683965608,
        -0.4114323173560567,
        -0.08794908624990452,
        0.022580940650934463,
        0.4425619246581972,
        0.0448743888919692,
        0.2423564753925696,
        -0.07624452687751646,
        -0.29623594160425615
      ],
      [
        -0.24525396331341004,
        -0.18362785683883323,
        0.5184654338136326,
        -0.18088277779699044,
        0.2545142723923849,
        -0.2257317945217566,
        0.2288616350547144,
        0.09702051133635811,
        -0.03192105559448994,
        0.023437259484569713,
        -0.12767034550183304,
        0.1120974966337467,
        -0.10144011156144725,
        -0.3097298433050068,
        -0.2709050208226333,
        0.04314697943052987
      ],
      [
        0.38043343595255097,
        0.03431923756616874,
        -0.11608762172763014,
        0.15169257942415826,
        0.4529243044906067,
        0.054845625340964085,
        -0.11259430322537461,
        0.27848705720523864,
        0.1307597780287402,
        0.4778095190447384,
        0.163431550873063,
        -0.35340457564507466,
        -0.3119363814467124,
        0.4136179213988882,
        0.553471641114953,
        -0.04487980332065016
      ],
      [
        -0.09579683028399694,
        0.36536107306055055,
        -0.3980914832692255,
        -0.21500470341445885,
        0.16906361381644927,
        -0.0986512807148974,
        -0.032183476767356514,
        -0.32578578712697465,
        0.1700802459078785,
        0.8715705379183848,
        -0.22643631900043915,
        0.17720632872211178,
        -0.5125430252577556,
        0.02449773049384687,
        0.23667875259561275,
        -0.304703265105907
      ],
      [
        -0.2195380917321877,
        -0.08353086017520302,
        0.1076455728306499,
        -0.32292112811039314,
        0.0158897882927926,
        -0.12104235833339462,
        -0.11282128367782886,
        -0.0342356061696955,
        0.22021546795912667,
        0.8540495994506415,
        -0.2877089655383507,
        -0.15776402251477845,
        -0.05596470422012488,
        0.09730152879418176,
        0.49162965978225825,
        -0.27109701805834163
      ],
      [
        0.037085978229062004,
        0.057057082534726286,
        0.7955361629413722,
        0.40532033399155626,
        -0.2653414040353421,
        -0.07184584038729402,
        -0.3658605004592508,
        -0.14767675349087162,
        0.060528896818240224,
        0.2650940475043476,
        -0.2746795011741386,
        -0.01092561811558279,
        -0.5368222574346637,
        -0.06895521375621935,
        -0.2772476365078787,
        -0.13235985684151844
      ],
      [
        -0.22318996729721413,
        -0.025886979268034172,
        -0.4530840971343164,
        -0.3422974193386414,
        0.5772037494653732,
        -0.32185564531850774,
        -0.27822801277750653,
        0.4600111518902206,
        0.7335052111301344,
        -0.2592637661879072,
        -0.05603566084149308,
        0.08596833399835395,
        0.4444801696251457,
        -0.25004267197025415,
        -0.012740088728255914,
        0.194334394015436
      ],
      [
        0.06376070502528158,
        -0.11183247252077427,
        -0.18345941996382442,
