{
  "layer_sizes": [
    32,
    16,
    3
  ],
  "learning_rate": 0.3,
  "seed": 42,
  "output_activation": "softmax",
  "weights": [
    [
      [
        0.07617926993860784,
        -0.2649244498479482,
        0.20706362082269458,
        0.25895787086198613,
        -0.506078478343211,
        -0.33232682665601443,
        0.03196010079182134,
        -0.0333360112057997,
        0.005492016705512759,
        -0.1936941687504959,
        0.23431375553707992,
        0.19943854489462687,
        0.01650767439030401,
        0.3115245315175117,
        0.1168773355630114,
        -0.17812962551016756
      ],
      [
        0.09218769602062471,
        -0.24464907349507406,
        0.2390633971978984,
        0.011335214017619414,
        -0.06453527206606711,
        -0.17701433604142017,
        0.30563533466850756,
        0.0070922663628953065,
        -0.09738964945919187,
        -0.06846657447915835,
        0.14754155820970996,
        0.09635157712840933,
        0.1031831528989971,
        0.13741948052747424,
        0.5354119002176153,
        -0.06491026388551183
      ],
      [
        -0.12806068226788433,
        -0.20837160534979376,
        0.17344567751495418,
        0.30605976494440557,
        -0.04680654559347076,
        -0.21682106918106683,
        -0.2061203039228099,
        0.20837283383627114,
        0.19550584888244543,
        0.15535538021919787,
        -0.1519131650008008,
        0.06303089180406969,
        0.029171452285182056,
        0.08438637895775675,
        0.21785719448704746,
        0.09259237740431261
      ],
      [
        0.16972839076797372,
        0.011966344084398508,
        0.09173067154357639,
        0.18163874822381773,
        -0.3826086361436686,
        -0.0866997540297602,
        -0.11759316357319888,
        -0.1139948251807397,
        -0.05909325672508604,
        0.39330214095149796,
        -0.20199351710193802,
        0.24706014968526,
        -0.4207174429039512,
        -0.054007027720940126,
        0.0406882662762514,
        0.18324907305046154
      ],
      [
        0.17780664494821374,
        0.19340838551215697,
        -0.06773044619102905,
        -0.09177125640195917,
        0.19617428913453644,
        -0.054608031160838566,
        -0.31892158083448047,
        -0.2375971666207742,
        -0.22017076541881797,
        0.14385699915634015,
        0.05007069583901415,
        0.17761189955433185,
        -0.10681316158413356,
        0.06934915254468206,
        0.15639759849183418,
        -0.040643144719417545
      ],
      [
        0.11419380938935286,
        -0.17040990855448715,
        -0.07131263977018759,
        -0.07161778173539965,
        -0.3172795925770119,
        0.11496117025596059,
        -0.11735058505068097,
        0.04884816656201771,
        0.1298789708080621,
        0.1311996071503851,
        0.18081053906456934,
        -0.01963081008996616,
        -0.10582457801103844,
        0.009784677048903803,
        -0.42183360848950746,
        -0.3250846278951298
      ],
      [
        -0.3306749030886006,
        -0.2542401301881948,
        0.11939437855193949,
        -0.20255307207583256,
        -0.1128603196895994,
        0.31802512450608145,
        -0.08906599276535648,
        0.2301035289968675,
        -0.2237121139208844,
        -0.03179257632400849,
        -0.22304125190627253,
        -0.07976770793775087,
        0.21007703436434888,
        -0.4021158760225837,
        0.10860591088646433,
        0.09612739079371155
      ],
      [
        -0.1485374889241986,
        -0.366442886884938,
        0.037483198799547715,
        -0.10855648550176795,
        0.039849371658924,
        -0.001318913559574132,
        0.40044472283022886,
        -0.014114269988160219,
        -0.2461820670738813,
        0.06438572188197808,
        0.06946343281431412,
        0.34478745484749873,
        0.20877781147864463,
        0.11893199456288084,
        0.36582572280489045,
        -0.2604972733700708
      ],
      [
        -0.15993788318743693,
        -0.23657240863920556,
        -0.07800162891786164,
        -0.32035484512489454,
        0.14046805552384906,
        -0.06233762421512819,
        -0.36770157362566447,
        -0.20817013342178953,
        0.08807076794413375,
        0.2290984551164944,
        0.5136469847443191,
        0.7334561775392221,
        0.1036023583189991,
        -0.2176703002324625,
        -0.5330115701828273,
        0.103621355796601
      ],
      [
        -0.2032352738275815,
        -0.1087677383327457,
        -0.13357337789387175,
        -0.011381029839913683,
        0.2481753765171589,
        0.032480191920901305,
        -0.039658709259672076,
        -0.21318880132635706,
        -0.4089784300945041,
        -0.10201016412543368,
        0.0010186241167927056,
        0.44697303943236033,
        0.03256863036822146,
        0.27539910753126784,
        -0.12482389963478802,
        -0.2595424513936142
      ],
      [
        -0.24127919055809297,
        -0.18623493942176264,
        0.5515682549798719,
        -0.1815299780419139,
        0.1913026197543342,
        -0.23251374446219142,
        0.23289325321856102,
        0.14196237840656167,
        -0.029467168332937627,
        0.009376181609040529,
        -0.14923266203597482,
        0.11650861140790988,
        -0.113745870085195,
        -0.27668721116630857,
        -0.3194843935799048,
        0.07984046964117192
      ],
      [
        0.3947728141026087,
        0.0350694801055352,
        -0.010208759656390275,
        0.09527322666481834,
        0.30818075424695424,
        0.048063675400529235,
        -0.10273180770843429,
        0.3222968143950681,
        0.1168814156969883,
        0.403505811141897,
        0.06027287112684937,
        -0.30112669689273547,
        -0.34203979981141625,
        0.44244621283331587,
        0.43091643019582426,
        -0.008186313110008097
      ],
      [
        -0.09579683028399694,
        0.3604326497727262,
        -0.2573105986397917,
        -0.19986506297477397,
        0.14251201749250908,
        -0.10543323065533226,
        -0.001280466680017824,
        0.004863912248967702,
        0.09408594328131832,
        0.3714372784713282,
        0.03711048854680922,
        0.16597525935660426,
        -0.5125430252577556,
        0.01753462929297408,
        -0.21080756757321778,
        -0.268009774895265
      ],
      [
        -0.2195380917321877,
        -0.08353086017520302,
        0.7496770718380754,
        -0.7034053623103869,
        0.007657873148604361,
        -0.12104235833339462,
        -0.08191827359049021,
        0.5518867711460956,
        0.3090515284534782,
        0.5814020331464573,
        -0.1135195974267601,
        -0.22744614517215145,
        -0.05596470422012488,
        -0.057557554327085404,
        0.04414333961342776,
        -0.41661404808452845
      ],
      [
        0.022622445406968554,
        0.057057082534726286,
        1.150069945632552,
        0.09740396994492166,
        -0.21331083763970501,
        -0.07184584038729402,
        -0.3658605004592508,
        0.1535205613290733,
        0.2534239201000818,
        0.5485159115078299,
        -0.2571641370501871,
        -0.21699710227142482,
        -0.5368222574346637,
        -0.1588482322811177,
        -0.2656036029648908,
        -0.27787688686770534
      ],
      [
        -0.21921519454189706,
        -0.028494061850963606,
        -0.4199812759680775,
        -0.342944619583565,
        0.5139920968273227,
        -0.32863759525894265,
        -0.2741963946136599,
        0.504953018960424,
        0.735959098391687,
        -0.27332484406343643,
        -0.07759797737563481,
        0.09037944877251713,
        0.4321744111013981,
        -0.21700003983155583,
        -0.061319461485527436,
        0.231027884226078
      ],
      [
        0.10869151861665466,
        -0.09896744109534918,
        -0.014004919257929918,
