{
  "layer_sizes": [
    32,
    16,
    4
  ],
  "learning_rate": 0.3,
  "seed": 42,
  "output_activation": "softmax",
  "weights": [
    [
      [
        0.09688650039899484,
        -0.27380321180632033,
        0.1624081260327088,
        0.23514117909780347,
        -0.7087001836432582,
        -0.3255448767155795,
        0.03196010079182134,
        -0.3586782438613593,
        0.07682268799678527,
        -0.25295928460969763,
        0.1873126007487252,
        0.2705712769860283,
        -0.09800132976840426,
        0.7291216536115764,
        0.47519062897611086,
        -0.21482311572080956
      ],
      [
        0.11289492648101171,
        -0.2535278354534462,
        0.19440790240791261,
        -0.012481477746563224,
        -0.2671569773661141,
        -0.17023238610098534,
        0.30563533466850756,
        -0.31824996629266433,
        -0.026058978167919276,
        -0.12773169033836002,
        0.10054040342135519,
        0.1674843092198108,
        -0.011325851259711145,
        0.5550166026215386,
        0.8937251936307148,
        -0.1016037540961539
      ],
      [
        -0.12475639302540227,
        -0.23555928432829376,
        0.14651910107327754,
        0.2822430731802229,
        0.04136955291865324,
        -0.210039119240632,
        -0.2061203039228099,
        0.20216575563972788,
        0.2345384460426666,
        0.1176791987771021,
        -0.12765845491117372,
        0.08613599254049095,
        0.06664654278415286,
        0.07986852643233482,
        0.27159153217260873,
        0.05589888719367057
      ],
      [
        0.16972839076797372,
        0.316962410585142,
        0.07227984967249604,
        0.11187161628636984,
        -0.4819357307255619,
        -0.07991780408932533,
        -0.1069872316495181,
        -0.15016890488701728,
        -0.1494954860365143,
        0.5017182292380229,
        -0.27862261784129333,
        0.1768634831050011,
        -0.45194671154517085,
        -0.1145352413962544,
        0.017610525309152237,
        0.08350741315419022
      ],
      [
        0.19851387540860072,
        0.18452962355378486,
        -0.11238594098101488,
        -0.11558794816614179,
        -0.006447416165510533,
        -0.04782608122040372,
        -0.31892158083448047,
        -0.5629393992763341,
        -0.14884009412754529,
        0.08459188329713838,
        0.0030695410506593698,
        0.24874463164573335,
        -0.22132216574284183,
        0.4869462746387464,
        0.5147108919049337,
        -0.0773366349300596
      ],
      [
        0.13490103984973986,
        -0.17928867051285927,
        -0.11596813456017344,
        -0.09543447349958227,
        -0.5199012978770586,
        0.12174312019639545,
        -0.11735058505068097,
        -0.2764940660935419,
        0.20120964209933478,
        0.0719344912911834,
        0.13380938427621458,
        0.051501922001435385,
        -0.2203335821697467,
        0.42738179914296814,
        -0.06352031507640794,
        -0.3617781181057718
      ],
      [
        -0.32737061384611865,
        -0.4950428685416286,
        0.07865260006106037,
        -0.2263697638400152,
        0.4165445097622049,
        0.32480707444651635,
        -0.08906599276535648,
        0.32030032020087273,
        -0.24234559794921404,
        -0.05492886465485965,
        0.11016188600024708,
        -0.29441464549827867,
        0.45312201483411213,
        -0.4598948920033298,
        0.39324066842557703,
        0.05943390058306947
      ],
      [
        -0.1485374889241986,
        -0.6961837328166649,
        -0.003611806714090728,
        -0.1323731772659506,
        0.7494391223475505,
        0.00546303638086072,
        0.40044472283022886,
        0.09119638351167152,
        -0.346219432659226,
        0.06759846096872667,
        0.5390265839785137,
        -0.032687617090602326,
        0.5308427681880665,
        0.005773860113548198,
        0.7275758494157823,
        -0.2971907635807127
      ],
      [
        -0.15993788318743693,
        -0.08443185198924917,
        -0.09745245078894199,
        -0.3441715368890772,
        0.1262333605484028,
        -0.055555674274693344,
        -0.36770157362566447,
        0.1223351031005944,
        0.3930484498657089,
        0.11296309297014663,
        0.2903352089228203,
        1.2008959676315731,
        0.13089428939458025,
        -0.45335200168813217,
        -0.9163340960424328,
        0.06692786558595895
      ],
      [
        -0.2032352738275815,
        0.043372818317210834,
        -0.15302419976495202,
        -0.035197721604096316,
        0.23394068154171258,
        0.039262141861336156,
        -0.039658709259672076,
        0.11731643519602691,
        -0.10400074817292894,
        -0.21814552627178135,
        -0.2222931517047066,
        0.9144128295247114,
        0.05986056144380248,
        0.039717406075598094,
        -0.5081464254943935,
        -0.29623594160425615
      ],
      [
        -0.23857771758794824,
        -0.15536761937106444,
        0.526005513896558,
        -0.21333961844187493,
        0.2462701767651387,
        -0.2257317945217566,
        0.2347381249712775,
        0.13020722745932906,
        -0.013362935349473404,
        -0.0027339643210287966,
        -0.1428550245214916,
        0.12314567787742436,
        -0.08853977067167149,
        -0.2911617565731839,
        -0.27956735909948466,
        0.03217992927873873
      ],
      [
        0.4013813925875729,
        -0.024234301139289153,
        -0.04461109066866335,
        0.07145653490063572,
        0.46621327009145014,
        0.054845625340964085,
        -0.10273180770843429,
        0.35560729488207743,
        0.20463891609901527,
        0.3477202614006046,
        0.12324655312747629,
        -0.24992593438250324,
        -0.2670896188134747,
        0.46312473755797534,
        0.5383851055669469,
        -0.04487980332065016
      ],
      [
        -0.09579683028399694,
        0.865473811748749,
        -0.276761420510872,
        -0.3002658216943986,
        -0.03524626093048086,
        -0.0986512807148974,
        0.016396086526116863,
        -0.024943129341431104,
        -0.05012290151667226,
        0.5651753010441356,
        -0.08096183813786785,
        0.0523078557477661,
        -0.564591806326455,
        -0.0635362403155473,
        -0.24927046918504978,
        -0.4097835479152892
      ],
      [
        -0.2162338024897056,
        -0.11564696244152738,
        0.2214998810184069,
        -0.331598179434891,
        0.07751429048097637,
        -0.12104235833339462,
        -0.08191827359049021,
        0.2902070150097038,
        0.18325376249278755,
        0.31624015856148935,
        9.255209852473715e-05,
        -0.1458899911438648,
        -0.018489613721154034,
        0.08582057506788694,
        0.09787767729898911,
        -0.27109701805834163
      ],
      [
        0.025926734649450636,
        0.024940980268401924,
        0.6218927548128838,
        0.46921115282041753,
        -0.14345442030733305,
        -0.07184584038729402,
        -0.3658605004592508,
        -0.10815919480731888,
        0.12762615413939107,
        0.2833540369228618,
        -0.14355198752490228,
        -0.13544094824313818,
        -0.49934716693569225,
        -0.015470102886145393,
        -0.21186926527932937,
        -0.13235985684151844
      ],
      [
        -0.20570782969117374,
        -0.10265481387509945,
        -0.46999169390032336,
        -0.3747542599835262,
        0.7974084479549398,
        -0.32185564531850774,
        -0.2723515228609436,
        0.622430642501821,
        0.9114065358238954,
        -0.34465737081622766,
        0.0554008465708029,
        0.18889669314469393,
        0.5799338787069235,
        -0.14907582763386643,
        0.1543229410527184,
        0.18336734386364484
      ],
      [
        0.1119958078591367,
        -0.17955888491758257,
        -0.044385296211907246,
