{
  "layer_sizes": [
    32,
    16,
    4
  ],
  "learning_rate": 0.3,
  "seed": 42,
  "output_activation": "softmax",
  "weights": [
    [
      [
        0.07557330980058471,
        -0.2673118397731692,
        0.2322611017275893,
        0.3109706369531005,
        -0.41800221700434204,
        -0.3255448767155795,
        0.03196010079182134,
        -0.06415512351926987,
        0.0361743120678063,
        -0.1800911940867514,
        0.26692819997421624,
        0.18254465095278247,
        0.04419586825746988,
        0.32891943222984127,
        0.1553603469294536,
        -0.21482311572080956
      ],
      [
        0.09158173588260159,
        -0.2470364634202949,
        0.2642608781027931,
        0.06334798010873385,
        0.02354098927280208,
        -0.17023238610098534,
        0.30563533466850756,
        -0.0237268459505748,
        -0.06670735409689833,
        -0.05486359981541372,
        0.18015600264684645,
        0.07945768318656485,
        0.13087134676616297,
        0.15481438123980382,
        0.5738949115840573,
        -0.1016037540961539
      ],
      [
        -0.12806068226788433,
        0.020895503139704046,
        0.0768072406805009,
        0.1796359708226401,
        -0.17082440121359044,
        -0.210039119240632,
        -0.2061203039228099,
        0.17056808053718117,
        0.1542029447894981,
        0.059034942068382695,
        -0.29403414912025894,
        0.2078985581741015,
        0.027108167815504087,
        -0.058783492998226904,
        0.22880420986869934,
        0.05589888719367057
      ],
      [
        0.16972839076797372,
        0.31601301430778755,
        -0.030636970278667977,
        0.021012586649524864,
        -0.5540723373637455,
        -0.07991780408932533,
        -0.11759316357319888,
        -0.14915961728616087,
        -0.11093302682182096,
        0.2713971611313776,
        -0.38666674198742484,
        0.44188055852443237,
        -0.4234684888635218,
        -0.23499544707041722,
        0.05528428678512059,
        0.14655558283981954
      ],
      [
        0.17780664494821374,
        0.42267549400165483,
        -0.16436888302548244,
        -0.21819505052372454,
        0.07215643351441678,
        -0.04782608122040372,
        -0.31892158083448047,
        -0.2754019199198643,
        -0.26147366951176537,
        0.04753656100552499,
        -0.09205028828044418,
        0.32247956592436333,
        -0.10887644605381154,
        -0.07382071941130157,
        0.16734461387348606,
        -0.0773366349300596
      ],
      [
        0.11369839727082266,
        -0.20992881417929457,
        -0.10466326512471204,
        -0.1789879318390896,
        0.036143066343326716,
        0.12174312019639545,
        -0.11735058505068097,
        0.01993917416184122,
        0.11526191412773416,
        0.09473630641044106,
        0.4217098242936853,
        -0.07380897635303142,
        0.05025860746392617,
        -0.006590144096486315,
        -0.44047428080978585,
        -0.3617781181057718
      ],
      [
        -0.3312808632266237,
        -0.35140799622408997,
        0.09936471994372992,
        -0.3067367094964202,
        0.3456224763922461,
        0.32480707444651635,
        -0.08906599276535648,
        0.20326178619062898,
        -0.23270255185915834,
        -0.0556959377751937,
        0.102001306164634,
        -0.17680595956231043,
        0.4014281653966509,
        -0.3913750052384424,
        0.08347658004076183,
        0.05943390058306947
      ],
      [
        -0.15153141421619687,
        -0.30918870449425573,
        -0.1820375579911546,
        0.16904102409761873,
        0.028296687026933692,
        0.00546303638086072,
        0.40044472283022886,
        -0.21324316495645554,
        -0.20713265466557942,
        0.20014355575114834,
        0.02803531542631346,
        0.5710065395219708,
        0.14288099653037664,
        0.3148608816513281,
        0.746348829765763,
        -0.2971907635807127
      ],
      [
        -0.16373529779222698,
        -0.24005495654128725,
        -0.3254865894870136,
        0.07233652583521746,
        0.1683442740712123,
        -0.055555674274693344,
        -0.36770157362566447,
        -0.45110858130337267,
        0.15073801734718156,
        0.4321258032963697,
        0.507534731905029,
        0.971772992360002,
        0.020708365727554377,
        0.07663369970211394,
        -0.05401526425459615,
        0.06692786558595895
      ],
      [
        -0.2032352738275815,
        -0.25233124613375824,
        -0.22388125344848722,
        -0.27990957090416235,
        0.8468084712704312,
        0.039262141861336156,
        -0.039658709259672076,
        -0.2526821202914321,
        -0.4808257392011295,
        -0.18033790047017015,
        0.44469951074814,
        0.3164208550888755,
        0.28897824746008016,
        0.23526005405677997,
        -0.22448492608010143,
        -0.29623594160425615
      ],
      [
        -0.24127919055809297,
        -0.3297984472227751,
        0.46126037942525583,
        -0.45005851910616246,
        0.7899357145076066,
        -0.2257317945217566,
        0.23289325321856102,
        0.1024690594414869,
        -0.10131447743956264,
        -0.06895155473569593,
        0.29444822459537257,
        -0.01404357293557488,
        0.14266374700666357,
        -0.3168262646407965,
        -0.4191454200252183,
        0.04314697943052987
      ],
      [
        0.390975399497819,
        0.03158693220345355,
        -0.25769372022554227,
        0.4879645976249304,
        0.33605697279431757,
        0.054845625340964085,
        -0.10273180770843429,
        0.07935836651348512,
        0.17954866510003617,
        0.6065331593217721,
        0.05416061828755865,
        -0.0628098820719552,
        -0.4249337924028611,
        0.7367502127678927,
        0.9099127361240551,
        -0.04487980332065016
      ],
      [
        -0.09579683028399694,
        0.4764174349517223,
        0.3019305481952564,
        0.07972802751906334,
        0.008110397707746471,
        -0.0986512807148974,
        -0.001280466680017824,
        0.24353130669002013,
        0.32720754513879924,
        0.3959047563582878,
        -0.1488193675706859,
        -0.03135653895322958,
        -0.5125430252577556,
        -0.030550781617439706,
        -0.34897855219675955,
        -0.304703265105907
      ],
      [
        -0.2195380917321877,
        0.23985551274095102,
        0.6040822276806258,
        -0.20024857950881267,
        -0.2623767532677226,
        -0.12104235833339462,
        -0.08191827359049021,
        0.48323290329445023,
        0.2927365885206145,
        0.2883820816146552,
        -0.30800656535223225,
        -0.1680964299343008,
        -0.05813366045351032,
        -0.0731261610171471,
        -0.05328458149216308,
        -0.27109701805834163
      ],
      [
        0.022622445406968554,
        0.16811344442589812,
        1.208060478089609,
        0.7726209350784373,
        -0.3660321386042197,
        -0.07184584038729402,
        -0.3658605004592508,
        0.1367152778302766,
        0.3217151588366509,
        0.345497696251917,
        -0.3537365537320245,
        -0.3558778472893932,
        -0.5368222574346637,
        -0.059037661271137125,
        -0.4037745875884325,
        -0.13235985684151844
      ],
      [
        -0.21971060666042713,
        0.009476282260154971,
        -0.41635575125051105,
        -0.3226139750063069,
        0.5645831426103547,
        -0.32185564531850774,
        -0.2741963946136599,
        0.47279226636991023,
        0.7537771007507833,
        -0.2791242574169561,
        -0.07577783647064157,
        0.10172454639503885,
        0.45445242138716435,
        -0.22793475550360318,
        -0.027952875832040987,
        0.194334394015436
      ],
      [
        0.10770069437959434,
        -0.14446750339239242,
        -0.010852631501395172,
        -0.3652818598902681,
