{
  "layer_sizes": [
    32,
    16,
    4
  ],
  "learning_rate": 0.3,
  "seed": 42,
  "output_activation": "softmax",
  "weights": [
    [
      [
        0.07095056587985535,
        -0.2599960265601239,
        0.22012875717065047,
        0.26614291818852037,
        -0.4122280727180956,
        -0.37716903548960257,
        0.03196010079182134,
        -0.06131845739277615,
        0.04407195745274059,
        -0.19729671309232755,
        0.2519891490187416,
        0.2216158750216376,
        0.01650767439030401,
        0.33242221563905794,
        0.11876602058162086,
        -0.21482311572080956
      ],
      [
        0.09218769602062471,
        -0.23972065020724972,
        0.21209323997804228,
        -0.032758765558786374,
        -0.18491897527459034,
        0.11999030586297645,
        0.29958252478905745,
        0.02970713765942729,
        -0.1248264683464369,
        -0.10534779390957622,
        0.06420829026417323,
        0.09746023431947845,
        0.1031831528989971,
        0.029684403848853135,
        0.6145914713594789,
        -0.11474523752087618
      ],
      [
        -0.1332893863266368,
        -0.20344318206196943,
        0.18651081386291007,
        0.31324481227093987,
        0.047043860031644666,
        -0.2616632780146551,
        -0.2061203039228099,
        0.18039038764929471,
        0.2340857896296733,
        0.1517528358773662,
        -0.134237771519139,
        0.0852082219310805,
        0.029171452285182056,
        0.10528406307930298,
        0.21974587950565697,
        0.05589888719367057
      ],
      [
        0.16449968670922124,
        0.016894767372222865,
        0.10479580789153219,
        0.18882379555035203,
        -0.2887582305185531,
        -0.13154196286334835,
        -0.11759316357319888,
        -0.14197727136771604,
        -0.020513315977858174,
        0.3896995966096665,
        -0.18431812362027625,
        0.26923747981227086,
        -0.4207174429039512,
        -0.03310934359939393,
        0.04257695129486087,
        0.14655558283981954
      ],
      [
        0.17257794088946127,
        0.1983368087999813,
        -0.05466530984307322,
        -0.08458620907542483,
        0.2900246947596521,
        -0.09945023999442676,
        -0.31892158083448047,
        -0.2655796128077505,
        -0.1815908246715901,
        0.14025445481450846,
        0.0677460893206759,
        0.19978922968134258,
        -0.10681316158413356,
        0.09024683666622829,
        0.1582862835104437,
        -0.0773366349300596
      ],
      [
        0.0880502890955904,
        -0.16548148526666281,
        0.0718163294539129,
        0.059574221954002415,
        0.07869371082955712,
        -0.1363776736737197,
        -0.11735058505068097,
        0.09183448314751907,
        0.36154789887054134,
        0.19145413801282343,
        0.3270445537583697,
        0.11121808469464675,
        -0.10582457801103844,
        0.23313001675864906,
        -0.41239018339646,
        -0.3617781181057718
      ],
      [
        -0.3349497112688297,
        -0.24931170690037044,
        0.12521951610162244,
        -0.20455098739325994,
        -0.05691638210395437,
        0.3330843554194235,
        -0.09011886186271773,
        0.21077175903267695,
        -0.19702530280229316,
        -0.04131934548515668,
        -0.2232088076856794,
        -0.06148579606714037,
        0.21007703436434888,
        -0.4040230546815385,
        0.12392309629116173,
        0.05714797684402219
      ],
      [
        -0.1485374889241986,
        -0.36151446359711364,
        0.00800659646343306,
        -0.15940956101558149,
        -0.12676879301235763,
        0.39242662566614295,
        0.39237430965762865,
        0.03128043736724769,
        -0.279533723563013,
        0.021733033689053903,
        -0.03682617050594396,
        0.3479291847813876,
        0.20877781147864463,
        -0.014810031083446085,
        0.47139848432737497,
        -0.31471274148034245
      ],
      [
        -0.15993788318743693,
        -0.23164398535138123,
        -0.3229075227625247,
        -0.29972159269147297,
        0.16521168062969013,
        -0.2815560723084429,
        -0.36770157362566447,
        -0.4904145737616388,
        0.04482928002728205,
        0.19476124765956057,
        0.42736382648519095,
        1.3748293848581332,
        0.1036023583189991,
        -0.05516473816923629,
        -0.5330115701828273,
        0.06692786558595895
      ],
      [
        -0.2032352738275815,
        -0.10383931504492133,
        -0.37847927173853474,
        0.009252222593508035,
        0.27291900162300003,
        -0.1867382561724134,
        -0.039658709259672076,
        -0.4954332416662063,
        -0.45221991801135597,
        -0.13634737158236737,
        -0.0852645341423357,
        1.0883462467512717,
        0.03256863036822146,
        0.43790466959449437,
        -0.12482389963478802,
        -0.29623594160425615
      ],
      [
        -0.2740462917433446,
        -0.1813065161339383,
        0.278353930273882,
        -0.41888674686075655,
        0.9432070326373245,
        -0.1406009861217995,
        0.23289325321856102,
        0.1965967331229842,
        0.05222488307404222,
        0.08104381740644304,
        0.31563003421653585,
        -0.23220071470268464,
        -0.113745870085195,
        -0.07024202966584037,
        -0.30764843338471076,
        0.04314697943052987
      ],
      [
        0.36200571291735706,
        0.03999790339335956,
        -0.28342308436237995,
        -0.14208354215402424,
        1.0600851671299445,
        0.13997643374092122,
        -0.10273180770843429,
        0.3769311691114907,
        0.19857346710396823,
        0.47517344693929947,
        0.52513556737936,
        -0.6498360230033299,
        -0.34203979981141625,
        0.6488913943337842,
        0.4427523903910183,
        -0.04487980332065016
      ],
      [
        -0.10007163846422605,
        0.36536107306055055,
        -0.2514854610901087,
        -0.20186297829220134,
        0.198455955078154,
        -0.09037399974199017,
        -0.0023333357773790597,
        -0.014467857715222793,
        0.12077275439990945,
        0.36191050931017993,
        0.03694293276740237,
        0.18425717122721474,
        -0.5125430252577556,
        0.01562745063401917,
        -0.1954903821685204,
        -0.3069891888449543
      ],
      [
        -0.2195380917321877,
        -0.08353086017520302,
        0.7654756633224931,
        -0.05044126374129691,
        -0.2390433625213984,
        -0.18877194694310562,
        -0.08350897520125494,
        0.46366062964147964,
        0.32277092991955547,
        0.34839028755558193,
        -0.21921402153428915,
        -0.2767605498411265,
        -0.05596470422012488,
        -0.04755593308655061,
        0.06495203406501429,
        -0.2745506502172692
      ],
      [
        0.022622445406968554,
        0.057057082534726286,
        1.3123572117659499,
        0.8325821457701099,
        -0.4799856120409205,
        -0.25449313278478225,
        -0.3658605004592508,
        0.0996703391710091,
        0.32357728614967823,
        0.3250437985651687,
        -0.38836709843495,
        -0.295926607705751,
        -0.5368222574346637,
        -0.15187231003853272,
        -0.2656036029648908,
        -0.13235985684151844
      ],
      [
        -0.22444389860064953,
        -0.023565638563139247,
        -0.40691613962012163,
        -0.3357595722570307,
        0.6078425024524379,
        -0.3734798040925308,
        -0.2741963946136599,
        0.4769705727734482,
        0.7745390391389149,
        -0.27692738840526787,
        -0.05992258389397306,
        0.11255677889952796,
        0.4321744111013981,
        -0.19610235571000953,
        -0.05943077646691797,
        0.194334394015436
      ],
      [
        0.10346281455790217,
        -0.09403901780752481,
        -0.0009397829099741144,
        -0.3127222130017785,
