{
  "labels": [
    "NewSQL Databases",
    "NoSQL Databases",
    "Relational Databases",
    "mathematics"
  ],
  "feature_extractor": {
    "max_features": 32,
    "vocabulary": {
      "relational": 13,
      "databases": 5,
      "science": 22,
      "broader": 3,
      "technology": 25,
      "requires": 15,
      "studying": 24,
      "researchers": 17,
      "extend": 6,
      "theoretical": 27,
      "awareness": 2,
      "questions": 12,
      "relational databases": 14,
      "broader domain": 4,
      "technology engineering": 26,
      "requires studying": 16,
      "researchers practitioners": 18,
      "solve practical": 23,
      "theoretical frameworks": 28,
      "applications academic": 0,
      "nosql": 10,
      "nosql databases": 11,
      "newsql": 8,
      "newsql databases": 9,
      "resolution": 19,
      "write": 30,
      "isolation": 7,
      "time": 29,
      "row": 20,
      "schema": 21,
      "audit": 1,
      "write time": 31
    },
    "idf": [
      1.2231435513142097,
      1.916290731874155,
      1.2231435513142097,
      1.2231435513142097,
      1.2231435513142097,
      1.2231435513142097,
      1.0,
      1.916290731874155,
      1.916290731874155,
      1.916290731874155,
      1.916290731874155,
      1.916290731874155,
      1.0,
      1.5108256237659907,
      1.916290731874155,
      1.2231435513142097,
      1.2231435513142097,
      1.2231435513142097,
      1.2231435513142097,
      1.916290731874155,
      1.916290731874155,
      1.916290731874155,
      1.2231435513142097,
      1.2231435513142097,
      1.2231435513142097,
      1.2231435513142097,
      1.2231435513142097,
      1.2231435513142097,
      1.2231435513142097,
      1.916290731874155,
      1.916290731874155,
      1.916290731874155
    ]
  },
  "scope": "databases",
  "grade": "preschool"
}