{
  "layer_sizes": [
    32,
    16,
    3
  ],
  "learning_rate": 0.3,
  "seed": 42,
  "output_activation": "softmax",
  "weights": [
    [
      [
        0.07617926993860784,
        -0.2661582694628412,
        0.2201055698042623,
        0.23514117909780347,
        -0.48615250778705354,
        -0.3255448767155795,
        0.03196010079182134,
        -0.059571711064998555,
        0.030458555042412908,
        -0.19279922036662622,
        0.23767612410204125,
        0.20366495363686363,
        0.027183087285605163,
        0.3175698869923879,
        0.1168773355630114,
        -0.20127057723989383
      ],
      [
        0.09218769602062471,
        -0.24588289310996705,
        0.25210534617946606,
        -0.012481477746563224,
        -0.0446093015099099,
        -0.17023238610098534,
        0.30563533466850756,
        -0.019143433496303538,
        -0.07242311112229172,
        -0.06757162609528852,
        0.1509039267746713,
        0.10057798587064617,
        0.11385856579429823,
        0.14346483600235058,
        0.5354119002176153,
        -0.08805121561523817
      ],
      [
        -0.12806068226788433,
        -0.20960542496468676,
        0.1864876264965219,
        0.2822430731802229,
        -0.02688057503731351,
        -0.210039119240632,
        -0.2061203039228099,
        0.18213713397707232,
        0.22047238721934576,
        0.15625032860306753,
        -0.14855079643583946,
        0.06725730054630652,
        0.039846865180483235,
        0.09043173443263311,
        0.21785719448704746,
        0.06945142567458626
      ],
      [
        0.16972839076797372,
        0.010732524469505528,
        0.10477262052514405,
        0.1578220564596351,
        -0.36268266558751105,
        -0.07991780408932533,
        -0.11759316357319888,
        -0.14023052503993844,
        -0.034126718388185796,
        0.39419708933536773,
        -0.1986311485369767,
        0.25128655842749675,
        -0.4100420300086499,
        -0.04796167224606388,
        0.0406882662762514,
        0.16010812132073526
      ],
      [
        0.17780664494821374,
        0.19217456589726398,
        -0.05468849720946131,
        -0.11558794816614179,
        0.2161002596906937,
        -0.04782608122040372,
        -0.31892158083448047,
        -0.26383286647997306,
        -0.19520422708191765,
        0.1447519475402098,
        0.053433064403975467,
        0.1818383082965686,
        -0.09613774868883243,
        0.07539450801955841,
        0.15639759849183418,
        -0.06378409644914387
      ],
      [
        0.11419380938935286,
        -0.17164372816938014,
        -0.058270690788619885,
        -0.09543447349958227,
        -0.29735362202085436,
        0.12174312019639545,
        -0.11735058505068097,
        0.02261246670281887,
        0.15484550914496242,
        0.13209455553425484,
        0.18417290762953067,
        -0.015404401347729323,
        -0.0951491651157373,
        0.015830032523780076,
        -0.42183360848950746,
        -0.34822557962485595
      ],
      [
        -0.3306749030886006,
        -0.25547394980308774,
        0.13243632753350723,
        -0.2263697638400152,
        -0.09293434913344219,
        0.32480707444651635,
        -0.08906599276535648,
        0.20386782913766868,
        -0.19874557558398406,
        -0.030897627940138634,
        -0.2196788833413112,
        -0.07554129919551403,
        0.22075244725965,
        -0.39607052054770747,
        0.10860591088646433,
        0.07298643906398518
      ],
      [
        -0.1485374889241986,
        -0.36151446359711364,
        -0.080207285779948,
        -0.1323731772659506,
        0.31500677003526184,
        0.00546303638086072,
        0.40044472283022886,
        0.34489935684313594,
        -0.21321703283898835,
        0.3796699127629868,
        0.340497471129953,
        0.75278341656269,
        0.5308777667912618,
        -0.2504638044307406,
        0.36582572280489045,
        -0.3180493124607403
      ],
      [
        -0.15993788318743693,
        -0.23164398535138123,
        -0.19569211349735738,
        -0.3441715368890772,
        0.41562545390018685,
        -0.055555674274693344,
        -0.36770157362566447,
        0.15084349340950665,
        0.12103580217902693,
        0.544382645997503,
        0.7846810230599579,
        1.141452139254413,
        0.42570231363161626,
        -0.5870660992260839,
        -0.5330115701828273,
        0.046069316705931326
      ],
      [
        -0.2032352738275815,
        -0.10383931504492133,
        0.4368686596596343,
        -0.035197721604096316,
        -0.2312205110064463,
        0.039262141861336156,
        -0.039658709259672076,
        -0.7446219207292593,
        0.1788088654740596,
        -0.26449397306070144,
        -0.24049167886406508,
        0.40289648563400865,
        -0.12525561905569238,
        0.1906329282708123,
        -0.12482389963478802,
        -0.2976366773642966
      ],
      [
        -0.24127919055809297,
        -0.1813065161339383,
        1.1220102925333777,
        -0.20534666980609653,
        -0.288093267769271,
        -0.2257317945217566,
        0.23289325321856102,
        -0.38947074099634005,
        0.5583201272356261,
        -0.15310762732622726,
        -0.39074296501683253,
        0.07243205760955815,
        -0.2715701195091087,
        -0.36145339042676394,
        -0.3194843935799048,
        0.04174624367048944
      ],
      [
        0.3947728141026087,
        0.033835660490642225,
        0.002833189325177389,
        0.07145653490063572,
        0.32810672480311176,
        0.054845625340964085,
        -0.10273180770843429,
        0.2960611145358693,
        0.1418479540338885,
        0.40440075952576676,
        0.06363523969181069,
        -0.2969002881504985,
        -0.331364386916115,
        0.4484915683081921,
        0.43091643019582426,
        -0.03132726483973445
      ],
      [
        -0.09579683028399694,
        0.3591988301578332,
        -0.24426864965822404,
        -0.2236817547389566,
        0.16243798804866635,
        -0.0986512807148974,
        -0.001280466680017824,
        -0.021371787610231143,
        0.11905248161821848,
        0.3723322268551979,
        0.04047285711177054,
        0.17020166809884102,
        -0.5018676123624541,
        0.023579984767850354,
        -0.21080756757321778,
        -0.29115072662499114
      ],
      [
        -0.2195380917321877,
        -0.08969310307792035,
        0.2614684064416512,
        -0.331598179434891,
        0.009264162525009624,
        -0.12104235833339462,
        -0.08191827359049021,
        0.27017839334704813,
        0.1691877036694667,
        0.3548112883874546,
        -0.020799789426140965,
        -0.1647686831380492,
        -0.04528929132482371,
        0.09638378306818526,
        0.04414333961342776,
        -0.25754447957742577
      ],
      [
        0.022622445406968554,
        0.05089483963200895,
        0.6618612802361281,
        0.46921115282041753,
        -0.21170454826329976,
        -0.07184584038729402,
        -0.3658605004592508,
        -0.12818781646997457,
        0.11356009531607021,
        0.32192516674882715,
        -0.16444432904956802,
        -0.1543196402373226,
        -0.5261468445393622,
        -0.0049068948858470764,
        -0.2656036029648908,
        -0.11880731836060276
      ],
      [
        -0.21921519454189706,
        -0.060539095979443264,
        -0.24447547272326978,
        -0.36676131134774764,
        0.5419495142655064,
        -0.32185564531850774,
        -0.2741963946136599,
        0.5761620042057107,
        0.9342198588210121,
        -0.1701210880457223,
        0.014897543120997284,
        0.14069070641288692,
        0.4962268884732049,
        -0.0321567581047803,
        -0.061319461485527436,
        0.2756496249009304
      ],
      [
        0.10869151861665466,
        -0.10020126071024214,
        -0.0009629702763622582,
