{
  "labels": [
    "Process Control",
    "Process Design",
    "Process Simulation",
    "engineering"
  ],
  "feature_extractor": {
    "max_features": 32,
    "vocabulary": {
      "process": 15,
      "design": 11,
      "concept": 6,
      "systems": 29,
      "engineering": 12,
      "solve": 26,
      "problems": 14,
      "questions": 22,
      "contemporary": 8,
      "applications": 2,
      "process design": 17,
      "concept process": 7,
      "process systems": 20,
      "systems engineering": 30,
      "chemical engineering": 3,
      "solve practical": 27,
      "common techniques": 5,
      "questions contemporary": 23,
      "contemporary applications": 9,
      "academic professional": 0,
      "control": 10,
      "process control": 16,
      "simulation": 25,
      "process simulation": 18,
      "synthesis": 28,
      "quantum": 21,
      "work": 31,
      "rl": 24,
      "algorithms": 1,
      "problem": 13,
      "classical": 4,
      "process synthesis": 19
    },
    "idf": [
      1.2231435513142097,
      1.916290731874155,
      1.0,
      1.2231435513142097,
      1.916290731874155,
      1.2231435513142097,
      1.2231435513142097,
      1.2231435513142097,
      1.2231435513142097,
      1.2231435513142097,
      1.916290731874155,
      1.0,
      1.0,
      1.916290731874155,
      1.0,
      1.0,
      1.916290731874155,
      1.916290731874155,
      1.916290731874155,
      1.916290731874155,
      1.0,
      1.916290731874155,
      1.2231435513142097,
      1.2231435513142097,
      1.916290731874155,
      1.916290731874155,
      1.0,
      1.2231435513142097,
      1.916290731874155,
      1.0,
      1.0,
      1.916290731874155
    ]
  },
  "scope": "process_systems_engineering",
  "grade": "preschool"
}