{
  "layer_sizes": [
    32,
    16,
    4
  ],
  "learning_rate": 0.3,
  "seed": 42,
  "output_activation": "softmax",
  "weights": [
    [
      [
        0.07617926993860784,
        -0.26844863245695993,
        0.1492227924161656,
        0.22960439703313165,
        -0.36601077103398455,
        -0.3255448767155795,
        0.03196010079182134,
        -0.11173230639186335,
        0.07348038153424882,
        -0.21297436225945504,
        0.2943613061473512,
        0.2538531190203991,
        0.01650767439030401,
        0.38197107279796816,
        0.06806685236458575,
        -0.21482311572080956
      ],
      [
        0.09218769602062471,
        -0.23972065020724972,
        0.5584330342689262,
        -0.012481477746563224,
        -0.5919504894169889,
        -0.17023238610098534,
        0.30563533466850756,
        0.2701532609049679,
        -0.45565472781899785,
        0.04051612038435644,
        -0.2082054605119574,
        -0.16925492752129806,
        0.1031831528989971,
        -0.27258922606805297,
        1.0499749020331652,
        -0.1016037540961539
      ],
      [
        -0.12806068226788433,
        -0.21189578795880548,
        0.11560484910842511,
        0.2767062911155511,
        0.09326116171575592,
        -0.210039119240632,
        -0.2061203039228099,
        0.12997653865020747,
        0.2634942137111817,
        0.13607518671023872,
        -0.09186561439052962,
        0.11744546592984194,
        0.029171452285182056,
        0.15483292023821318,
        0.16904671128862186,
        0.05589888719367057
      ],
      [
        0.16972839076797372,
        0.00844216147538682,
        0.03388984313704733,
        0.15228527439496328,
        -0.24254092883444203,
        -0.07991780408932533,
        -0.11759316357319888,
        -0.19239112036680328,
        0.008895108103650136,
        0.37402194744253897,
        -0.14194596649166688,
        0.30147472381103235,
        -0.4207174429039512,
        0.016439513559516224,
        -0.008122216922174203,
        0.14655558283981954
      ],
      [
        0.17780664494821374,
        0.18988420290314525,
        -0.12557127459755815,
        -0.12112473023081359,
        0.3362419964437631,
        -0.04782608122040372,
        -0.31892158083448047,
        -0.31599346180683807,
        -0.15218240059008176,
        0.12457680564738091,
        0.11011824644928536,
        0.2320264736801041,
        -0.10681316158413356,
        0.1397956938251385,
        0.10758711529340852,
        -0.0773366349300596
      ],
      [
        0.11419380938935286,
        -0.17393409116349887,
        -0.12915346817671666,
        -0.10097125556425407,
        -0.17721188526778528,
        0.12174312019639545,
        -0.11735058505068097,
        -0.029548128624045933,
        0.19786733563679829,
        0.11191941364142598,
        0.2408580896748405,
        0.03478376403580613,
        -0.10582457801103844,
        0.08023121832936018,
        -0.47064409168793303,
        -0.3617781181057718
      ],
      [
        -0.3306749030886006,
        -0.25776431279720646,
        0.06155355014541037,
        -0.231906545904687,
        0.027207387619627238,
        0.32480707444651635,
        -0.08906599276535648,
        0.15170723381080387,
        -0.15572374909214817,
        -0.05107276983296755,
        -0.16299370129600135,
        -0.02535313381197858,
        0.21007703436434888,
        -0.33166933474212723,
        0.0597954276880387,
        0.05943390058306947
      ],
      [
        -0.1485374889241986,
        -0.3699670694939497,
        -0.020357629606981405,
        -0.13790995933062242,
        0.17991707896815065,
        0.00546303638086072,
        0.40044472283022886,
        -0.09251056517422386,
        -0.17819370224514522,
        0.04510552837301899,
        0.12951098342458536,
        0.39920202897327134,
        0.20877781147864463,
        0.18937853584333728,
        0.3170152396064649,
        -0.2971907635807127
      ],
      [
        -0.15993788318743693,
        -0.24009659124821728,
        -0.13584245732439068,
        -0.349708318953749,
        0.2805357628330758,
        -0.055555674274693344,
        -0.36770157362566447,
        -0.2865664286078533,
        0.15605913277286987,
        0.20981826160753525,
        0.5736945353545906,
        0.7878707516649944,
        0.1036023583189991,
        -0.1472237589520061,
        -0.581822053381253,
        0.06692786558595895
      ],
      [
        -0.2032352738275815,
        -0.11074987422479365,
        -0.09600526000875072,
        -0.03972440374105628,
        0.22363849186889426,
        0.039262141861336156,
        -0.039658709259672076,
        -0.20505608356424643,
        -0.44611156410845304,
        -0.087801413900401,
        -0.04157509886060394,
        0.42254996349566776,
        0.03256863036822146,
        0.22834615401451994,
        -0.030469507635268022,
        -0.29623594160425615
      ],
      [
        -0.24127919055809297,
        -0.1752710255505682,
        0.10241769402752529,
        -0.20534666980609653,
        0.39086184450545264,
        -0.2257317945217566,
        0.23289325321856102,
        -0.33858554004600633,
        -0.12228728615449624,
        0.5142278679090759,
        -0.580494628549388,
        -0.010077367723668278,
        -0.113745870085195,
        0.04875523367155597,
        -0.10946002903328075,
        0.04314697943052987
      ],
      [
        0.3947728141026087,
        0.04603339397672965,
        -0.45935932060873635,
        0.07145653490063572,
        0.5077399789980727,
        0.054845625340964085,
        -0.10273180770843429,
        -0.15825110405749995,
        0.024061297875429672,
        0.9083574974419324,
        -0.37098909538656405,
        -0.42771267602431345,
        -0.34203979981141625,
        0.7678886576711803,
        0.6409407947424487,
        -0.04487980332065016
      ],
      [
        -0.09579683028399694,
        0.3169871588014443,
        -0.23124998467400215,
        -0.2553685296976763,
        0.4304099569164239,
        -0.0986512807148974,
        -0.001280466680017824,
        0.013866453359204889,
        0.2561073074643851,
        0.4541344767585137,
        0.18193099953271666,
        0.2969575157528283,
        -0.5125430252577556,
        0.26335620188945097,
        -0.08736746491214492,
        -0.304703265105907
      ],
      [
        -0.2195380917321877,
        -0.09044141935507534,
        0.46280514657347405,
        -0.33612486157185095,
        -0.31998580219955186,
        -0.12104235833339462,
        -0.08191827359049021,
        0.465683963220914,
        -0.07481170157698132,
        0.43520755630133656,
        -0.24485138141822238,
        -0.32941837868134605,
        -0.05596470422012488,
        -0.15516796020378495,
        0.4070180522807311,
        -0.27109701805834163
      ],
      [
        0.022622445406968554,
        0.050146523354853964,
        0.7747927347538162,
        0.4646844706834576,
        -0.39856095822779136,
        -0.07184584038729402,
        -0.3658605004592508,
        -0.013250822722386918,
        -0.03948944348257822,
        0.36878020162634956,
        -0.2994481708167876,
        -0.25096923034843566,
        -0.5368222574346637,
        -0.15723192101764438,
        -0.03698905063147901,
        -0.13235985684151844
      ],
      [
        -0.21921519454189706,
        -0.030476197743011572,
        -0.3382105152758892,
        -0.3712879934847076,
        0.41825843479902297,
        -0.32185564531850774,
        -0.2741963946136599,
        0.5533700247856741,
        0.6533510311538385,
        -0.24234547732022385,
        -0.16471557546546223,
        0.0319563201197326,
        0.4321744111013981,
        -0.31366635191839026,
        0.10016501068093843,
        0.194334394015436
      ],
      [
        0.10869151861665466,
        -0.10094957698739714,
        -0.02063944417987637,
