{
  "labels": [
    "Drilling Engineering",
    "Production Engineering",
    "Reservoir Engineering",
    "research"
  ],
  "feature_extractor": {
    "max_features": 32,
    "vocabulary": {
      "reservoir": 27,
      "engineering": 12,
      "concept": 7,
      "petroleum": 14,
      "chemical": 4,
      "broader": 2,
      "domain": 9,
      "requires": 23,
      "principles": 17,
      "researchers": 25,
      "solve": 30,
      "practical": 16,
      "models": 13,
      "common": 5,
      "questions": 22,
      "settings": 29,
      "reservoir engineering": 28,
      "concept petroleum": 8,
      "petroleum engineering": 15,
      "broader domain": 3,
      "requires studying": 24,
      "principles methods": 18,
      "researchers practitioners": 26,
      "problems extend": 19,
      "vocabulary foundational": 31,
      "common techniques": 6,
      "awareness open": 0,
      "drilling": 10,
      "drilling engineering": 11,
      "production": 20,
      "production engineering": 21,
      "benchmark": 1
    },
    "idf": [
      1.2231435513142097,
      1.916290731874155,
      1.2231435513142097,
      1.2231435513142097,
      1.2231435513142097,
      1.2231435513142097,
      1.2231435513142097,
      1.2231435513142097,
      1.2231435513142097,
      1.0,
      1.5108256237659907,
      1.5108256237659907,
      1.0,
      1.0,
      1.0,
      1.0,
      1.0,
      1.2231435513142097,
      1.2231435513142097,
      1.2231435513142097,
      1.5108256237659907,
      1.5108256237659907,
      1.0,
      1.2231435513142097,
      1.2231435513142097,
      1.2231435513142097,
      1.2231435513142097,
      1.5108256237659907,
      1.5108256237659907,
      1.2231435513142097,
      1.2231435513142097,
      1.2231435513142097
    ]
  },
  "scope": "petroleum_engineering",
  "grade": "preschool"
}