{
  "labels": [
    "Clinical Nutrition",
    "Pediatric Nutrition",
    "Sports Nutrition",
    "research"
  ],
  "feature_extractor": {
    "max_features": 32,
    "vocabulary": {
      "clinical": 1,
      "nutrition": 12,
      "nutritional": 13,
      "science": 24,
      "health": 10,
      "medicine": 11,
      "sciences": 26,
      "understanding": 29,
      "requires": 21,
      "definitions": 7,
      "relationships": 19,
      "researchers": 23,
      "design": 9,
      "vocabulary": 30,
      "common": 3,
      "contemporary": 6,
      "academic": 0,
      "clinical nutrition": 2,
      "concept nutritional": 5,
      "nutritional science": 14,
      "science preventive": 25,
      "requires studying": 22,
      "definitions historical": 8,
      "relationships neighboring": 20,
      "vocabulary foundational": 31,
      "common techniques": 4,
      "sports": 27,
      "sports nutrition": 28,
      "pediatric": 15,
      "pediatric nutrition": 16,
      "physics": 17,
      "recommender": 18
    },
    "idf": [
      1.2231435513142097,
      1.916290731874155,
      1.916290731874155,
      1.2231435513142097,
      1.2231435513142097,
      1.2231435513142097,
      1.2231435513142097,
      1.2231435513142097,
      1.2231435513142097,
      1.2231435513142097,
      1.0,
      1.2231435513142097,
      1.0,
      1.0,
      1.0,
      1.916290731874155,
      1.916290731874155,
      1.916290731874155,
      1.916290731874155,
      1.2231435513142097,
      1.2231435513142097,
      1.2231435513142097,
      1.2231435513142097,
      1.2231435513142097,
      1.0,
      1.2231435513142097,
      1.2231435513142097,
      1.916290731874155,
      1.916290731874155,
      1.2231435513142097,
      1.2231435513142097,
      1.2231435513142097
    ]
  },
  "scope": "nutritional_science",
  "grade": "preschool"
}