{
  "labels": [
    "Engraving",
    "Etching",
    "Woodcut",
    "research"
  ],
  "feature_extractor": {
    "max_features": 32,
    "vocabulary": {
      "woodcut": 31,
      "core": 14,
      "concept": 12,
      "printmaking": 23,
      "visual": 29,
      "arts": 3,
      "broader": 8,
      "creative": 16,
      "explain": 21,
      "design": 18,
      "solve": 25,
      "common": 10,
      "awareness": 6,
      "academic": 0,
      "settings": 24,
      "core concept": 15,
      "arts broader": 4,
      "broader domain": 9,
      "arts creative": 5,
      "vocabulary foundational": 30,
      "common techniques": 11,
      "awareness open": 7,
      "contemporary applications": 13,
      "engraving": 19,
      "etching": 20,
      "studio": 26,
      "using": 28,
      "artistic": 1,
      "interface": 22,
      "artists": 2,
      "data": 17,
      "technical": 27
    },
    "idf": [
      1.2231435513142097,
      1.916290731874155,
      1.916290731874155,
      1.2231435513142097,
      1.2231435513142097,
      1.2231435513142097,
      1.2231435513142097,
      1.2231435513142097,
      1.2231435513142097,
      1.2231435513142097,
      1.2231435513142097,
      1.2231435513142097,
      1.2231435513142097,
      1.2231435513142097,
      1.2231435513142097,
      1.2231435513142097,
      1.0,
      1.916290731874155,
      1.0,
      1.916290731874155,
      1.916290731874155,
      1.0,
      1.916290731874155,
      1.0,
      1.2231435513142097,
      1.2231435513142097,
      1.916290731874155,
      1.916290731874155,
      1.916290731874155,
      1.0,
      1.2231435513142097,
      1.916290731874155
    ]
  },
  "scope": "printmaking",
  "grade": "preschool"
}