{
  "layer_sizes": [
    32,
    16,
    3
  ],
  "learning_rate": 0.3,
  "seed": 42,
  "output_activation": "softmax",
  "weights": [
    [
      [
        0.07617926993860784,
        -0.22867459760284475,
        0.21710309984093548,
        0.22855325878244492,
        -0.47841523483562964,
        -0.32820978386423355,
        0.03196010079182134,
        -0.049278737815278736,
        -0.01183243875458559,
        -0.213260981893395,
        0.23006749979835803,
        0.21831216777134588,
        0.018203859178764468,
        0.30322753851642503,
        0.1168773355630114,
        -0.21482311572080956
      ],
      [
        0.09218769602062471,
        -0.20839922124997057,
        0.2491028762161393,
        -0.019069398061921813,
        -0.036872028558485655,
        -0.17289729324963943,
        0.30563533466850756,
        -0.00885046024658372,
        -0.1147141049192902,
        -0.0880333876220574,
        0.14329530247098807,
        0.11522520000512833,
        0.10487933768745752,
        0.12912248752638764,
        0.5354119002176153,
        -0.1016037540961539
      ],
      [
        -0.12806068226788433,
        -0.17212175310469027,
        0.18348515653319508,
        0.27565515286486414,
        -0.019143302085889293,
        -0.2127040263892861,
        -0.2061203039228099,
        0.1924301072267921,
        0.17818139342234718,
        0.13578856707629874,
        -0.1561594207395227,
        0.08190451468078869,
        0.030867637073642505,
        0.07608938595667022,
        0.21785719448704746,
        0.05589888719367057
      ],
      [
        0.16972839076797372,
        0.04821619632950196,
        0.10177015056181711,
        0.15123413614427655,
        -0.35494539263608715,
        -0.08258271123797939,
        -0.11759316357319888,
        -0.12993755179021865,
        -0.07641771218518432,
        0.37373532780859897,
        -0.20623977284065992,
        0.26593377256197903,
        -0.41902125811549085,
        -0.062304020722026725,
        0.0406882662762514,
        0.14655558283981954
      ],
      [
        0.17780664494821374,
        0.22965823775726046,
        -0.05769096717278834,
        -0.12217586848150029,
        0.22383753264211803,
        -0.05049098836905779,
        -0.31892158083448047,
        -0.25353989323025333,
        -0.23749522087891622,
        0.12429018601344101,
        0.045824440100292095,
        0.19648552243105086,
        -0.10511697679567314,
        0.061052159543595566,
        0.15639759849183418,
        -0.0773366349300596
      ],
      [
        0.11419380938935286,
        -0.13416005630938366,
        -0.061273160751946866,
        -0.10202239381494081,
        -0.28961634906943046,
        0.1190782130477414,
        -0.11735058505068097,
        0.032905439952538675,
        0.11255451534796385,
        0.11163279400748602,
        0.17656428332584745,
        -0.0007571872132471842,
        -0.10412839322257801,
        0.001487684047817256,
        -0.42183360848950746,
        -0.3617781181057718
      ],
      [
        -0.3306749030886006,
        -0.21799027794309128,
        0.12943385757018028,
        -0.23295768415537374,
        -0.08519707618201795,
        0.3221421672978623,
        -0.08906599276535648,
        0.21416080238738847,
        -0.24103656938098264,
        -0.051359389466907504,
        -0.22728750764499442,
        -0.06089408506103191,
        0.21177321915280936,
        -0.41041286902367036,
        0.10860591088646433,
        0.05943390058306947
      ],
      [
        -0.1485374889241986,
        -0.3301930346398346,
        0.04752267781778841,
        -0.13896109758130915,
        0.06751261516650546,
        0.0027981292322066544,
        0.40044472283022886,
        -0.030056996597639246,
        -0.26350652253397966,
        0.04481890873907904,
        0.06521717707559208,
        0.36366107772421785,
        0.2104739962671051,
        0.11063500156179432,
        0.36582572280489045,
        -0.2971907635807127
      ],
      [
        -0.15993788318743693,
        -0.20032255639410207,
        -0.06796214989962092,
        -0.35075945720443596,
        0.16813129903143065,
        -0.05822058142334741,
        -0.36770157362566447,
        -0.22411286003126857,
        0.07074631248403543,
        0.20953164197359528,
        0.5094007290055976,
        0.752329800415941,
        0.10529854310745952,
        -0.22596729323354908,
        -0.5330115701828273,
        0.06692786558595895
      ],
      [
        -0.2032352738275815,
        -0.07251788608764224,
        -0.1235338988756309,
        -0.04178564191945493,
        0.27583862002474036,
        0.036597234712682086,
        -0.039658709259672076,
        -0.2291315279358361,
        -0.42630288555460266,
        -0.12157697726833272,
        -0.003227631621929316,
        0.46584666230907945,
        0.03426481515668191,
        0.2671021145301813,
        -0.12482389963478802,
        -0.29623594160425615
      ],
      [
        -0.24127919055809297,
        -0.14998508717665915,
        0.5616077339981121,
        -0.21193459012145507,
        0.2189658632619158,
        -0.22839670167041068,
        0.23289325321856102,
        0.12601965179708255,
        -0.04679162379303599,
        -0.010190631533858506,
        -0.15347891777469672,
        0.13538223428462884,
        -0.11204968529673458,
        -0.2849842041673952,
        -0.3194843935799048,
        0.04314697943052987
      ],
      [
        0.3947728141026087,
        0.07131933235063868,
        -0.00016928063814957366,
        0.06486861458527714,
        0.33584399775453566,
        0.052180718192310016,
        -0.10273180770843429,
        0.30635408778558904,
        0.09955696023688998,
        0.383938997998998,
        0.05602661538812732,
        -0.28225307401601635,
        -0.3403436150229559,
        0.4341492198322292,
        0.43091643019582426,
        -0.04487980332065016
      ],
      [
        -0.09579683028399694,
        0.39668250201782956,
        -0.24727111962155088,
        -0.23026967505431514,
        0.17017526100009067,
        -0.10131618786355145,
        -0.001280466680017824,
        -0.011078814360511323,
        0.07676148782122,
        0.3518704653284292,
        0.032864232808087195,
        0.18484888223332327,
        -0.5108468404692952,
        0.00923763629188753,
        -0.21080756757321778,
        -0.304703265105907
      ],
      [
        -0.2195380917321877,
        -0.052209431217923936,
        0.25846593647832444,
        -0.33818609975024977,
        0.017001435476433863,
        -0.12370726548204868,
        -0.08191827359049021,
        0.28047136659676786,
        0.12689670987246812,
        0.3343495268606859,
        -0.028408413729824344,
        -0.15012146900356696,
        -0.054268519431664435,
        0.08204143459222238,
        0.04414333961342776,
        -0.27109701805834163
      ],
      [
        0.022622445406968554,
        0.08837851149200539,
        0.6588588102728011,
        0.46262323250505877,
        -0.20396727531187545,
        -0.07451074753594808,
        -0.3658605004592508,
        -0.11789484322025491,
        0.07126910151907173,
        0.3014634052220584,
        -0.17205295335325124,
        -0.13967242610284034,
        -0.5351260726462033,
        -0.0192492433618099,
        -0.2656036029648908,
        -0.13235985684151844
      ],
      [
        -0.21921519454189706,
        0.007755790394139854,
        -0.4099417969498367,
        -0.3733492316631064,
        0.5416553403349044,
        -0.32452055246716177,
        -0.2741963946136599,
        0.48901029235094534,
        0.7186346429315883,
        -0.2928916572063354,
        -0.08184423311435682,
        0.10925307164923613,
        0.43387059588985843,
        -0.22529703283264244,
        -0.061319461485527436,
        0.194334394015436
      ],
      [
        0.10869151861665466,
        -0.06271758885024573,
