{
  "labels": [
    "Glacier Physics",
    "Ice Sheet Dynamics",
    "Sea Ice Science"
  ],
  "feature_extractor": {
    "max_features": 32,
    "vocabulary": {
      "ice": 23,
      "sheet": 30,
      "dynamics": 20,
      "core": 12,
      "domain": 19,
      "science": 27,
      "definitions": 14,
      "development": 17,
      "analysis": 2,
      "apply": 6,
      "design": 16,
      "common": 9,
      "awareness": 7,
      "applications": 4,
      "academic": 0,
      "ice sheet": 25,
      "sheet dynamics": 31,
      "core concept": 13,
      "concept glaciology": 10,
      "broader domain": 8,
      "definitions historical": 15,
      "development key": 18,
      "analysis relationships": 3,
      "contemporary applications": 11,
      "applications academic": 5,
      "academic professional": 1,
      "glacier": 21,
      "physics": 26,
      "glacier physics": 22,
      "sea": 28,
      "sea ice": 29,
      "ice science": 24
    },
    "idf": [
      1.0,
      1.0,
      1.0,
      1.0,
      1.0,
      1.0,
      1.0,
      1.0,
      1.0,
      1.0,
      1.0,
      1.0,
      1.0,
      1.0,
      1.0,
      1.0,
      1.0,
      1.0,
      1.0,
      1.0,
      1.6931471805599454,
      1.6931471805599454,
      1.6931471805599454,
      1.2876820724517808,
      1.6931471805599454,
      1.6931471805599454,
      1.6931471805599454,
      1.0,
      1.6931471805599454,
      1.6931471805599454,
      1.6931471805599454,
      1.6931471805599454
    ]
  },
  "scope": "glaciology",
  "grade": "preschool"
}