{
  "layer_sizes": [
    32,
    16,
    4
  ],
  "learning_rate": 0.3,
  "seed": 42,
  "output_activation": "softmax",
  "weights": [
    [
      [
        0.07617926993860784,
        -0.30623556071567754,
        0.203357982743779,
        0.2781779888642364,
        -0.4404024626408244,
        -0.3255448767155795,
        0.035049669529603776,
        -0.05875482033954812,
        0.05866306802353708,
        -0.20510099611510324,
        0.24223375777787265,
        0.2051039708502082,
        0.04406308265822502,
        0.3200491411641636,
        0.1514900981530142,
        -0.21482311572080956
      ],
      [
        0.09218769602062471,
        -0.3726020926631611,
        0.005368249362378631,
        0.3521024020461483,
        -0.143547646285295,
        -0.17023238610098534,
        0.25932834875022237,
        -0.2852878746371553,
        -0.11897347938217563,
        0.029863185099723136,
        0.011425340975980743,
        0.16060595235920055,
        0.07975457827609586,
        0.43132273086473005,
        0.9399828249368322,
        -0.1016037540961539
      ],
      [
        -0.12806068226788433,
        -0.33632462451788075,
        -0.060249470320565574,
        0.6468269529729342,
        -0.1258189198126987,
        -0.210039119240632,
        -0.25242728984109514,
        -0.08400730716377956,
        0.17392201895946172,
        0.2536851397980794,
        -0.28802938223453,
        0.12728526703486087,
        0.005742877662280797,
        0.3782896292950126,
        0.6224281192062642,
        0.05589888719367057
      ],
      [
        0.16972839076797372,
        -0.11598667508368839,
        -0.14196447629194348,
        0.5224059362523467,
        -0.4616210103628969,
        -0.07991780408932533,
        -0.16390014949148424,
        -0.4063749661807904,
        -0.08067708664806976,
        0.49163190053037953,
        -0.33810973433566727,
        0.311314524916051,
        -0.44414601752685234,
        0.23989622261631585,
        0.44525919099546807,
        0.14655558283981954
      ],
      [
        0.17780664494821374,
        0.15209727464442768,
        -0.0714360842699447,
        -0.07255113839970878,
        0.2618503048369232,
        -0.04782608122040372,
        -0.31583201209669814,
        -0.2630159757545225,
        -0.16699971410079353,
        0.13245017179173274,
        0.05799069807980687,
        0.18327732550991319,
        -0.0792577533162126,
        0.07787376219133381,
        0.19101036108183697,
        -0.0773366349300596
      ],
      [
        0.11419380938935286,
        -0.21172101942221644,
        -0.07501827784910325,
        -0.052397663733149226,
        -0.2516035768746252,
        0.12174312019639545,
        -0.11426101631289848,
        0.023429357428269272,
        0.18305002212608654,
        0.11979277978577779,
        0.18873054130536207,
        -0.013965384134384902,
        -0.07826916974311747,
        0.018309286695555486,
        -0.3872208458995046,
        -0.3617781181057718
      ],
      [
        -0.3306749030886006,
        -0.2955512410559242,
        0.11568874047302384,
        -0.18333295407358227,
        -0.047184303987212746,
        0.32480707444651635,
        -0.085976424027574,
        0.20468471986311906,
        -0.17054106260285995,
        -0.04319940368861575,
        -0.2151212496654798,
        -0.07410228198216964,
        0.23763244263226982,
        -0.3935912663759318,
        0.14321867347646713,
        0.05943390058306947
      ],
      [
        -0.1485374889241986,
        -0.4293346580729926,
        -0.1549497305349806,
        -0.2757827067318861,
        0.465408986050511,
        0.00546303638086072,
        0.5106715441389829,
        -0.09751578634128498,
        -0.28387107413025875,
        0.03263576391667389,
        0.46001825950745173,
        0.4427370966021367,
        0.3870810213765897,
        0.07459590160397775,
        0.3488538097591317,
        -0.2971907635807127
      ],
      [
        -0.15993788318743693,
        -0.2994641798272602,
        -0.27043455825239,
        -0.4875810663550128,
        0.5660276699154361,
        -0.055555674274693344,
        -0.25747475231691047,
        -0.2915716497749143,
        0.050381760887756304,
        0.1973484971511901,
        0.9042018114374575,
        0.8314058192938598,
        0.2819055682169443,
        -0.2620063931913656,
        -0.5499834832285865,
        0.06692786558595895
      ],
      [
        -0.2032352738275815,
        -0.150078849200475,
        -0.13727901597278733,
        0.007839088162336716,
        0.3138513922195456,
        0.039262141861336156,
        -0.03656914052188964,
        -0.2386076104601054,
        -0.35580737877647994,
        -0.11341699149004095,
        0.008938626357585463,
        0.45263846538794167,
        0.06012403863614248,
        0.28392371717791975,
        -0.09021113704478523,
        -0.29623594160425615
      ],
      [
        -0.24127919055809297,
        -0.22754605028949193,
        0.5478626169009557,
        -0.1623098600396636,
        0.2569786354567209,
        -0.2257317945217566,
        0.23598282195634346,
        0.11654356927281324,
        0.023703882985086664,
        -0.0020306457555667526,
        -0.1413126597951821,
        0.12217403736349111,
        -0.08619046181727404,
        -0.26816260151965665,
        -0.284871630989902,
        0.04314697943052987
      ],
      [
        0.3947728141026087,
        -0.006241630762194196,
        -0.013914397735305903,
        0.11449334466706873,
        0.3738567699493409,
        0.054845625340964085,
        -0.0996422389706518,
        0.29687800526131986,
        0.1700524670150127,
        0.3920989837772898,
        0.0681928733676421,
        -0.29546127093715413,
        -0.31448439154349506,
        0.4509708224799678,
        0.4655291927858271,
        -0.04487980332065016
      ],
      [
        -0.09579683028399694,
        0.3191215389049969,
        -0.2610162367187073,
        -0.18064494497252367,
        0.20818803319489582,
        -0.0986512807148974,
        0.0018091020577646198,
        -0.020554896884780727,
        0.14725699459934266,
        0.360030451106721,
        0.04503049078760195,
        0.1716406853121856,
        -0.4849876169898344,
        0.02605923893962576,
        -0.17619480498321496,
        -0.304703265105907
      ],
      [
        -0.2195380917321877,
        -0.1297703943307568,
        0.24472081938116796,
        -0.2885613696684581,
        0.05501420767123904,
        -0.12104235833339462,
        -0.07882870485270772,
        0.2709952840724987,
        0.1973922166505908,
        0.3425095126389777,
        -0.016242155750309538,
        -0.16332966592470463,
        -0.02840929595220388,
        0.09886303723996064,
        0.07875610220343054,
        -0.27109701805834163
      ],
      [
        0.022622445406968554,
        0.2222779443185482,
        1.0314510622402606,
        0.45677432889861724,
        -0.28326564368870255,
        -0.07184584038729402,
        -0.31856150404822875,
        0.20203605099786207,
        0.314230469152556,
        0.25843454771600627,
        -0.3401354780409485,
        -0.26249645739435923,
        -0.5354026558784372,
        -0.12307064759293174,
        -0.383635849054595,
        -0.16607918948935907
      ],
      [
        -0.21921519454189706,
        -0.11263666373061136,
        0.04646582754946193,
        -0.3182337461594215,
        0.5191752966300736,
        -0.32185564531850774,
        -0.3187546041954839,
        0.8708127778236425,
        1.16010540514062,
        -0.3474683069168734,
        -0.23515227165610741,
        -0.02001760022836681,
        0.44998326312460285,
        -0.3160757618138786,
        -0.2320081486610429,
        0.194334394015436
      ],
      [
        0.10869151861665466,
        -0.18311004297499692,
        0.4524421842596094,
        -0.29519638690416933,
