{
  "labels": [
    "Attitude Change",
    "Conformity & Obedience",
    "Group Dynamics",
    "research"
  ],
  "feature_extractor": {
    "max_features": 32,
    "vocabulary": {
      "attitude": 1,
      "change": 3,
      "core": 10,
      "concept": 6,
      "social": 29,
      "psychology": 19,
      "sciences": 27,
      "requires": 23,
      "definitions": 12,
      "relationships": 21,
      "researchers": 25,
      "common": 4,
      "academic": 0,
      "settings": 28,
      "attitude change": 2,
      "core concept": 11,
      "social psychology": 30,
      "requires studying": 24,
      "definitions historical": 13,
      "relationships neighboring": 22,
      "researchers practitioners": 26,
      "solve practical": 31,
      "common techniques": 5,
      "questions contemporary": 20,
      "contemporary applications": 9,
      "group": 15,
      "dynamics": 14,
      "group dynamics": 16,
      "conformity": 7,
      "obedience": 18,
      "conformity obedience": 8,
      "leadership": 17
    },
    "idf": [
      1.2231435513142097,
      1.916290731874155,
      1.916290731874155,
      1.916290731874155,
      1.2231435513142097,
      1.2231435513142097,
      1.2231435513142097,
      1.916290731874155,
      1.916290731874155,
      1.2231435513142097,
      1.2231435513142097,
      1.2231435513142097,
      1.2231435513142097,
      1.2231435513142097,
      1.5108256237659907,
      1.916290731874155,
      1.916290731874155,
      1.916290731874155,
      1.916290731874155,
      1.0,
      1.2231435513142097,
      1.2231435513142097,
      1.2231435513142097,
      1.2231435513142097,
      1.2231435513142097,
      1.2231435513142097,
      1.2231435513142097,
      1.2231435513142097,
      1.2231435513142097,
      1.0,
      1.0,
      1.2231435513142097
    ]
  },
  "scope": "social_psychology",
  "grade": "preschool"
}