{
  "layer_sizes": [
    32,
    16,
    4
  ],
  "learning_rate": 0.3,
  "seed": 42,
  "output_activation": "softmax",
  "weights": [
    [
      [
        0.07459698660168308,
        -0.3263960459067268,
        0.22051477481324458,
        0.30480774460259236,
        -0.4136406069263465,
        -0.30919947422037514,
        0.08504725908300305,
        -0.11558047842173932,
        0.044615536183588246,
        -0.20287590811655992,
        0.2596256386370284,
        0.2307246056035946,
        0.01650767439030401,
        0.3537419711947257,
        0.1256363717063695,
        -0.21482311572080956
      ],
      [
        0.09060541268369995,
        -0.30612066955385264,
        0.2525145511884484,
        0.057185087758225624,
        0.027902599350797523,
        -0.153886983605781,
        0.3587224929596895,
        -0.0751522008530443,
        -0.05826612998111635,
        -0.07764831384522242,
        0.17285344130965838,
        0.1276376378373771,
        0.1031831528989971,
        0.1796369202046884,
        0.5441709363609737,
        -0.1016037540961539
      ],
      [
        -0.12806068226788433,
        -0.23107995069859016,
        0.5174708259880727,
        0.5439762502359549,
        -0.11144887450327223,
        -0.2576567287162132,
        -0.2061203039228099,
        0.4736708396551208,
        0.44675722564687514,
        0.1146439522127692,
        -0.29756121996407314,
        -0.09783496425549242,
        0.029171452285182056,
        -0.02393648608844049,
        0.13035963958031324,
        0.05589888719367057
      ],
      [
        0.168146107431049,
        -0.049505251974380035,
        0.10518182553412621,
        0.22748862196442377,
        -0.29017076472680403,
        -0.06357240159412103,
        -0.06450600528201718,
        -0.19623929239667917,
        -0.019969737247010507,
        0.3841204015854338,
        -0.1766816340019896,
        0.2783462103942278,
        -0.4207174429039512,
        -0.011789588043726065,
        0.04944730241960955,
        0.14655558283981954
      ],
      [
        0.17622436161128902,
        0.13193678945337833,
        -0.05427929220047921,
        -0.045921382661352934,
        0.28861216055140115,
        -0.03148067872519938,
        -0.26583442254329853,
        -0.3198416338367141,
        -0.18104724594074229,
        0.1346752597902761,
        0.0753825789389625,
        0.20889796026329957,
        -0.10681316158413356,
        0.11156659222189616,
        0.16515663463519228,
        -0.0773366349300596
      ],
      [
        0.11261152605242811,
        -0.2318815046132658,
        -0.057861485779637754,
        -0.025767907994793414,
        -0.22484172116014725,
        0.13808852269159974,
        -0.06426342675949927,
        -0.033396300653921934,
        0.16900249028613776,
        0.122017867784321,
        0.20612242216451776,
        0.011655250619001661,
        -0.10582457801103844,
        0.052002116726117924,
        -0.41307457234614936,
        -0.3617781181057718
      ],
      [
        -0.3322571864255253,
        -0.31571172624697336,
        0.13284553254248935,
        -0.1567031983352265,
        -0.02042244827273474,
        0.34115247694172074,
        -0.03597883447417473,
        0.14785906178092795,
        -0.1845885944428087,
        -0.04097431569007252,
        -0.1977293688063241,
        -0.04848164722878304,
        0.21007703436434888,
        -0.35989843634536967,
        0.11736494702982249,
        0.05943390058306947
      ],
      [
        -0.15011977226112333,
        -0.42791448294371653,
        0.05093435279009759,
        -0.0627066117611618,
        0.13228724307578865,
        0.021808438876065067,
        0.4535318811214108,
        -0.09635873720409985,
        -0.20705854759580572,
        0.055203982515914025,
        0.0947753159142625,
        0.3760735155564668,
        0.20877781147864463,
        0.16114943424009506,
        0.37458475894824855,
        -0.2971907635807127
      ],
      [
        -0.15993788318743693,
        0.21499070946802976,
        -0.21467875666553765,
        -0.4471624897900781,
        -0.027024870937983843,
        -0.055555674274693344,
        -0.370645059980566,
        -0.0825378998734447,
        -0.10434020892731205,
        0.19883905096117652,
        0.3968127630750711,
        0.8498245915704582,
        0.07649691895829529,
        -0.3073585726105191,
        -0.4425658843157734,
        0.06692786558595895
      ],
      [
        -0.20452889413504635,
        -0.09985755371078306,
        -0.14141806595388515,
        0.008323022681408821,
        0.3028503530830738,
        0.052625579437932946,
        0.0033595128711162094,
        -0.2664155115722085,
        -0.40259814570798647,
        -0.1144814583625113,
        0.005718744160481523,
        0.4874735306305003,
        0.029032444690618876,
        0.2966694950209855,
        -0.10586323590759754,
        -0.29623594160425615
      ],
      [
        -0.24127919055809297,
        -0.2577779711277414,
        0.5843988413034197,
        0.31858308957072656,
        0.4099529049853031,
        -0.3479186457496691,
        0.5094856612404374,
        -0.5239143899901983,
        -0.0391594744145226,
        -0.032024701315427985,
        -0.30054235168507143,
        0.6906462629863113,
        -0.113745870085195,
        -0.10368353426860465,
        -0.3330901497867537,
        0.04314697943052987
      ],
      [
        0.38485700367957226,
        -0.27200771843105126,
        -0.23922774756954687,
        -0.2776218529566038,
        0.6736137115188328,
        0.32708301234050285,
        -0.04663904789167605,
        0.35684018126169964,
        0.15216312216418637,
        0.4919985821247692,
        0.5631058995234342,
        -0.5020328234637763,
        -0.34203979981141625,
        0.7394021523918284,
        0.5869106321247444,
        -0.04487980332065016
      ],
      [
        -0.10571264070703337,
        0.05335545123613961,
        -0.4863295865529481,
        -0.5727601425961961,
        0.507944974764388,
        0.17358610628464116,
        0.05481229313674042,
        0.039407279115599395,
        0.12936764974851642,
        0.45993004945420046,
        0.5399435169433938,
        -0.03493086721443674,
        -0.5125430252577556,
        0.3144905688514868,
        -0.05481336564429775,
        -0.304703265105907
      ],
      [
        -0.2195380917321877,
        0.363103834644208,
        0.1117493297124076,
        -0.4345891323358919,
        -0.17815473449298055,
        -0.12104235833339462,
        -0.0848617599453917,
        0.4220463267545918,
        -0.04818981153887934,
        0.3236569358482672,
        -0.14099637966035045,
        -0.05262667784904978,
        -0.08307014358082869,
        0.0006501552152523757,
        0.1345890254804816,
        -0.27109701805834163
      ],
      [
        0.022622445406968554,
        0.029420313898105486,
        0.992844479727679,
        0.7309443298761495,
        -0.29627284772925827,
        -0.11946344986287522,
        -0.3658605004592508,
        0.16334588920807366,
        0.3398449337435996,
        0.28031879035852864,
        -0.31345475257780164,
        -0.3194119050391213,
        -0.5368222574346637,
        -0.1192751154069207,
        -0.35310115787162516,
        -0.13235985684151844
      ],
      [
        -0.21921519454189706,
        -0.051202407199760054,
        -0.0759561274949591,
        -0.10502813429201596,
        0.4493497679175211,
        -0.369473254794089,
        -0.2741963946136599,
        0.7702510247792741,
        0.9872104751561164,
        -0.3140362720698652,
        -0.22324603233890736,
        -0.07048640728704499,
        0.4321744111013981,
        -0.32532290487775317,
        -0.1488170163922617,
        0.194334394015436
      ],
      [
        0.1073978983091898,
        -0.031789128444791794,
        -0.037142994684319974,
        -0.313639445741549,
